# Exported by SolidWorks
g 
v 0.00000000 20.31249925 -57.70422146
v -1.17316213 20.51936090 -58.41999874
v -1.11941819 20.71993425 -58.41999874
v -1.19125994 20.31249925 -58.41999874
v -0.91255811 21.07822709 -58.41999874
v -0.76572725 21.22505754 -58.41999874
v -1.03166141 20.90813033 -58.41999874
v -0.40743491 21.43191732 -58.41999874
v -0.20686013 21.48566209 -58.41999874
v -0.59562997 21.34416066 -58.41999874
v 0.20686013 21.48566209 -58.41999874
v 0.40743491 21.43191732 -58.41999874
v 0.00000000 21.50375955 -58.41999874
v 0.76572725 21.22505754 -58.41999874
v 0.91255811 21.07822709 -58.41999874
v 0.59562997 21.34416066 -58.41999874
v 1.11941819 20.71993425 -58.41999874
v 1.17316213 20.51936090 -58.41999874
v 1.03166141 20.90813033 -58.41999874
v 1.17316213 20.10564134 -58.41999874
v 1.11941819 19.90506425 -58.41999874
v 1.19125994 20.31249925 -58.41999874
v 0.91255811 19.54677328 -58.41999874
v 0.76572725 19.39994097 -58.41999874
v 1.03166141 19.71687004 -58.41999874
v 0.40743491 19.19308119 -58.41999874
v 0.20686013 19.13933828 -58.41999874
v 0.59562997 19.28083785 -58.41999874
v -0.20686013 19.13933828 -58.41999874
v -0.40743491 19.19308119 -58.41999874
v 0.00000000 19.12124082 -58.41999874
v -0.76572725 19.39994097 -58.41999874
v -0.91255811 19.54677328 -58.41999874
v -0.59562997 19.28083785 -58.41999874
v -1.11941819 19.90506425 -58.41999874
v -1.17316213 20.10564134 -58.41999874
v -1.03166141 19.71687004 -58.41999874
v 1.19125994 20.31249925 -58.58400092
v 1.19125994 20.31249925 -65.77000767
v 1.17316213 20.10564134 -65.77000767
v 1.11941819 19.90506425 -65.77000767
v 1.03166141 19.71687004 -65.77000767
v 0.91255811 19.54677328 -65.77000767
v 0.76572725 19.39994097 -65.77000767
v 0.59562997 19.28083785 -65.77000767
v 0.40743491 19.19308119 -65.77000767
v 0.20686013 19.13933828 -65.77000767
v 0.00000000 19.12124082 -65.77000767
v -0.20686013 19.13933828 -65.77000767
v -0.40743491 19.19308119 -65.77000767
v -0.59562997 19.28083785 -65.77000767
v -0.76572725 19.39994097 -65.77000767
v -0.91255811 19.54677328 -65.77000767
v -1.03166141 19.71687004 -65.77000767
v -1.11941819 19.90506425 -65.77000767
v -1.17316213 20.10564134 -65.77000767
v -1.19125994 20.31249925 -65.77000767
v -1.17316213 20.51936090 -65.77000767
v -1.11941819 20.71993425 -65.77000767
v -1.03166141 20.90813033 -65.77000767
v -0.91255811 21.07822709 -65.77000767
v -0.76572725 21.22505754 -65.77000767
v -0.59562997 21.34416066 -65.77000767
v -0.40743491 21.43191732 -65.77000767
v -0.20686013 21.48566209 -65.77000767
v 0.00000000 21.50375955 -65.77000767
v 0.20686013 21.48566209 -65.77000767
v 0.40743491 21.43191732 -65.77000767
v 0.59562997 21.34416066 -65.77000767
v 0.76572725 21.22505754 -65.77000767
v 0.91255811 21.07822709 -65.77000767
v 1.03166141 20.90813033 -65.77000767
v 1.11941819 20.71993425 -65.77000767
v 1.17316213 20.51936090 -65.77000767
v 17.59114116 10.15624963 -57.70422146
v 17.18370616 11.27566956 -58.41999874
v 17.38428138 11.32941246 -58.41999874
v 16.99551009 11.18791103 -58.41999874
v 17.79800095 11.32941246 -58.41999874
v 17.99857803 11.27566956 -58.41999874
v 17.59114116 11.34750992 -58.41999874
v 18.35686900 11.06880791 -58.41999874
v 18.50369945 10.92197746 -58.41999874
v 18.18677038 11.18791103 -58.41999874
v 18.71055923 10.56368463 -58.41999874
v 18.76430400 10.36311034 -58.41999874
v 18.62280257 10.75187977 -58.41999874
v 18.76430400 9.94938985 -58.41999874
v 18.71055923 9.74881463 -58.41999874
v 18.78240146 10.15624963 -58.41999874
v 18.50369945 9.39052273 -58.41999874
v 18.35686900 9.24369227 -58.41999874
v 18.62280257 9.56062041 -58.41999874
v 17.99857803 9.03683156 -58.41999874
v 17.79800095 8.98308773 -58.41999874
v 18.18677038 9.12458822 -58.41999874
v 17.38428138 8.98308773 -58.41999874
v 17.18370616 9.03683156 -58.41999874
v 17.59114116 8.96499027 -58.41999874
v 16.82541333 9.24369227 -58.41999874
v 16.67858288 9.39052273 -58.41999874
v 16.99551009 9.12458822 -58.41999874
v 16.47172309 9.74881463 -58.41999874
v 16.41797833 9.94938985 -58.41999874
v 16.55947976 9.56062041 -58.41999874
v 16.41797833 10.36311034 -58.41999874
v 16.47172309 10.56368463 -58.41999874
v 16.39988087 10.15624963 -58.41999874
v 16.67858288 10.92197746 -58.41999874
v 16.82541333 11.06880791 -58.41999874
v 16.55947976 10.75187977 -58.41999874
v 18.18677038 9.12458822 -58.58400092
v 18.18677038 9.12458822 -65.77000767
v 17.99857803 9.03683156 -65.77000767
v 17.79800095 8.98308773 -65.77000767
v 17.59114116 8.96499027 -65.77000767
v 17.38428138 8.98308773 -65.77000767
v 17.18370616 9.03683156 -65.77000767
v 16.99551009 9.12458822 -65.77000767
v 16.82541333 9.24369227 -65.77000767
v 16.67858288 9.39052273 -65.77000767
v 16.55947976 9.56062041 -65.77000767
v 16.47172309 9.74881463 -65.77000767
v 16.41797833 9.94938985 -65.77000767
v 16.39988087 10.15624963 -65.77000767
v 16.41797833 10.36311034 -65.77000767
v 16.47172309 10.56368463 -65.77000767
v 16.55947976 10.75187977 -65.77000767
v 16.67858288 10.92197746 -65.77000767
v 16.82541333 11.06880791 -65.77000767
v 16.99551009 11.18791103 -65.77000767
v 17.18370616 11.27566956 -65.77000767
v 17.38428138 11.32941246 -65.77000767
v 17.59114116 11.34750992 -65.77000767
v 17.79800095 11.32941246 -65.77000767
v 17.99857803 11.27566956 -65.77000767
v 18.18677038 11.18791103 -65.77000767
v 18.35686900 11.06880791 -65.77000767
v 18.50369945 10.92197746 -65.77000767
v 18.62280257 10.75187977 -65.77000767
v 18.71055923 10.56368463 -65.77000767
v 18.76430400 10.36311034 -65.77000767
v 18.78240146 10.15624963 -65.77000767
v 18.76430400 9.94938985 -65.77000767
v 18.71055923 9.74881463 -65.77000767
v 18.62280257 9.56062041 -65.77000767
v 18.50369945 9.39052273 -65.77000767
v 18.35686900 9.24369227 -65.77000767
v -17.59114116 10.15624963 -57.70422146
v -18.35686900 9.24369227 -58.41999874
v -18.50369945 9.39052273 -58.41999874
v -18.18677038 9.12458822 -58.41999874
v -18.71055923 9.74881463 -58.41999874
v -18.76430400 9.94938985 -58.41999874
v -18.62280257 9.56062041 -58.41999874
v -18.76430400 10.36311034 -58.41999874
v -18.71055923 10.56368463 -58.41999874
v -18.78240146 10.15624963 -58.41999874
v -18.50369945 10.92197746 -58.41999874
v -18.35686900 11.06880791 -58.41999874
v -18.62280257 10.75187977 -58.41999874
v -17.99857430 11.27566956 -58.41999874
v -17.79800095 11.32941246 -58.41999874
v -18.18677038 11.18791103 -58.41999874
v -17.38428138 11.32941246 -58.41999874
v -17.18370616 11.27566956 -58.41999874
v -17.59114116 11.34750992 -58.41999874
v -16.82541333 11.06880791 -58.41999874
v -16.67858288 10.92197746 -58.41999874
v -16.99551009 11.18791103 -58.41999874
v -16.47172309 10.56368463 -58.41999874
v -16.41797833 10.36311034 -58.41999874
v -16.55947976 10.75187977 -58.41999874
v -16.41797833 9.94938985 -58.41999874
v -16.47172309 9.74881463 -58.41999874
v -16.39988087 10.15624963 -58.41999874
v -16.67858288 9.39052273 -58.41999874
v -16.82541333 9.24369227 -58.41999874
v -16.55947976 9.56062041 -58.41999874
v -17.18370616 9.03683156 -58.41999874
v -17.38428138 8.98308773 -58.41999874
v -16.99551009 9.12458822 -58.41999874
v -17.79800095 8.98308773 -58.41999874
v -17.99857430 9.03683156 -58.41999874
v -17.59114116 8.96499027 -58.41999874
v -16.99551009 11.18791103 -58.58400092
v -16.99551009 11.18791103 -65.77000767
v -16.82541333 11.06880791 -65.77000767
v -16.67858288 10.92197746 -65.77000767
v -16.55947976 10.75187977 -65.77000767
v -16.47172309 10.56368463 -65.77000767
v -16.41797833 10.36311034 -65.77000767
v -16.39988087 10.15624963 -65.77000767
v -16.41797833 9.94938985 -65.77000767
v -16.47172309 9.74881463 -65.77000767
v -16.55947976 9.56062041 -65.77000767
v -16.67858288 9.39052273 -65.77000767
v -16.82541333 9.24369227 -65.77000767
v -16.99551009 9.12458822 -65.77000767
v -17.18370616 9.03683156 -65.77000767
v -17.38428138 8.98308773 -65.77000767
v -17.59114116 8.96499027 -65.77000767
v -17.79800095 8.98308773 -65.77000767
v -17.99857430 9.03683156 -65.77000767
v -18.18677038 9.12458822 -65.77000767
v -18.35686900 9.24369227 -65.77000767
v -18.50369945 9.39052273 -65.77000767
v -18.62280257 9.56062041 -65.77000767
v -18.71055923 9.74881463 -65.77000767
v -18.76430400 9.94938985 -65.77000767
v -18.78240146 10.15624963 -65.77000767
v -18.76430400 10.36311034 -65.77000767
v -18.71055923 10.56368463 -65.77000767
v -18.62280257 10.75187977 -65.77000767
v -18.50369945 10.92197746 -65.77000767
v -18.35686900 11.06880791 -65.77000767
v -18.18677038 11.18791103 -65.77000767
v -17.99857430 11.27566956 -65.77000767
v -17.79800095 11.32941246 -65.77000767
v -17.59114116 11.34750992 -65.77000767
v -17.38428138 11.32941246 -65.77000767
v -17.18370616 11.27566956 -65.77000767
v -17.59114116 -10.15624963 -57.70422146
v -17.18370616 -11.27566956 -58.41999874
v -17.38428138 -11.32941246 -58.41999874
v -16.99551009 -11.18791103 -58.41999874
v -17.79800095 -11.32941246 -58.41999874
v -17.99857430 -11.27566956 -58.41999874
v -17.59114116 -11.34750992 -58.41999874
v -18.35686900 -11.06880791 -58.41999874
v -18.50369945 -10.92197746 -58.41999874
v -18.18677038 -11.18791103 -58.41999874
v -18.71055923 -10.56368463 -58.41999874
v -18.76430400 -10.36311034 -58.41999874
v -18.62280257 -10.75187977 -58.41999874
v -18.76430400 -9.94938985 -58.41999874
v -18.71055923 -9.74881463 -58.41999874
v -18.78240146 -10.15624963 -58.41999874
v -18.50369945 -9.39052273 -58.41999874
v -18.35686900 -9.24369227 -58.41999874
v -18.62280257 -9.56062041 -58.41999874
v -17.99857430 -9.03683156 -58.41999874
v -17.79800095 -8.98308773 -58.41999874
v -18.18677038 -9.12458822 -58.41999874
v -17.38428138 -8.98308773 -58.41999874
v -17.18370616 -9.03683156 -58.41999874
v -17.59114116 -8.96499027 -58.41999874
v -16.82541333 -9.24369227 -58.41999874
v -16.67858288 -9.39052273 -58.41999874
v -16.99551009 -9.12458822 -58.41999874
v -16.47172309 -9.74881463 -58.41999874
v -16.41797833 -9.94938985 -58.41999874
v -16.55947976 -9.56062041 -58.41999874
v -16.41797833 -10.36311034 -58.41999874
v -16.47172309 -10.56368463 -58.41999874
v -16.39988087 -10.15624963 -58.41999874
v -16.67858288 -10.92197746 -58.41999874
v -16.82541333 -11.06880791 -58.41999874
v -16.55947976 -10.75187977 -58.41999874
v -18.18677038 -9.12458822 -58.58400092
v -18.18677038 -9.12458822 -65.77000767
v -17.99857430 -9.03683156 -65.77000767
v -17.79800095 -8.98308773 -65.77000767
v -17.59114116 -8.96499027 -65.77000767
v -17.38428138 -8.98308773 -65.77000767
v -17.18370616 -9.03683156 -65.77000767
v -16.99551009 -9.12458822 -65.77000767
v -16.82541333 -9.24369227 -65.77000767
v -16.67858288 -9.39052273 -65.77000767
v -16.55947976 -9.56062041 -65.77000767
v -16.47172309 -9.74881463 -65.77000767
v -16.41797833 -9.94938985 -65.77000767
v -16.39988087 -10.15624963 -65.77000767
v -16.41797833 -10.36311034 -65.77000767
v -16.47172309 -10.56368463 -65.77000767
v -16.55947976 -10.75187977 -65.77000767
v -16.67858288 -10.92197746 -65.77000767
v -16.82541333 -11.06880791 -65.77000767
v -16.99551009 -11.18791103 -65.77000767
v -17.18370616 -11.27566956 -65.77000767
v -17.38428138 -11.32941246 -65.77000767
v -17.59114116 -11.34750992 -65.77000767
v -17.79800095 -11.32941246 -65.77000767
v -17.99857430 -11.27566956 -65.77000767
v -18.18677038 -11.18791103 -65.77000767
v -18.35686900 -11.06880791 -65.77000767
v -18.50369945 -10.92197746 -65.77000767
v -18.62280257 -10.75187977 -65.77000767
v -18.71055923 -10.56368463 -65.77000767
v -18.76430400 -10.36311034 -65.77000767
v -18.78240146 -10.15624963 -65.77000767
v -18.76430400 -9.94938985 -65.77000767
v -18.71055923 -9.74881463 -65.77000767
v -18.62280257 -9.56062041 -65.77000767
v -18.50369945 -9.39052273 -65.77000767
v -18.35686900 -9.24369227 -65.77000767
v 17.59114116 -10.15624963 -57.70422146
v 18.35686900 -9.24369227 -58.41999874
v 18.50369945 -9.39052273 -58.41999874
v 18.18677038 -9.12458822 -58.41999874
v 18.71055923 -9.74881463 -58.41999874
v 18.76430400 -9.94938985 -58.41999874
v 18.62280257 -9.56062041 -58.41999874
v 18.76430400 -10.36311034 -58.41999874
v 18.71055923 -10.56368463 -58.41999874
v 18.78240146 -10.15624963 -58.41999874
v 18.50369945 -10.92197746 -58.41999874
v 18.35686900 -11.06880791 -58.41999874
v 18.62280257 -10.75187977 -58.41999874
v 17.99857803 -11.27566956 -58.41999874
v 17.79800095 -11.32941246 -58.41999874
v 18.18677038 -11.18791103 -58.41999874
v 17.38428138 -11.32941246 -58.41999874
v 17.18370616 -11.27566956 -58.41999874
v 17.59114116 -11.34750992 -58.41999874
v 16.82541333 -11.06880791 -58.41999874
v 16.67858288 -10.92197746 -58.41999874
v 16.99551009 -11.18791103 -58.41999874
v 16.47172309 -10.56368463 -58.41999874
v 16.41797833 -10.36311034 -58.41999874
v 16.55947976 -10.75187977 -58.41999874
v 16.41797833 -9.94938985 -58.41999874
v 16.47172309 -9.74881463 -58.41999874
v 16.39988087 -10.15624963 -58.41999874
v 16.67858288 -9.39052273 -58.41999874
v 16.82541333 -9.24369227 -58.41999874
v 16.55947976 -9.56062041 -58.41999874
v 17.18370616 -9.03683156 -58.41999874
v 17.38428138 -8.98308773 -58.41999874
v 16.99551009 -9.12458822 -58.41999874
v 17.79800095 -8.98308773 -58.41999874
v 17.99857803 -9.03683156 -58.41999874
v 17.59114116 -8.96499027 -58.41999874
v 16.99551009 -11.18791103 -58.58400092
v 16.99551009 -11.18791103 -65.77000767
v 16.82541333 -11.06880791 -65.77000767
v 16.67858288 -10.92197746 -65.77000767
v 16.55947976 -10.75187977 -65.77000767
v 16.47172309 -10.56368463 -65.77000767
v 16.41797833 -10.36311034 -65.77000767
v 16.39988087 -10.15624963 -65.77000767
v 16.41797833 -9.94938985 -65.77000767
v 16.47172309 -9.74881463 -65.77000767
v 16.55947976 -9.56062041 -65.77000767
v 16.67858288 -9.39052273 -65.77000767
v 16.82541333 -9.24369227 -65.77000767
v 16.99551009 -9.12458822 -65.77000767
v 17.18370616 -9.03683156 -65.77000767
v 17.38428138 -8.98308773 -65.77000767
v 17.59114116 -8.96499027 -65.77000767
v 17.79800095 -8.98308773 -65.77000767
v 17.99857803 -9.03683156 -65.77000767
v 18.18677038 -9.12458822 -65.77000767
v 18.35686900 -9.24369227 -65.77000767
v 18.50369945 -9.39052273 -65.77000767
v 18.62280257 -9.56062041 -65.77000767
v 18.71055923 -9.74881463 -65.77000767
v 18.76430400 -9.94938985 -65.77000767
v 18.78240146 -10.15624963 -65.77000767
v 18.76430400 -10.36311034 -65.77000767
v 18.71055923 -10.56368463 -65.77000767
v 18.62280257 -10.75187977 -65.77000767
v 18.50369945 -10.92197746 -65.77000767
v 18.35686900 -11.06880791 -65.77000767
v 18.18677038 -11.18791103 -65.77000767
v 17.99857803 -11.27566956 -65.77000767
v 17.79800095 -11.32941246 -65.77000767
v 17.59114116 -11.34750992 -65.77000767
v 17.38428138 -11.32941246 -65.77000767
v 17.18370616 -11.27566956 -65.77000767
v -8.86326935 -1.56283355 -63.76999617
v -16.86483249 -2.97372509 -63.76999617
v -8.45723320 -3.07818130 -63.76999617
v -16.09223522 -5.85709512 -63.76999617
v -7.79422885 -4.49999981 -63.76999617
v -14.83068522 -8.56249966 -63.76999617
v -6.89439941 -5.78508852 -63.76999617
v -13.11851107 -11.00773737 -63.76999617
v -5.78508852 -6.89439941 -63.76999617
v -11.00773737 -13.11851107 -63.76999617
v -4.49999981 -7.79422885 -63.76999617
v -8.56249966 -14.83068522 -63.76999617
v -3.07818130 -8.45723320 -63.76999617
v -5.85709512 -16.09223522 -63.76999617
v -1.56283355 -8.86326935 -63.76999617
v -2.97372509 -16.86483249 -63.76999617
v 0.00000000 -8.99999961 -63.76999617
v 0.00000000 -17.12499931 -63.76999617
v 1.56283355 -8.86326935 -63.76999617
v 2.97372509 -16.86483249 -63.76999617
v 3.07818130 -8.45723320 -63.76999617
v 5.85709512 -16.09223522 -63.76999617
v 4.49999981 -7.79422885 -63.76999617
v 8.56249966 -14.83068522 -63.76999617
v 5.78508852 -6.89439941 -63.76999617
v 11.00773737 -13.11851107 -63.76999617
v 6.89439941 -5.78508852 -63.76999617
v 13.11851107 -11.00773737 -63.76999617
v 7.79422885 -4.49999981 -63.76999617
v 14.83068522 -8.56249966 -63.76999617
v 8.45723320 -3.07818130 -63.76999617
v 16.09223522 -5.85709512 -63.76999617
v 8.86326935 -1.56283355 -63.76999617
v 16.86483249 -2.97372509 -63.76999617
v 8.99999961 -0.00000000 -63.76999617
v 17.12499931 -0.00000000 -63.76999617
v 8.86326935 1.56283355 -63.76999617
v 16.86483249 2.97372509 -63.76999617
v 8.45723320 3.07818130 -63.76999617
v 16.09223522 5.85709512 -63.76999617
v 7.79422885 4.49999981 -63.76999617
v 14.83068522 8.56249966 -63.76999617
v 6.89439941 5.78508852 -63.76999617
v 13.11851107 11.00773737 -63.76999617
v 5.78508852 6.89439941 -63.76999617
v 11.00773737 13.11851107 -63.76999617
v 4.49999981 7.79422885 -63.76999617
v 8.56249966 14.83068522 -63.76999617
v 3.07818130 8.45723320 -63.76999617
v 5.85709512 16.09223522 -63.76999617
v 1.56283355 8.86326935 -63.76999617
v 2.97372509 16.86483249 -63.76999617
v 0.00000000 8.99999961 -63.76999617
v 0.00000000 17.12499931 -63.76999617
v -1.56283355 8.86326935 -63.76999617
v -2.97372509 16.86483249 -63.76999617
v -3.07818130 8.45723320 -63.76999617
v -5.85709512 16.09223522 -63.76999617
v -4.49999981 7.79422885 -63.76999617
v -8.56249966 14.83068522 -63.76999617
v -5.78508852 6.89439941 -63.76999617
v -11.00773737 13.11851107 -63.76999617
v -6.89439941 5.78508852 -63.76999617
v -13.11851107 11.00773737 -63.76999617
v -7.79422885 4.49999981 -63.76999617
v -14.83068522 8.56249966 -63.76999617
v -8.45723320 3.07818130 -63.76999617
v -16.09223522 5.85709512 -63.76999617
v -8.86326935 1.56283355 -63.76999617
v -16.86483249 2.97372509 -63.76999617
v -8.99999961 0.00000000 -63.76999617
v -17.12499931 0.00000000 -63.76999617
v 8.99999961 -0.00000000 -65.77000767
v 8.86326935 -1.56283355 -65.77000767
v 8.99999961 -0.00000000 -64.77000564
v 8.86326935 1.56283355 -65.77000767
v 8.45723320 3.07818130 -65.77000767
v 7.79422885 4.49999981 -65.77000767
v 6.89439941 5.78508852 -65.77000767
v 5.78508852 6.89439941 -65.77000767
v 4.49999981 7.79422885 -65.77000767
v 3.07818130 8.45723320 -65.77000767
v 1.56283355 8.86326935 -65.77000767
v 0.00000000 8.99999961 -65.77000767
v -1.56283355 8.86326935 -65.77000767
v -3.07818130 8.45723320 -65.77000767
v -4.49999981 7.79422885 -65.77000767
v -5.78508852 6.89439941 -65.77000767
v -6.89439941 5.78508852 -65.77000767
v -7.79422885 4.49999981 -65.77000767
v -8.45723320 3.07818130 -65.77000767
v -8.86326935 1.56283355 -65.77000767
v -8.99999961 0.00000000 -65.77000767
v -8.86326935 -1.56283355 -65.77000767
v -8.45723320 -3.07818130 -65.77000767
v -7.79422885 -4.49999981 -65.77000767
v -6.89439941 -5.78508852 -65.77000767
v -5.78508852 -6.89439941 -65.77000767
v -4.49999981 -7.79422885 -65.77000767
v -3.07818130 -8.45723320 -65.77000767
v -1.56283355 -8.86326935 -65.77000767
v 0.00000000 -8.99999961 -65.77000767
v 1.56283355 -8.86326935 -65.77000767
v 3.07818130 -8.45723320 -65.77000767
v 4.49999981 -7.79422885 -65.77000767
v 5.78508852 -6.89439941 -65.77000767
v 6.89439941 -5.78508852 -65.77000767
v 7.79422885 -4.49999981 -65.77000767
v 8.45723320 -3.07818130 -65.77000767
v 17.12499931 -0.00000000 -6.76999846
v 16.86483249 2.97372509 -6.76999846
v 16.09223522 5.85709512 -6.76999846
v 14.83068522 8.56249966 -6.76999846
v 13.11851107 11.00773737 -6.76999846
v 11.00773737 13.11851107 -6.76999846
v 8.56249966 14.83068522 -6.76999846
v 5.85709512 16.09223522 -6.76999846
v 2.97372509 16.86483249 -6.76999846
v 0.00000000 17.12499931 -6.76999846
v -2.97372509 16.86483249 -6.76999846
v -5.85709512 16.09223522 -6.76999846
v -8.56249966 14.83068522 -6.76999846
v -11.00773737 13.11851107 -6.76999846
v -13.11851107 11.00773737 -6.76999846
v -14.83068522 8.56249966 -6.76999846
v -16.09223522 5.85709512 -6.76999846
v -16.86483249 2.97372509 -6.76999846
v -17.12499931 0.00000000 -6.76999846
v -16.86483249 -2.97372509 -6.76999846
v -16.09223522 -5.85709512 -6.76999846
v -14.83068522 -8.56249966 -6.76999846
v -13.11851107 -11.00773737 -6.76999846
v -11.00773737 -13.11851107 -6.76999846
v -8.56249966 -14.83068522 -6.76999846
v -5.85709512 -16.09223522 -6.76999846
v -2.97372509 -16.86483249 -6.76999846
v -0.00000000 -17.12499931 -6.76999846
v 2.97372509 -16.86483249 -6.76999846
v 5.85709512 -16.09223522 -6.76999846
v 8.56249966 -14.83068522 -6.76999846
v 11.00773737 -13.11851107 -6.76999846
v 13.11851107 -11.00773737 -6.76999846
v 14.83068522 -8.56249966 -6.76999846
v 16.09223522 -5.85709512 -6.76999846
v 16.86483249 -2.97372509 -6.76999846
v 27.44966559 29.09494564 29.72999960
v 23.88634346 32.08492696 -16.76999964
v 23.88634346 32.08492696 29.72999960
v 19.99999955 34.64101627 -16.76999964
v 19.99999955 34.64101627 29.72999960
v 15.84319025 36.72864288 -16.76999964
v 15.84319025 36.72864288 29.72999960
v 11.47212926 38.31958026 -16.76999964
v 11.47212926 38.31958026 29.72999960
v 6.94592716 39.39231113 -16.76999964
v 6.94592716 39.39231113 29.72999960
v 2.32579326 39.93232548 -16.76999964
v 2.32579326 39.93232548 29.72999960
v -2.32579326 39.93232548 -16.76999964
v -2.32579326 39.93232548 29.72999960
v -6.94592716 39.39231113 -16.76999964
v -6.94592716 39.39231113 29.72999960
v -11.47212926 38.31958026 -16.76999964
v -11.47212926 38.31958026 29.72999960
v -15.84319025 36.72864288 -16.76999964
v -15.84319025 36.72864288 29.72999960
v -19.99999955 34.64101627 -16.76999964
v -19.99999955 34.64101627 29.72999960
v -23.88634346 32.08492696 -16.76999964
v -23.88634346 32.08492696 29.72999960
v -27.44966559 29.09494564 -16.76999964
v -27.44966559 29.09494564 29.72999960
v -30.64177744 25.71150474 -16.76999964
v -30.64177744 25.71150474 29.72999960
v -33.41951221 21.98035829 -16.76999964
v -33.41951221 21.98035829 29.72999960
v -35.74530408 17.95196719 -16.76999964
v -35.74530408 17.95196719 29.72999960
v 30.64177744 25.71150474 -16.76999964
v 28.65028009 27.91346423 -16.76999964
v 27.93648653 28.62783149 -16.76999964
v 27.44966559 29.09494564 -16.76999964
v 30.64177744 25.71150474 29.72999960
v 33.41951221 21.98035829 29.72999960
v 33.41951221 21.98035829 -16.76999964
v 35.74530408 17.95196719 29.72999960
v 35.74530408 17.95196719 -16.76999964
v 37.58770600 13.68080545 29.72999960
v 37.58770600 13.68080545 -16.76999964
v 38.92179579 9.22463462 29.72999960
v 38.92179579 9.22463462 -16.76999964
v 39.72953558 4.64371638 29.72999960
v 39.72953558 4.64371638 -16.76999964
v 39.99999911 -0.00000000 29.72999960
v 39.99999911 -0.00000000 -16.76999964
v 39.72953558 -4.64371638 29.72999960
v 39.72953558 -4.64371638 -16.76999964
v 38.92179579 -9.22463462 29.72999960
v 38.92179579 -9.22463462 -16.76999964
v 37.58770600 -13.68080545 29.72999960
v 37.58770600 -13.68080545 -16.76999964
v 36.54436767 -16.26373641 29.72999960
v 35.74530408 -17.95196719 -16.76999964
v 30.64177744 -25.71150474 29.72999960
v 33.41951221 -21.98035829 -16.76999964
v 33.41951221 -21.98035829 29.72999960
v 35.74530408 -17.95196719 29.72999960
v 2.32579326 -39.93232548 29.72999960
v 6.94592716 -39.39231113 -16.76999964
v 6.94592716 -39.39231113 29.72999960
v 11.47212926 -38.31958026 -16.76999964
v 11.47212926 -38.31958026 29.72999960
v 15.84319025 -36.72864288 -16.76999964
v 15.84319025 -36.72864288 29.72999960
v 19.99999955 -34.64101627 -16.76999964
v 19.99999955 -34.64101627 29.72999960
v 23.88634346 -32.08492696 -16.76999964
v 23.88634346 -32.08492696 29.72999960
v 27.44966559 -29.09494564 -16.76999964
v 27.44966559 -29.09494564 29.72999960
v 27.72911079 -28.82874198 -16.76999964
v 30.64177744 -25.71150474 -16.76999964
v -36.54436767 16.26373641 29.72999960
v -37.58770600 13.68080545 -16.76999964
v -37.58770600 13.68080545 29.72999960
v -38.92179579 9.22463462 -16.76999964
v -38.92179579 9.22463462 29.72999960
v -39.72953558 4.64371638 -16.76999964
v -39.72953558 4.64371638 29.72999960
v -39.99999911 0.00000000 -16.76999964
v -39.99999911 0.00000000 29.72999960
v -39.72953558 -4.64371638 -16.76999964
v -39.72953558 -4.64371638 29.72999960
v -38.92179579 -9.22463462 -16.76999964
v -38.92179579 -9.22463462 29.72999960
v -37.58770600 -13.68080545 -16.76999964
v -37.58770600 -13.68080545 29.72999960
v -35.74530408 -17.95196719 -16.76999964
v -35.74530408 -17.95196719 29.72999960
v -33.41951221 -21.98035829 -16.76999964
v -33.41951221 -21.98035829 29.72999960
v -30.64177744 -25.71150474 -16.76999964
v -30.64177744 -25.71150474 29.72999960
v -27.44966559 -29.09494564 -16.76999964
v -27.44966559 -29.09494564 29.72999960
v -23.88634346 -32.08492696 -16.76999964
v -23.88634346 -32.08492696 29.72999960
v -19.99999955 -34.64101627 -16.76999964
v -19.99999955 -34.64101627 29.72999960
v -15.84319025 -36.72864288 -16.76999964
v -15.84319025 -36.72864288 29.72999960
v -11.47212926 -38.31958026 -16.76999964
v -11.47212926 -38.31958026 29.72999960
v -6.94592716 -39.39231113 -16.76999964
v -6.94592716 -39.39231113 29.72999960
v -2.32579326 -39.93232548 -16.76999964
v -2.32579326 -39.93232548 29.72999960
v -0.00000000 -39.99999911 -16.76999964
v 2.32579326 -39.93232548 -16.76999964
v 35.65436974 16.23797603 29.72999960
v 28.56689133 20.22208460 29.72999960
v -38.67316619 -0.20686013 29.72999960
v -38.69125992 0.00000000 29.72999960
v -35.65436974 -16.23797603 29.72999960
v 7.48765795 -34.18968990 29.72999960
v 6.56748004 -34.37830880 29.72999960
v 17.57683791 -32.68281370 29.72999960
v 36.32683679 0.20686013 29.72999960
v 36.38058156 0.40743491 29.72999960
v 36.46833822 0.59562997 29.72999960
v 36.58744320 -0.76572725 29.72999960
v 35.65436974 -16.23797603 29.72999960
v 36.73427179 -0.91255811 29.72999960
v 36.90436855 -1.03166141 29.72999960
v 38.67315874 0.20686013 29.72999960
v 38.69125992 -0.00000000 29.72999960
v 38.41255978 -0.76572725 29.72999960
v 38.26572746 -0.91255811 29.72999960
v 36.30873933 -0.00000000 29.72999960
v 36.32683679 -0.20686013 29.72999960
v 36.46833822 -0.59562997 29.72999960
v 36.38058156 -0.40743491 29.72999960
v 36.58744320 0.76572725 29.72999960
v 36.73427179 0.91255811 29.72999960
v 36.90436855 1.03166141 29.72999960
v 38.09563071 1.03166141 29.72999960
v 38.26572746 0.91255811 29.72999960
v 38.41255978 0.76572725 29.72999960
v 38.53166103 0.59562997 29.72999960
v 38.61941770 0.40743491 29.72999960
v 37.09256649 1.11941819 29.72999960
v 37.29313985 1.17316213 29.72999960
v 37.50000149 1.19125994 29.72999960
v 38.67315874 -0.20686013 29.72999960
v 38.61941770 -0.40743491 29.72999960
v 38.53166103 -0.59562997 29.72999960
v 37.70685941 1.17316213 29.72999960
v 37.90743649 1.11941819 29.72999960
v 38.09563071 -1.03166141 29.72999960
v 37.90743649 -1.11941819 29.72999960
v 37.70685941 -1.17316213 29.72999960
v 37.50000149 -1.19125994 29.72999960
v 37.29313985 -1.17316213 29.72999960
v 37.09256649 -1.11941819 29.72999960
v 18.34256575 -31.35653585 29.72999960
v 18.54313910 -31.30279109 29.72999960
v 19.33277398 -29.17608432 29.72999960
v 18.75000075 -31.28469363 29.72999960
v 19.94125918 -32.47595206 29.72999960
v 19.92316172 -32.68281370 29.72999960
v 15.60084242 -31.33071586 29.72999960
v 17.63058268 -32.06851706 29.72999960
v 17.71833934 -31.88032284 29.72999960
v 17.83744246 -31.71022609 29.72999960
v 17.98427291 -31.56339377 29.72999960
v 18.15436967 -31.44429252 29.72999960
v 19.51572672 -33.38851035 29.72999960
v 19.34562996 -33.50761533 29.72999960
v 17.98427291 -33.38851035 29.72999960
v 17.83744246 -33.24167803 29.72999960
v 19.15743575 -33.59537199 29.72999960
v 18.95685866 -33.64911303 29.72999960
v 18.75000075 -33.66721421 29.72999960
v 11.63241826 -33.01040083 29.72999960
v 17.55874045 -32.47595206 29.72999960
v 17.57683791 -32.26909414 29.72999960
v 18.95685866 -31.30279109 29.72999960
v 19.15743575 -31.35653585 29.72999960
v 22.77163975 -26.57917142 29.72999960
v 28.56689133 -20.22208460 29.72999960
v 25.86531267 -23.57934788 29.72999960
v 19.86941881 -32.88338706 29.72999960
v 19.78166215 -33.07158127 29.72999960
v 19.66255903 -33.24167803 29.72999960
v 17.71833934 -33.07158127 29.72999960
v 17.63058268 -32.88338706 29.72999960
v 19.34562996 -31.44429252 29.72999960
v 19.51572672 -31.56339377 29.72999960
v 19.66255903 -31.71022609 29.72999960
v 19.78166215 -31.88032284 29.72999960
v 19.86941881 -32.06851706 29.72999960
v 19.92316172 -32.26909414 29.72999960
v 18.54313910 -33.64911303 29.72999960
v 18.34256575 -33.59537199 29.72999960
v 18.15436967 -33.50761533 29.72999960
v 3.22939269 -34.85069796 29.72999960
v -1.07782707 -34.98340026 29.72999960
v -5.36870770 -34.58579257 29.72999960
v -21.09221183 -27.93060243 29.72999960
v -19.34562996 -31.44429252 29.72999960
v -19.15743575 -31.35653585 29.72999960
v -19.92316172 -32.26909414 29.72999960
v -19.86941881 -32.06851706 29.72999960
v -19.78166215 -31.88032284 29.72999960
v -19.66255903 -31.71022609 29.72999960
v -19.51572672 -31.56339377 29.72999960
v -18.34256575 -31.35653585 29.72999960
v -18.15436967 -31.44429252 29.72999960
v -17.50000007 -30.31088971 29.72999960
v -17.71833934 -33.07158127 29.72999960
v -17.83744246 -33.24167803 29.72999960
v -17.98427291 -33.38851035 29.72999960
v -19.86941881 -32.88338706 29.72999960
v -19.92316172 -32.68281370 29.72999960
v -19.94125918 -32.47595206 29.72999960
v -18.95685866 -31.30279109 29.72999960
v -18.75000075 -31.28469363 29.72999960
v -18.54313910 -31.30279109 29.72999960
v -18.15436967 -33.50761533 29.72999960
v -18.34256575 -33.59537199 29.72999960
v -18.54313910 -33.64911303 29.72999960
v -18.75000075 -33.66721421 29.72999960
v -18.95685866 -33.64911303 29.72999960
v -19.15743575 -33.59537199 29.72999960
v -19.34562996 -33.50761533 29.72999960
v -17.98427291 -31.56339377 29.72999960
v -17.83744246 -31.71022609 29.72999960
v -13.64250574 -32.23169222 29.72999960
v -17.71833934 -31.88032284 29.72999960
v -17.63058268 -32.06851706 29.72999960
v -19.51572672 -33.38851035 29.72999960
v -19.66255903 -33.24167803 29.72999960
v -19.78166215 -33.07158127 29.72999960
v -17.57683791 -32.26909414 29.72999960
v -17.55874045 -32.47595206 29.72999960
v -9.57820471 -33.66389871 29.72999960
v -17.57683791 -32.68281370 29.72999960
v -17.63058268 -32.88338706 29.72999960
v -38.41255978 0.76572725 29.72999960
v -38.26572746 0.91255811 29.72999960
v -36.46833822 -0.59562997 29.72999960
v -36.38058156 -0.40743491 29.72999960
v -36.32683679 -0.20686013 29.72999960
v -36.30873933 0.00000000 29.72999960
v -35.65436974 16.23797603 29.72999960
v -36.32683679 0.20686013 29.72999960
v -36.73427179 0.91255811 29.72999960
v -36.58744320 0.76572725 29.72999960
v -38.67316619 0.20686013 29.72999960
v -38.61941770 0.40743491 29.72999960
v -38.53166103 0.59562997 29.72999960
v -36.58744320 -0.76572725 29.72999960
v -36.73427179 -0.91255811 29.72999960
v -36.90436855 -1.03166141 29.72999960
v -38.53166103 -0.59562997 29.72999960
v -38.61941770 -0.40743491 29.72999960
v -38.09563071 1.03166141 29.72999960
v -37.90743649 1.11941819 29.72999960
v -37.70685941 1.17316213 29.72999960
v -36.90436855 1.03166141 29.72999960
v -36.46833822 0.59562997 29.72999960
v -36.38058156 0.40743491 29.72999960
v -37.09256649 -1.11941819 29.72999960
v -37.29313985 -1.17316213 29.72999960
v -37.50000149 -1.19125994 29.72999960
v -38.09563071 -1.03166141 29.72999960
v -38.26572746 -0.91255811 29.72999960
v -38.41255978 -0.76572725 29.72999960
v -37.50000149 1.19125994 29.72999960
v -37.29313985 1.17316213 29.72999960
v -37.09256649 1.11941819 29.72999960
v -37.70685941 -1.17316213 29.72999960
v -37.90743649 -1.11941819 29.72999960
v -19.51572672 33.38851035 29.72999960
v -19.34562996 33.50761533 29.72999960
v -17.55874045 32.47595206 29.72999960
v -17.57683791 32.26909414 29.72999960
v -13.64250574 32.23169222 29.72999960
v -19.94125918 32.47595206 29.72999960
v -19.92316172 32.68281370 29.72999960
v -19.15743575 33.59537199 29.72999960
v -18.95685866 33.64911303 29.72999960
v -18.75000075 33.66721421 29.72999960
v -17.98427291 33.38851035 29.72999960
v -17.83744246 33.24167803 29.72999960
v -5.36870770 34.58579257 29.72999960
v -17.98427291 31.56339377 29.72999960
v -18.15436967 31.44429252 29.72999960
v -17.50000007 30.31088971 29.72999960
v -19.86941881 32.88338706 29.72999960
v -19.78166215 33.07158127 29.72999960
v -19.66255903 33.24167803 29.72999960
v -18.34256575 31.35653585 29.72999960
v -18.54313910 31.30279109 29.72999960
v -21.09221183 27.93060243 29.72999960
v -18.75000075 31.28469363 29.72999960
v -18.95685866 31.30279109 29.72999960
v -29.75760028 18.42512563 29.72999960
v -27.26781927 21.94233239 29.72999960
v -18.54313910 33.64911303 29.72999960
v -18.34256575 33.59537199 29.72999960
v -18.15436967 33.50761533 29.72999960
v -17.71833934 33.07158127 29.72999960
v -17.63058268 32.88338706 29.72999960
v -17.57683791 32.68281370 29.72999960
v -17.63058268 32.06851706 29.72999960
v -17.71833934 31.88032284 29.72999960
v -17.83744246 31.71022609 29.72999960
v -19.15743575 31.35653585 29.72999960
v -19.34562996 31.44429252 29.72999960
v -24.36468750 25.12691729 29.72999960
v -19.51572672 31.56339377 29.72999960
v -19.66255903 31.71022609 29.72999960
v -19.78166215 31.88032284 29.72999960
v -19.86941881 32.06851706 29.72999960
v -19.92316172 32.26909414 29.72999960
v -9.57820471 33.66389871 29.72999960
v 6.56748004 34.37830880 29.72999960
v 3.22939269 34.85069796 29.72999960
v -1.07782707 34.98340026 29.72999960
v 18.54313910 31.30279109 29.72999960
v 19.33277398 29.17608432 29.72999960
v 18.75000075 31.28469363 29.72999960
v 18.95685866 31.30279109 29.72999960
v 17.71833934 33.07158127 29.72999960
v 17.83744246 33.24167803 29.72999960
v 17.98427291 33.38851035 29.72999960
v 18.15436967 33.50761533 29.72999960
v 18.34256575 33.59537199 29.72999960
v 18.54313910 33.64911303 29.72999960
v 18.75000075 33.66721421 29.72999960
v 18.95685866 33.64911303 29.72999960
v 19.15743575 33.59537199 29.72999960
v 19.34562996 33.50761533 29.72999960
v 15.60084242 31.33071586 29.72999960
v 17.83744246 31.71022609 29.72999960
v 17.71833934 31.88032284 29.72999960
v 17.63058268 32.06851706 29.72999960
v 17.57683791 32.26909414 29.72999960
v 11.63241826 33.01040083 29.72999960
v 17.55874045 32.47595206 29.72999960
v 7.48765795 34.18968990 29.72999960
v 17.57683791 32.68281370 29.72999960
v 17.63058268 32.88338706 29.72999960
v 19.51572672 33.38851035 29.72999960
v 19.66255903 33.24167803 29.72999960
v 18.34256575 31.35653585 29.72999960
v 18.15436967 31.44429252 29.72999960
v 17.98427291 31.56339377 29.72999960
v 19.66255903 31.71022609 29.72999960
v 19.51572672 31.56339377 29.72999960
v 25.86531267 23.57934788 29.72999960
v 19.78166215 33.07158127 29.72999960
v 19.86941881 32.88338706 29.72999960
v 19.92316172 32.68281370 29.72999960
v 22.77163975 26.57917142 29.72999960
v 19.34562996 31.44429252 29.72999960
v 19.15743575 31.35653585 29.72999960
v 19.94125918 32.47595206 29.72999960
v 19.92316172 32.26909414 29.72999960
v 19.86941881 32.06851706 29.72999960
v 19.78166215 31.88032284 29.72999960
v -31.79628402 14.62861244 29.72999960
v -33.35297108 10.61034389 29.72999960
v -34.40405801 6.43123314 29.72999960
v -24.36468750 -25.12691729 29.72999960
v -27.26781927 -21.94233239 29.72999960
v -29.75760028 -18.42512563 29.72999960
v -31.79628402 -14.62861244 29.72999960
v -33.35297108 -10.61034389 29.72999960
v -34.40405801 -6.43123314 29.72999960
v -34.93361548 -2.15463177 29.72999960
v -35.00000015 0.00000000 29.72999960
v -34.93361548 2.15463177 29.72999960
v 32.63652697 12.64345832 29.72999960
v 33.94289315 8.53698049 29.72999960
v 30.83542734 16.55827463 29.72999960
v 30.83542734 -16.55827463 29.72999960
v 32.63652697 -12.64345832 29.72999960
v 33.94289315 -8.53698049 29.72999960
v 34.73471850 4.30109026 29.72999960
v 35.00000015 -0.00000000 29.72999960
v 34.73471850 -4.30109026 29.72999960
v 7.48765795 34.18968990 -6.76999846
v 11.63241826 33.01040083 -6.76999846
v 32.67440200 12.54525315 -6.42990554
v 32.88019449 11.99553069 -6.76999846
v 33.94289315 8.53698049 -6.76999846
v -13.53790238 32.27576986 -6.05727173
v -13.48122302 32.29948133 -6.04321295
v -13.61422148 32.24364668 -6.08429546
v -13.43039796 32.32064843 -6.03609020
v -13.38181831 32.34079480 -6.03471557
v -13.33246287 32.36117214 -6.03888417
v -13.27911485 32.38309920 -6.04925537
v -13.21143471 32.41077065 -6.06975565
v -9.57820471 33.66389871 -6.76999846
v -13.14044371 32.43961558 -6.09790767
v -12.95315195 32.51485527 -6.19120011
v -12.75180746 32.59434551 -6.30595768
v -12.54525315 32.67440200 -6.42990554
v -11.99553069 32.88019449 -6.76999846
v -14.68712930 31.76929802 -6.71798596
v -14.34383541 31.92576393 -6.49899850
v -14.76768777 31.73192963 -6.76999846
v -14.00772668 32.07465634 -6.29218901
v -13.69428262 32.20972791 -6.11975603
v -13.64336815 32.23132715 -6.09651022
v -31.79598972 14.62925691 -6.68074051
v -32.88019449 11.99553069 -6.76999846
v -32.77316689 12.28492707 -6.58994028
v -32.62566403 12.67146226 -6.35368237
v -32.48233721 13.03448062 -6.14826987
v -32.44454041 13.12828064 -6.10325718
v -32.40831941 13.21745478 -6.06764713
v -32.38309920 13.27911485 -6.04925537
v -32.36117214 13.33246287 -6.03888417
v -32.34079480 13.38181831 -6.03471557
v -32.32064843 13.43039796 -6.03609020
v -32.29948133 13.48122302 -6.04321295
v -32.27397427 13.54217622 -6.05856115
v -32.24721551 13.60577438 -6.08092779
v -32.18851238 13.74407578 -6.14436204
v -32.12476894 13.89241684 -6.22493634
v -32.05861896 14.04439006 -6.31411234
v -32.07465634 -14.00772668 -6.29218901
v -31.92576393 -14.34383541 -6.49899850
v -31.79543465 -14.63046204 -6.68151537
v -32.20972791 -13.69428262 -6.11975603
v -32.24364668 -13.61422148 -6.08429546
v -32.27576986 -13.53790238 -6.05727173
v -32.29948133 -13.48122302 -6.04321295
v -32.32064843 -13.43039796 -6.03609020
v -32.34079480 -13.38181831 -6.03471557
v -32.36117214 -13.33246287 -6.03888417
v -32.38309920 -13.27911485 -6.04925537
v -32.41077065 -13.21143471 -6.06975565
v -33.35297108 -10.61034389 -6.76999846
v -32.43961558 -13.14044371 -6.09790767
v -32.51485527 -12.95315195 -6.19120011
v -32.59434551 -12.75180746 -6.30595768
v -32.67440200 -12.54525315 -6.42990554
v -32.88019449 -11.99553069 -6.76999846
v -31.76929802 -14.68712930 -6.71798596
v -31.73192963 -14.76768777 -6.76999846
v -13.74407578 -32.18851238 -6.14436204
v -13.89241684 -32.12476894 -6.22493634
v -17.50000007 -30.31088971 -6.76999846
v -14.04439006 -32.05861896 -6.31411234
v -14.62781522 -31.79665282 -6.67981664
v -14.76768777 -31.73192963 -6.76999846
v -9.57820471 -33.66389871 -6.76999846
v -11.99553069 -32.88019449 -6.76999846
v -12.28492707 -32.77316689 -6.58994028
v -12.67146226 -32.62566403 -6.35368237
v -13.03448062 -32.48233721 -6.14826987
v -13.12828064 -32.44454041 -6.10325718
v -13.21745478 -32.40831941 -6.06764713
v -13.27911485 -32.38309920 -6.04925537
v -13.33246287 -32.36117214 -6.03888417
v -13.38181831 -32.34079480 -6.03471557
v -13.43039796 -32.32064843 -6.03609020
v -13.48122302 -32.29948133 -6.04321295
v -13.54217622 -32.27397427 -6.05856115
v -13.60577438 -32.24721551 -6.08092779
v 14.76768777 -31.73192963 -6.76999846
v 14.68712930 -31.76929802 -6.71798596
v 14.34383541 -31.92576393 -6.49899850
v 14.00772668 -32.07465634 -6.29218901
v 13.69428262 -32.20972791 -6.11975603
v 13.61422148 -32.24364668 -6.08429546
v 13.53790238 -32.27576986 -6.05727173
v 13.38181831 -32.34079480 -6.03471557
v 13.43039796 -32.32064843 -6.03609020
v 13.48122302 -32.29948133 -6.04321295
v 13.33246287 -32.36117214 -6.03888417
v 13.27911485 -32.38309920 -6.04925537
v 13.21143471 -32.41077065 -6.06975565
v 11.63241826 -33.01040083 -6.76999846
v 13.14044371 -32.43961558 -6.09790767
v 12.95315195 -32.51485527 -6.19120011
v 12.75180746 -32.59434551 -6.30595768
v 12.54525315 -32.67440200 -6.42990554
v 11.99553069 -32.88019449 -6.76999846
v 32.48233721 -13.03448062 -6.14826987
v 32.62566403 -12.67146226 -6.35368237
v 32.63847530 -12.63842825 -6.37350837
v 32.44454041 -13.12828064 -6.10325718
v 32.40831941 -13.21745478 -6.06764713
v 32.38309920 -13.27911485 -6.04925537
v 32.36117214 -13.33246287 -6.03888417
v 32.34079480 -13.38181831 -6.03471557
v 32.32064843 -13.43039796 -6.03609020
v 30.83542734 -16.55827463 -6.76999846
v 32.29948133 -13.48122302 -6.04321295
v 32.27397427 -13.54217622 -6.05856115
v 32.24721551 -13.60577438 -6.08092779
v 32.18851238 -13.74407578 -6.14436204
v 32.12476894 -13.89241684 -6.22493634
v 32.05861896 -14.04439006 -6.31411234
v 31.79665282 -14.62781522 -6.67981664
v 31.73192963 -14.76768777 -6.76999846
v 32.77316689 -12.28492707 -6.58994028
v 32.88019449 -11.99553069 -6.76999846
v 31.73192963 14.76768777 -6.76999846
v 31.76929802 14.68712930 -6.71798596
v 31.92576393 14.34383541 -6.49899850
v 32.07465634 14.00772668 -6.29218901
v 32.20972791 13.69428262 -6.11975603
v 32.24364668 13.61422148 -6.08429546
v 32.27576986 13.53790238 -6.05727173
v 32.29948133 13.48122302 -6.04321295
v 32.32064843 13.43039796 -6.03609020
v 32.34079480 13.38181831 -6.03471557
v 32.36117214 13.33246287 -6.03888417
v 32.38309920 13.27911485 -6.04925537
v 32.41077065 13.21143471 -6.06975565
v 32.43961558 13.14044371 -6.09790767
v 32.51485527 12.95315195 -6.19120011
v 32.59434551 12.75180746 -6.30595768
v 32.63722733 12.64165621 -6.37156703
v 12.67146226 32.62566403 -6.35368237
v 13.03448062 32.48233721 -6.14826987
v 11.99553069 32.88019449 -6.76999846
v 12.28492707 32.77316689 -6.58994028
v 13.12828064 32.44454041 -6.10325718
v 13.21745478 32.40831941 -6.06764713
v 13.27911485 32.38309920 -6.04925537
v 13.33246287 32.36117214 -6.03888417
v 13.38181831 32.34079480 -6.03471557
v 13.43039796 32.32064843 -6.03609020
v 13.48122302 32.29948133 -6.04321295
v 13.54217622 32.27397427 -6.05856115
v 13.60577438 32.24721551 -6.08092779
v 15.60084242 31.33071586 -6.76999846
v 13.74407578 32.18851238 -6.14436204
v 13.89241684 32.12476894 -6.22493634
v 14.04439006 32.05861896 -6.31411234
v 14.62781522 31.79665282 -6.67981664
v 14.76768777 31.73192963 -6.76999846
v 19.33277398 29.17608432 -6.76999846
v 22.77163975 26.57917142 -6.76999846
v 25.86531267 23.57934788 -6.76999846
v 28.56689133 20.22208460 -6.76999846
v 30.83542734 16.55827463 -6.76999846
v 3.22939269 34.85069796 -6.76999846
v -1.07782707 34.98340026 -6.76999846
v -5.36870770 34.58579257 -6.76999846
v -31.73192963 14.76768777 -6.76999846
v -29.75760028 18.42512563 -6.76999846
v -27.26781927 21.94233239 -6.76999846
v -24.36468750 25.12691729 -6.76999846
v -21.09221183 27.93060243 -6.76999846
v -17.50000007 30.31088971 -6.76999846
v -34.40405801 -6.43123314 -6.76999846
v -34.93361548 -2.15463177 -6.76999846
v -35.00000015 0.00000000 -6.76999846
v -34.93361548 2.15463177 -6.76999846
v -34.40405801 6.43123314 -6.76999846
v -33.35297108 10.61034389 -6.76999846
v -21.09221183 -27.93060243 -6.76999846
v -24.36468750 -25.12691729 -6.76999846
v -27.26781927 -21.94233239 -6.76999846
v -29.75760028 -18.42512563 -6.76999846
v -5.36870770 -34.58579257 -6.76999846
v -1.07782707 -34.98340026 -6.76999846
v 3.22939269 -34.85069796 -6.76999846
v 7.48765795 -34.18968990 -6.76999846
v 28.56689133 -20.22208460 -6.76999846
v 25.86531267 -23.57934788 -6.76999846
v 22.77163975 -26.57917142 -6.76999846
v 19.33277398 -29.17608432 -6.76999846
v 15.60084242 -31.33071586 -6.76999846
v 34.73471850 4.30109026 -6.76999846
v 35.00000015 -0.00000000 -6.76999846
v 34.73471850 -4.30109026 -6.76999846
v 33.94289315 -8.53698049 -6.76999846
v -17.63058268 -32.88338706 20.86000144
v -17.57683791 -32.68281370 20.86000144
v -18.75000075 -32.47595206 20.86000144
v -17.55874045 -32.47595206 20.86000144
v -17.57683791 -32.26909414 20.86000144
v -17.98427291 -33.38851035 20.86000144
v -17.83744246 -33.24167803 20.86000144
v -17.71833934 -33.07158127 20.86000144
v -18.54313910 -33.64911303 20.86000144
v -18.34256575 -33.59537199 20.86000144
v -18.15436967 -33.50761533 20.86000144
v -19.15743575 -33.59537199 20.86000144
v -18.95685866 -33.64911303 20.86000144
v -18.75000075 -33.66721421 20.86000144
v -19.66255903 -33.24167803 20.86000144
v -19.51572672 -33.38851035 20.86000144
v -19.34562996 -33.50761533 20.86000144
v -19.92316172 -32.68281370 20.86000144
v -19.86941881 -32.88338706 20.86000144
v -19.78166215 -33.07158127 20.86000144
v -19.86941881 -32.06851706 20.86000144
v -19.92316172 -32.26909414 20.86000144
v -19.94125918 -32.47595206 20.86000144
v -19.51572672 -31.56339377 20.86000144
v -19.66255903 -31.71022609 20.86000144
v -19.78166215 -31.88032284 20.86000144
v -18.95685866 -31.30279109 20.86000144
v -19.15743575 -31.35653585 20.86000144
v -19.34562996 -31.44429252 20.86000144
v -18.34256575 -31.35653585 20.86000144
v -18.54313910 -31.30279109 20.86000144
v -18.75000075 -31.28469363 20.86000144
v -17.83744246 -31.71022609 20.86000144
v -17.98427291 -31.56339377 20.86000144
v -18.15436967 -31.44429252 20.86000144
v -17.63058268 -32.06851706 20.86000144
v -17.71833934 -31.88032284 20.86000144
v -17.55874045 -32.47595206 22.54400030
v 19.66255903 -31.71022609 20.86000144
v 19.51572672 -31.56339377 20.86000144
v 18.75000075 -32.47595206 20.86000144
v 19.34562996 -31.44429252 20.86000144
v 19.15743575 -31.35653585 20.86000144
v 19.92316172 -32.26909414 20.86000144
v 19.86941881 -32.06851706 20.86000144
v 19.78166215 -31.88032284 20.86000144
v 19.86941881 -32.88338706 20.86000144
v 19.92316172 -32.68281370 20.86000144
v 19.94125918 -32.47595206 20.86000144
v 19.51572672 -33.38851035 20.86000144
v 19.66255903 -33.24167803 20.86000144
v 19.78166215 -33.07158127 20.86000144
v 18.95685866 -33.64911303 20.86000144
v 19.15743575 -33.59537199 20.86000144
v 19.34562996 -33.50761533 20.86000144
v 18.34256575 -33.59537199 20.86000144
v 18.54313910 -33.64911303 20.86000144
v 18.75000075 -33.66721421 20.86000144
v 17.83744246 -33.24167803 20.86000144
v 17.98427291 -33.38851035 20.86000144
v 18.15436967 -33.50761533 20.86000144
v 17.57683791 -32.68281370 20.86000144
v 17.63058268 -32.88338706 20.86000144
v 17.71833934 -33.07158127 20.86000144
v 17.63058268 -32.06851706 20.86000144
v 17.57683791 -32.26909414 20.86000144
v 17.55874045 -32.47595206 20.86000144
v 17.98427291 -31.56339377 20.86000144
v 17.83744246 -31.71022609 20.86000144
v 17.71833934 -31.88032284 20.86000144
v 18.54313910 -31.30279109 20.86000144
v 18.34256575 -31.35653585 20.86000144
v 18.15436967 -31.44429252 20.86000144
v 18.95685866 -31.30279109 20.86000144
v 18.75000075 -31.28469363 20.86000144
v 19.34562996 -31.44429252 22.54400030
v 37.29313985 1.17316213 20.86000144
v 37.09256649 1.11941819 20.86000144
v 37.50000149 -0.00000000 20.86000144
v 36.90436855 1.03166141 20.86000144
v 36.73427179 0.91255811 20.86000144
v 37.90743649 1.11941819 20.86000144
v 37.70685941 1.17316213 20.86000144
v 37.50000149 1.19125994 20.86000144
v 38.41255978 0.76572725 20.86000144
v 38.26572746 0.91255811 20.86000144
v 38.09563071 1.03166141 20.86000144
v 38.67315874 0.20686013 20.86000144
v 38.61941770 0.40743491 20.86000144
v 38.53166103 0.59562997 20.86000144
v 38.61941770 -0.40743491 20.86000144
v 38.67315874 -0.20686013 20.86000144
v 38.69125992 -0.00000000 20.86000144
v 38.26572746 -0.91255811 20.86000144
v 38.41255978 -0.76572725 20.86000144
v 38.53166103 -0.59562997 20.86000144
v 37.70685941 -1.17316213 20.86000144
v 37.90743649 -1.11941819 20.86000144
v 38.09563071 -1.03166141 20.86000144
v 37.09256649 -1.11941819 20.86000144
v 37.29313985 -1.17316213 20.86000144
v 37.50000149 -1.19125994 20.86000144
v 36.58744320 -0.76572725 20.86000144
v 36.73427179 -0.91255811 20.86000144
v 36.90436855 -1.03166141 20.86000144
v 36.32683679 -0.20686013 20.86000144
v 36.38058156 -0.40743491 20.86000144
v 36.46833822 -0.59562997 20.86000144
v 36.38058156 0.40743491 20.86000144
v 36.32683679 0.20686013 20.86000144
v 36.30873933 -0.00000000 20.86000144
v 36.58744320 0.76572725 20.86000144
v 36.46833822 0.59562997 20.86000144
v 36.90436855 1.03166141 22.54400030
v 17.63058268 32.88338706 20.86000144
v 17.57683791 32.68281370 20.86000144
v 18.75000075 32.47595206 20.86000144
v 17.55874045 32.47595206 20.86000144
v 17.57683791 32.26909414 20.86000144
v 17.98427291 33.38851035 20.86000144
v 17.83744246 33.24167803 20.86000144
v 17.71833934 33.07158127 20.86000144
v 18.54313910 33.64911303 20.86000144
v 18.34256575 33.59537199 20.86000144
v 18.15436967 33.50761533 20.86000144
v 19.15743575 33.59537199 20.86000144
v 18.95685866 33.64911303 20.86000144
v 18.75000075 33.66721421 20.86000144
v 19.66255903 33.24167803 20.86000144
v 19.51572672 33.38851035 20.86000144
v 19.34562996 33.50761533 20.86000144
v 19.92316172 32.68281370 20.86000144
v 19.86941881 32.88338706 20.86000144
v 19.78166215 33.07158127 20.86000144
v 19.86941881 32.06851706 20.86000144
v 19.92316172 32.26909414 20.86000144
v 19.94125918 32.47595206 20.86000144
v 19.51572672 31.56339377 20.86000144
v 19.66255903 31.71022609 20.86000144
v 19.78166215 31.88032284 20.86000144
v 18.95685866 31.30279109 20.86000144
v 19.15743575 31.35653585 20.86000144
v 19.34562996 31.44429252 20.86000144
v 18.34256575 31.35653585 20.86000144
v 18.54313910 31.30279109 20.86000144
v 18.75000075 31.28469363 20.86000144
v 17.83744246 31.71022609 20.86000144
v 17.98427291 31.56339377 20.86000144
v 18.15436967 31.44429252 20.86000144
v 17.63058268 32.06851706 20.86000144
v 17.71833934 31.88032284 20.86000144
v 17.55874045 32.47595206 22.54400030
v -19.66255903 31.71022609 20.86000144
v -19.51572672 31.56339377 20.86000144
v -18.75000075 32.47595206 20.86000144
v -19.34562996 31.44429252 20.86000144
v -19.15743575 31.35653585 20.86000144
v -19.92316172 32.26909414 20.86000144
v -19.86941881 32.06851706 20.86000144
v -19.78166215 31.88032284 20.86000144
v -19.86941881 32.88338706 20.86000144
v -19.92316172 32.68281370 20.86000144
v -19.94125918 32.47595206 20.86000144
v -19.51572672 33.38851035 20.86000144
v -19.66255903 33.24167803 20.86000144
v -19.78166215 33.07158127 20.86000144
v -18.95685866 33.64911303 20.86000144
v -19.15743575 33.59537199 20.86000144
v -19.34562996 33.50761533 20.86000144
v -18.34256575 33.59537199 20.86000144
v -18.54313910 33.64911303 20.86000144
v -18.75000075 33.66721421 20.86000144
v -17.83744246 33.24167803 20.86000144
v -17.98427291 33.38851035 20.86000144
v -18.15436967 33.50761533 20.86000144
v -17.57683791 32.68281370 20.86000144
v -17.63058268 32.88338706 20.86000144
v -17.71833934 33.07158127 20.86000144
v -17.63058268 32.06851706 20.86000144
v -17.57683791 32.26909414 20.86000144
v -17.55874045 32.47595206 20.86000144
v -17.98427291 31.56339377 20.86000144
v -17.83744246 31.71022609 20.86000144
v -17.71833934 31.88032284 20.86000144
v -18.54313910 31.30279109 20.86000144
v -18.34256575 31.35653585 20.86000144
v -18.15436967 31.44429252 20.86000144
v -18.95685866 31.30279109 20.86000144
v -18.75000075 31.28469363 20.86000144
v -19.34562996 31.44429252 22.54400030
v -37.29313985 -1.17316213 20.86000144
v -37.09256649 -1.11941819 20.86000144
v -37.50000149 0.00000000 20.86000144
v -36.90436855 -1.03166141 20.86000144
v -36.73427179 -0.91255811 20.86000144
v -37.90743649 -1.11941819 20.86000144
v -37.70685941 -1.17316213 20.86000144
v -37.50000149 -1.19125994 20.86000144
v -38.41255978 -0.76572725 20.86000144
v -38.26572746 -0.91255811 20.86000144
v -38.09563071 -1.03166141 20.86000144
v -38.67316619 -0.20686013 20.86000144
v -38.61941770 -0.40743491 20.86000144
v -38.53166103 -0.59562997 20.86000144
v -38.61941770 0.40743491 20.86000144
v -38.67316619 0.20686013 20.86000144
v -38.69125992 0.00000000 20.86000144
v -38.26572746 0.91255811 20.86000144
v -38.41255978 0.76572725 20.86000144
v -38.53166103 0.59562997 20.86000144
v -37.70685941 1.17316213 20.86000144
v -37.90743649 1.11941819 20.86000144
v -38.09563071 1.03166141 20.86000144
v -37.09256649 1.11941819 20.86000144
v -37.29313985 1.17316213 20.86000144
v -37.50000149 1.19125994 20.86000144
v -36.58744320 0.76572725 20.86000144
v -36.73427179 0.91255811 20.86000144
v -36.90436855 1.03166141 20.86000144
v -36.32683679 0.20686013 20.86000144
v -36.38058156 0.40743491 20.86000144
v -36.46833822 0.59562997 20.86000144
v -36.38058156 -0.40743491 20.86000144
v -36.32683679 -0.20686013 20.86000144
v -36.30873933 0.00000000 20.86000144
v -36.58744320 -0.76572725 20.86000144
v -36.46833822 -0.59562997 20.86000144
v -36.90436855 -1.03166141 22.54400030
v 23.49269576 -0.58587128 -19.94500123
v 23.31762202 -2.92207696 -19.94500123
v 23.49999920 -0.00000000 -65.77000767
v 23.23752455 -3.50249326 -65.77000767
v 23.23752455 -3.50249326 -19.94500123
v 22.91080542 -5.22924215 -19.94500123
v 22.45596051 -6.92674657 -65.77000767
v 21.42038755 -9.66524705 -19.94500123
v 21.17276751 -10.19626763 -65.77000767
v 22.27629349 -7.48443650 -19.94500123
v 22.45596051 -6.92674657 -19.94500123
v 19.41661164 -13.23802117 -19.94500123
v 19.41661164 -13.23802117 -65.77000767
v 20.35159618 -11.74999960 -19.94500123
v 21.17276751 -10.19626763 -19.94500123
v 19.08054389 -13.71797640 -19.94500123
v 17.61985756 -15.54961689 -19.94500123
v 17.22671837 -15.98406024 -65.77000767
v 17.22671837 -15.98406024 -19.94500123
v 15.98406024 -17.22671837 -19.94500123
v 14.65201005 -18.37304048 -65.77000767
v 12.25372683 -20.05233616 -19.94500123
v 11.74999960 -20.35159618 -65.77000767
v 14.18940350 -18.73261482 -19.94500123
v 14.65201005 -18.37304048 -19.94500123
v 8.58551450 -21.87553234 -19.94500123
v 8.58551450 -21.87553234 -65.77000767
v 10.19626763 -21.17276751 -19.94500123
v 11.74999960 -20.35159618 -19.94500123
v 8.03747308 -22.08277583 -19.94500123
v 5.79879899 -22.77331613 -19.94500123
v 5.22924215 -22.91080542 -65.77000767
v 5.22924215 -22.91080542 -19.94500123
v 3.50249326 -23.23752455 -19.94500123
v 1.75615714 -23.43428880 -65.77000767
v -1.17137830 -23.47078733 -19.94500123
v -1.75615714 -23.43428880 -65.77000767
v -0.00000000 -23.49999920 -19.94500123
v 0.00000000 -23.49999920 -65.77000767
v 1.17137830 -23.47078733 -19.94500123
v 1.75615714 -23.43428880 -19.94500123
v -5.22924215 -22.91080542 -19.94500123
v -5.22924215 -22.91080542 -65.77000767
v -3.50249326 -23.23752455 -19.94500123
v -1.75615714 -23.43428880 -19.94500123
v -5.79879899 -22.77331613 -19.94500123
v -8.03747308 -22.08277583 -19.94500123
v -8.58551450 -21.87553234 -65.77000767
v -8.58551450 -21.87553234 -19.94500123
v -10.19626763 -21.17276751 -19.94500123
v -11.74999960 -20.35159618 -65.77000767
v -14.18940350 -18.73261482 -19.94500123
v -14.65201005 -18.37304048 -65.77000767
v -12.25372683 -20.05233616 -19.94500123
v -11.74999960 -20.35159618 -19.94500123
v -17.22671837 -15.98406024 -19.94500123
v -17.22671837 -15.98406024 -65.77000767
v -15.98406024 -17.22671837 -19.94500123
v -14.65201005 -18.37304048 -19.94500123
v -17.61985756 -15.54961689 -19.94500123
v -19.08054389 -13.71797640 -19.94500123
v -19.41661164 -13.23802117 -65.77000767
v -19.41661164 -13.23802117 -19.94500123
v -20.35159618 -11.74999960 -19.94500123
v -21.17276751 -10.19626763 -65.77000767
v -22.27629349 -7.48443650 -19.94500123
v -22.45596051 -6.92674657 -65.77000767
v -21.42038755 -9.66524705 -19.94500123
v -21.17276751 -10.19626763 -19.94500123
v -22.45596051 -6.92674657 -19.94500123
v -22.91080542 -5.22924215 -19.94500123
v -23.23752455 -3.50249326 -65.77000767
v -23.23752455 -3.50249326 -19.94500123
v -23.31762202 -2.92207696 -19.94500123
v -23.49269576 -0.58587128 -19.94500123
v -23.49999920 0.00000000 -64.77000564
v -23.49999920 0.00000000 -65.77000767
v -23.23752455 3.50249326 -65.77000767
v -23.23752455 3.50249326 -19.94500123
v -23.43428880 1.75615714 -19.94500123
v -23.49999920 0.00000000 -19.94500123
v -23.14298227 4.08073235 -19.94500123
v -22.62166888 6.36475114 -19.94500123
v -22.45596051 6.92674657 -65.77000767
v -21.17276751 10.19626763 -19.94500123
v -21.17276751 10.19626763 -65.77000767
v -21.87553234 8.58551450 -19.94500123
v -22.45596051 6.92674657 -19.94500123
v -20.91198787 10.72095055 -19.94500123
v -19.74060945 12.74983678 -19.94500123
v -19.41661164 13.23802117 -65.77000767
v -19.41661164 13.23802117 -19.94500123
v -18.37304048 14.65201005 -19.94500123
v -17.22671837 15.98406024 -65.77000767
v -15.10550920 18.00204441 -19.94500123
v -14.65201005 18.37304048 -65.77000767
v -16.82287082 16.40856452 -19.94500123
v -17.22671837 15.98406024 -19.94500123
v -11.74999960 20.35159618 -19.94500123
v -11.74999960 20.35159618 -65.77000767
v -13.23802117 19.41661164 -19.94500123
v -14.65201005 18.37304048 -19.94500123
v -11.23896893 20.63820697 -19.94500123
v -9.12821759 21.65469155 -19.94500123
v -8.58551450 21.87553234 -65.77000767
v -5.22924215 22.91080542 -19.94500123
v -5.22924215 22.91080542 -65.77000767
v -6.92674657 22.45596051 -19.94500123
v -8.58551450 21.87553234 -19.94500123
v -4.65643452 23.03405292 -19.94500123
v -2.33984436 23.38322252 -19.94500123
v -1.75615714 23.43428880 -65.77000767
v 1.75615714 23.43428880 -19.94500123
v 1.75615714 23.43428880 -65.77000767
v 0.00000000 23.49999920 -19.94500123
v -1.75615714 23.43428880 -19.94500123
v 2.33984436 23.38322252 -19.94500123
v 4.65643452 23.03405292 -19.94500123
v 5.22924215 22.91080542 -65.77000767
v 5.22924215 22.91080542 -19.94500123
v 6.92674657 22.45596051 -19.94500123
v 8.58551450 21.87553234 -65.77000767
v 11.23896893 20.63820697 -19.94500123
v 11.74999960 20.35159618 -65.77000767
v 9.12821759 21.65469155 -19.94500123
v 8.58551450 21.87553234 -19.94500123
v 14.65201005 18.37304048 -19.94500123
v 14.65201005 18.37304048 -65.77000767
v 13.23802117 19.41661164 -19.94500123
v 11.74999960 20.35159618 -19.94500123
v 15.10550920 18.00204441 -19.94500123
v 16.82287082 16.40856452 -19.94500123
v 17.22671837 15.98406024 -65.77000767
v 17.22671837 15.98406024 -19.94500123
v 18.37304048 14.65201005 -19.94500123
v 19.41661164 13.23802117 -65.77000767
v 20.91198787 10.72095055 -19.94500123
v 21.17276751 10.19626763 -65.77000767
v 19.74060945 12.74983678 -19.94500123
v 19.41661164 13.23802117 -19.94500123
v 22.45596051 6.92674657 -19.94500123
v 22.45596051 6.92674657 -65.77000767
v 21.87553234 8.58551450 -19.94500123
v 21.17276751 10.19626763 -19.94500123
v 22.62166888 6.36475114 -19.94500123
v 23.14298227 4.08073235 -19.94500123
v 23.23752455 3.50249326 -65.77000767
v 23.23752455 3.50249326 -19.94500123
v 23.43428880 1.75615714 -19.94500123
v 23.49999920 -0.00000000 -19.94500123
v -21.65844664 -15.57136234 -16.76999964
v -20.00041306 -17.65047014 -16.76999964
v -20.73905803 -20.94886638 -16.76999964
v 33.55946764 -13.54375482 -16.76999964
v 33.58262032 -13.27911485 -16.76999964
v 14.77996167 -32.32325986 -16.76999964
v 14.80311528 -32.05861896 -16.76999964
v -28.60480919 -20.94886638 -16.76999964
v -20.73905803 28.60480919 -16.76999964
v 33.55946764 13.01447488 -16.76999964
v 33.58262032 13.27911485 -16.76999964
v 36.79130971 -0.00000000 -16.76999964
v 33.55946764 13.54375482 -16.76999964
v 33.49070996 13.80035374 -16.76999964
v 33.37844089 14.04111553 -16.76999964
v 33.22607279 14.25872371 -16.76999964
v 31.53738007 14.71120678 -16.76999964
v 31.29661828 14.59893771 -16.76999964
v 31.07901104 14.44656681 -16.76999964
v 30.89116886 14.25872371 -16.76999964
v 32.32325986 11.77826803 -16.76999964
v 32.57985786 11.84702385 -16.76999964
v 32.82061964 11.95929199 -16.76999964
v 33.03822875 12.11166382 -16.76999964
v 33.22607279 12.29950693 -16.76999964
v 33.37844089 12.51711510 -16.76999964
v 33.49070996 12.75787596 -16.76999964
v 33.03822875 14.44656681 -16.76999964
v 32.82061964 14.59893771 -16.76999964
v 30.73879704 12.51711510 -16.76999964
v 30.89116886 12.29950693 -16.76999964
v 28.60480919 -0.00000000 -16.76999964
v 31.07901104 12.11166382 -16.76999964
v 32.05861896 11.75511535 -16.76999964
v 31.79398179 11.77826803 -16.76999964
v 32.57985786 14.71120678 -16.76999964
v 32.32325986 14.77996167 -16.76999964
v 32.05861896 14.80311528 -16.76999964
v 31.79398179 14.77996167 -16.76999964
v 30.73879704 14.04111553 -16.76999964
v 30.62652797 13.80035374 -16.76999964
v 30.55777214 13.54375482 -16.76999964
v 31.29661828 11.95929199 -16.76999964
v 31.53738007 11.84702385 -16.76999964
v 30.53461947 13.27911485 -16.76999964
v 30.55777214 13.01447488 -16.76999964
v 30.62652797 12.75787596 -16.76999964
v 23.46462570 13.54730781 -16.76999964
v 23.32789078 13.74258660 -16.76999964
v 23.64785224 12.86350004 -16.76999964
v 23.62707444 13.10098451 -16.76999964
v 23.56537431 13.33125215 -16.76999964
v 23.15932140 13.91115505 -16.76999964
v 22.96404354 14.04788997 -16.76999964
v 22.74798788 14.14863858 -16.76999964
v 12.75742520 23.42656069 -16.76999964
v 10.36149822 24.58037809 -16.76999964
v 25.67800134 7.22466968 -16.76999964
v 24.83105659 9.74547211 -16.76999964
v 20.85535415 16.63159020 -16.76999964
v 19.09574866 18.62546802 -16.76999964
v 26.66670829 -0.66502619 -16.76999964
v 26.60041116 1.99342519 -16.76999964
v 26.26974694 4.63206507 -16.76999964
v 23.62707444 12.62601558 -16.76999964
v 23.73732999 12.16941886 -16.76999964
v 23.58664945 12.45895587 -16.76999964
v 22.58309722 14.19715956 -16.76999964
v 22.40769193 14.47242126 -16.76999964
v 17.14636013 20.43423615 -16.76999964
v 15.02656285 22.03992009 -16.76999964
v 7.86259398 25.48990399 -16.76999964
v 5.28554851 26.14610083 -16.76999964
v 0.00000000 28.60480919 -16.76999964
v 2.65597226 26.54244564 -16.76999964
v 0.00000000 26.67500079 -16.76999964
v 13.80035374 30.62652797 -16.76999964
v 14.04111553 30.73879704 -16.76999964
v 14.25872371 30.89116886 -16.76999964
v 14.44656681 31.07901104 -16.76999964
v 12.11166382 33.03822875 -16.76999964
v 11.95929199 32.82061964 -16.76999964
v 0.00000000 36.79130971 -16.76999964
v 11.77826803 31.79398179 -16.76999964
v 11.84702385 31.53738007 -16.76999964
v 11.95929199 31.29661828 -16.76999964
v 12.11166382 31.07901104 -16.76999964
v 12.51711510 33.37844089 -16.76999964
v 12.75787596 33.49070996 -16.76999964
v 13.01447488 33.55946764 -16.76999964
v 12.29950693 33.22607279 -16.76999964
v 12.29950693 30.89116886 -16.76999964
v 12.51711510 30.73879704 -16.76999964
v 12.75787596 30.62652797 -16.76999964
v 14.59893771 31.29661828 -16.76999964
v 14.71120678 31.53738007 -16.76999964
v 14.77996167 31.79398179 -16.76999964
v 14.80311528 32.05861896 -16.76999964
v 14.77996167 32.32325986 -16.76999964
v 14.71120678 32.57985786 -16.76999964
v 14.04111553 33.37844089 -16.76999964
v 13.80035374 33.49070996 -16.76999964
v 13.54375482 33.55946764 -16.76999964
v 13.27911485 33.58262032 -16.76999964
v 13.01447488 30.55777214 -16.76999964
v 13.27911485 30.53461947 -16.76999964
v 13.54375482 30.55777214 -16.76999964
v 14.59893771 32.82061964 -16.76999964
v 14.44656681 33.03822875 -16.76999964
v 14.25872371 33.22607279 -16.76999964
v 11.84702385 32.57985786 -16.76999964
v 11.77826803 32.32325986 -16.76999964
v 11.75511535 32.05861896 -16.76999964
v -14.80311528 32.05861896 -16.76999964
v -14.77996167 31.79398179 -16.76999964
v -12.75787596 30.62652797 -16.76999964
v -12.51711510 30.73879704 -16.76999964
v -12.29950693 30.89116886 -16.76999964
v -14.59893771 31.29661828 -16.76999964
v -14.44656681 31.07901104 -16.76999964
v -12.11166382 31.07901104 -16.76999964
v -11.95929199 31.29661828 -16.76999964
v -11.84702385 31.53738007 -16.76999964
v -11.77826803 31.79398179 -16.76999964
v -11.75511535 32.05861896 -16.76999964
v -11.77826803 32.32325986 -16.76999964
v -11.84702385 32.57985786 -16.76999964
v -12.51711510 33.37844089 -16.76999964
v -12.75787596 33.49070996 -16.76999964
v -14.71120678 31.53738007 -16.76999964
v -14.25872371 30.89116886 -16.76999964
v -14.04111553 30.73879704 -16.76999964
v -13.80035374 30.62652797 -16.76999964
v -13.01447488 33.55946764 -16.76999964
v -13.27911485 33.58262032 -16.76999964
v -13.54375482 33.55946764 -16.76999964
v -13.80035374 33.49070996 -16.76999964
v -13.54375482 30.55777214 -16.76999964
v -13.27911485 30.53461947 -16.76999964
v -13.01447488 30.55777214 -16.76999964
v -11.95929199 32.82061964 -16.76999964
v -12.11166382 33.03822875 -16.76999964
v -12.29950693 33.22607279 -16.76999964
v -14.44656681 33.03822875 -16.76999964
v -14.25872371 33.22607279 -16.76999964
v -14.04111553 33.37844089 -16.76999964
v -14.59893771 32.82061964 -16.76999964
v -14.71120678 32.57985786 -16.76999964
v -14.77996167 32.32325986 -16.76999964
v -22.74798788 14.14863858 -16.76999964
v -22.96404354 14.04788997 -16.76999964
v -23.15932140 13.91115505 -16.76999964
v -23.32789078 13.74258660 -16.76999964
v -23.46462570 13.54730781 -16.76999964
v -23.56537431 13.33125215 -16.76999964
v -23.62707444 13.10098451 -16.76999964
v -23.64785224 12.86350004 -16.76999964
v -24.83105659 9.74547211 -16.76999964
v -25.67800134 7.22466968 -16.76999964
v -28.60480919 0.00000000 -16.76999964
v -26.26974694 4.63206507 -16.76999964
v -26.60041116 1.99342519 -16.76999964
v -30.55777214 13.54375482 -16.76999964
v -30.62652797 13.80035374 -16.76999964
v -31.07901104 12.11166382 -16.76999964
v -30.89116886 12.29950693 -16.76999964
v -30.73879704 12.51711510 -16.76999964
v -30.62652797 12.75787596 -16.76999964
v -30.55777214 13.01447488 -16.76999964
v -30.53461947 13.27911485 -16.76999964
v -23.58664945 12.45895587 -16.76999964
v -23.73732999 12.16941886 -16.76999964
v -23.62707444 12.62601558 -16.76999964
v -30.73879704 14.04111553 -16.76999964
v -30.89116886 14.25872371 -16.76999964
v -31.07901104 14.44656681 -16.76999964
v -33.03822875 14.44656681 -16.76999964
v -33.22607279 14.25872371 -16.76999964
v -33.37844089 14.04111553 -16.76999964
v -33.49070996 13.80035374 -16.76999964
v -33.55946764 13.54375482 -16.76999964
v -33.37844089 12.51711510 -16.76999964
v -33.58262032 13.27911485 -16.76999964
v -33.55946764 13.01447488 -16.76999964
v -33.49070996 12.75787596 -16.76999964
v -31.29661828 14.59893771 -16.76999964
v -31.53738007 14.71120678 -16.76999964
v -31.79398179 14.77996167 -16.76999964
v -32.05861896 14.80311528 -16.76999964
v -32.32325986 14.77996167 -16.76999964
v -32.57985786 14.71120678 -16.76999964
v -32.82061964 14.59893771 -16.76999964
v -33.22607279 12.29950693 -16.76999964
v -33.03822875 12.11166382 -16.76999964
v -32.82061964 11.95929199 -16.76999964
v -32.57985786 11.84702385 -16.76999964
v -32.32325986 11.77826803 -16.76999964
v -32.05861896 11.75511535 -16.76999964
v -31.79398179 11.77826803 -16.76999964
v -31.53738007 11.84702385 -16.76999964
v -31.29661828 11.95929199 -16.76999964
v -32.57985786 -11.84702385 -16.76999964
v -32.82061964 -11.95929199 -16.76999964
v -30.62652797 -13.80035374 -16.76999964
v -30.73879704 -14.04111553 -16.76999964
v -30.89116886 -14.25872371 -16.76999964
v -33.49070996 -12.75787596 -16.76999964
v -33.55946764 -13.01447488 -16.76999964
v -33.58262032 -13.27911485 -16.76999964
v -30.55777214 -13.01447488 -16.76999964
v -30.53461947 -13.27911485 -16.76999964
v -30.55777214 -13.54375482 -16.76999964
v -30.62652797 -12.75787596 -16.76999964
v -30.73879704 -12.51711510 -16.76999964
v -30.89116886 -12.29950693 -16.76999964
v -33.55946764 -13.54375482 -16.76999964
v -33.49070996 -13.80035374 -16.76999964
v -33.37844089 -14.04111553 -16.76999964
v -33.22607279 -14.25872371 -16.76999964
v -31.07901104 -12.11166382 -16.76999964
v -31.29661828 -11.95929199 -16.76999964
v -31.53738007 -11.84702385 -16.76999964
v -33.03822875 -12.11166382 -16.76999964
v -33.22607279 -12.29950693 -16.76999964
v -33.37844089 -12.51711510 -16.76999964
v -31.79398179 -11.77826803 -16.76999964
v -32.05861896 -11.75511535 -16.76999964
v -32.32325986 -11.77826803 -16.76999964
v -32.57985786 -14.71120678 -16.76999964
v -32.82061964 -14.59893771 -16.76999964
v -33.03822875 -14.44656681 -16.76999964
v -31.53738007 -14.71120678 -16.76999964
v -31.29661828 -14.59893771 -16.76999964
v -31.07901104 -14.44656681 -16.76999964
v -32.32325986 -14.77996167 -16.76999964
v -32.05861896 -14.80311528 -16.76999964
v -31.79398179 -14.77996167 -16.76999964
v -0.00000000 -28.81461754 -16.76999964
v -11.75511535 -32.05861896 -16.76999964
v -11.77826803 -31.79398179 -16.76999964
v -11.84702385 -31.53738007 -16.76999964
v -11.95929199 -31.29661828 -16.76999964
v -12.11166382 -31.07901104 -16.76999964
v -12.29950693 -30.89116886 -16.76999964
v -12.51711510 -30.73879704 -16.76999964
v -12.75787596 -30.62652797 -16.76999964
v -13.80035374 -30.62652797 -16.76999964
v -14.04111553 -30.73879704 -16.76999964
v -20.73905803 -28.81461754 -16.76999964
v -13.01447488 -30.55777214 -16.76999964
v -13.27911485 -30.53461947 -16.76999964
v -13.54375482 -30.55777214 -16.76999964
v -14.59893771 -31.29661828 -16.76999964
v -14.71120678 -31.53738007 -16.76999964
v -14.25872371 -30.89116886 -16.76999964
v -14.44656681 -31.07901104 -16.76999964
v -11.77826803 -32.32325986 -16.76999964
v -11.84702385 -32.57985786 -16.76999964
v -14.04111553 -33.37844089 -16.76999964
v -13.80035374 -33.49070996 -16.76999964
v -13.54375482 -33.55946764 -16.76999964
v -13.27911485 -33.58262032 -16.76999964
v -13.01447488 -33.55946764 -16.76999964
v -12.75787596 -33.49070996 -16.76999964
v -14.77996167 -31.79398179 -16.76999964
v -14.80311528 -32.05861896 -16.76999964
v -14.77996167 -32.32325986 -16.76999964
v -14.71120678 -32.57985786 -16.76999964
v -14.59893771 -32.82061964 -16.76999964
v -14.44656681 -33.03822875 -16.76999964
v -14.25872371 -33.22607279 -16.76999964
v -12.51711510 -33.37844089 -16.76999964
v -12.29950693 -33.22607279 -16.76999964
v -12.11166382 -33.03822875 -16.76999964
v -11.95929199 -32.82061964 -16.76999964
v 14.59893771 -31.29661828 -16.76999964
v 14.44656681 -31.07901104 -16.76999964
v 14.77996167 -31.79398179 -16.76999964
v 14.71120678 -31.53738007 -16.76999964
v 14.25872371 -30.89116886 -16.76999964
v 14.04111553 -30.73879704 -16.76999964
v 13.80035374 -30.62652797 -16.76999964
v 12.75787596 -30.62652797 -16.76999964
v 12.51711510 -30.73879704 -16.76999964
v 13.54375482 -30.55777214 -16.76999964
v 13.27911485 -30.53461947 -16.76999964
v 13.01447488 -30.55777214 -16.76999964
v 11.95929199 -31.29661828 -16.76999964
v 11.84702385 -31.53738007 -16.76999964
v 12.29950693 -30.89116886 -16.76999964
v 12.11166382 -31.07901104 -16.76999964
v 11.77826803 -31.79398179 -16.76999964
v 11.75511535 -32.05861896 -16.76999964
v 11.77826803 -32.32325986 -16.76999964
v 12.51711510 -33.37844089 -16.76999964
v 12.75787596 -33.49070996 -16.76999964
v 13.01447488 -33.55946764 -16.76999964
v 13.27911485 -33.58262032 -16.76999964
v 13.54375482 -33.55946764 -16.76999964
v 13.80035374 -33.49070996 -16.76999964
v 14.71120678 -32.57985786 -16.76999964
v 14.59893771 -32.82061964 -16.76999964
v 11.84702385 -32.57985786 -16.76999964
v 11.95929199 -32.82061964 -16.76999964
v 12.11166382 -33.03822875 -16.76999964
v 12.29950693 -33.22607279 -16.76999964
v 14.04111553 -33.37844089 -16.76999964
v 14.25872371 -33.22607279 -16.76999964
v 14.44656681 -33.03822875 -16.76999964
v 1.32963900 -26.64184012 -16.76999964
v 3.97570245 -26.37706138 -16.76999964
v 6.58225361 -25.85013583 -16.76999964
v 9.12338775 -25.06630123 -16.76999964
v 16.10648260 -21.26350999 -16.76999964
v 11.57384831 -24.03334528 -16.76999964
v 13.90928403 -22.76153490 -16.76999964
v 1.00355258 -26.65611543 -16.76999964
v 0.87908673 -26.77465416 -16.76999964
v 0.68380812 -26.91139095 -16.76999964
v 0.46775228 -27.01213956 -16.76999964
v 0.23748406 -27.07383968 -16.76999964
v 33.55946764 -13.01447488 -16.76999964
v 33.49070996 -12.75787596 -16.76999964
v 33.37844089 -12.51711510 -16.76999964
v 33.22607279 -12.29950693 -16.76999964
v 33.03822875 -12.11166382 -16.76999964
v 32.82061964 -11.95929199 -16.76999964
v 33.03822875 -14.44656681 -16.76999964
v 33.22607279 -14.25872371 -16.76999964
v 33.37844089 -14.04111553 -16.76999964
v 33.49070996 -13.80035374 -16.76999964
v 31.79398179 -11.77826803 -16.76999964
v 31.53738007 -11.84702385 -16.76999964
v 31.29661828 -11.95929199 -16.76999964
v 31.07901104 -12.11166382 -16.76999964
v 30.89116886 -12.29950693 -16.76999964
v 30.73879704 -12.51711510 -16.76999964
v 30.62652797 -12.75787596 -16.76999964
v 30.62652797 -13.80035374 -16.76999964
v 30.73879704 -14.04111553 -16.76999964
v 28.60480919 -20.94886638 -16.76999964
v 30.89116886 -14.25872371 -16.76999964
v 31.07901104 -14.44656681 -16.76999964
v 31.79398179 -14.77996167 -16.76999964
v 32.05861896 -14.80311528 -16.76999964
v 32.32325986 -14.77996167 -16.76999964
v 32.57985786 -14.71120678 -16.76999964
v 32.82061964 -14.59893771 -16.76999964
v 32.57985786 -11.84702385 -16.76999964
v 32.32325986 -11.77826803 -16.76999964
v 32.05861896 -11.75511535 -16.76999964
v 31.29661828 -14.59893771 -16.76999964
v 31.53738007 -14.71120678 -16.76999964
v 30.55777214 -13.01447488 -16.76999964
v 30.53461947 -13.27911485 -16.76999964
v 30.55777214 -13.54375482 -16.76999964
v 18.14360730 -19.55415867 -16.76999964
v 20.00041306 -17.65047014 -16.76999964
v 21.65844664 -15.57136234 -16.76999964
v 23.10122736 -13.33750039 -16.76999964
v 24.31441844 -10.97108331 -16.76999964
v 25.28596111 -8.49563163 -16.76999964
v 26.00620128 -5.93574578 -16.76999964
v 26.46798082 -3.31686833 -16.76999964
v -0.46775228 -27.01213956 -16.76999964
v -0.23748406 -27.07383968 -16.76999964
v -0.00000000 -27.09461562 -16.76999964
v -1.32963900 -26.64184012 -16.76999964
v -1.00355258 -26.65611543 -16.76999964
v -0.87908673 -26.77465416 -16.76999964
v -11.57384831 -24.03334528 -16.76999964
v -9.12338775 -25.06630123 -16.76999964
v -6.58225361 -25.85013583 -16.76999964
v -3.97570245 -26.37706138 -16.76999964
v -0.68380812 -26.91139095 -16.76999964
v -18.14360730 -19.55415867 -16.76999964
v -16.10648260 -21.26350999 -16.76999964
v -13.90928403 -22.76153490 -16.76999964
v -23.10122736 -13.33750039 -16.76999964
v -24.31441844 -10.97108331 -16.76999964
v -25.28596111 -8.49563163 -16.76999964
v -26.66670829 -0.66502619 -16.76999964
v -26.46798082 -3.31686833 -16.76999964
v -26.00620128 -5.93574578 -16.76999964
v -10.36149822 24.58037809 -16.76999964
v -12.75742520 23.42656069 -16.76999964
v -15.02656285 22.03992009 -16.76999964
v -17.14636013 20.43423615 -16.76999964
v -22.58309722 14.19715956 -16.76999964
v -22.40769193 14.47242126 -16.76999964
v -20.85535415 16.63159020 -16.76999964
v -19.09574866 18.62546802 -16.76999964
v -2.65597226 26.54244564 -16.76999964
v -5.28554851 26.14610083 -16.76999964
v -7.86259398 25.48990399 -16.76999964
v -2.34464719 23.43121916 -19.39366572
v -20.42430453 16.28784090 -16.81823470
v -18.70106719 18.24050583 -16.81823470
v -18.31837930 17.86724292 -16.96147583
v -24.31783639 9.54404753 -16.81823470
v -23.24671485 11.91789564 -16.81823470
v -22.77100645 11.67401392 -16.96147583
v 8.93482007 -24.54821765 -16.81823470
v 6.44620787 -25.31585284 -16.81823470
v 6.31429628 -24.79780279 -16.96147583
v 20.42430453 16.28784090 -16.81823470
v 21.94455825 14.17329814 -16.81823470
v 21.49549499 13.88326287 -16.96147583
v -2.60107731 25.99385194 -16.81823470
v -1.23252464 -26.05700865 -16.82508737
v -1.23376481 -26.09464899 -16.81821235
v -1.30215730 -26.09119378 -16.81823470
v -1.23010762 -26.17472224 -16.80518873
v -1.20937487 -26.29029565 -16.79012552
v -1.17061031 -26.40285157 -16.77956060
v -1.11605227 -26.50807053 -16.77324064
v -1.04717829 -26.60568617 -16.77037217
v -1.18537119 -25.83146840 -16.87674597
v -1.21697353 -25.94158612 -16.84923284
v -1.27551064 -25.55727772 -16.96147583
v -1.03644305 -25.56757256 -16.96166210
v -1.08463701 -25.63401870 -16.93764143
v -1.13951811 -25.72700009 -16.90705307
v -0.47237700 -25.16404353 -17.15018041
v -0.60298864 -25.22103302 -17.11877994
v -1.25050871 -25.05631372 -17.19536819
v -0.15071761 -25.08589998 -17.19603129
v -0.22918206 -25.09732731 -17.18912087
v -0.34819270 -25.12391284 -17.17331447
v -0.74021111 -25.29963851 -17.07817800
v -0.88169804 -25.40608868 -17.02796854
v -1.01998972 -25.54714866 -16.96942188
v 0.15071761 -25.08589998 -17.19603129
v 0.11370279 -25.08215979 -17.19831116
v -0.00000000 -24.63414893 -17.51280762
v -0.00000000 -25.07722937 -17.20132492
v -0.11370279 -25.08215979 -17.19831116
v 1.25050871 -25.05631372 -17.19536819
v 0.88169804 -25.40608868 -17.02796854
v 0.74021111 -25.29963851 -17.07817800
v 0.60298864 -25.22103302 -17.11877994
v 0.47237700 -25.16404353 -17.15018041
v 0.34819270 -25.12391284 -17.17331447
v 1.23376481 -26.09464899 -16.81821235
v 1.23252010 -26.05693229 -16.82510041
v 1.30215730 -26.09119378 -16.81823470
v 1.21697353 -25.94158612 -16.84923284
v 1.27551064 -25.55727772 -16.96147583
v 1.18523580 -25.83109587 -16.87684469
v 1.13951811 -25.72700009 -16.90705307
v 1.08423352 -25.63341334 -16.93785004
v 1.03644631 -25.56757443 -16.96166210
v 1.01998972 -25.54714866 -16.96942188
v 1.11560570 -26.50880255 -16.77321084
v 1.04717829 -26.60568617 -16.77037217
v 1.17061031 -26.40285157 -16.77956060
v 1.20921014 -26.29092522 -16.79005288
v 1.23010762 -26.17472224 -16.80518873
v 23.18237349 11.96114626 -16.82506688
v 23.21551181 11.97885256 -16.81821235
v 23.24671485 11.91789564 -16.81823470
v 23.28302898 12.02205662 -16.80518873
v 23.37288670 12.09793147 -16.79010130
v 23.45084585 12.18764763 -16.77956060
v 23.51480909 12.28772569 -16.77323319
v 23.56478944 12.39596028 -16.77037217
v 22.96368964 11.88922487 -16.87666774
v 23.07455800 11.91686280 -16.84923284
v 22.77100645 11.67401392 -16.96147583
v 22.66038954 11.88619900 -16.96166210
v 22.74165116 11.87771093 -16.93774946
v 22.84999378 11.87664829 -16.90705307
v 22.02888951 12.17293087 -17.15018041
v 22.14354835 12.08831277 -17.11877994
v 22.32465893 11.44518517 -17.19536819
v 21.80038393 12.41242420 -17.19603129
v 21.84951492 12.35018671 -17.18912087
v 21.93204314 12.26041280 -17.17331447
v 22.28023484 12.00877782 -17.07817800
v 22.44316600 11.93947159 -17.02796854
v 22.63447456 11.89023722 -16.96942188
v 21.66493610 12.63954956 -17.19831116
v 21.71751671 12.53861468 -17.20132492
v 21.92123421 11.23836171 -17.51280762
v 21.77863941 12.44261023 -17.19831116
v 21.61448449 13.65691144 -16.96942188
v 21.56146802 13.46661709 -17.02796854
v 21.07414976 13.61112949 -17.19536819
v 21.54002525 13.29086069 -17.07817800
v 21.54055983 13.13271932 -17.11877994
v 21.55651152 12.99111173 -17.15018041
v 21.58384956 12.86350004 -17.17331447
v 21.62033133 12.74714153 -17.18912087
v 21.64966799 12.67347485 -17.19603129
v 21.77813090 13.94242607 -16.87669940
v 21.85758576 14.02472239 -16.84923284
v 21.95037901 14.09630291 -16.82494767
v 21.71047591 13.85035180 -16.90705307
v 21.65718563 13.75591289 -16.93777740
v 21.62394486 13.68137449 -16.96166210
v 22.51761220 14.20972683 -16.77037217
v 22.39928208 14.22054879 -16.77321829
v 22.28023484 14.21520393 -16.77956060
v 22.16430753 14.19275254 -16.79001935
v 22.05292135 14.15266655 -16.80518873
v 21.98174596 14.11579549 -16.81821235
v -21.94986120 14.09596298 -16.82506315
v -21.98174596 14.11579642 -16.81821235
v -21.94455825 14.17329814 -16.81823470
v -22.05292135 14.15266655 -16.80518873
v -22.16426842 14.19274136 -16.79002307
v -22.28023484 14.21520393 -16.77956060
v -22.39935473 14.22054693 -16.77321456
v -22.51761220 14.20972683 -16.77037217
v -21.77767828 13.94188497 -16.87687822
v -21.85758576 14.02472239 -16.84923284
v -21.49549499 13.88326287 -16.96147583
v -21.62394486 13.68137356 -16.96166210
v -21.65722474 13.75599299 -16.93774946
v -21.71047591 13.85035180 -16.90705307
v -21.55651152 12.99111173 -17.15018041
v -21.54055983 13.13271932 -17.11877994
v -21.07414976 13.61112949 -17.19536819
v -21.64966799 12.67347485 -17.19603129
v -21.62033133 12.74714153 -17.18912087
v -21.58384956 12.86350004 -17.17331447
v -21.54002525 13.29086069 -17.07817800
v -21.56146802 13.46661709 -17.02796854
v -21.61448449 13.65691144 -16.96942188
v -21.71751671 12.53861468 -17.20132492
v -21.66493610 12.63954956 -17.19831116
v -20.69332451 13.36516533 -17.51280762
v -22.63447456 11.89023722 -16.96942188
v -22.44316600 11.93947159 -17.02796854
v -22.32465893 11.44518517 -17.19536819
v -22.28023484 12.00877782 -17.07817800
v -22.14354835 12.08831277 -17.11877994
v -22.02888951 12.17293087 -17.15018041
v -21.93204314 12.26041280 -17.17331447
v -21.84951492 12.35018671 -17.18912087
v -21.80038393 12.41242420 -17.19603129
v -22.96299860 11.88910287 -16.87684469
v -23.07455800 11.91686280 -16.84923284
v -23.18216302 11.96104102 -16.82511158
v -22.84999378 11.87664829 -16.90705307
v -22.74139784 11.87772676 -16.93782397
v -22.66039141 11.88619807 -16.96166210
v -23.56478944 12.39596028 -16.77037217
v -23.51504564 12.28816155 -16.77321456
v -23.45084585 12.18764763 -16.77956060
v -23.37302826 12.09807210 -16.79008268
v -23.28302898 12.02205662 -16.80518873
v -23.21551181 11.97885256 -16.81821235
v 2.54785013 25.46192892 -16.96147583
v 0.00000000 25.58908612 -16.96147583
v 0.00000000 26.12366714 -16.81823470
v 18.70106719 18.24050583 -16.81823470
v 20.00635304 15.95453359 -16.96147583
v 3.73909785 -24.80729297 -17.19536819
v 3.81385535 -25.30327626 -16.96147583
v 3.89353046 -25.83188750 -16.81823470
v -25.14727600 7.07534607 -16.81823470
v -23.82020839 9.34874266 -16.96147583
v -16.12593420 19.21813935 -17.19536819
v -16.44834690 19.60237697 -16.96147583
v -16.79196954 20.01189068 -16.81823470
v 16.79196954 20.01189068 -16.81823470
v 18.31837930 17.86724292 -16.96147583
v 19.61419731 15.64180106 -17.19536819
v 20.69332451 13.36516533 -17.51280762
v 1.22791098 -24.60352704 -17.51280762
v -25.72678961 4.53632697 -16.81823470
v -24.63267557 6.93056034 -16.96147583
v -23.35329540 9.16549284 -17.19536819
v -21.92123421 11.23836171 -17.51280762
v -21.77863941 12.44261023 -17.19831116
v -13.87691032 20.35368979 -17.51280762
v -14.13229201 20.72826587 -17.19536819
v -14.41484503 21.14269510 -16.96147583
v -14.71598540 21.58438601 -16.81823470
v -11.59422006 21.29055746 -17.90414937
v -11.78137958 21.63424157 -17.51280762
v -11.99819706 22.03238383 -17.19536819
v -12.23808248 22.47288823 -16.96147583
v -12.49374729 22.94236794 -16.81823470
v 2.41380418 24.12234060 -17.90414937
v 0.00000000 24.24280904 -17.90414937
v 0.00000000 24.63414893 -17.51280762
v -9.29344632 22.04665914 -18.35749857
v -9.41675063 22.33917080 -17.90414937
v -9.56876110 22.69978262 -17.51280762
v -9.74485837 23.11753482 -17.19536819
v -9.93969105 23.57973345 -16.96147583
v -10.14734153 24.07233790 -16.81823470
v -6.98318519 22.63893001 -18.85908656
v -7.05212634 22.86243252 -18.35749857
v -7.14569353 23.16576801 -17.90414937
v -7.26104295 23.53972383 -17.51280762
v -7.39467051 23.97293225 -17.19536819
v -7.54251564 24.45223555 -16.96147583
v -7.70008611 24.96306598 -16.81823470
v 17.76860654 -19.15000379 -16.81823470
v 15.77358507 -20.82402445 -16.81823470
v 15.45080263 -20.39789222 -16.96147583
v 13.34305014 -21.83493413 -16.96147583
v 13.08150589 -21.40693553 -17.19536819
v 10.88505797 -22.60305732 -17.19536819
v 10.68835706 -22.19460160 -17.51280762
v 8.42537545 -23.14852923 -17.51280762
v 8.29152856 -22.78078906 -17.90414937
v 5.98209258 -23.49315584 -17.90414937
v 5.90376183 -23.18553254 -18.35749857
v 3.56589118 -23.65814336 -18.35749857
v 3.53103131 -23.42686243 -18.85908656
v 1.18092261 -23.66202511 -18.85908656
v 1.17378263 -23.51896279 -19.39366572
v -0.00000000 -23.54823612 -19.39366572
v -4.66599222 23.08133245 -19.39366572
v -4.69437474 23.22173305 -18.85908656
v -4.74071968 23.45098928 -18.35749857
v -4.80361888 23.76213484 -17.90414937
v -4.88116173 24.14571494 -17.51280762
v -4.97099152 24.59007688 -17.19536819
v -5.07037807 25.08171834 -16.96147583
v -5.17630391 25.60569905 -16.81823470
v 4.66599222 23.08133245 -19.39366572
v 2.34464719 23.43121916 -19.39366572
v 2.35890923 23.57374690 -18.85908656
v 11.26203686 20.68056911 -19.39366572
v 9.14695393 21.69913799 -19.39366572
v 9.20259394 21.83113061 -18.85908656
v 6.98318519 22.63893001 -18.85908656
v 7.05212634 22.86243252 -18.35749857
v 4.74071968 23.45098928 -18.35749857
v 4.80361888 23.76213484 -17.90414937
v 2.45276932 24.51173589 -17.51280762
v 0.00000000 25.08749999 -17.19536819
v 2.60107731 25.99385194 -16.81823470
v 5.07037807 25.08171834 -16.96147583
v 4.97099152 24.59007688 -17.19536819
v 7.39467051 23.97293225 -17.19536819
v 7.26104295 23.53972383 -17.51280762
v 9.56876110 22.69978262 -17.51280762
v 9.41675063 22.33917080 -17.90414937
v 11.59422006 21.29055746 -17.90414937
v 11.44240238 21.01177536 -18.35749857
v 13.47764023 19.76806857 -18.35749857
v 13.34588323 19.57481541 -18.85908656
v 15.22858720 18.14872399 -18.85908656
v 15.13651386 18.03899556 -19.39366572
v 16.85740054 16.44224487 -19.39366572
v 7.70008611 24.96306598 -16.81823470
v 10.14734153 24.07233790 -16.81823470
v 9.93969105 23.57973345 -16.96147583
v 12.23808248 22.47288823 -16.96147583
v 11.99819706 22.03238383 -17.19536819
v 14.13229201 20.72826587 -17.19536819
v 13.87691032 20.35368979 -17.51280762
v 15.83452523 18.87085289 -17.51280762
v 15.58297686 18.57106946 -17.90414937
v 17.35462248 16.92722179 -17.90414937
v 17.12737791 16.70557447 -18.35749857
v 18.70560646 14.91722371 -18.35749857
v 18.52274127 14.77139350 -18.85908656
v 19.90145445 12.85372116 -18.85908656
v 19.78112757 12.77600694 -19.39366572
v 20.95491067 10.74295584 -19.39366572
v 14.71598540 21.58438601 -16.81823470
v 16.44834690 19.60237697 -16.96147583
v 17.95930974 17.51701534 -17.19536819
v 19.25975271 15.35914093 -17.51280762
v 20.36458813 13.15284520 -17.90414937
v 21.57299221 11.05982810 -17.90414937
v 21.29051089 10.91500837 -18.35749857
v 22.27149904 8.74091871 -18.35749857
v 22.05377258 8.65546800 -18.85908656
v 22.80598879 6.41661044 -18.85908656
v 22.66810276 6.37781527 -19.39366572
v 23.19048531 4.08910820 -19.39366572
v 23.36548269 -2.92807491 -19.39366572
v 23.54091592 -0.58707380 -19.39366572
v 23.68411236 -0.59064489 -18.85908656
v 23.62523042 1.77046622 -18.85908656
v 23.85846898 1.78794505 -18.35749857
v 23.56188931 4.15459694 -18.35749857
v 23.87450635 4.20971960 -17.90414937
v 23.33671600 6.56593358 -17.90414937
v 23.71342853 6.67192461 -17.51280762
v 22.93128334 8.99986550 -17.51280762
v 23.35329540 9.16549284 -17.19536819
v 24.31783639 9.54404753 -16.81823470
v 25.14727600 7.07534607 -16.81823470
v 24.63267557 6.93055941 -16.96147583
v 25.20032972 4.44349833 -16.96147583
v 24.70636368 4.35639871 -17.19536819
v 25.01735091 1.87479123 -17.19536819
v 24.56526645 1.84091227 -17.51280762
v 24.62649345 -0.61414641 -17.51280762
v 24.23527464 -0.60438999 -17.90414937
v 24.05466512 -3.01444065 -17.90414937
v 23.73968996 -2.97496910 -18.35749857
v 23.32551032 -5.32389572 -18.35749857
v 23.09748158 -5.27184922 -18.85908656
v 22.45779708 -7.54541904 -18.85908656
v 22.32201584 -7.49979867 -19.39366572
v 21.46435529 -9.68508516 -19.39366572
v 26.05061978 1.95222406 -16.81823470
v 26.11554787 -0.65128109 -16.81823470
v 25.58113262 -0.63795364 -16.96147583
v 25.39049461 -3.18184169 -16.96147583
v 24.89280142 -3.11947265 -17.19536819
v 24.45850335 -5.58249373 -17.19536819
v 24.01652001 -5.48161380 -17.51280762
v 23.35138433 -7.84564763 -17.51280762
v 22.98042178 -7.72101106 -17.90414937
v 22.09746279 -9.97075438 -17.90414937
v 21.80811390 -9.84019600 -18.35749857
v 20.71997710 -11.96268480 -18.35749857
v 20.51742002 -11.84573770 -18.85908656
v 19.23600957 -13.82974908 -18.85908656
v 19.11970787 -13.74613307 -19.39366572
v 17.65602455 -15.58153424 -19.39366572
v 25.46869218 -5.81306266 -16.81823470
v 24.76333827 -8.32003914 -16.81823470
v 24.25659448 -8.14978220 -16.96147583
v 23.32460135 -10.52446105 -16.96147583
v 22.86740392 -10.31816565 -17.19536819
v 21.72641270 -12.54375000 -17.19536819
v 21.33379877 -12.31707446 -17.51280762
v 20.00140212 -14.38002847 -17.51280762
v 19.68365721 -14.15158622 -17.90414937
v 18.17680150 -16.04112238 -17.90414937
v 17.93879271 -15.83107747 -18.35749857
v 16.27338305 -17.53853634 -18.35749857
v 16.11429639 -17.36707985 -18.85908656
v 14.30501789 -18.88524555 -18.85908656
v 14.21852876 -18.77106354 -19.39366572
v 12.27887906 -20.09349503 -19.39366572
v 22.62375876 -13.06183357 -16.81823470
v 21.21079899 -15.24952520 -16.81823470
v 20.77675238 -14.93746694 -16.96147583
v 19.18621548 -16.93193614 -16.96147583
v 18.81013624 -16.60004258 -17.19536819
v 17.06383377 -18.39043945 -17.19536819
v 16.75547659 -18.05811003 -17.51280762
v 14.87420779 -19.63668130 -17.51280762
v 14.63791449 -19.32473108 -17.90414937
v 12.64105365 -20.68616822 -17.90414937
v 12.47552969 -20.41529864 -18.35749857
v 10.38082875 -21.55601233 -18.35749857
v 10.27934626 -21.34528197 -18.85908656
v 8.10296182 -22.26270549 -18.85908656
v 8.05397052 -22.12810330 -19.39366572
v 5.81070129 -22.82005921 -19.39366572
v 13.62179965 -22.29108661 -16.81823470
v 11.10268850 -23.05497043 -16.96147583
v 8.58043041 -23.57453853 -17.19536819
v 6.07865863 -23.87239411 -17.51280762
v 3.61320307 -23.97203632 -17.90414937
v 1.19258126 -23.89562875 -18.35749857
v -0.00000000 -23.69147539 -18.85908656
v -1.17378263 -23.51896279 -19.39366572
v 0.22918206 -25.09732731 -17.18912087
v -0.00000000 -24.24280904 -17.90414937
v -1.20840431 -24.21267331 -17.90414937
v -1.19258126 -23.89562875 -18.35749857
v -3.56589118 -23.65814336 -18.35749857
v -3.53103131 -23.42686243 -18.85908656
v -5.84604684 -22.95887098 -18.85908656
v -5.81070129 -22.82005921 -19.39366572
v -8.05397052 -22.12810330 -19.39366572
v -14.21852876 -18.77106354 -19.39366572
v -12.27887906 -20.09349503 -19.39366572
v -12.35356927 -20.21571994 -18.85908656
v -10.27934626 -21.34528197 -18.85908656
v -10.38082875 -21.55601233 -18.35749857
v -8.18295870 -22.48249389 -18.35749857
v -8.29152856 -22.78078906 -17.90414937
v -5.98209258 -23.49315584 -17.90414937
v -6.07865863 -23.87239411 -17.51280762
v -3.67152947 -24.35900643 -17.51280762
v -3.73909785 -24.80729297 -17.19536819
v -3.89353046 -25.83188750 -16.81823470
v -6.44620787 -25.31585284 -16.81823470
v -6.31429628 -24.79780279 -16.96147583
v -8.75198282 -24.04587530 -16.96147583
v -8.58043041 -23.57453853 -17.19536819
v -10.88505797 -22.60305732 -17.19536819
v -10.68835706 -22.19460160 -17.51280762
v -12.84511294 -21.02009580 -17.51280762
v -12.64105365 -20.68616822 -17.90414937
v -14.63791449 -19.32473108 -17.90414937
v -14.44624364 -19.07168888 -18.35749857
v -16.27338305 -17.53853634 -18.35749857
v -16.11429639 -17.36707985 -18.85908656
v -17.76342280 -15.67631401 -18.85908656
v -17.65602455 -15.58153424 -19.39366572
v -19.11970787 -13.74613307 -19.39366572
v -11.33463439 -23.53661135 -16.81823470
v -13.62179965 -22.29108661 -16.81823470
v -13.34305014 -21.83493413 -16.96147583
v -15.45080263 -20.39789222 -16.96147583
v -15.14794305 -19.99806240 -17.19536819
v -17.06383377 -18.39043945 -17.19536819
v -16.75547659 -18.05811003 -17.51280762
v -18.47022213 -16.30006731 -17.51280762
v -18.17680150 -16.04112238 -17.90414937
v -19.68365721 -14.15158622 -17.90414937
v -19.42591742 -13.96628283 -18.35749857
v -20.71997710 -11.96268480 -18.35749857
v -20.51742002 -11.84573770 -18.85908656
v -21.59491926 -9.74399876 -18.85908656
v -21.46435529 -9.68508516 -19.39366572
v -22.32201584 -7.49979867 -19.39366572
v -17.76860654 -19.15000379 -16.81823470
v -19.58703436 -17.28565991 -16.81823470
v -19.18621548 -16.93193614 -16.96147583
v -20.77675238 -14.93746694 -16.96147583
v -20.36949433 -14.64466937 -17.19536819
v -21.72641270 -12.54375000 -17.19536819
v -21.33379877 -12.31707446 -17.51280762
v -22.45417051 -10.13170835 -17.51280762
v -22.09746279 -9.97075438 -17.90414937
v -22.98042178 -7.72101106 -17.90414937
v -22.67951146 -7.61991087 -18.35749857
v -23.32551032 -5.32389572 -18.35749857
v -23.09748158 -5.27184922 -18.85908656
v -23.50761183 -2.94588599 -18.85908656
v -23.36548269 -2.92807491 -19.39366572
v -23.54091592 -0.58707380 -19.39366572
v -22.62375876 -13.06183357 -16.81823470
v -23.81187491 -10.74432768 -16.81823470
v -23.32460135 -10.52446105 -16.96147583
v -24.25659448 -8.14978220 -16.96147583
v -23.78112823 -7.99003430 -17.19536819
v -24.45850335 -5.58249373 -17.19536819
v -24.01652001 -5.48161380 -17.51280762
v -24.44296889 -3.06310132 -17.51280762
v -24.05466512 -3.01444065 -17.90414937
v -24.23527464 -0.60438999 -17.90414937
v -23.91793206 -0.59647602 -18.35749857
v -23.85846898 1.78794505 -18.35749857
v -23.62523042 1.77046622 -18.85908656
v -23.33154902 4.11398150 -18.85908656
v -23.19048531 4.08910820 -19.39366572
v -22.66810276 6.37781527 -19.39366572
v -25.46869218 -5.81306266 -16.81823470
v -25.92092752 -3.24831344 -16.81823470
v -25.39049461 -3.18184169 -16.96147583
v -25.58113262 -0.63795364 -16.96147583
v -25.07970296 -0.62544871 -17.19536819
v -25.01735091 1.87479123 -17.19536819
v -24.56526645 1.84091227 -17.51280762
v -24.25990067 4.27767495 -17.51280762
v -23.87450635 4.20971960 -17.90414937
v -23.33671600 6.56593358 -17.90414937
v -23.03113975 6.47995807 -18.35749857
v -22.27149904 8.74091871 -18.35749857
v -22.05377258 8.65546800 -18.85908656
v -21.08237706 10.80830395 -18.85908656
v -20.95491067 10.74295584 -19.39366572
v -19.78112757 12.77600694 -19.39366572
v -26.05061978 1.95222406 -16.81823470
v -25.20032972 4.44349833 -16.96147583
v -24.14983511 6.79471018 -17.19536819
v -22.93128334 8.99986550 -17.51280762
v -21.57299221 11.05982810 -17.90414937
v -20.36458813 13.15284520 -17.90414937
v -20.09792998 12.98061945 -18.35749857
v -18.70560646 14.91722371 -18.35749857
v -18.52274127 14.77139350 -18.85908656
v -16.95994288 16.54226147 -18.85908656
v -16.85740054 16.44224487 -19.39366572
v -15.13651386 18.03899556 -19.39366572
v -9.14695393 21.69913799 -19.39366572
v -11.26203686 20.68056911 -19.39366572
v -11.33054309 20.80636472 -18.85908656
v -13.34588323 19.57481541 -18.85908656
v -13.47764023 19.76806857 -18.35749857
v -15.37893061 18.32789555 -18.35749857
v -15.58297686 18.57106946 -17.90414937
v -17.35462248 16.92722179 -17.90414937
v -17.63477176 17.20046997 -17.51280762
v -19.25975271 15.35914093 -17.51280762
v -19.61419731 15.64180106 -17.19536819
v 0.00000000 23.92536961 -18.35749857
v 0.00000000 23.69147539 -18.85908656
v 0.00000000 23.54823612 -19.39366572
v 6.94096414 22.50205353 -19.39366572
v 4.69437474 23.22173305 -18.85908656
v 2.38219742 23.80647883 -18.35749857
v 13.26519344 19.45646480 -19.39366572
v 11.33054309 20.80636472 -18.85908656
v 9.29344632 22.04665914 -18.35749857
v 7.14569353 23.16576801 -17.90414937
v 4.88116173 24.14571494 -17.51280762
v 2.49790843 24.96283501 -17.19536819
v 18.41075160 14.68208432 -19.39366572
v 16.95994288 16.54226147 -18.85908656
v 15.37893061 18.32789555 -18.35749857
v 13.65646068 20.03034949 -17.90414937
v 11.78137958 21.63424157 -17.51280762
v 9.74485837 23.11753482 -17.19536819
v 7.54251564 24.45223555 -16.96147583
v 5.17630391 25.60569905 -16.81823470
v 21.92043327 8.60313606 -19.39366572
v 21.08237706 10.80830395 -18.85908656
v 20.09792998 12.98061945 -18.35749857
v 18.95379089 15.11514373 -17.90414937
v 17.63477176 17.20046997 -17.51280762
v 16.12593420 19.21813935 -17.19536819
v 14.41484503 21.14269510 -16.96147583
v 12.49374729 22.94236794 -16.81823470
v 23.48238975 1.75976183 -19.39366572
v 23.33154902 4.11398150 -18.85908656
v 23.03113975 6.47995807 -18.35749857
v 22.56699279 8.85689259 -17.90414937
v 22.95783162 -5.23997517 -19.39366572
v 23.50761183 -2.94588599 -18.85908656
v 23.91793206 -0.59647602 -18.35749857
v 24.17502180 1.81166735 -17.90414937
v 24.25990067 4.27767495 -17.51280762
v 24.14983511 6.79471018 -17.19536819
v 23.82020839 9.34874266 -16.96147583
v 20.39336972 -11.77411806 -19.39366572
v 21.59491926 -9.74399876 -18.85908656
v 22.67951146 -7.61991087 -18.35749857
v 23.63499068 -5.39453235 -17.90414937
v 24.44296889 -3.06310132 -17.51280762
v 25.07970296 -0.62544871 -17.19536819
v 25.51753446 1.91227475 -16.96147583
v 25.72678961 4.53632697 -16.81823470
v 16.01686701 -17.26207882 -19.39366572
v 17.76342280 -15.67631401 -18.85908656
v 19.42591742 -13.96628283 -18.35749857
v 20.99488862 -12.12140452 -17.90414937
v 22.45417051 -10.13170835 -17.51280762
v 23.78112823 -7.99003430 -17.19536819
v 24.94751476 -5.69410715 -16.96147583
v 25.92092752 -3.24831344 -16.81823470
v 10.21719631 -21.21622674 -19.39366572
v 12.35356927 -20.21571994 -18.85908656
v 14.44624364 -19.07168888 -18.35749857
v 16.48929715 -17.77123660 -17.90414937
v 18.47022213 -16.30006731 -17.51280762
v 20.36949433 -14.64466937 -17.19536819
v 22.16079831 -12.79454306 -16.96147583
v 23.81187491 -10.74432768 -16.81823470
v 3.50968237 -23.28522131 -19.39366572
v 5.84604684 -22.95887098 -18.85908656
v 8.18295870 -22.48249389 -18.35749857
v 10.51856019 -21.84201591 -17.90414937
v 12.84511294 -21.02009580 -17.51280762
v 15.14794305 -19.99806240 -17.19536819
v 17.40499958 -18.75812747 -16.96147583
v 19.58703436 -17.28565991 -16.81823470
v -3.50968237 -23.28522131 -19.39366572
v -1.18092261 -23.66202511 -18.85908656
v -0.00000000 -23.92536961 -18.35749857
v 1.20840431 -24.21267331 -17.90414937
v 3.67152947 -24.35900643 -17.51280762
v 6.19052630 -24.31172691 -17.19536819
v 8.75198282 -24.04587530 -16.96147583
v 11.33463439 -23.53661135 -16.81823470
v -10.21719631 -21.21622674 -19.39366572
v -8.10296182 -22.26270549 -18.85908656
v -5.90376183 -23.18553254 -18.35749857
v -3.61320307 -23.97203632 -17.90414937
v -1.22791098 -24.60352704 -17.51280762
v -16.01686701 -17.26207882 -19.39366572
v -14.30501789 -18.88524555 -18.85908656
v -12.47552969 -20.41529864 -18.35749857
v -10.51856019 -21.84201591 -17.90414937
v -8.42537545 -23.14852923 -17.51280762
v -6.19052630 -24.31172691 -17.19536819
v -3.81385535 -25.30327626 -16.96147583
v -20.39336972 -11.77411806 -19.39366572
v -19.23600957 -13.82974908 -18.85908656
v -17.93879271 -15.83107747 -18.35749857
v -16.48929715 -17.77123660 -17.90414937
v -14.87420779 -19.63668130 -17.51280762
v -13.08150589 -21.40693553 -17.19536819
v -11.10268850 -23.05497043 -16.96147583
v -8.93482007 -24.54821765 -16.81823470
v -22.95783162 -5.23997517 -19.39366572
v -22.45779708 -7.54541904 -18.85908656
v -21.80811390 -9.84019600 -18.35749857
v -20.99488862 -12.12140452 -17.90414937
v -20.00140212 -14.38002847 -17.51280762
v -18.81013624 -16.60004258 -17.19536819
v -17.40499958 -18.75812747 -16.96147583
v -15.77358507 -20.82402445 -16.81823470
v -23.48238975 1.75976183 -19.39366572
v -23.68411236 -0.59064489 -18.85908656
v -23.73968996 -2.97496910 -18.35749857
v -23.63499068 -5.39453235 -17.90414937
v -23.35138433 -7.84564763 -17.51280762
v -22.86740392 -10.31816565 -17.19536819
v -22.16079831 -12.79454306 -16.96147583
v -21.21079899 -15.24952520 -16.81823470
v -21.92043327 8.60313606 -19.39366572
v -22.80598879 6.41661044 -18.85908656
v -23.56188931 4.15459694 -18.35749857
v -24.17502180 1.81166735 -17.90414937
v -24.62649345 -0.61414641 -17.51280762
v -24.89280142 -3.11947265 -17.19536819
v -24.94751476 -5.69410715 -16.96147583
v -24.76333827 -8.32003914 -16.81823470
v -18.41075160 14.68208432 -19.39366572
v -19.90145445 12.85372116 -18.85908656
v -21.29051089 10.91500837 -18.35749857
v -22.56699279 8.85689259 -17.90414937
v -23.71342853 6.67192461 -17.51280762
v -24.70636368 4.35639871 -17.19536819
v -25.51753446 1.91227475 -16.96147583
v -26.11554787 -0.65128109 -16.81823470
v -13.26519344 19.45646480 -19.39366572
v -15.22858720 18.14872399 -18.85908656
v -17.12737791 16.70557447 -18.35749857
v -18.95379089 15.11514373 -17.90414937
v -6.94096414 22.50205353 -19.39366572
v -9.20259394 21.83113061 -18.85908656
v -11.44240238 21.01177536 -18.35749857
v -13.65646068 20.03034949 -17.90414937
v -15.83452523 18.87085289 -17.51280762
v -17.95930974 17.51701534 -17.19536819
v -20.00635304 15.95453359 -16.96147583
v -2.54785013 25.46192892 -16.96147583
v -2.49790843 24.96283501 -17.19536819
v -2.45276932 24.51173589 -17.51280762
v -2.41380418 24.12234060 -17.90414937
v -2.38219742 23.80647883 -18.35749857
v -2.35890923 23.57374690 -18.85908656
v 32.82061964 -11.95929199 -6.76999846
v 20.85010707 11.66347973 -6.76999846
v 20.66345327 11.93005033 -6.76999846
v 20.41333541 12.86350004 -6.76999846
v -24.11877364 12.53931597 -6.76999846
v -24.03454855 12.22498249 -6.76999846
v -23.89701828 11.93005033 -6.76999846
v -30.89116886 12.29950693 -6.76999846
v -31.07901104 12.11166382 -6.76999846
v -32.05861896 11.75511535 -6.76999846
v -32.32325986 11.77826803 -6.76999846
v -30.62652797 -13.80035374 -6.76999846
v -30.73879704 -14.04111553 -6.76999846
v -1.86690001 -25.72700009 -6.76999846
v -30.89116886 -14.25872371 -6.76999846
v -31.07901104 -14.44656681 -6.76999846
v -31.29661828 -14.59893771 -6.76999846
v -31.53738007 -14.71120678 -6.76999846
v 20.52592300 12.22498249 -6.76999846
v 20.44169791 12.53931597 -6.76999846
v -14.59893771 -31.29661828 -6.76999846
v -14.44656681 -31.07901104 -6.76999846
v -13.80035374 -30.62652797 -6.76999846
v -13.54375482 -30.55777214 -6.76999846
v -13.27911485 -30.53461947 -6.76999846
v -13.01447488 -30.55777214 -6.76999846
v -12.75787596 -30.62652797 -6.76999846
v -32.57985786 11.84702385 -6.76999846
v -32.82061964 11.95929199 -6.76999846
v -21.34678513 11.24671753 -6.76999846
v -14.25872371 -30.89116886 -6.76999846
v -14.04111553 -30.73879704 -6.76999846
v -12.51711510 -30.73879704 -6.76999846
v -12.29950693 -30.89116886 -6.76999846
v -12.11166382 -31.07901104 -6.76999846
v -31.29661828 11.95929199 -6.76999846
v -31.53738007 11.84702385 -6.76999846
v -31.79398179 11.77826803 -6.76999846
v -30.53461947 -13.27911485 -6.76999846
v 23.48025516 11.43337134 -6.76999846
v 23.21368642 11.24671753 -6.76999846
v 22.91875333 11.10918820 -6.76999846
v -23.71036448 11.66347973 -6.76999846
v -23.48025516 11.43337134 -6.76999846
v -23.21368642 11.24671753 -6.76999846
v -14.71120678 -31.53738007 -6.76999846
v -1.20002020 -27.15712786 -6.76999846
v -11.84702385 -31.53738007 -6.76999846
v -0.93345001 -27.34378353 -6.76999846
v -0.63851738 -27.48131193 -6.76999846
v -0.32418378 -27.56553702 -6.76999846
v -11.77826803 -31.79398179 -6.76999846
v 13.27911485 -30.53461947 -6.76999846
v 22.60441892 11.02496218 -6.76999846
v 22.28023484 10.99660061 -6.76999846
v 21.95605263 11.02496218 -6.76999846
v 21.64171822 11.10918820 -6.76999846
v 21.34678513 11.24671753 -6.76999846
v 21.08021453 11.43337134 -6.76999846
v 23.21368642 14.48028255 -6.76999846
v 30.53461947 13.27911485 -6.76999846
v 22.91875333 14.61781189 -6.76999846
v 22.60441892 14.70203791 -6.76999846
v 31.07901104 -12.11166382 -6.76999846
v 31.29661828 -11.95929199 -6.76999846
v 31.53738007 -11.84702385 -6.76999846
v 31.79398179 -11.77826803 -6.76999846
v -20.85010707 11.66347973 -6.76999846
v -21.08021453 11.43337134 -6.76999846
v -21.64171822 11.10918820 -6.76999846
v -21.95605263 11.02496218 -6.76999846
v -11.75511535 -32.05861896 -6.76999846
v -11.77826803 -32.32325986 -6.76999846
v -11.84702385 -32.57985786 -6.76999846
v -11.95929199 -32.82061964 -6.76999846
v -32.32325986 -11.77826803 -6.76999846
v -32.57985786 -11.84702385 -6.76999846
v -32.82061964 -11.95929199 -6.76999846
v -31.29661828 -11.95929199 -6.76999846
v -31.07901104 -12.11166382 -6.76999846
v -30.89116886 -12.29950693 -6.76999846
v -30.73879704 -12.51711510 -6.76999846
v 0.93345001 -27.34378353 -6.76999846
v 0.63851738 -27.48131193 -6.76999846
v 0.32418378 -27.56553702 -6.76999846
v -0.00000000 -27.59389952 -6.76999846
v 12.51711510 -30.73879704 -6.76999846
v 12.75787596 -30.62652797 -6.76999846
v 13.01447488 -30.55777214 -6.76999846
v 32.82061964 11.95929199 -6.76999846
v 14.44656681 31.07901104 -6.76999846
v 14.59893771 31.29661828 -6.76999846
v 14.71120678 31.53738007 -6.76999846
v 13.27911485 30.53461947 -6.76999846
v 20.44169791 13.18768412 -6.76999846
v 14.44656681 -31.07901104 -6.76999846
v 14.59893771 -31.29661828 -6.76999846
v 14.71120678 -31.53738007 -6.76999846
v -22.28023484 10.99660061 -6.76999846
v -22.60441892 11.02496218 -6.76999846
v -22.91875333 11.10918820 -6.76999846
v -32.05861896 -11.75511535 -6.76999846
v -31.79398179 -11.77826803 -6.76999846
v -31.53738007 -11.84702385 -6.76999846
v 23.71036448 11.66347973 -6.76999846
v 23.89701828 11.93005033 -6.76999846
v 32.57985786 11.84702385 -6.76999846
v 32.32325986 11.77826803 -6.76999846
v 32.05861896 11.75511535 -6.76999846
v 14.04111553 -30.73879704 -6.76999846
v 31.07901104 14.44656681 -6.76999846
v 31.29661828 14.59893771 -6.76999846
v 31.53738007 -14.71120678 -6.76999846
v 31.29661828 -14.59893771 -6.76999846
v 31.07901104 -14.44656681 -6.76999846
v 14.25872371 -30.89116886 -6.76999846
v 30.89116886 -14.25872371 -6.76999846
v 30.73879704 -14.04111553 -6.76999846
v 30.62652797 -13.80035374 -6.76999846
v 30.55777214 -13.01447488 -6.76999846
v 30.62652797 -12.75787596 -6.76999846
v 30.73879704 -12.51711510 -6.76999846
v 30.89116886 -12.29950693 -6.76999846
v -1.43012835 -26.92702040 -6.76999846
v -1.61678286 -26.66044980 -6.76999846
v -11.95929199 -31.29661828 -6.76999846
v -1.75431219 -26.36551671 -6.76999846
v -1.83853763 -26.05118416 -6.76999846
v -30.62652797 -12.75787596 -6.76999846
v -30.55777214 -13.01447488 -6.76999846
v 24.03454855 12.22498249 -6.76999846
v 24.11877364 12.53931597 -6.76999846
v 23.48025516 14.29362874 -6.76999846
v 23.71036448 14.06352036 -6.76999846
v 23.89701828 13.79694976 -6.76999846
v 20.52592300 13.50201759 -6.76999846
v 20.66345327 13.79694976 -6.76999846
v 20.85010707 14.06352036 -6.76999846
v 30.55777214 -13.54375482 -6.76999846
v 30.53461947 -13.27911485 -6.76999846
v 32.32325986 -11.77826803 -6.76999846
v 32.57985786 -11.84702385 -6.76999846
v 32.05861896 -11.75511535 -6.76999846
v 0.93345001 -24.11021665 -6.76999846
v 1.20002020 -24.29687232 -6.76999846
v 11.95929199 -31.29661828 -6.76999846
v 1.43012835 -24.52697977 -6.76999846
v 1.61678286 -24.79355037 -6.76999846
v -0.93345001 -24.11021665 -6.76999846
v -0.63851738 -23.97268824 -6.76999846
v -0.32418378 -23.88846315 -6.76999846
v -0.00000000 -23.86010066 -6.76999846
v 0.32418378 -23.88846315 -6.76999846
v 0.63851738 -23.97268824 -6.76999846
v 24.03454855 13.50201759 -6.76999846
v 24.11877364 13.18768412 -6.76999846
v 30.55777214 13.01447488 -6.76999846
v 24.14713614 12.86350004 -6.76999846
v 30.62652797 12.75787596 -6.76999846
v 31.53738007 14.71120678 -6.76999846
v 14.04111553 30.73879704 -6.76999846
v 22.28023484 14.73040041 -6.76999846
v 21.95605263 14.70203791 -6.76999846
v 11.95929199 32.82061964 -6.76999846
v -13.01447488 30.55777214 -6.76999846
v -13.27911485 30.53461947 -6.76999846
v 11.75511535 -32.05861896 -6.76999846
v 1.61678286 -26.66044980 -6.76999846
v 11.77826803 -32.32325986 -6.76999846
v 1.43012835 -26.92702040 -6.76999846
v 1.20002020 -27.15712786 -6.76999846
v 11.95929199 -32.82061964 -6.76999846
v 11.84702385 -32.57985786 -6.76999846
v 12.29950693 -30.89116886 -6.76999846
v 12.11166382 -31.07901104 -6.76999846
v 13.01447488 30.55777214 -6.76999846
v 12.75787596 30.62652797 -6.76999846
v 12.51711510 30.73879704 -6.76999846
v 12.29950693 30.89116886 -6.76999846
v 12.11166382 31.07901104 -6.76999846
v 11.95929199 31.29661828 -6.76999846
v 11.84702385 31.53738007 -6.76999846
v -12.11166382 31.07901104 -6.76999846
v 11.77826803 31.79398179 -6.76999846
v -11.95929199 31.29661828 -6.76999846
v -11.84702385 31.53738007 -6.76999846
v -12.29950693 30.89116886 -6.76999846
v -12.51711510 30.73879704 -6.76999846
v -20.52592300 13.50201759 -6.76999846
v -20.44169791 13.18768412 -6.76999846
v -30.53461947 13.27911485 -6.76999846
v -30.55777214 13.01447488 -6.76999846
v -24.14713614 12.86350004 -6.76999846
v -30.62652797 12.75787596 -6.76999846
v -30.73879704 12.51711510 -6.76999846
v 30.55777214 13.54375482 -6.76999846
v 30.62652797 13.80035374 -6.76999846
v 30.73879704 14.04111553 -6.76999846
v 30.89116886 14.25872371 -6.76999846
v 14.25872371 30.89116886 -6.76999846
v 21.08021453 14.29362874 -6.76999846
v 21.34678513 14.48028255 -6.76999846
v 13.54375482 30.55777214 -6.76999846
v 13.80035374 30.62652797 -6.76999846
v -11.95929199 32.82061964 -6.76999846
v -11.84702385 32.57985786 -6.76999846
v -11.77826803 32.32325986 -6.76999846
v -12.75787596 30.62652797 -6.76999846
v -31.53738007 14.71120678 -6.76999846
v -31.29661828 14.59893771 -6.76999846
v -31.07901104 14.44656681 -6.76999846
v -30.89116886 14.25872371 -6.76999846
v -30.73879704 14.04111553 -6.76999846
v -23.71036448 14.06352036 -6.76999846
v -30.62652797 13.80035374 -6.76999846
v -30.55777214 13.54375482 -6.76999846
v 1.75431219 -25.08848347 -6.76999846
v 1.83853763 -25.40281601 -6.76999846
v 1.86690001 -25.72700009 -6.76999846
v -1.83853763 -25.40281601 -6.76999846
v -1.75431219 -25.08848347 -6.76999846
v -30.55777214 -13.54375482 -6.76999846
v -1.61678286 -24.79355037 -6.76999846
v -1.43012835 -24.52697977 -6.76999846
v -1.20002020 -24.29687232 -6.76999846
v 30.73879704 12.51711510 -6.76999846
v 30.89116886 12.29950693 -6.76999846
v 31.07901104 12.11166382 -6.76999846
v 13.54375482 -30.55777214 -6.76999846
v 13.80035374 -30.62652797 -6.76999846
v 21.64171822 14.61781189 -6.76999846
v 11.77826803 -31.79398179 -6.76999846
v 11.84702385 -31.53738007 -6.76999846
v 1.75431219 -26.36551671 -6.76999846
v 1.83853763 -26.05118416 -6.76999846
v 31.79398179 11.77826803 -6.76999846
v 31.53738007 11.84702385 -6.76999846
v 31.29661828 11.95929199 -6.76999846
v -11.75511535 32.05861896 -6.76999846
v -24.11877364 13.18768412 -6.76999846
v -24.03454855 13.50201759 -6.76999846
v -23.89701828 13.79694976 -6.76999846
v -23.48025516 14.29362874 -6.76999846
v -14.44656681 31.07901104 -6.76999846
v -14.59893771 31.29661828 -6.76999846
v -14.71120678 31.53738007 -6.76999846
v -20.41333541 12.86350004 -6.76999846
v -20.44169791 12.53931597 -6.76999846
v -20.52592300 12.22498249 -6.76999846
v -20.66345327 11.93005033 -6.76999846
v -21.34678513 14.48028255 -6.76999846
v -21.08021453 14.29362874 -6.76999846
v -20.85010707 14.06352036 -6.76999846
v -20.66345327 13.79694976 -6.76999846
v 11.84702385 32.57985786 -6.76999846
v 11.77826803 32.32325986 -6.76999846
v 11.75511535 32.05861896 -6.76999846
v -11.77826803 31.79398179 -6.76999846
v -23.21368642 14.48028255 -6.76999846
v -22.91875333 14.61781189 -6.76999846
v -22.60441892 14.70203791 -6.76999846
v -22.28023484 14.73040041 -6.76999846
v -21.95605263 14.70203791 -6.76999846
v -13.54375482 30.55777214 -6.76999846
v -13.80035374 30.62652797 -6.76999846
v -21.64171822 14.61781189 -6.76999846
v -14.04111553 30.73879704 -6.76999846
v -14.25872371 30.89116886 -6.76999846
v 31.79398179 -14.77996167 -6.76999846
v 32.05861896 -14.80311528 -6.76999846
v 32.32325986 -14.77996167 -6.76999846
v 32.57985786 -14.71120678 -6.76999846
v 32.82061964 -14.59893771 -6.76999846
v 33.03822875 -14.44656681 -6.76999846
v 33.22607279 -14.25872371 -6.76999846
v 33.37844089 -14.04111553 -6.76999846
v 33.49070996 -13.80035374 -6.76999846
v 33.55946764 -13.54375482 -6.76999846
v 33.58262032 -13.27911485 -6.76999846
v 33.55946764 -13.01447488 -6.76999846
v 33.49070996 -12.75787596 -6.76999846
v 33.37844089 -12.51711510 -6.76999846
v 33.22607279 -12.29950693 -6.76999846
v 33.03822875 -12.11166382 -6.76999846
v 33.22607279 12.29950693 -6.76999846
v 33.37844089 12.51711510 -6.76999846
v 33.49070996 12.75787596 -6.76999846
v 33.55946764 13.01447488 -6.76999846
v 33.58262032 13.27911485 -6.76999846
v 33.55946764 13.54375482 -6.76999846
v 33.49070996 13.80035374 -6.76999846
v 33.37844089 14.04111553 -6.76999846
v 33.22607279 14.25872371 -6.76999846
v 33.03822875 14.44656681 -6.76999846
v 32.82061964 14.59893771 -6.76999846
v 32.57985786 14.71120678 -6.76999846
v 32.32325986 14.77996167 -6.76999846
v 32.05861896 14.80311528 -6.76999846
v 31.79398179 14.77996167 -6.76999846
v 33.03822875 12.11166382 -6.76999846
v 14.77996167 -31.79398179 -6.76999846
v 14.80311528 -32.05861896 -6.76999846
v 14.77996167 -32.32325986 -6.76999846
v 14.71120678 -32.57985786 -6.76999846
v 14.59893771 -32.82061964 -6.76999846
v 14.44656681 -33.03822875 -6.76999846
v 14.25872371 -33.22607279 -6.76999846
v 14.04111553 -33.37844089 -6.76999846
v 13.80035374 -33.49070996 -6.76999846
v 13.54375482 -33.55946764 -6.76999846
v 13.27911485 -33.58262032 -6.76999846
v 13.01447488 -33.55946764 -6.76999846
v 12.75787596 -33.49070996 -6.76999846
v 12.51711510 -33.37844089 -6.76999846
v 12.29950693 -33.22607279 -6.76999846
v 12.11166382 -33.03822875 -6.76999846
v -14.77996167 -31.79398179 -6.76999846
v -14.80311528 -32.05861896 -6.76999846
v -14.77996167 -32.32325986 -6.76999846
v -14.71120678 -32.57985786 -6.76999846
v -14.59893771 -32.82061964 -6.76999846
v -14.44656681 -33.03822875 -6.76999846
v -14.25872371 -33.22607279 -6.76999846
v -14.04111553 -33.37844089 -6.76999846
v -13.80035374 -33.49070996 -6.76999846
v -13.54375482 -33.55946764 -6.76999846
v -13.27911485 -33.58262032 -6.76999846
v -13.01447488 -33.55946764 -6.76999846
v -12.75787596 -33.49070996 -6.76999846
v -12.51711510 -33.37844089 -6.76999846
v -12.29950693 -33.22607279 -6.76999846
v -12.11166382 -33.03822875 -6.76999846
v -31.79398179 -14.77996167 -6.76999846
v -32.05861896 -14.80311528 -6.76999846
v -32.32325986 -14.77996167 -6.76999846
v -32.57985786 -14.71120678 -6.76999846
v -32.82061964 -14.59893771 -6.76999846
v -33.03822875 -14.44656681 -6.76999846
v -33.22607279 -14.25872371 -6.76999846
v -33.37844089 -14.04111553 -6.76999846
v -33.49070996 -13.80035374 -6.76999846
v -33.55946764 -13.54375482 -6.76999846
v -33.58262032 -13.27911485 -6.76999846
v -33.55946764 -13.01447488 -6.76999846
v -33.49070996 -12.75787596 -6.76999846
v -33.37844089 -12.51711510 -6.76999846
v -33.22607279 -12.29950693 -6.76999846
v -33.03822875 -12.11166382 -6.76999846
v -31.79398179 14.77996167 -6.76999846
v -32.05861896 14.80311528 -6.76999846
v -32.32325986 14.77996167 -6.76999846
v -32.57985786 14.71120678 -6.76999846
v -32.82061964 14.59893771 -6.76999846
v -33.03822875 14.44656681 -6.76999846
v -33.22607279 14.25872371 -6.76999846
v -33.37844089 14.04111553 -6.76999846
v -33.49070996 13.80035374 -6.76999846
v -33.55946764 13.54375482 -6.76999846
v -33.58262032 13.27911485 -6.76999846
v -33.55946764 13.01447488 -6.76999846
v -33.49070996 12.75787596 -6.76999846
v -33.37844089 12.51711510 -6.76999846
v -33.22607279 12.29950693 -6.76999846
v -33.03822875 12.11166382 -6.76999846
v -14.77996167 31.79398179 -6.76999846
v -14.80311528 32.05861896 -6.76999846
v -14.77996167 32.32325986 -6.76999846
v -14.71120678 32.57985786 -6.76999846
v -14.59893771 32.82061964 -6.76999846
v -14.44656681 33.03822875 -6.76999846
v -14.25872371 33.22607279 -6.76999846
v -14.04111553 33.37844089 -6.76999846
v -13.80035374 33.49070996 -6.76999846
v -13.54375482 33.55946764 -6.76999846
v -13.27911485 33.58262032 -6.76999846
v -13.01447488 33.55946764 -6.76999846
v -12.75787596 33.49070996 -6.76999846
v -12.51711510 33.37844089 -6.76999846
v -12.29950693 33.22607279 -6.76999846
v -12.11166382 33.03822875 -6.76999846
v 14.77996167 31.79398179 -6.76999846
v 14.80311528 32.05861896 -6.76999846
v 14.77996167 32.32325986 -6.76999846
v 14.71120678 32.57985786 -6.76999846
v 14.59893771 32.82061964 -6.76999846
v 14.44656681 33.03822875 -6.76999846
v 14.25872371 33.22607279 -6.76999846
v 14.04111553 33.37844089 -6.76999846
v 13.80035374 33.49070996 -6.76999846
v 13.54375482 33.55946764 -6.76999846
v 13.27911485 33.58262032 -6.76999846
v 13.01447488 33.55946764 -6.76999846
v 12.75787596 33.49070996 -6.76999846
v 12.51711510 33.37844089 -6.76999846
v 12.29950693 33.22607279 -6.76999846
v 12.11166382 33.03822875 -6.76999846
v -1.83853763 -26.05118416 -16.47000015
v -1.43012835 -26.92702040 -16.47000015
v -1.20002020 -27.15712786 -16.47000015
v -0.93345001 -27.34378353 -16.47000015
v -0.63851738 -27.48131193 -16.47000015
v -0.32418378 -27.56553702 -16.47000015
v -0.00000000 -27.59389952 -16.47000015
v 0.32418378 -27.56553702 -16.47000015
v 0.63851738 -27.48131193 -16.47000015
v 0.93345001 -27.34378353 -16.47000015
v 1.20002020 -27.15712786 -16.47000015
v 1.43012835 -26.92702040 -16.47000015
v 1.61678286 -26.66044980 -16.47000015
v 1.75431219 -26.36551671 -16.47000015
v 1.83853763 -26.05118416 -16.47000015
v 1.86690001 -25.72700009 -16.47000015
v 1.83853763 -25.40281601 -16.47000015
v 0.63851738 -23.97268824 -16.47000015
v 0.93345001 -24.11021665 -16.47000015
v 1.20002020 -24.29687232 -16.47000015
v 1.43012835 -24.52697977 -16.47000015
v 1.61678286 -24.79355037 -16.47000015
v 1.75431219 -25.08848347 -16.47000015
v -0.32418378 -23.88846315 -16.47000015
v -0.00000000 -23.86010066 -16.47000015
v 0.32418378 -23.88846315 -16.47000015
v -1.83853763 -25.40281601 -16.47000015
v -1.75431219 -25.08848347 -16.47000015
v -1.61678286 -24.79355037 -16.47000015
v -1.43012835 -24.52697977 -16.47000015
v -1.20002020 -24.29687232 -16.47000015
v -0.93345001 -24.11021665 -16.47000015
v -0.63851738 -23.97268824 -16.47000015
v -1.86690001 -25.72700009 -16.47000015
v -1.75431219 -26.36551671 -16.47000015
v -1.61678286 -26.66044980 -16.47000015
v 23.48025516 11.43337134 -16.47000015
v 24.03454855 12.22498249 -16.47000015
v 24.11877364 12.53931597 -16.47000015
v 24.14713614 12.86350004 -16.47000015
v 24.11877364 13.18768412 -16.47000015
v 24.03454855 13.50201759 -16.47000015
v 23.89701828 13.79694976 -16.47000015
v 23.71036448 14.06352036 -16.47000015
v 23.48025516 14.29362874 -16.47000015
v 23.21368642 14.48028255 -16.47000015
v 22.91875333 14.61781189 -16.47000015
v 22.60441892 14.70203791 -16.47000015
v 22.28023484 14.73040041 -16.47000015
v 21.95605263 14.70203791 -16.47000015
v 21.64171822 14.61781189 -16.47000015
v 21.34678513 14.48028255 -16.47000015
v 21.08021453 14.29362874 -16.47000015
v 20.44169791 12.53931597 -16.47000015
v 20.41333541 12.86350004 -16.47000015
v 20.44169791 13.18768412 -16.47000015
v 20.52592300 13.50201759 -16.47000015
v 20.66345327 13.79694976 -16.47000015
v 20.85010707 14.06352036 -16.47000015
v 20.85010707 11.66347973 -16.47000015
v 20.66345327 11.93005033 -16.47000015
v 20.52592300 12.22498249 -16.47000015
v 22.91875333 11.10918820 -16.47000015
v 22.60441892 11.02496218 -16.47000015
v 22.28023484 10.99660061 -16.47000015
v 21.95605263 11.02496218 -16.47000015
v 21.64171822 11.10918820 -16.47000015
v 21.34678513 11.24671753 -16.47000015
v 21.08021453 11.43337134 -16.47000015
v 23.21368642 11.24671753 -16.47000015
v 23.71036448 11.66347973 -16.47000015
v 23.89701828 11.93005033 -16.47000015
v -21.64171822 14.61781189 -16.47000015
v -22.60441892 14.70203791 -16.47000015
v -22.91875333 14.61781189 -16.47000015
v -23.21368642 14.48028255 -16.47000015
v -23.48025516 14.29362874 -16.47000015
v -23.71036448 14.06352036 -16.47000015
v -23.89701828 13.79694976 -16.47000015
v -24.03454855 13.50201759 -16.47000015
v -24.11877364 13.18768412 -16.47000015
v -24.14713614 12.86350004 -16.47000015
v -24.11877364 12.53931597 -16.47000015
v -24.03454855 12.22498249 -16.47000015
v -23.89701828 11.93005033 -16.47000015
v -23.71036448 11.66347973 -16.47000015
v -23.48025516 11.43337134 -16.47000015
v -23.21368642 11.24671753 -16.47000015
v -22.91875333 11.10918820 -16.47000015
v -21.08021453 11.43337134 -16.47000015
v -21.34678513 11.24671753 -16.47000015
v -21.64171822 11.10918820 -16.47000015
v -21.95605263 11.02496218 -16.47000015
v -22.28023484 10.99660061 -16.47000015
v -22.60441892 11.02496218 -16.47000015
v -20.52592300 12.22498249 -16.47000015
v -20.66345327 11.93005033 -16.47000015
v -20.85010707 11.66347973 -16.47000015
v -21.08021453 14.29362874 -16.47000015
v -20.85010707 14.06352036 -16.47000015
v -20.66345327 13.79694976 -16.47000015
v -20.52592300 13.50201759 -16.47000015
v -20.44169791 13.18768412 -16.47000015
v -20.41333541 12.86350004 -16.47000015
v -20.44169791 12.53931597 -16.47000015
v -21.34678513 14.48028255 -16.47000015
v -21.95605263 14.70203791 -16.47000015
v -22.28023484 14.73040041 -16.47000015
v 21.14120126 -0.00000000 -65.77000767
v -5.09562995 10.17375477 -65.77000767
v 5.09562995 -10.17375477 -65.77000767
v -5.09562995 -10.17375477 -65.77000767
v -12.69994024 0.00000000 -65.77000767
v -12.69994024 -10.17375477 -65.77000767
v -12.69994024 10.17375477 -65.77000767
v 5.09562995 10.17375477 -65.77000767
v 12.69994024 -0.00000000 -65.77000767
v 12.69994024 10.17375477 -65.77000767
v 12.69994024 -10.17375477 -65.77000767
v 1.11941819 -19.90506425 -65.77000767
v 1.03166141 -19.71687004 -65.77000767
v 5.09562995 -15.23437537 -65.77000767
v 0.91255811 -19.54677328 -65.77000767
v 0.40743491 -19.19308119 -65.77000767
v 0.20686013 -19.13933828 -65.77000767
v 0.00000000 -19.12124082 -65.77000767
v -5.09562995 -15.23437537 -65.77000767
v -0.20686013 -19.13933828 -65.77000767
v -0.40743491 -19.19308119 -65.77000767
v 1.03166141 -20.90813033 -65.77000767
v 1.11941819 -20.71993425 -65.77000767
v 0.76572725 -19.39994097 -65.77000767
v 0.59562997 -19.28083785 -65.77000767
v -0.59562997 -19.28083785 -65.77000767
v -0.76572725 -19.39994097 -65.77000767
v -0.91255811 -19.54677328 -65.77000767
v -1.03166141 -19.71687004 -65.77000767
v -1.11941819 -19.90506425 -65.77000767
v -1.17316213 -20.10564134 -65.77000767
v -0.20686013 -21.48566209 -65.77000767
v -0.40743491 -21.43191732 -65.77000767
v -0.59562997 -21.34416066 -65.77000767
v 0.40743491 -21.43191732 -65.77000767
v 0.20686013 -21.48566209 -65.77000767
v 0.00000000 -21.50375955 -65.77000767
v 1.17316213 -20.51936090 -65.77000767
v 1.19125994 -20.31249925 -65.77000767
v 1.17316213 -20.10564134 -65.77000767
v -1.11941819 -20.71993425 -65.77000767
v -1.17316213 -20.51936090 -65.77000767
v -1.19125994 -20.31249925 -65.77000767
v 0.59562997 -21.34416066 -65.77000767
v 0.76572725 -21.22505754 -65.77000767
v 0.91255811 -21.07822709 -65.77000767
v -1.03166141 -20.90813033 -65.77000767
v -0.91255811 -21.07822709 -65.77000767
v -0.76572725 -21.22505754 -65.77000767
v 12.69994024 -15.23437537 -65.77000767
v 21.14120126 -10.17375477 -65.77000767
v 21.14120126 10.17375477 -65.77000767
v 12.69994024 15.23437537 -65.77000767
v -5.09562995 15.23437537 -65.77000767
v 5.09562995 15.23437537 -65.77000767
v -12.69994024 15.23437537 -65.77000767
v -12.69994024 -15.23437537 -65.77000767
v 0.00000000 -20.31249925 -57.70422146
v 1.17316213 -20.51936090 -58.41999874
v 1.11941819 -20.71993425 -58.41999874
v 1.19125994 -20.31249925 -58.41999874
v 0.91255811 -21.07822709 -58.41999874
v 0.76572725 -21.22505754 -58.41999874
v 1.03166141 -20.90813033 -58.41999874
v 0.40743491 -21.43191732 -58.41999874
v 0.20686013 -21.48566209 -58.41999874
v 0.59562997 -21.34416066 -58.41999874
v -0.20686013 -21.48566209 -58.41999874
v -0.40743491 -21.43191732 -58.41999874
v 0.00000000 -21.50375955 -58.41999874
v -0.76572725 -21.22505754 -58.41999874
v -0.91255811 -21.07822709 -58.41999874
v -0.59562997 -21.34416066 -58.41999874
v -1.11941819 -20.71993425 -58.41999874
v -1.17316213 -20.51936090 -58.41999874
v -1.03166141 -20.90813033 -58.41999874
v -1.17316213 -20.10564134 -58.41999874
v -1.11941819 -19.90506425 -58.41999874
v -1.19125994 -20.31249925 -58.41999874
v -0.91255811 -19.54677328 -58.41999874
v -0.76572725 -19.39994097 -58.41999874
v -1.03166141 -19.71687004 -58.41999874
v -0.40743491 -19.19308119 -58.41999874
v -0.20686013 -19.13933828 -58.41999874
v -0.59562997 -19.28083785 -58.41999874
v 0.20686013 -19.13933828 -58.41999874
v 0.40743491 -19.19308119 -58.41999874
v 0.00000000 -19.12124082 -58.41999874
v 0.76572725 -19.39994097 -58.41999874
v 0.91255811 -19.54677328 -58.41999874
v 0.59562997 -19.28083785 -58.41999874
v 1.11941819 -19.90506425 -58.41999874
v 1.17316213 -20.10564134 -58.41999874
v 1.03166141 -19.71687004 -58.41999874
v -1.19125994 -20.31249925 -58.58400092
f 1 2 3
f 4 2 1
f 1 5 6
f 7 5 1
f 3 7 1
f 1 8 9
f 10 8 1
f 6 10 1
f 1 11 12
f 13 11 1
f 9 13 1
f 1 14 15
f 16 14 1
f 12 16 1
f 1 17 18
f 19 17 1
f 15 19 1
f 1 20 21
f 22 20 1
f 18 22 1
f 1 23 24
f 25 23 1
f 21 25 1
f 1 26 27
f 28 26 1
f 24 28 1
f 1 29 30
f 31 29 1
f 27 31 1
f 1 32 33
f 34 32 1
f 30 34 1
f 1 35 36
f 37 35 1
f 33 37 1
f 36 4 1
f 22 18 38
f 38 18 39
f 38 39 40
f 22 38 20
f 20 38 40
f 20 40 21
f 21 40 41
f 21 41 25
f 25 41 42
f 25 42 23
f 23 42 43
f 23 43 24
f 24 43 44
f 24 44 28
f 28 44 45
f 28 45 26
f 26 45 46
f 26 46 27
f 27 46 47
f 27 47 31
f 31 47 48
f 31 48 29
f 29 48 49
f 29 49 30
f 30 49 50
f 30 50 34
f 34 50 51
f 34 51 32
f 32 51 52
f 32 52 33
f 33 52 53
f 33 53 37
f 37 53 54
f 37 54 35
f 35 54 55
f 35 55 36
f 36 55 56
f 36 56 4
f 4 56 57
f 4 57 2
f 2 57 58
f 2 58 3
f 3 58 59
f 3 59 7
f 7 59 60
f 7 60 5
f 5 60 61
f 5 61 6
f 6 61 62
f 6 62 10
f 10 62 63
f 10 63 8
f 8 63 64
f 8 64 9
f 9 64 65
f 9 65 13
f 13 65 66
f 13 66 11
f 11 66 67
f 11 67 12
f 12 67 68
f 12 68 16
f 16 68 69
f 16 69 14
f 14 69 70
f 14 70 15
f 15 70 71
f 15 71 19
f 19 71 72
f 19 72 17
f 17 72 73
f 17 73 18
f 18 73 74
f 18 74 39
f 75 76 77
f 78 76 75
f 75 79 80
f 81 79 75
f 77 81 75
f 75 82 83
f 84 82 75
f 80 84 75
f 75 85 86
f 87 85 75
f 83 87 75
f 75 88 89
f 90 88 75
f 86 90 75
f 75 91 92
f 93 91 75
f 89 93 75
f 75 94 95
f 96 94 75
f 92 96 75
f 75 97 98
f 99 97 75
f 95 99 75
f 75 100 101
f 102 100 75
f 98 102 75
f 75 103 104
f 105 103 75
f 101 105 75
f 75 106 107
f 108 106 75
f 104 108 75
f 75 109 110
f 111 109 75
f 107 111 75
f 110 78 75
f 96 92 112
f 112 92 113
f 112 113 114
f 96 112 94
f 94 112 114
f 94 114 95
f 95 114 115
f 95 115 99
f 99 115 116
f 99 116 97
f 97 116 117
f 97 117 98
f 98 117 118
f 98 118 102
f 102 118 119
f 102 119 100
f 100 119 120
f 100 120 101
f 101 120 121
f 101 121 105
f 105 121 122
f 105 122 103
f 103 122 123
f 103 123 104
f 104 123 124
f 104 124 108
f 108 124 125
f 108 125 106
f 106 125 126
f 106 126 107
f 107 126 127
f 107 127 111
f 111 127 128
f 111 128 109
f 109 128 129
f 109 129 110
f 110 129 130
f 110 130 78
f 78 130 131
f 78 131 76
f 76 131 132
f 76 132 77
f 77 132 133
f 77 133 81
f 81 133 134
f 81 134 79
f 79 134 135
f 79 135 80
f 80 135 136
f 80 136 84
f 84 136 137
f 84 137 82
f 82 137 138
f 82 138 83
f 83 138 139
f 83 139 87
f 87 139 140
f 87 140 85
f 85 140 141
f 85 141 86
f 86 141 142
f 86 142 90
f 90 142 143
f 90 143 88
f 88 143 144
f 88 144 89
f 89 144 145
f 89 145 93
f 93 145 146
f 93 146 91
f 91 146 147
f 91 147 92
f 92 147 148
f 92 148 113
f 149 150 151
f 152 150 149
f 149 153 154
f 155 153 149
f 151 155 149
f 149 156 157
f 158 156 149
f 154 158 149
f 149 159 160
f 161 159 149
f 157 161 149
f 149 162 163
f 164 162 149
f 160 164 149
f 149 165 166
f 167 165 149
f 163 167 149
f 149 168 169
f 170 168 149
f 166 170 149
f 149 171 172
f 173 171 149
f 169 173 149
f 149 174 175
f 176 174 149
f 172 176 149
f 149 177 178
f 179 177 149
f 175 179 149
f 149 180 181
f 182 180 149
f 178 182 149
f 149 183 184
f 185 183 149
f 181 185 149
f 184 152 149
f 170 166 186
f 186 166 187
f 186 187 188
f 170 186 168
f 168 186 188
f 168 188 169
f 169 188 189
f 169 189 173
f 173 189 190
f 173 190 171
f 171 190 191
f 171 191 172
f 172 191 192
f 172 192 176
f 176 192 193
f 176 193 174
f 174 193 194
f 174 194 175
f 175 194 195
f 175 195 179
f 179 195 196
f 179 196 177
f 177 196 197
f 177 197 178
f 178 197 198
f 178 198 182
f 182 198 199
f 182 199 180
f 180 199 200
f 180 200 181
f 181 200 201
f 181 201 185
f 185 201 202
f 185 202 183
f 183 202 203
f 183 203 184
f 184 203 204
f 184 204 152
f 152 204 205
f 152 205 150
f 150 205 206
f 150 206 151
f 151 206 207
f 151 207 155
f 155 207 208
f 155 208 153
f 153 208 209
f 153 209 154
f 154 209 210
f 154 210 158
f 158 210 211
f 158 211 156
f 156 211 212
f 156 212 157
f 157 212 213
f 157 213 161
f 161 213 214
f 161 214 159
f 159 214 215
f 159 215 160
f 160 215 216
f 160 216 164
f 164 216 217
f 164 217 162
f 162 217 218
f 162 218 163
f 163 218 219
f 163 219 167
f 167 219 220
f 167 220 165
f 165 220 221
f 165 221 166
f 166 221 222
f 166 222 187
f 223 224 225
f 226 224 223
f 223 227 228
f 229 227 223
f 225 229 223
f 223 230 231
f 232 230 223
f 228 232 223
f 223 233 234
f 235 233 223
f 231 235 223
f 223 236 237
f 238 236 223
f 234 238 223
f 223 239 240
f 241 239 223
f 237 241 223
f 223 242 243
f 244 242 223
f 240 244 223
f 223 245 246
f 247 245 223
f 243 247 223
f 223 248 249
f 250 248 223
f 246 250 223
f 223 251 252
f 253 251 223
f 249 253 223
f 223 254 255
f 256 254 223
f 252 256 223
f 223 257 258
f 259 257 223
f 255 259 223
f 258 226 223
f 244 240 260
f 260 240 261
f 260 261 262
f 244 260 242
f 242 260 262
f 242 262 243
f 243 262 263
f 243 263 247
f 247 263 264
f 247 264 245
f 245 264 265
f 245 265 246
f 246 265 266
f 246 266 250
f 250 266 267
f 250 267 248
f 248 267 268
f 248 268 249
f 249 268 269
f 249 269 253
f 253 269 270
f 253 270 251
f 251 270 271
f 251 271 252
f 252 271 272
f 252 272 256
f 256 272 273
f 256 273 254
f 254 273 274
f 254 274 255
f 255 274 275
f 255 275 259
f 259 275 276
f 259 276 257
f 257 276 277
f 257 277 258
f 258 277 278
f 258 278 226
f 226 278 279
f 226 279 224
f 224 279 280
f 224 280 225
f 225 280 281
f 225 281 229
f 229 281 282
f 229 282 227
f 227 282 283
f 227 283 228
f 228 283 284
f 228 284 232
f 232 284 285
f 232 285 230
f 230 285 286
f 230 286 231
f 231 286 287
f 231 287 235
f 235 287 288
f 235 288 233
f 233 288 289
f 233 289 234
f 234 289 290
f 234 290 238
f 238 290 291
f 238 291 236
f 236 291 292
f 236 292 237
f 237 292 293
f 237 293 241
f 241 293 294
f 241 294 239
f 239 294 295
f 239 295 240
f 240 295 296
f 240 296 261
f 297 298 299
f 300 298 297
f 297 301 302
f 303 301 297
f 299 303 297
f 297 304 305
f 306 304 297
f 302 306 297
f 297 307 308
f 309 307 297
f 305 309 297
f 297 310 311
f 312 310 297
f 308 312 297
f 297 313 314
f 315 313 297
f 311 315 297
f 297 316 317
f 318 316 297
f 314 318 297
f 297 319 320
f 321 319 297
f 317 321 297
f 297 322 323
f 324 322 297
f 320 324 297
f 297 325 326
f 327 325 297
f 323 327 297
f 297 328 329
f 330 328 297
f 326 330 297
f 297 331 332
f 333 331 297
f 329 333 297
f 332 300 297
f 318 314 334
f 334 314 335
f 334 335 336
f 318 334 316
f 316 334 336
f 316 336 317
f 317 336 337
f 317 337 321
f 321 337 338
f 321 338 319
f 319 338 339
f 319 339 320
f 320 339 340
f 320 340 324
f 324 340 341
f 324 341 322
f 322 341 342
f 322 342 323
f 323 342 343
f 323 343 327
f 327 343 344
f 327 344 325
f 325 344 345
f 325 345 326
f 326 345 346
f 326 346 330
f 330 346 347
f 330 347 328
f 328 347 348
f 328 348 329
f 329 348 349
f 329 349 333
f 333 349 350
f 333 350 331
f 331 350 351
f 331 351 332
f 332 351 352
f 332 352 300
f 300 352 353
f 300 353 298
f 298 353 354
f 298 354 299
f 299 354 355
f 299 355 303
f 303 355 356
f 303 356 301
f 301 356 357
f 301 357 302
f 302 357 358
f 302 358 306
f 306 358 359
f 306 359 304
f 304 359 360
f 304 360 305
f 305 360 361
f 305 361 309
f 309 361 362
f 309 362 307
f 307 362 363
f 307 363 308
f 308 363 364
f 308 364 312
f 312 364 365
f 312 365 310
f 310 365 366
f 310 366 311
f 311 366 367
f 311 367 315
f 315 367 368
f 315 368 313
f 313 368 369
f 313 369 314
f 314 369 370
f 314 370 335
f 371 372 373
f 373 372 374
f 373 374 375
f 375 374 376
f 375 376 377
f 377 376 378
f 377 378 379
f 379 378 380
f 379 380 381
f 381 380 382
f 381 382 383
f 383 382 384
f 383 384 385
f 385 384 386
f 385 386 387
f 387 386 388
f 387 388 389
f 389 388 390
f 389 390 391
f 391 390 392
f 391 392 393
f 393 392 394
f 393 394 395
f 395 394 396
f 395 396 397
f 397 396 398
f 397 398 399
f 399 398 400
f 399 400 401
f 401 400 402
f 401 402 403
f 403 402 404
f 403 404 405
f 405 404 406
f 405 406 407
f 407 406 408
f 407 408 409
f 409 408 410
f 409 410 411
f 411 410 412
f 411 412 413
f 413 412 414
f 413 414 415
f 415 414 416
f 415 416 417
f 417 416 418
f 417 418 419
f 419 418 420
f 419 420 421
f 421 420 422
f 421 422 423
f 423 422 424
f 423 424 425
f 425 424 426
f 425 426 427
f 427 426 428
f 427 428 429
f 429 428 430
f 429 430 431
f 431 430 432
f 431 432 433
f 433 432 434
f 433 434 435
f 435 434 436
f 435 436 437
f 437 436 438
f 437 438 439
f 439 438 440
f 439 440 441
f 441 440 442
f 441 442 371
f 371 442 372
f 443 444 445
f 445 444 405
f 445 405 407
f 443 445 446
f 446 445 407
f 446 407 447
f 447 407 409
f 447 409 448
f 448 409 411
f 448 411 449
f 449 411 413
f 449 413 450
f 450 413 415
f 450 415 451
f 451 415 417
f 451 417 452
f 452 417 419
f 452 419 453
f 453 419 421
f 453 421 454
f 454 421 423
f 454 423 455
f 455 423 425
f 455 425 456
f 456 425 427
f 456 427 457
f 457 427 429
f 457 429 458
f 458 429 431
f 458 431 459
f 459 431 433
f 459 433 460
f 460 433 435
f 460 435 461
f 461 435 437
f 461 437 462
f 462 437 439
f 462 439 463
f 463 439 441
f 463 441 464
f 464 441 371
f 464 371 465
f 465 371 373
f 465 373 466
f 466 373 375
f 466 375 467
f 467 375 377
f 467 377 468
f 468 377 379
f 468 379 469
f 469 379 381
f 469 381 470
f 470 381 383
f 470 383 471
f 471 383 385
f 471 385 472
f 472 385 387
f 472 387 473
f 473 387 389
f 473 389 474
f 474 389 391
f 474 391 475
f 475 391 393
f 475 393 476
f 476 393 395
f 476 395 477
f 477 395 397
f 477 397 478
f 478 397 399
f 478 399 479
f 479 399 401
f 479 401 444
f 444 401 403
f 444 403 405
f 406 480 408
f 408 480 481
f 408 481 410
f 410 481 482
f 410 482 412
f 412 482 483
f 412 483 414
f 414 483 484
f 414 484 416
f 416 484 485
f 416 485 418
f 418 485 486
f 418 486 420
f 420 486 487
f 420 487 422
f 422 487 488
f 422 488 424
f 424 488 489
f 424 489 426
f 426 489 490
f 426 490 428
f 428 490 491
f 428 491 430
f 430 491 492
f 430 492 432
f 432 492 493
f 432 493 434
f 434 493 494
f 434 494 436
f 436 494 495
f 436 495 438
f 438 495 496
f 438 496 440
f 440 496 497
f 440 497 442
f 442 497 498
f 442 498 372
f 372 498 499
f 372 499 374
f 374 499 500
f 374 500 376
f 376 500 501
f 376 501 378
f 378 501 502
f 378 502 380
f 380 502 503
f 380 503 382
f 382 503 504
f 382 504 384
f 384 504 505
f 384 505 386
f 386 505 506
f 386 506 388
f 388 506 507
f 388 507 390
f 390 507 508
f 390 508 392
f 392 508 509
f 392 509 394
f 394 509 510
f 394 510 396
f 396 510 511
f 396 511 398
f 398 511 512
f 398 512 400
f 400 512 513
f 400 513 402
f 402 513 514
f 402 514 404
f 404 514 515
f 404 515 406
f 406 515 480
f 516 517 518
f 518 517 519
f 518 519 520
f 520 519 521
f 520 521 522
f 522 521 523
f 522 523 524
f 524 523 525
f 524 525 526
f 526 525 527
f 526 527 528
f 528 527 529
f 528 529 530
f 530 529 531
f 530 531 532
f 532 531 533
f 532 533 534
f 534 533 535
f 534 535 536
f 536 535 537
f 536 537 538
f 538 537 539
f 538 539 540
f 540 539 541
f 540 541 542
f 542 541 543
f 542 543 544
f 544 543 545
f 544 545 546
f 546 545 547
f 546 547 548
f 549 550 516
f 550 551 516
f 516 551 552
f 516 552 517
f 516 553 549
f 549 553 554
f 549 554 555
f 555 554 556
f 555 556 557
f 557 556 558
f 557 558 559
f 559 558 560
f 559 560 561
f 561 560 562
f 561 562 563
f 563 562 564
f 563 564 565
f 565 564 566
f 565 566 567
f 567 566 568
f 567 568 569
f 569 568 570
f 569 570 571
f 571 570 572
f 571 572 573
f 574 575 576
f 576 575 573
f 576 573 577
f 577 573 572
f 578 579 580
f 580 579 581
f 580 581 582
f 582 581 583
f 582 583 584
f 584 583 585
f 584 585 586
f 586 585 587
f 586 587 588
f 588 587 589
f 588 589 590
f 590 589 591
f 590 591 574
f 574 591 592
f 574 592 575
f 548 547 593
f 593 547 594
f 593 594 595
f 595 594 596
f 595 596 597
f 597 596 598
f 597 598 599
f 599 598 600
f 599 600 601
f 601 600 602
f 601 602 603
f 603 602 604
f 603 604 605
f 605 604 606
f 605 606 607
f 607 606 608
f 607 608 609
f 609 608 610
f 609 610 611
f 611 610 612
f 611 612 613
f 613 612 614
f 613 614 615
f 615 614 616
f 615 616 617
f 617 616 618
f 617 618 619
f 619 618 620
f 619 620 621
f 621 620 622
f 621 622 623
f 623 622 624
f 623 624 625
f 625 624 626
f 625 626 627
f 627 626 628
f 627 628 578
f 578 628 629
f 578 629 579
f 554 630 556
f 554 553 631
f 632 633 601
f 611 634 609
f 635 636 637
f 638 639 630
f 630 639 640
f 641 642 643
f 643 642 644
f 564 645 646
f 647 648 566
f 638 630 649
f 649 630 642
f 649 642 650
f 641 651 642
f 642 651 652
f 642 652 650
f 640 653 630
f 630 653 654
f 630 654 655
f 656 657 562
f 657 658 562
f 562 658 659
f 562 659 564
f 564 659 660
f 564 660 645
f 655 661 630
f 630 661 662
f 630 662 663
f 646 664 564
f 564 664 665
f 564 665 566
f 566 665 666
f 566 666 647
f 577 572 642
f 642 572 570
f 556 630 558
f 558 630 663
f 558 663 560
f 560 663 667
f 560 667 562
f 562 667 668
f 562 668 656
f 648 669 566
f 566 669 670
f 566 670 568
f 568 670 671
f 568 671 570
f 671 672 570
f 570 672 673
f 570 673 642
f 642 673 674
f 642 674 644
f 675 676 677
f 677 676 678
f 679 680 588
f 681 682 683
f 683 684 681
f 681 684 685
f 681 685 677
f 677 685 686
f 677 686 675
f 687 688 586
f 689 690 636
f 688 691 586
f 586 691 692
f 586 692 693
f 635 637 694
f 694 637 695
f 694 695 681
f 681 695 696
f 681 696 682
f 678 697 677
f 677 697 698
f 677 698 699
f 574 700 701
f 680 702 588
f 588 702 703
f 588 703 586
f 586 703 704
f 586 704 687
f 690 705 636
f 636 705 706
f 636 706 637
f 698 707 699
f 699 707 708
f 699 708 701
f 701 708 709
f 701 709 574
f 574 709 710
f 574 710 590
f 590 710 711
f 590 711 588
f 588 711 712
f 588 712 679
f 713 714 636
f 636 714 715
f 636 715 689
f 693 713 586
f 586 713 636
f 586 636 584
f 584 636 582
f 582 636 580
f 580 636 716
f 580 716 578
f 578 716 717
f 578 717 627
f 627 717 718
f 627 718 625
f 619 621 718
f 718 621 623
f 718 623 625
f 719 720 721
f 617 722 615
f 615 722 723
f 615 723 613
f 723 724 613
f 613 724 725
f 613 725 726
f 720 719 726
f 727 728 729
f 730 731 718
f 718 731 732
f 733 734 617
f 617 734 735
f 617 735 722
f 721 736 719
f 719 736 737
f 719 737 729
f 729 737 738
f 729 738 727
f 732 739 718
f 718 739 740
f 718 740 619
f 619 740 741
f 619 741 742
f 742 743 619
f 619 743 744
f 619 744 745
f 728 746 729
f 729 746 747
f 729 747 748
f 748 747 749
f 748 749 750
f 745 751 619
f 619 751 752
f 619 752 617
f 617 752 753
f 617 753 733
f 750 754 748
f 748 754 755
f 748 755 756
f 756 755 757
f 756 757 718
f 718 757 758
f 718 758 730
f 759 760 599
f 761 634 762
f 762 634 763
f 763 634 764
f 764 634 765
f 764 765 766
f 767 768 765
f 633 769 601
f 601 769 770
f 601 770 599
f 599 770 771
f 599 771 759
f 761 772 634
f 634 772 773
f 634 773 774
f 603 775 601
f 601 775 776
f 601 776 632
f 760 777 599
f 599 777 778
f 599 778 597
f 597 778 779
f 597 779 595
f 767 765 780
f 768 781 765
f 765 781 782
f 765 782 766
f 774 783 634
f 634 783 784
f 634 784 785
f 786 787 603
f 603 787 788
f 603 788 775
f 548 593 765
f 765 593 595
f 779 789 595
f 595 789 790
f 595 790 765
f 765 790 791
f 765 791 780
f 609 634 607
f 607 634 785
f 607 785 605
f 605 785 792
f 605 792 603
f 603 792 793
f 603 793 786
f 794 795 538
f 796 797 798
f 540 799 800
f 795 801 538
f 538 801 802
f 538 802 803
f 804 805 806
f 807 808 809
f 800 810 540
f 540 810 811
f 540 811 538
f 538 811 812
f 538 812 794
f 808 813 809
f 809 813 814
f 809 814 815
f 815 814 816
f 815 816 817
f 544 818 819
f 820 821 806
f 806 821 822
f 806 822 804
f 805 823 806
f 806 823 824
f 806 824 825
f 797 826 798
f 798 826 827
f 798 827 809
f 809 827 828
f 809 828 807
f 817 829 815
f 815 829 830
f 815 830 831
f 831 830 832
f 831 832 819
f 819 832 833
f 819 833 544
f 544 833 834
f 544 834 542
f 542 834 835
f 542 835 540
f 540 835 836
f 540 836 799
f 796 798 825
f 825 798 837
f 825 837 806
f 803 820 538
f 538 820 806
f 538 806 536
f 536 806 534
f 838 520 522
f 522 524 838
f 838 524 526
f 838 526 839
f 839 526 528
f 839 528 840
f 840 528 530
f 840 530 806
f 806 530 532
f 806 532 534
f 841 842 843
f 843 842 844
f 845 846 838
f 838 846 847
f 847 848 838
f 838 848 849
f 838 849 520
f 520 849 850
f 520 850 851
f 851 852 520
f 520 852 853
f 520 853 854
f 855 856 857
f 857 858 855
f 855 858 859
f 855 859 860
f 860 859 861
f 860 861 862
f 862 861 863
f 862 863 838
f 838 863 864
f 838 864 845
f 854 865 520
f 520 865 866
f 520 866 518
f 841 867 842
f 842 867 868
f 842 868 855
f 855 868 869
f 855 869 856
f 553 870 631
f 631 870 871
f 631 871 872
f 866 873 518
f 518 873 874
f 518 874 875
f 872 871 876
f 876 871 877
f 876 877 842
f 842 877 878
f 842 878 844
f 875 879 518
f 518 879 880
f 518 880 516
f 516 880 881
f 516 881 553
f 553 881 882
f 553 882 870
f 544 546 818
f 818 546 548
f 818 548 883
f 883 548 765
f 883 765 884
f 884 765 885
f 719 886 726
f 726 886 887
f 726 887 613
f 613 887 888
f 613 888 611
f 611 888 889
f 611 889 634
f 634 889 890
f 634 890 891
f 891 892 634
f 634 892 893
f 634 893 765
f 765 893 894
f 765 894 885
f 895 896 630
f 554 631 630
f 630 631 897
f 630 897 895
f 574 576 700
f 700 576 577
f 700 577 898
f 898 577 642
f 898 642 899
f 899 642 900
f 896 901 630
f 630 901 902
f 630 902 642
f 642 902 903
f 642 903 900
f 904 905 860
f 906 907 908
f 909 910 798
f 909 798 911
f 910 912 798
f 798 912 913
f 798 913 837
f 837 913 914
f 915 916 917
f 917 916 918
f 917 918 919
f 919 920 917
f 917 920 921
f 917 921 922
f 923 924 809
f 923 809 925
f 924 926 809
f 809 926 927
f 809 927 798
f 798 927 928
f 798 928 911
f 818 883 929
f 930 931 884
f 884 931 932
f 884 932 933
f 933 934 884
f 884 934 935
f 884 935 936
f 936 937 884
f 884 937 938
f 884 938 883
f 938 939 883
f 883 939 940
f 883 940 941
f 941 942 883
f 883 942 943
f 883 943 944
f 944 945 883
f 883 945 929
f 946 889 947
f 947 889 948
f 946 949 889
f 889 949 950
f 889 950 951
f 951 952 889
f 889 952 953
f 889 953 890
f 890 953 954
f 890 954 955
f 956 957 958
f 958 957 959
f 958 959 960
f 960 961 958
f 958 961 962
f 958 962 963
f 948 889 964
f 964 889 888
f 964 888 965
f 966 967 968
f 967 969 968
f 968 969 970
f 968 970 971
f 972 973 756
f 756 973 974
f 756 974 975
f 975 976 756
f 756 976 977
f 756 977 978
f 978 979 756
f 756 979 980
f 756 980 748
f 980 981 748
f 748 981 982
f 748 982 983
f 983 984 748
f 748 984 985
f 748 985 729
f 986 987 681
f 681 987 988
f 681 988 989
f 989 990 681
f 681 990 991
f 681 991 992
f 993 694 994
f 994 694 681
f 994 681 995
f 995 681 992
f 993 996 694
f 694 996 997
f 694 997 998
f 999 1000 1001
f 1001 1002 999
f 999 1002 1003
f 999 1003 1004
f 1005 899 1006
f 1006 899 1007
f 1005 1008 899
f 899 1008 1009
f 899 1009 1010
f 1010 1011 899
f 899 1011 1012
f 899 1012 898
f 898 1012 1013
f 1014 1015 1016
f 1016 1017 1014
f 1014 1017 1018
f 1014 1018 1019
f 1019 1020 1014
f 1014 1020 1021
f 1014 1021 1022
f 1007 899 1023
f 1023 899 900
f 1023 900 1024
f 1025 1026 897
f 897 1026 1027
f 897 1027 1028
f 1028 1029 897
f 897 1029 1030
f 897 1030 1031
f 1031 1032 897
f 897 1032 1033
f 897 1033 895
f 1033 1034 895
f 895 1034 1035
f 895 1035 1036
f 1036 1037 895
f 895 1037 1038
f 895 1038 1039
f 1039 1040 895
f 895 1040 1041
f 895 1041 896
f 1042 1043 860
f 905 1044 860
f 860 1044 1045
f 860 1045 1042
f 1043 1046 860
f 860 1046 1047
f 860 1047 1048
f 1048 1049 860
f 860 1049 1050
f 860 1050 855
f 855 1050 1051
f 855 1051 1052
f 1053 1054 1055
f 1055 1054 1056
f 1055 1056 1057
f 1057 1058 1055
f 1055 1058 1059
f 1055 1059 1060
f 1052 1053 855
f 855 1053 1055
f 855 1055 842
f 842 1055 1061
f 842 1061 876
f 876 1061 1062
f 876 1062 872
f 872 1062 1063
f 872 1063 631
f 631 1063 1064
f 631 1064 897
f 897 1064 1065
f 897 1065 1025
f 860 862 904
f 904 862 838
f 904 838 1066
f 1066 838 839
f 1066 839 1067
f 1067 839 840
f 1067 840 1068
f 1068 840 806
f 1068 806 917
f 917 806 837
f 917 837 915
f 915 837 914
f 929 1069 818
f 818 1069 1070
f 818 1070 819
f 819 1070 1071
f 819 1071 831
f 831 1071 1072
f 831 1072 815
f 815 1072 1073
f 815 1073 809
f 809 1073 1074
f 809 1074 925
f 955 956 890
f 890 956 958
f 890 958 891
f 891 958 1075
f 891 1075 892
f 892 1075 1076
f 892 1076 893
f 893 1076 1077
f 893 1077 894
f 894 1077 1078
f 894 1078 885
f 885 1078 1079
f 885 1079 884
f 884 1079 1080
f 884 1080 930
f 985 966 729
f 729 966 968
f 729 968 719
f 719 968 1081
f 719 1081 886
f 886 1081 1082
f 886 1082 887
f 887 1082 1083
f 887 1083 888
f 888 1083 1084
f 888 1084 965
f 972 756 1085
f 1085 756 718
f 1085 718 1086
f 1086 718 717
f 1086 717 1087
f 717 716 1087
f 1087 716 636
f 1087 636 1088
f 1088 636 635
f 1088 635 999
f 999 635 694
f 999 694 1000
f 1000 694 998
f 1013 1015 898
f 898 1015 1014
f 898 1014 700
f 700 1014 1089
f 700 1089 701
f 701 1089 1090
f 701 1090 699
f 699 1090 1091
f 699 1091 677
f 677 1091 1092
f 677 1092 681
f 681 1092 1093
f 681 1093 986
f 1041 906 896
f 896 906 908
f 896 908 901
f 901 908 1094
f 901 1094 902
f 902 1094 1095
f 902 1095 903
f 903 1095 1096
f 903 1096 900
f 900 1096 1097
f 900 1097 1024
f 1098 1099 1100
f 1100 1099 1101
f 1100 1101 1102
f 1103 1104 1100
f 1100 1104 1105
f 1100 1105 1098
f 1106 1107 1100
f 1100 1107 1108
f 1100 1108 1103
f 1109 1110 1100
f 1100 1110 1111
f 1100 1111 1106
f 1112 1113 1100
f 1100 1113 1114
f 1100 1114 1109
f 1115 1116 1100
f 1100 1116 1117
f 1100 1117 1112
f 1118 1119 1100
f 1100 1119 1120
f 1100 1120 1115
f 1121 1122 1100
f 1100 1122 1123
f 1100 1123 1118
f 1124 1125 1100
f 1100 1125 1126
f 1100 1126 1121
f 1127 1128 1100
f 1100 1128 1129
f 1100 1129 1124
f 1130 1131 1100
f 1100 1131 1132
f 1100 1132 1127
f 1102 1133 1100
f 1100 1133 1134
f 1100 1134 1130
f 1135 1101 1099
f 1101 1135 1102
f 1102 1135 754
f 1102 754 1133
f 1133 754 750
f 1133 750 1134
f 1134 750 749
f 1134 749 1130
f 1130 749 747
f 1130 747 1131
f 1131 747 746
f 1131 746 1132
f 1132 746 728
f 1132 728 1127
f 1127 728 727
f 1127 727 1128
f 1128 727 738
f 1128 738 1129
f 1129 738 737
f 1129 737 1124
f 1124 737 736
f 1124 736 1125
f 1125 736 721
f 1125 721 1126
f 1126 721 720
f 1126 720 1121
f 1121 720 726
f 1121 726 1122
f 1122 726 725
f 1122 725 1123
f 1123 725 724
f 1123 724 1118
f 1118 724 723
f 1118 723 1119
f 1119 723 722
f 1119 722 1120
f 1120 722 735
f 1120 735 1115
f 1115 735 734
f 1115 734 1116
f 1116 734 733
f 1116 733 1117
f 1117 733 753
f 1117 753 1112
f 1112 753 752
f 1112 752 1113
f 1113 752 751
f 1113 751 1114
f 1114 751 745
f 1114 745 1109
f 1109 745 744
f 1109 744 1110
f 1110 744 743
f 1110 743 1111
f 1111 743 742
f 1111 742 1106
f 1106 742 741
f 1106 741 1107
f 1107 741 740
f 1107 740 1108
f 1108 740 739
f 1108 739 1103
f 1103 739 732
f 1103 732 1104
f 1104 732 731
f 1104 731 1105
f 1105 731 730
f 1105 730 1098
f 1098 730 758
f 1098 758 1099
f 1099 758 757
f 1099 757 1135
f 1135 757 755
f 1135 755 754
f 1136 1137 1138
f 1138 1137 1139
f 1138 1139 1140
f 1141 1142 1138
f 1138 1142 1143
f 1138 1143 1136
f 1144 1145 1138
f 1138 1145 1146
f 1138 1146 1141
f 1147 1148 1138
f 1138 1148 1149
f 1138 1149 1144
f 1150 1151 1138
f 1138 1151 1152
f 1138 1152 1147
f 1153 1154 1138
f 1138 1154 1155
f 1138 1155 1150
f 1156 1157 1138
f 1138 1157 1158
f 1138 1158 1153
f 1159 1160 1138
f 1138 1160 1161
f 1138 1161 1156
f 1162 1163 1138
f 1138 1163 1164
f 1138 1164 1159
f 1165 1166 1138
f 1138 1166 1167
f 1138 1167 1162
f 1168 1169 1138
f 1138 1169 1170
f 1138 1170 1165
f 1140 1171 1138
f 1138 1171 1172
f 1138 1172 1168
f 1173 1139 1137
f 1139 1173 1140
f 1140 1173 698
f 1140 698 1171
f 1171 698 697
f 1171 697 1172
f 1172 697 678
f 1172 678 1168
f 1168 678 676
f 1168 676 1169
f 1169 676 675
f 1169 675 1170
f 1170 675 686
f 1170 686 1165
f 1165 686 685
f 1165 685 1166
f 1166 685 684
f 1166 684 1167
f 1167 684 683
f 1167 683 1162
f 1162 683 682
f 1162 682 1163
f 1163 682 696
f 1163 696 1164
f 1164 696 695
f 1164 695 1159
f 1159 695 637
f 1159 637 1160
f 1160 637 706
f 1160 706 1161
f 1161 706 705
f 1161 705 1156
f 1156 705 690
f 1156 690 1157
f 1157 690 689
f 1157 689 1158
f 1158 689 715
f 1158 715 1153
f 1153 715 714
f 1153 714 1154
f 1154 714 713
f 1154 713 1155
f 1155 713 693
f 1155 693 1150
f 1150 693 692
f 1150 692 1151
f 1151 692 691
f 1151 691 1152
f 1152 691 688
f 1152 688 1147
f 1147 688 687
f 1147 687 1148
f 1148 687 704
f 1148 704 1149
f 1149 704 703
f 1149 703 1144
f 1144 703 702
f 1144 702 1145
f 1145 702 680
f 1145 680 1146
f 1146 680 679
f 1146 679 1141
f 1141 679 712
f 1141 712 1142
f 1142 712 711
f 1142 711 1143
f 1143 711 710
f 1143 710 1136
f 1136 710 709
f 1136 709 1137
f 1137 709 708
f 1137 708 1173
f 1173 708 707
f 1173 707 698
f 1174 1175 1176
f 1176 1175 1177
f 1176 1177 1178
f 1179 1180 1176
f 1176 1180 1181
f 1176 1181 1174
f 1182 1183 1176
f 1176 1183 1184
f 1176 1184 1179
f 1185 1186 1176
f 1176 1186 1187
f 1176 1187 1182
f 1188 1189 1176
f 1176 1189 1190
f 1176 1190 1185
f 1191 1192 1176
f 1176 1192 1193
f 1176 1193 1188
f 1194 1195 1176
f 1176 1195 1196
f 1176 1196 1191
f 1197 1198 1176
f 1176 1198 1199
f 1176 1199 1194
f 1200 1201 1176
f 1176 1201 1202
f 1176 1202 1197
f 1203 1204 1176
f 1176 1204 1205
f 1176 1205 1200
f 1206 1207 1176
f 1176 1207 1208
f 1176 1208 1203
f 1178 1209 1176
f 1176 1209 1210
f 1176 1210 1206
f 1211 1177 1175
f 1177 1211 1178
f 1178 1211 654
f 1178 654 1209
f 1209 654 653
f 1209 653 1210
f 1210 653 640
f 1210 640 1206
f 1206 640 639
f 1206 639 1207
f 1207 639 638
f 1207 638 1208
f 1208 638 649
f 1208 649 1203
f 1203 649 650
f 1203 650 1204
f 1204 650 652
f 1204 652 1205
f 1205 652 651
f 1205 651 1200
f 1200 651 641
f 1200 641 1201
f 1201 641 643
f 1201 643 1202
f 1202 643 644
f 1202 644 1197
f 1197 644 674
f 1197 674 1198
f 1198 674 673
f 1198 673 1199
f 1199 673 672
f 1199 672 1194
f 1194 672 671
f 1194 671 1195
f 1195 671 670
f 1195 670 1196
f 1196 670 669
f 1196 669 1191
f 1191 669 648
f 1191 648 1192
f 1192 648 647
f 1192 647 1193
f 1193 647 666
f 1193 666 1188
f 1188 666 665
f 1188 665 1189
f 1189 665 664
f 1189 664 1190
f 1190 664 646
f 1190 646 1185
f 1185 646 645
f 1185 645 1186
f 1186 645 660
f 1186 660 1187
f 1187 660 659
f 1187 659 1182
f 1182 659 658
f 1182 658 1183
f 1183 658 657
f 1183 657 1184
f 1184 657 656
f 1184 656 1179
f 1179 656 668
f 1179 668 1180
f 1180 668 667
f 1180 667 1181
f 1181 667 663
f 1181 663 1174
f 1174 663 662
f 1174 662 1175
f 1175 662 661
f 1175 661 1211
f 1211 661 655
f 1211 655 654
f 1212 1213 1214
f 1214 1213 1215
f 1214 1215 1216
f 1217 1218 1214
f 1214 1218 1219
f 1214 1219 1212
f 1220 1221 1214
f 1214 1221 1222
f 1214 1222 1217
f 1223 1224 1214
f 1214 1224 1225
f 1214 1225 1220
f 1226 1227 1214
f 1214 1227 1228
f 1214 1228 1223
f 1229 1230 1214
f 1214 1230 1231
f 1214 1231 1226
f 1232 1233 1214
f 1214 1233 1234
f 1214 1234 1229
f 1235 1236 1214
f 1214 1236 1237
f 1214 1237 1232
f 1238 1239 1214
f 1214 1239 1240
f 1214 1240 1235
f 1241 1242 1214
f 1214 1242 1243
f 1214 1243 1238
f 1244 1245 1214
f 1214 1245 1246
f 1214 1246 1241
f 1216 1247 1214
f 1214 1247 1248
f 1214 1248 1244
f 1249 1215 1213
f 1215 1249 1216
f 1216 1249 859
f 1216 859 1247
f 1247 859 858
f 1247 858 1248
f 1248 858 857
f 1248 857 1244
f 1244 857 856
f 1244 856 1245
f 1245 856 869
f 1245 869 1246
f 1246 869 868
f 1246 868 1241
f 1241 868 867
f 1241 867 1242
f 1242 867 841
f 1242 841 1243
f 1243 841 843
f 1243 843 1238
f 1238 843 844
f 1238 844 1239
f 1239 844 878
f 1239 878 1240
f 1240 878 877
f 1240 877 1235
f 1235 877 871
f 1235 871 1236
f 1236 871 870
f 1236 870 1237
f 1237 870 882
f 1237 882 1232
f 1232 882 881
f 1232 881 1233
f 1233 881 880
f 1233 880 1234
f 1234 880 879
f 1234 879 1229
f 1229 879 875
f 1229 875 1230
f 1230 875 874
f 1230 874 1231
f 1231 874 873
f 1231 873 1226
f 1226 873 866
f 1226 866 1227
f 1227 866 865
f 1227 865 1228
f 1228 865 854
f 1228 854 1223
f 1223 854 853
f 1223 853 1224
f 1224 853 852
f 1224 852 1225
f 1225 852 851
f 1225 851 1220
f 1220 851 850
f 1220 850 1221
f 1221 850 849
f 1221 849 1222
f 1222 849 848
f 1222 848 1217
f 1217 848 847
f 1217 847 1218
f 1218 847 846
f 1218 846 1219
f 1219 846 845
f 1219 845 1212
f 1212 845 864
f 1212 864 1213
f 1213 864 863
f 1213 863 1249
f 1249 863 861
f 1249 861 859
f 1250 1251 1252
f 1252 1251 1253
f 1252 1253 1254
f 1255 1256 1252
f 1252 1256 1257
f 1252 1257 1250
f 1258 1259 1252
f 1252 1259 1260
f 1252 1260 1255
f 1261 1262 1252
f 1252 1262 1263
f 1252 1263 1258
f 1264 1265 1252
f 1252 1265 1266
f 1252 1266 1261
f 1267 1268 1252
f 1252 1268 1269
f 1252 1269 1264
f 1270 1271 1252
f 1252 1271 1272
f 1252 1272 1267
f 1273 1274 1252
f 1252 1274 1275
f 1252 1275 1270
f 1276 1277 1252
f 1252 1277 1278
f 1252 1278 1273
f 1279 1280 1252
f 1252 1280 1281
f 1252 1281 1276
f 1282 1283 1252
f 1252 1283 1284
f 1252 1284 1279
f 1254 1285 1252
f 1252 1285 1286
f 1252 1286 1282
f 1287 1253 1251
f 1253 1287 1254
f 1254 1287 829
f 1254 829 1285
f 1285 829 817
f 1285 817 1286
f 1286 817 816
f 1286 816 1282
f 1282 816 814
f 1282 814 1283
f 1283 814 813
f 1283 813 1284
f 1284 813 808
f 1284 808 1279
f 1279 808 807
f 1279 807 1280
f 1280 807 828
f 1280 828 1281
f 1281 828 827
f 1281 827 1276
f 1276 827 826
f 1276 826 1277
f 1277 826 797
f 1277 797 1278
f 1278 797 796
f 1278 796 1273
f 1273 796 825
f 1273 825 1274
f 1274 825 824
f 1274 824 1275
f 1275 824 823
f 1275 823 1270
f 1270 823 805
f 1270 805 1271
f 1271 805 804
f 1271 804 1272
f 1272 804 822
f 1272 822 1267
f 1267 822 821
f 1267 821 1268
f 1268 821 820
f 1268 820 1269
f 1269 820 803
f 1269 803 1264
f 1264 803 802
f 1264 802 1265
f 1265 802 801
f 1265 801 1266
f 1266 801 795
f 1266 795 1261
f 1261 795 794
f 1261 794 1262
f 1262 794 812
f 1262 812 1263
f 1263 812 811
f 1263 811 1258
f 1258 811 810
f 1258 810 1259
f 1259 810 800
f 1259 800 1260
f 1260 800 799
f 1260 799 1255
f 1255 799 836
f 1255 836 1256
f 1256 836 835
f 1256 835 1257
f 1257 835 834
f 1257 834 1250
f 1250 834 833
f 1250 833 1251
f 1251 833 832
f 1251 832 1287
f 1287 832 830
f 1287 830 829
f 1288 1289 1290
f 1290 1289 1291
f 1290 1291 1292
f 1293 1294 1290
f 1290 1294 1295
f 1290 1295 1288
f 1296 1297 1290
f 1290 1297 1298
f 1290 1298 1293
f 1299 1300 1290
f 1290 1300 1301
f 1290 1301 1296
f 1302 1303 1290
f 1290 1303 1304
f 1290 1304 1299
f 1305 1306 1290
f 1290 1306 1307
f 1290 1307 1302
f 1308 1309 1290
f 1290 1309 1310
f 1290 1310 1305
f 1311 1312 1290
f 1290 1312 1313
f 1290 1313 1308
f 1314 1315 1290
f 1290 1315 1316
f 1290 1316 1311
f 1317 1318 1290
f 1290 1318 1319
f 1290 1319 1314
f 1320 1321 1290
f 1290 1321 1322
f 1290 1322 1317
f 1292 1323 1290
f 1290 1323 1324
f 1290 1324 1320
f 1325 1291 1289
f 1291 1325 1292
f 1292 1325 773
f 1292 773 1323
f 1323 773 772
f 1323 772 1324
f 1324 772 761
f 1324 761 1320
f 1320 761 762
f 1320 762 1321
f 1321 762 763
f 1321 763 1322
f 1322 763 764
f 1322 764 1317
f 1317 764 766
f 1317 766 1318
f 1318 766 782
f 1318 782 1319
f 1319 782 781
f 1319 781 1314
f 1314 781 768
f 1314 768 1315
f 1315 768 767
f 1315 767 1316
f 1316 767 780
f 1316 780 1311
f 1311 780 791
f 1311 791 1312
f 1312 791 790
f 1312 790 1313
f 1313 790 789
f 1313 789 1308
f 1308 789 779
f 1308 779 1309
f 1309 779 778
f 1309 778 1310
f 1310 778 777
f 1310 777 1305
f 1305 777 760
f 1305 760 1306
f 1306 760 759
f 1306 759 1307
f 1307 759 771
f 1307 771 1302
f 1302 771 770
f 1302 770 1303
f 1303 770 769
f 1303 769 1304
f 1304 769 633
f 1304 633 1299
f 1299 633 632
f 1299 632 1300
f 1300 632 776
f 1300 776 1301
f 1301 776 775
f 1301 775 1296
f 1296 775 788
f 1296 788 1297
f 1297 788 787
f 1297 787 1298
f 1298 787 786
f 1298 786 1293
f 1293 786 793
f 1293 793 1294
f 1294 793 792
f 1294 792 1295
f 1295 792 785
f 1295 785 1288
f 1288 785 784
f 1288 784 1289
f 1289 784 783
f 1289 783 1325
f 1325 783 774
f 1325 774 773
f 1326 1327 1328
f 1328 1327 1329
f 1327 1330 1329
f 1329 1330 1331
f 1329 1331 1332
f 1333 1334 1335
f 1335 1334 1332
f 1335 1332 1336
f 1336 1332 1331
f 1337 1338 1339
f 1339 1338 1334
f 1339 1334 1340
f 1340 1334 1333
f 1337 1341 1338
f 1338 1341 1342
f 1338 1342 1343
f 1342 1344 1343
f 1343 1344 1345
f 1343 1345 1346
f 1347 1348 1349
f 1349 1348 1346
f 1349 1346 1350
f 1350 1346 1345
f 1351 1352 1353
f 1353 1352 1348
f 1353 1348 1354
f 1354 1348 1347
f 1351 1355 1352
f 1352 1355 1356
f 1352 1356 1357
f 1356 1358 1357
f 1357 1358 1359
f 1357 1359 1360
f 1361 1362 1363
f 1363 1362 1364
f 1363 1364 1365
f 1365 1364 1360
f 1365 1360 1366
f 1366 1360 1359
f 1367 1368 1369
f 1369 1368 1362
f 1369 1362 1370
f 1370 1362 1361
f 1367 1371 1368
f 1368 1371 1372
f 1368 1372 1373
f 1372 1374 1373
f 1373 1374 1375
f 1373 1375 1376
f 1377 1378 1379
f 1379 1378 1376
f 1379 1376 1380
f 1380 1376 1375
f 1381 1382 1383
f 1383 1382 1378
f 1383 1378 1384
f 1384 1378 1377
f 1381 1385 1382
f 1382 1385 1386
f 1382 1386 1387
f 1386 1388 1387
f 1387 1388 1389
f 1387 1389 1390
f 1391 1392 1393
f 1393 1392 1390
f 1393 1390 1394
f 1394 1390 1389
f 1391 1395 1392
f 1392 1395 1396
f 1392 1396 1397
f 1397 1396 1398
f 1397 1398 1399
f 1399 1400 1397
f 1397 1400 1401
f 1397 1401 1402
f 1402 1401 1403
f 1404 1403 1405
f 1405 1403 1401
f 1405 1401 1406
f 1406 1401 1400
f 1404 1407 1403
f 1403 1407 1408
f 1403 1408 1409
f 1410 1411 1412
f 1412 1411 1409
f 1412 1409 1413
f 1413 1409 1408
f 1410 1414 1411
f 1411 1414 1415
f 1411 1415 1416
f 1415 1417 1416
f 1416 1417 1418
f 1416 1418 1419
f 1420 1421 1422
f 1422 1421 1419
f 1422 1419 1423
f 1423 1419 1418
f 1424 1425 1426
f 1426 1425 1421
f 1426 1421 1427
f 1427 1421 1420
f 1424 1428 1425
f 1425 1428 1429
f 1425 1429 1430
f 1431 1432 1433
f 1433 1432 1430
f 1433 1430 1434
f 1434 1430 1429
f 1431 1435 1432
f 1432 1435 1436
f 1432 1436 1437
f 1438 1439 1440
f 1440 1439 1437
f 1440 1437 1441
f 1441 1437 1436
f 1438 1442 1439
f 1439 1442 1443
f 1439 1443 1444
f 1443 1445 1444
f 1444 1445 1446
f 1444 1446 1447
f 1448 1449 1450
f 1450 1449 1447
f 1450 1447 1451
f 1451 1447 1446
f 1452 1453 1454
f 1454 1453 1449
f 1454 1449 1455
f 1455 1449 1448
f 1452 1456 1453
f 1453 1456 1457
f 1453 1457 1458
f 1457 1459 1458
f 1458 1459 1460
f 1458 1460 1461
f 1462 1463 1464
f 1464 1463 1461
f 1464 1461 1465
f 1465 1461 1460
f 1466 1467 1468
f 1468 1467 1463
f 1468 1463 1469
f 1469 1463 1462
f 1466 1470 1467
f 1467 1470 1471
f 1467 1471 1472
f 1471 1473 1472
f 1472 1473 1474
f 1472 1474 1328
f 1328 1474 1475
f 1328 1475 1326
f 1476 1477 1478
f 1479 1480 571
f 1481 1482 587
f 614 612 1483
f 1483 612 610
f 539 1484 541
f 1485 1486 559
f 559 561 1487
f 1487 561 563
f 1487 563 565
f 1486 1488 559
f 559 1488 1489
f 559 1489 557
f 557 1489 1490
f 557 1490 1491
f 1492 1493 550
f 550 1493 1494
f 550 1494 1495
f 1496 1497 1487
f 1487 1497 1498
f 1487 1498 1499
f 1499 1500 1487
f 1487 1500 1501
f 1487 1501 559
f 559 1501 1502
f 559 1502 1485
f 1491 1503 557
f 557 1503 1504
f 557 1504 555
f 1505 1506 1507
f 1507 1506 1508
f 1496 1487 1509
f 1509 1487 1507
f 1509 1507 1510
f 1504 1511 555
f 555 1511 1512
f 555 1512 549
f 549 1512 1513
f 549 1513 550
f 550 1513 1514
f 550 1514 1492
f 1495 1515 550
f 550 1515 1516
f 550 1516 1517
f 1508 1518 1507
f 1507 1518 1519
f 1507 1519 1510
f 1520 1521 1507
f 1507 1521 1522
f 1507 1522 1505
f 1523 1524 550
f 1525 1526 550
f 550 1526 1527
f 550 1527 1523
f 1524 1528 550
f 550 1528 1529
f 550 1529 551
f 551 1529 1530
f 1531 1532 551
f 1507 1533 1534
f 551 1535 1536
f 1537 1538 1507
f 1507 1538 1539
f 1507 1539 1533
f 1517 1520 550
f 550 1520 1507
f 550 1507 1525
f 1525 1507 1534
f 1525 1534 1540
f 1540 1534 1541
f 1540 1541 1542
f 1530 1543 551
f 551 1543 1544
f 551 1544 1535
f 1536 1545 551
f 551 1545 1546
f 551 1546 1531
f 1532 1547 551
f 551 1547 1548
f 551 1548 1549
f 1549 1548 1550
f 1549 1550 1551
f 1552 1553 551
f 551 1553 1554
f 551 1554 1555
f 1556 1557 1558
f 1559 1560 1549
f 1549 1560 1561
f 1549 1561 1562
f 1563 523 1564
f 1564 523 1565
f 1556 1558 1566
f 1562 1567 1549
f 1549 1567 1568
f 1549 1568 1569
f 1555 1570 551
f 551 1570 1571
f 551 1571 552
f 552 1571 1572
f 552 1572 517
f 1572 1573 517
f 517 1573 1574
f 517 1574 519
f 519 1574 1575
f 1576 1577 521
f 521 1577 1578
f 521 1578 523
f 523 1578 1579
f 523 1579 1565
f 1569 1580 1549
f 1549 1580 1581
f 1549 1581 551
f 551 1581 1582
f 551 1582 1552
f 1575 1583 519
f 519 1583 1584
f 519 1584 521
f 521 1584 1585
f 521 1585 1576
f 1557 1586 1558
f 1558 1586 1587
f 1558 1587 1549
f 1549 1587 1588
f 1549 1588 1559
f 1563 1566 523
f 523 1566 1558
f 523 1558 525
f 525 1558 527
f 533 531 1558
f 1558 531 529
f 1558 529 527
f 539 1589 1590
f 1591 1592 1549
f 1549 1592 1593
f 1484 1594 1595
f 1593 1596 1549
f 1549 1596 1597
f 1549 1597 1598
f 1598 1599 1549
f 1549 1599 1600
f 1549 1600 1558
f 1558 1600 1601
f 1558 1601 1602
f 533 1603 1604
f 539 1590 1484
f 1484 1590 1605
f 1484 1605 1594
f 1595 1606 1484
f 1484 1606 1607
f 1484 1607 1608
f 1604 1609 533
f 533 1609 1610
f 533 1610 535
f 535 1610 1611
f 535 1611 1612
f 1608 1613 1484
f 1484 1613 1614
f 1484 1614 1549
f 1549 1614 1615
f 1549 1615 1591
f 1602 1616 1558
f 1558 1616 1617
f 1558 1617 533
f 533 1617 1618
f 533 1618 1603
f 1619 537 1620
f 1620 537 535
f 1620 535 1621
f 1621 535 1612
f 1619 1622 537
f 537 1622 1623
f 537 1623 539
f 539 1623 1624
f 539 1624 1589
f 1625 1626 541
f 1626 1627 541
f 541 1627 1628
f 541 1628 1629
f 1629 1630 541
f 541 1630 1631
f 541 1631 1632
f 1633 1634 1635
f 1635 1634 1636
f 1635 1636 1637
f 1638 1639 541
f 1640 1641 1635
f 1635 1641 1642
f 1642 1643 1635
f 1635 1643 1644
f 1635 1644 1645
f 1646 1647 1648
f 1648 1647 1633
f 1648 1633 1632
f 1632 1633 1635
f 1632 1635 541
f 541 1635 1645
f 541 1645 1638
f 1639 1649 541
f 541 1649 1650
f 541 1650 1651
f 1652 1653 547
f 547 1653 1654
f 547 1654 594
f 594 1654 1655
f 594 1655 1656
f 598 596 1657
f 1656 1658 594
f 594 1658 1659
f 594 1659 596
f 596 1659 1660
f 596 1660 1657
f 1651 1661 541
f 541 1661 1662
f 541 1662 543
f 1662 1663 543
f 543 1663 1664
f 543 1664 545
f 1664 1665 545
f 545 1665 1666
f 545 1666 547
f 547 1666 1667
f 547 1667 1652
f 1657 1668 598
f 598 1668 1669
f 598 1669 600
f 600 1669 1670
f 1670 1671 600
f 600 1671 1672
f 600 1672 1635
f 1635 1672 1673
f 1635 1673 1674
f 1674 1675 1635
f 1635 1675 1676
f 1635 1676 1640
f 1677 1678 600
f 1679 1483 1680
f 1680 1483 1681
f 600 1678 602
f 604 1682 606
f 606 1682 1683
f 606 1683 1684
f 1685 1635 1686
f 1686 1635 1483
f 1686 1483 1687
f 1687 1483 1679
f 1685 1688 1635
f 1635 1688 1689
f 1635 1689 1690
f 1684 1691 606
f 606 1691 1692
f 606 1692 608
f 608 1692 1693
f 608 1693 1694
f 1690 1695 1635
f 1635 1695 1696
f 1635 1696 1697
f 1678 1698 602
f 602 1698 1699
f 602 1699 604
f 604 1699 1700
f 604 1700 1682
f 1697 1701 1635
f 1635 1701 1702
f 1635 1702 600
f 600 1702 1703
f 600 1703 1677
f 1704 610 1705
f 1705 610 608
f 1705 608 1706
f 1706 608 1694
f 1707 1708 1483
f 1483 1708 1709
f 1483 1709 1681
f 1704 1710 610
f 610 1710 1711
f 610 1711 1483
f 1483 1711 1712
f 1483 1712 1707
f 1713 1714 1715
f 1715 1716 1713
f 1713 1716 1717
f 1713 1717 1718
f 1718 1719 1713
f 1713 1719 1720
f 1713 1720 1721
f 1722 1723 1724
f 1721 1725 1713
f 1713 1725 1726
f 1713 1726 1724
f 1724 1726 1727
f 1724 1727 1722
f 1724 1728 1729
f 1723 1730 1724
f 1724 1730 1731
f 1724 1731 1728
f 1714 1713 1732
f 1732 1713 628
f 1732 628 1733
f 1734 1735 620
f 620 1735 1736
f 620 1736 622
f 622 1736 1737
f 1737 1738 622
f 622 1738 1739
f 622 1739 624
f 1740 1741 616
f 616 1741 1742
f 616 1742 618
f 618 1742 1743
f 1743 1744 618
f 618 1744 1745
f 618 1745 620
f 620 1745 1746
f 620 1746 1734
f 1739 1747 624
f 624 1747 1748
f 624 1748 626
f 626 1748 1749
f 626 1749 628
f 628 1749 1750
f 628 1750 1733
f 1751 1752 591
f 587 1482 589
f 589 1482 1753
f 589 1753 591
f 591 1753 1754
f 591 1754 1751
f 1752 1755 591
f 591 1755 1756
f 591 1756 1757
f 1758 1759 1713
f 1757 1760 591
f 591 1760 1761
f 591 1761 1713
f 1713 1761 1762
f 1713 1762 1758
f 1713 1763 1764
f 1759 1765 1713
f 1713 1765 1766
f 1713 1766 1763
f 1764 1767 1713
f 1713 1767 1768
f 1713 1768 628
f 628 1768 1769
f 579 1770 581
f 581 1770 1771
f 1771 1772 581
f 581 1772 1773
f 581 1773 583
f 583 1773 1774
f 583 1774 1775
f 1481 587 1776
f 1776 587 585
f 1776 585 1777
f 1769 1778 628
f 628 1778 1779
f 628 1779 629
f 629 1779 1780
f 629 1780 579
f 579 1780 1781
f 579 1781 1770
f 1775 1782 583
f 583 1782 1783
f 583 1783 585
f 585 1783 1784
f 585 1784 1777
f 1785 1786 591
f 591 1786 1787
f 591 1787 1788
f 592 591 1789
f 1788 1790 591
f 591 1790 1791
f 591 1791 1789
f 1792 1785 1793
f 1793 1785 591
f 1793 591 1794
f 1794 591 1713
f 1794 1713 1795
f 1795 1713 1796
f 1480 1797 571
f 571 1797 1798
f 571 1798 1487
f 1487 1798 1799
f 1799 1800 1487
f 1487 1800 1801
f 1487 1801 1802
f 1803 1804 573
f 573 1804 1805
f 573 1805 571
f 571 1805 1806
f 571 1806 1479
f 1807 1808 1507
f 1507 1808 1809
f 1507 1809 1810
f 1810 1811 1507
f 1507 1811 1812
f 1507 1812 1813
f 1814 1815 1816
f 1816 1815 1817
f 1816 1817 1818
f 592 1816 575
f 575 1816 1819
f 575 1819 1820
f 1820 1821 575
f 575 1821 1822
f 575 1822 573
f 573 1822 1823
f 573 1823 1803
f 1802 1824 1487
f 1487 1824 1825
f 1487 1825 1507
f 1507 1825 1826
f 1507 1826 1807
f 1818 1827 1816
f 1816 1827 1828
f 1816 1828 1819
f 1813 1829 1507
f 1507 1829 1830
f 1507 1830 1816
f 1816 1830 1831
f 1816 1831 1814
f 565 567 1487
f 1487 567 569
f 1487 569 571
f 592 1789 1816
f 1816 1789 1832
f 1816 1832 1833
f 1833 1834 1816
f 1816 1834 1835
f 1816 1835 1836
f 1836 1837 1816
f 1816 1837 1838
f 1816 1838 1507
f 1507 1838 1839
f 1507 1839 1537
f 1840 1841 1713
f 1713 1841 1842
f 1713 1842 1796
f 1843 1844 1845
f 1846 1847 1724
f 1724 1847 1848
f 1724 1848 1849
f 1849 1843 1724
f 1724 1843 1845
f 1724 1845 1713
f 1713 1845 1850
f 1713 1850 1840
f 1477 1851 1478
f 1478 1851 1852
f 1478 1852 1724
f 1724 1852 1853
f 1724 1853 1846
f 1854 1483 1855
f 1855 1483 1856
f 1854 1476 1483
f 1483 1476 1478
f 1483 1478 614
f 614 1478 1724
f 614 1724 616
f 616 1724 1729
f 616 1729 1740
f 1637 1857 1635
f 1635 1857 1858
f 1635 1858 1483
f 1483 1858 1859
f 1483 1859 1856
f 1860 1861 1484
f 1484 1861 1862
f 1484 1862 1863
f 1864 1625 1865
f 1865 1625 541
f 1865 541 1866
f 1866 541 1484
f 1866 1484 1867
f 1867 1484 1863
f 1551 1868 1549
f 1549 1868 1869
f 1549 1869 1484
f 1484 1869 1870
f 1484 1870 1860
f 1441 1436 1871
f 1872 1873 1874
f 1875 1876 1877
f 1878 1879 1880
f 1881 1882 1883
f 1869 1868 1884
f 1885 1886 1887
f 1887 1886 1888
f 1888 1889 1843
f 1843 1889 1890
f 1890 1891 1843
f 1843 1891 1892
f 1843 1892 1844
f 1893 1894 1895
f 1896 1897 1895
f 1895 1897 1898
f 1895 1898 1893
f 1899 1900 1901
f 1902 1903 1901
f 1901 1903 1904
f 1901 1904 1899
f 1900 1905 1901
f 1901 1905 1906
f 1901 1906 1907
f 1908 1909 1910
f 1910 1909 1911
f 1910 1911 1912
f 1913 1914 1915
f 1915 1916 1913
f 1913 1916 1917
f 1913 1917 1918
f 1919 1920 1921
f 1921 1920 1922
f 1921 1922 1923
f 1923 1922 1924
f 1923 1924 1925
f 1925 1926 1923
f 1923 1926 1927
f 1923 1927 1913
f 1913 1927 1928
f 1913 1928 1914
f 1929 1785 1930
f 1930 1785 1792
f 1929 1931 1785
f 1785 1931 1932
f 1785 1932 1921
f 1921 1932 1933
f 1921 1933 1919
f 1934 1935 1936
f 1936 1935 1937
f 1937 1938 1541
f 1541 1938 1939
f 1939 1940 1541
f 1541 1940 1941
f 1541 1941 1542
f 1942 1943 1944
f 1945 1946 1944
f 1944 1946 1947
f 1944 1947 1942
f 1948 1949 1950
f 1951 1952 1950
f 1950 1952 1953
f 1950 1953 1948
f 1949 1954 1950
f 1950 1954 1955
f 1950 1955 1956
f 1957 1958 1959
f 1959 1958 1960
f 1959 1960 1951
f 1961 1962 1963
f 1962 1964 1963
f 1963 1964 1965
f 1963 1965 1966
f 1966 1967 1963
f 1963 1967 1968
f 1963 1968 1969
f 1970 1883 1971
f 1971 1883 1882
f 1971 1882 1972
f 1970 1973 1883
f 1883 1973 1974
f 1883 1974 1975
f 1543 1976 1544
f 1544 1976 1977
f 1544 1977 1978
f 1979 1980 1882
f 1882 1980 1981
f 1882 1981 1972
f 1982 1983 1984
f 1984 1983 1985
f 1865 1986 1987
f 1987 1988 1865
f 1865 1988 1989
f 1865 1989 1864
f 1990 1991 1992
f 1993 1994 1992
f 1992 1994 1995
f 1992 1995 1990
f 1996 1997 1998
f 1999 2000 1998
f 1998 2000 2001
f 1998 2001 1996
f 1997 2002 1998
f 1998 2002 2003
f 1998 2003 2004
f 2005 2006 2007
f 2007 2006 1999
f 2008 2009 2010
f 2009 2011 2010
f 2010 2011 2012
f 2010 2012 2013
f 2013 2014 2010
f 2010 2014 2015
f 2010 2015 2016
f 2017 1877 2018
f 2018 1877 1876
f 2018 1876 2019
f 2017 2020 1877
f 1877 2020 2021
f 1877 2021 2022
f 1646 2023 1647
f 1647 2023 2024
f 1647 2024 2025
f 2026 2027 1876
f 1876 2027 2028
f 1876 2028 2019
f 1978 1979 1544
f 1544 1979 1882
f 1544 1882 1535
f 1535 1882 1881
f 1535 1881 1536
f 1787 1879 1788
f 1788 1879 1878
f 1788 1878 1790
f 2025 2026 1647
f 1647 2026 1876
f 1647 1876 1633
f 1633 1876 1875
f 1633 1875 1634
f 1867 1873 1866
f 1866 1873 1872
f 1866 1872 1865
f 2029 2030 2031
f 1545 1536 2032
f 2032 1536 1881
f 2032 1881 2033
f 2033 1881 1883
f 2033 1883 1963
f 1963 1883 1975
f 1963 1975 1961
f 2034 1880 2035
f 2035 1880 1879
f 2035 1879 2036
f 2036 1879 1787
f 2036 1787 1786
f 1636 1634 2037
f 2037 1634 1875
f 2037 1875 2038
f 2038 1875 1877
f 2038 1877 2010
f 2010 1877 2022
f 2010 2022 2008
f 2039 1874 2040
f 2040 1874 1873
f 2040 1873 2041
f 2041 1873 1867
f 2041 1867 1863
f 1546 1545 2042
f 2042 1545 2032
f 2042 2032 2043
f 2043 2032 2033
f 2043 2033 2044
f 2044 2033 1963
f 2044 1963 2045
f 2045 1963 1969
f 2046 2034 1913
f 1913 2034 2035
f 1913 2035 1923
f 1923 2035 2036
f 1923 2036 1921
f 1921 2036 1786
f 1921 1786 1785
f 1637 1636 2047
f 2047 1636 2037
f 2047 2037 2048
f 2048 2037 2038
f 2048 2038 2049
f 2049 2038 2010
f 2049 2010 2050
f 2050 2010 2016
f 2050 2016 2051
f 2052 2039 2053
f 2053 2039 2040
f 2053 2040 2054
f 2054 2040 2041
f 2054 2041 2055
f 2055 2041 1863
f 2055 1863 1862
f 2056 2052 2057
f 2057 2052 2053
f 2057 2053 2058
f 2058 2053 2054
f 2058 2054 2059
f 2059 2054 2055
f 2059 2055 2060
f 2060 2055 1862
f 2060 1862 1861
f 2061 2062 2063
f 2064 2056 2065
f 2065 2056 2057
f 2065 2057 2066
f 2066 2057 2058
f 2066 2058 2067
f 2067 2058 2059
f 2067 2059 2068
f 2068 2059 2060
f 2068 2060 2069
f 2069 2060 1861
f 2069 1861 1860
f 2070 2064 2071
f 2071 2064 2065
f 2071 2065 2072
f 2072 2065 2066
f 2072 2066 2073
f 2073 2066 2067
f 2073 2067 2074
f 2074 2067 2068
f 2074 2068 2075
f 2075 2068 2069
f 2075 2069 2076
f 2076 2069 1860
f 2076 1860 1870
f 1833 1832 2077
f 2077 1832 2078
f 2077 2078 2079
f 2079 2078 2080
f 2079 2080 2081
f 2081 2080 2082
f 2081 2082 2083
f 2083 2082 2084
f 2083 2084 2085
f 2085 2084 2086
f 2085 2086 2087
f 2087 2086 2088
f 2087 2088 2089
f 2089 2088 2090
f 2089 2090 2091
f 2091 2090 2092
f 2093 2070 2094
f 2094 2070 2071
f 2094 2071 2095
f 2095 2071 2072
f 2095 2072 2096
f 2096 2072 2073
f 2096 2073 2097
f 2097 2073 2074
f 2097 2074 2098
f 2098 2074 2075
f 2098 2075 2099
f 2099 2075 2076
f 2099 2076 2100
f 2100 2076 1870
f 2100 1870 1869
f 2101 2102 2103
f 2104 2105 2106
f 2106 2105 2107
f 2106 2107 2108
f 2108 2107 2109
f 2108 2109 2110
f 2110 2109 2061
f 2110 2061 2111
f 2111 2061 2063
f 2111 2063 2112
f 1868 1551 2031
f 2031 1551 2113
f 2031 2113 2029
f 2029 2113 2114
f 2029 2114 2115
f 2115 2114 2116
f 2115 2116 2117
f 2117 2116 2118
f 2117 2118 2119
f 2119 2118 2120
f 2119 2120 2121
f 2121 2120 2122
f 2121 2122 2123
f 2123 2122 2124
f 2123 2124 2125
f 2125 2124 2126
f 1548 1547 2127
f 2127 1547 2128
f 2127 2128 2129
f 2129 2128 2130
f 2129 2130 2131
f 2131 2130 2132
f 2131 2132 2133
f 2133 2132 2134
f 2133 2134 2135
f 2135 2134 2136
f 2135 2136 2137
f 2137 2136 2138
f 2137 2138 2139
f 2139 2138 2140
f 2139 2140 2141
f 2141 2140 2142
f 1531 1546 2143
f 2143 1546 2042
f 2143 2042 2144
f 2144 2042 2043
f 2144 2043 2145
f 2145 2043 2044
f 2145 2044 2146
f 2146 2044 2045
f 2146 2045 2147
f 2147 2045 2148
f 2147 2148 2149
f 2149 2148 2150
f 2149 2150 2151
f 2151 2150 2152
f 2151 2152 2153
f 2153 2152 2154
f 2155 2156 2157
f 2157 2156 2158
f 2157 2158 2159
f 2159 2158 2160
f 2159 2160 2161
f 2161 2160 2162
f 2161 2162 2163
f 2163 2162 2164
f 2163 2164 2165
f 2165 2164 1950
f 2165 1950 1944
f 1944 1950 1956
f 1944 1956 1945
f 1541 1534 2166
f 2166 1534 2167
f 2166 2167 2168
f 2168 2167 2169
f 2168 2169 2170
f 2170 2169 2171
f 2170 2171 2172
f 2172 2171 2173
f 2172 2173 2174
f 2174 2173 2175
f 2174 2175 2176
f 2176 2175 2177
f 2176 2177 2178
f 2178 2177 2179
f 2178 2179 2180
f 2180 2179 2181
f 1539 1538 2182
f 2182 1538 2183
f 2182 2183 2184
f 2184 2183 2185
f 2184 2185 2186
f 2186 2185 2187
f 2186 2187 2188
f 2188 2187 2189
f 2188 2189 2190
f 2190 2189 2191
f 2190 2191 2192
f 2192 2191 2193
f 2192 2193 2194
f 2194 2193 2195
f 2194 2195 2196
f 2196 2195 2197
f 1839 1838 2198
f 2198 1838 2199
f 2198 2199 2200
f 2200 2199 2201
f 2200 2201 2202
f 2202 2201 2203
f 2202 2203 2204
f 2204 2203 2205
f 2204 2205 2206
f 2206 2205 2207
f 2206 2207 2208
f 2208 2207 2209
f 2208 2209 2210
f 2210 2209 2211
f 2210 2211 2212
f 2212 2211 2213
f 1836 1835 2214
f 2214 1835 2215
f 2214 2215 2216
f 2216 2215 2217
f 2216 2217 2218
f 2218 2217 2219
f 2218 2219 2220
f 2220 2219 2221
f 2220 2221 2222
f 2222 2221 2223
f 2222 2223 2224
f 2224 2223 2225
f 2224 2225 2226
f 2226 2225 2227
f 2226 2227 2228
f 2228 2227 2229
f 1832 1789 2078
f 2078 1789 2230
f 2078 2230 2080
f 2080 2230 2231
f 2080 2231 2082
f 2082 2231 2232
f 2082 2232 2084
f 2084 2232 2233
f 2084 2233 2086
f 2086 2233 2234
f 2086 2234 2088
f 2088 2234 2235
f 2088 2235 2090
f 2090 2235 2236
f 2090 2236 2092
f 2092 2236 2237
f 1918 2238 1913
f 1913 2238 1908
f 1913 1908 2046
f 2046 1908 1910
f 2046 1910 2239
f 2239 1910 2240
f 2239 2240 2241
f 2241 2240 2242
f 2241 2242 2243
f 2243 2242 2244
f 2243 2244 2245
f 2245 2244 2246
f 2247 2248 2249
f 2249 2248 2250
f 2249 2250 2251
f 2251 2250 2252
f 2251 2252 2253
f 2253 2252 2254
f 2253 2254 2255
f 2255 2254 2256
f 2255 2256 2257
f 2257 2256 1901
f 2257 1901 1895
f 1895 1901 1907
f 1895 1907 1896
f 1843 1849 2258
f 2258 1849 2259
f 2258 2259 2260
f 2260 2259 2261
f 2260 2261 2262
f 2262 2261 2263
f 2262 2263 2264
f 2264 2263 2265
f 2264 2265 2266
f 2266 2265 2267
f 2266 2267 2268
f 2268 2267 2269
f 2268 2269 2270
f 2270 2269 2271
f 2270 2271 2272
f 2272 2271 2273
f 1847 1846 2274
f 2274 1846 2275
f 2274 2275 2276
f 2276 2275 2277
f 2276 2277 2278
f 2278 2277 2279
f 2278 2279 2280
f 2280 2279 2281
f 2280 2281 2282
f 2282 2281 2283
f 2282 2283 2284
f 2284 2283 2285
f 2284 2285 2286
f 2286 2285 2287
f 2286 2287 2288
f 2288 2287 2289
f 1852 1851 2290
f 2290 1851 2291
f 2290 2291 2292
f 2292 2291 2293
f 2292 2293 2294
f 2294 2293 2295
f 2294 2295 2296
f 2296 2295 2297
f 2296 2297 2298
f 2298 2297 2299
f 2298 2299 2300
f 2300 2299 2301
f 2300 2301 2302
f 2302 2301 2303
f 2302 2303 2304
f 2304 2303 2305
f 1476 1854 2306
f 2306 1854 2307
f 2306 2307 2308
f 2308 2307 2309
f 2308 2309 2310
f 2310 2309 2311
f 2310 2311 2312
f 2312 2311 2313
f 2312 2313 2314
f 2314 2313 2315
f 2314 2315 2316
f 2316 2315 2317
f 2316 2317 2318
f 2318 2317 2319
f 2318 2319 2320
f 2320 2319 2321
f 1856 1859 2322
f 2322 1859 2323
f 2322 2323 2324
f 2324 2323 2325
f 2324 2325 2326
f 2326 2325 2327
f 2326 2327 2328
f 2328 2327 2329
f 2328 2329 2330
f 2330 2329 2331
f 2330 2331 2332
f 2332 2331 2333
f 2332 2333 2334
f 2334 2333 2335
f 2334 2335 2336
f 2336 2335 2337
f 1857 1637 2338
f 2338 1637 2047
f 2338 2047 2339
f 2339 2047 2048
f 2339 2048 2340
f 2340 2048 2049
f 2340 2049 2341
f 2341 2049 2050
f 2341 2050 2342
f 2342 2050 2343
f 2342 2343 2344
f 2344 2343 2345
f 2344 2345 2346
f 2346 2345 2347
f 2346 2347 2348
f 2348 2347 2349
f 2350 2351 2352
f 2352 2351 2353
f 2352 2353 2354
f 2354 2353 2355
f 2354 2355 2356
f 2356 2355 2357
f 2356 2357 2358
f 2358 2357 2359
f 2358 2359 2360
f 2360 2359 1998
f 2360 1998 1992
f 1992 1998 2004
f 1992 2004 1993
f 2361 2103 2362
f 2362 2103 2102
f 2362 2102 2363
f 2363 2102 1438
f 2363 1438 1440
f 1451 1446 2364
f 2364 1446 2101
f 2364 2101 2365
f 2365 2101 2103
f 2365 2103 2366
f 2366 2103 2361
f 2366 2361 2062
f 1446 1445 2101
f 2101 1445 1443
f 2101 1443 2102
f 2102 1443 1442
f 2102 1442 1438
f 2062 2061 2366
f 2366 2061 2109
f 2366 2109 2365
f 2365 2109 2107
f 2365 2107 2364
f 2364 2107 2105
f 2364 2105 1451
f 1452 1454 2367
f 2367 1454 2104
f 2367 2104 2368
f 2368 2104 2106
f 2368 2106 2369
f 2369 2106 2108
f 2369 2108 2370
f 2370 2108 2110
f 2370 2110 2371
f 2371 2110 2111
f 2371 2111 2372
f 2372 2111 2112
f 2372 2112 2030
f 1454 1455 2104
f 2104 1455 1448
f 2104 1448 2105
f 2105 1448 1450
f 2105 1450 1451
f 2030 2029 2372
f 2372 2029 2115
f 2372 2115 2371
f 2371 2115 2117
f 2371 2117 2370
f 2370 2117 2119
f 2370 2119 2369
f 2369 2119 2121
f 2369 2121 2368
f 2368 2121 2123
f 2368 2123 2367
f 2367 2123 2125
f 2367 2125 1452
f 1465 1460 2373
f 2373 1460 2126
f 2373 2126 2374
f 2374 2126 2124
f 2374 2124 2375
f 2375 2124 2122
f 2375 2122 2376
f 2376 2122 2120
f 2376 2120 2377
f 2377 2120 2118
f 2377 2118 2378
f 2378 2118 2116
f 2378 2116 2379
f 2379 2116 2114
f 2379 2114 2380
f 2380 2114 2113
f 2380 2113 1550
f 1550 2113 1551
f 1460 1459 2126
f 2126 1459 1457
f 2126 1457 2125
f 2125 1457 1456
f 2125 1456 1452
f 1550 1548 2380
f 2380 1548 2127
f 2380 2127 2379
f 2379 2127 2129
f 2379 2129 2378
f 2378 2129 2131
f 2378 2131 2377
f 2377 2131 2133
f 2377 2133 2376
f 2376 2133 2135
f 2376 2135 2375
f 2375 2135 2137
f 2375 2137 2374
f 2374 2137 2139
f 2374 2139 2373
f 2373 2139 2141
f 2373 2141 1465
f 1466 1468 2381
f 2381 1468 2142
f 2381 2142 2382
f 2382 2142 2140
f 2382 2140 2383
f 2383 2140 2138
f 2383 2138 2384
f 2384 2138 2136
f 2384 2136 2385
f 2385 2136 2134
f 2385 2134 2386
f 2386 2134 2132
f 2386 2132 2387
f 2387 2132 2130
f 2387 2130 2388
f 2388 2130 2128
f 2388 2128 1532
f 1532 2128 1547
f 1468 1469 2142
f 2142 1469 1462
f 2142 1462 2141
f 2141 1462 1464
f 2141 1464 1465
f 1532 1531 2388
f 2388 1531 2143
f 2388 2143 2387
f 2387 2143 2144
f 2387 2144 2386
f 2386 2144 2145
f 2386 2145 2385
f 2385 2145 2146
f 2385 2146 2384
f 2384 2146 2147
f 2384 2147 2383
f 2383 2147 2149
f 2383 2149 2382
f 2382 2149 2151
f 2382 2151 2381
f 2381 2151 2153
f 2381 2153 1466
f 1475 1474 2389
f 2389 1474 2154
f 2389 2154 2390
f 2390 2154 2152
f 2390 2152 2391
f 2391 2152 2150
f 2391 2150 2392
f 2392 2150 2148
f 2392 2148 1959
f 1959 2148 2045
f 1959 2045 1957
f 1957 2045 1969
f 1474 1473 2154
f 2154 1473 1471
f 2154 1471 2153
f 2153 1471 1470
f 2153 1470 1466
f 1951 1950 1959
f 1959 1950 2164
f 1959 2164 2392
f 2392 2164 2162
f 2392 2162 2391
f 2391 2162 2160
f 2391 2160 2390
f 2390 2160 2158
f 2390 2158 2389
f 2389 2158 2156
f 2389 2156 1475
f 1336 1331 2393
f 2393 1331 2155
f 2393 2155 2394
f 2394 2155 2157
f 2394 2157 2395
f 2395 2157 2159
f 2395 2159 2396
f 2396 2159 2161
f 2396 2161 2397
f 2397 2161 2163
f 2397 2163 2398
f 2398 2163 2165
f 2398 2165 2399
f 2399 2165 1944
f 2399 1944 1936
f 1936 1944 1943
f 1936 1943 1934
f 1331 1330 2155
f 2155 1330 1327
f 2155 1327 2156
f 2156 1327 1326
f 2156 1326 1475
f 1937 1541 1936
f 1936 1541 2166
f 1936 2166 2399
f 2399 2166 2168
f 2399 2168 2398
f 2398 2168 2170
f 2398 2170 2397
f 2397 2170 2172
f 2397 2172 2396
f 2396 2172 2174
f 2396 2174 2395
f 2395 2174 2176
f 2395 2176 2394
f 2394 2176 2178
f 2394 2178 2393
f 2393 2178 2180
f 2393 2180 1336
f 1337 1339 2400
f 2400 1339 2181
f 2400 2181 2401
f 2401 2181 2179
f 2401 2179 2402
f 2402 2179 2177
f 2402 2177 2403
f 2403 2177 2175
f 2403 2175 2404
f 2404 2175 2173
f 2404 2173 2405
f 2405 2173 2171
f 2405 2171 2406
f 2406 2171 2169
f 2406 2169 2407
f 2407 2169 2167
f 2407 2167 1533
f 1533 2167 1534
f 1339 1340 2181
f 2181 1340 1333
f 2181 1333 2180
f 2180 1333 1335
f 2180 1335 1336
f 1533 1539 2407
f 2407 1539 2182
f 2407 2182 2406
f 2406 2182 2184
f 2406 2184 2405
f 2405 2184 2186
f 2405 2186 2404
f 2404 2186 2188
f 2404 2188 2403
f 2403 2188 2190
f 2403 2190 2402
f 2402 2190 2192
f 2402 2192 2401
f 2401 2192 2194
f 2401 2194 2400
f 2400 2194 2196
f 2400 2196 1337
f 1350 1345 2408
f 2408 1345 2197
f 2408 2197 2409
f 2409 2197 2195
f 2409 2195 2410
f 2410 2195 2193
f 2410 2193 2411
f 2411 2193 2191
f 2411 2191 2412
f 2412 2191 2189
f 2412 2189 2413
f 2413 2189 2187
f 2413 2187 2414
f 2414 2187 2185
f 2414 2185 2415
f 2415 2185 2183
f 2415 2183 1537
f 1537 2183 1538
f 1345 1344 2197
f 2197 1344 1342
f 2197 1342 2196
f 2196 1342 1341
f 2196 1341 1337
f 1537 1839 2415
f 2415 1839 2198
f 2415 2198 2414
f 2414 2198 2200
f 2414 2200 2413
f 2413 2200 2202
f 2413 2202 2412
f 2412 2202 2204
f 2412 2204 2411
f 2411 2204 2206
f 2411 2206 2410
f 2410 2206 2208
f 2410 2208 2409
f 2409 2208 2210
f 2409 2210 2408
f 2408 2210 2212
f 2408 2212 1350
f 1351 1353 2416
f 2416 1353 2213
f 2416 2213 2417
f 2417 2213 2211
f 2417 2211 2418
f 2418 2211 2209
f 2418 2209 2419
f 2419 2209 2207
f 2419 2207 2420
f 2420 2207 2205
f 2420 2205 2421
f 2421 2205 2203
f 2421 2203 2422
f 2422 2203 2201
f 2422 2201 2423
f 2423 2201 2199
f 2423 2199 1837
f 1837 2199 1838
f 1353 1354 2213
f 2213 1354 1347
f 2213 1347 2212
f 2212 1347 1349
f 2212 1349 1350
f 1837 1836 2423
f 2423 1836 2214
f 2423 2214 2422
f 2422 2214 2216
f 2422 2216 2421
f 2421 2216 2218
f 2421 2218 2420
f 2420 2218 2220
f 2420 2220 2419
f 2419 2220 2222
f 2419 2222 2418
f 2418 2222 2224
f 2418 2224 2417
f 2417 2224 2226
f 2417 2226 2416
f 2416 2226 2228
f 2416 2228 1351
f 1366 1359 2424
f 2424 1359 2229
f 2424 2229 2425
f 2425 2229 2227
f 2425 2227 2426
f 2426 2227 2225
f 2426 2225 2427
f 2427 2225 2223
f 2427 2223 2428
f 2428 2223 2221
f 2428 2221 2429
f 2429 2221 2219
f 2429 2219 2430
f 2430 2219 2217
f 2430 2217 2431
f 2431 2217 2215
f 2431 2215 1834
f 1834 2215 1835
f 1359 1358 2229
f 2229 1358 1356
f 2229 1356 2228
f 2228 1356 1355
f 2228 1355 1351
f 1834 1833 2431
f 2431 1833 2077
f 2431 2077 2430
f 2430 2077 2079
f 2430 2079 2429
f 2429 2079 2081
f 2429 2081 2428
f 2428 2081 2083
f 2428 2083 2427
f 2427 2083 2085
f 2427 2085 2426
f 2426 2085 2087
f 2426 2087 2425
f 2425 2087 2089
f 2425 2089 2424
f 2424 2089 2091
f 2424 2091 1366
f 1367 1369 2432
f 2432 1369 2237
f 2432 2237 2433
f 2433 2237 2236
f 2433 2236 2434
f 2434 2236 2235
f 2434 2235 2435
f 2435 2235 2234
f 2435 2234 2436
f 2436 2234 2233
f 2436 2233 2437
f 2437 2233 2232
f 2437 2232 2438
f 2438 2232 2231
f 2438 2231 2439
f 2439 2231 2230
f 2439 2230 1791
f 1791 2230 1789
f 1369 1370 2237
f 2237 1370 1361
f 2237 1361 2092
f 2092 1361 1363
f 2092 1363 2091
f 2091 1363 1365
f 2091 1365 1366
f 1791 1790 2439
f 2439 1790 1878
f 2439 1878 2438
f 2438 1878 1880
f 2438 1880 2437
f 2437 1880 2034
f 2437 2034 2436
f 2436 2034 2046
f 2436 2046 2435
f 2435 2046 2239
f 2435 2239 2434
f 2434 2239 2241
f 2434 2241 2433
f 2433 2241 2243
f 2433 2243 2432
f 2432 2243 2245
f 2432 2245 1367
f 1380 1375 2440
f 2440 1375 2246
f 2440 2246 2441
f 2441 2246 2244
f 2441 2244 2442
f 2442 2244 2242
f 2442 2242 2443
f 2443 2242 2240
f 2443 2240 2444
f 2444 2240 1910
f 2444 1910 1902
f 1902 1910 1912
f 1375 1374 2246
f 2246 1374 1372
f 2246 1372 2245
f 2245 1372 1371
f 2245 1371 1367
f 1902 1901 2444
f 2444 1901 2256
f 2444 2256 2443
f 2443 2256 2254
f 2443 2254 2442
f 2442 2254 2252
f 2442 2252 2441
f 2441 2252 2250
f 2441 2250 2440
f 2440 2250 2248
f 2440 2248 1380
f 1381 1383 2445
f 2445 1383 2247
f 2445 2247 2446
f 2446 2247 2249
f 2446 2249 2447
f 2447 2249 2251
f 2447 2251 2448
f 2448 2251 2253
f 2448 2253 2449
f 2449 2253 2255
f 2449 2255 2450
f 2450 2255 2257
f 2450 2257 2451
f 2451 2257 1895
f 2451 1895 1887
f 1887 1895 1894
f 1887 1894 1885
f 1383 1384 2247
f 2247 1384 1377
f 2247 1377 2248
f 2248 1377 1379
f 2248 1379 1380
f 1888 1843 1887
f 1887 1843 2258
f 1887 2258 2451
f 2451 2258 2260
f 2451 2260 2450
f 2450 2260 2262
f 2450 2262 2449
f 2449 2262 2264
f 2449 2264 2448
f 2448 2264 2266
f 2448 2266 2447
f 2447 2266 2268
f 2447 2268 2446
f 2446 2268 2270
f 2446 2270 2445
f 2445 2270 2272
f 2445 2272 1381
f 1394 1389 2452
f 2452 1389 2273
f 2452 2273 2453
f 2453 2273 2271
f 2453 2271 2454
f 2454 2271 2269
f 2454 2269 2455
f 2455 2269 2267
f 2455 2267 2456
f 2456 2267 2265
f 2456 2265 2457
f 2457 2265 2263
f 2457 2263 2458
f 2458 2263 2261
f 2458 2261 2459
f 2459 2261 2259
f 2459 2259 1848
f 1848 2259 1849
f 1389 1388 2273
f 2273 1388 1386
f 2273 1386 2272
f 2272 1386 1385
f 2272 1385 1381
f 1848 1847 2459
f 2459 1847 2274
f 2459 2274 2458
f 2458 2274 2276
f 2458 2276 2457
f 2457 2276 2278
f 2457 2278 2456
f 2456 2278 2280
f 2456 2280 2455
f 2455 2280 2282
f 2455 2282 2454
f 2454 2282 2284
f 2454 2284 2453
f 2453 2284 2286
f 2453 2286 2452
f 2452 2286 2288
f 2452 2288 1394
f 1398 1396 2460
f 2460 1396 2289
f 2460 2289 2461
f 2461 2289 2287
f 2461 2287 2462
f 2462 2287 2285
f 2462 2285 2463
f 2463 2285 2283
f 2463 2283 2464
f 2464 2283 2281
f 2464 2281 2465
f 2465 2281 2279
f 2465 2279 2466
f 2466 2279 2277
f 2466 2277 2467
f 2467 2277 2275
f 2467 2275 1853
f 1853 2275 1846
f 1396 1395 2289
f 2289 1395 1391
f 2289 1391 2288
f 2288 1391 1393
f 2288 1393 1394
f 1853 1852 2467
f 2467 1852 2290
f 2467 2290 2466
f 2466 2290 2292
f 2466 2292 2465
f 2465 2292 2294
f 2465 2294 2464
f 2464 2294 2296
f 2464 2296 2463
f 2463 2296 2298
f 2463 2298 2462
f 2462 2298 2300
f 2462 2300 2461
f 2461 2300 2302
f 2461 2302 2460
f 2460 2302 2304
f 2460 2304 1398
f 1404 1405 2468
f 2468 1405 2305
f 2468 2305 2469
f 2469 2305 2303
f 2469 2303 2470
f 2470 2303 2301
f 2470 2301 2471
f 2471 2301 2299
f 2471 2299 2472
f 2472 2299 2297
f 2472 2297 2473
f 2473 2297 2295
f 2473 2295 2474
f 2474 2295 2293
f 2474 2293 2475
f 2475 2293 2291
f 2475 2291 1477
f 1477 2291 1851
f 1405 1406 2305
f 2305 1406 1400
f 2305 1400 2304
f 2304 1400 1399
f 2304 1399 1398
f 1477 1476 2475
f 2475 1476 2306
f 2475 2306 2474
f 2474 2306 2308
f 2474 2308 2473
f 2473 2308 2310
f 2473 2310 2472
f 2472 2310 2312
f 2472 2312 2471
f 2471 2312 2314
f 2471 2314 2470
f 2470 2314 2316
f 2470 2316 2469
f 2469 2316 2318
f 2469 2318 2468
f 2468 2318 2320
f 2468 2320 1404
f 1410 1412 2476
f 2476 1412 2321
f 2476 2321 2477
f 2477 2321 2319
f 2477 2319 2478
f 2478 2319 2317
f 2478 2317 2479
f 2479 2317 2315
f 2479 2315 2480
f 2480 2315 2313
f 2480 2313 2481
f 2481 2313 2311
f 2481 2311 2482
f 2482 2311 2309
f 2482 2309 2483
f 2483 2309 2307
f 2483 2307 1855
f 1855 2307 1854
f 1412 1413 2321
f 2321 1413 1408
f 2321 1408 2320
f 2320 1408 1407
f 2320 1407 1404
f 1855 1856 2483
f 2483 1856 2322
f 2483 2322 2482
f 2482 2322 2324
f 2482 2324 2481
f 2481 2324 2326
f 2481 2326 2480
f 2480 2326 2328
f 2480 2328 2479
f 2479 2328 2330
f 2479 2330 2478
f 2478 2330 2332
f 2478 2332 2477
f 2477 2332 2334
f 2477 2334 2476
f 2476 2334 2336
f 2476 2336 1410
f 1423 1418 2484
f 2484 1418 2337
f 2484 2337 2485
f 2485 2337 2335
f 2485 2335 2486
f 2486 2335 2333
f 2486 2333 2487
f 2487 2333 2331
f 2487 2331 2488
f 2488 2331 2329
f 2488 2329 2489
f 2489 2329 2327
f 2489 2327 2490
f 2490 2327 2325
f 2490 2325 2491
f 2491 2325 2323
f 2491 2323 1858
f 1858 2323 1859
f 1418 1417 2337
f 2337 1417 1415
f 2337 1415 2336
f 2336 1415 1414
f 2336 1414 1410
f 1858 1857 2491
f 2491 1857 2338
f 2491 2338 2490
f 2490 2338 2339
f 2490 2339 2489
f 2489 2339 2340
f 2489 2340 2488
f 2488 2340 2341
f 2488 2341 2487
f 2487 2341 2342
f 2487 2342 2486
f 2486 2342 2344
f 2486 2344 2485
f 2485 2344 2346
f 2485 2346 2484
f 2484 2346 2348
f 2484 2348 1423
f 1424 1426 2492
f 2492 1426 2349
f 2492 2349 2493
f 2493 2349 2347
f 2493 2347 2494
f 2494 2347 2345
f 2494 2345 2495
f 2495 2345 2343
f 2495 2343 2007
f 2007 2343 2050
f 2007 2050 2005
f 2005 2050 2051
f 1426 1427 2349
f 2349 1427 1420
f 2349 1420 2348
f 2348 1420 1422
f 2348 1422 1423
f 1999 1998 2007
f 2007 1998 2359
f 2007 2359 2495
f 2495 2359 2357
f 2495 2357 2494
f 2494 2357 2355
f 2494 2355 2493
f 2493 2355 2353
f 2493 2353 2492
f 2492 2353 2351
f 2492 2351 1424
f 1431 1433 2496
f 2496 1433 2350
f 2496 2350 2497
f 2497 2350 2352
f 2497 2352 2498
f 2498 2352 2354
f 2498 2354 2499
f 2499 2354 2356
f 2499 2356 2500
f 2500 2356 2358
f 2500 2358 2501
f 2501 2358 2360
f 2501 2360 2502
f 2502 2360 1992
f 2502 1992 1984
f 1984 1992 1991
f 1984 1991 1982
f 1433 1434 2350
f 2350 1434 1429
f 2350 1429 2351
f 2351 1429 1428
f 2351 1428 1424
f 1435 1431 2093
f 2093 1431 2496
f 2093 2496 2070
f 2070 2496 2497
f 2070 2497 2064
f 2064 2497 2498
f 2064 2498 2056
f 2056 2498 2499
f 2056 2499 2052
f 2052 2499 2500
f 2052 2500 2039
f 2039 2500 2501
f 2039 2501 1874
f 1874 2501 2502
f 1874 2502 1872
f 1872 2502 1984
f 1872 1984 1865
f 1865 1984 1985
f 1865 1985 1986
f 1869 1884 2100
f 2100 1884 2503
f 2100 2503 2099
f 2099 2503 2504
f 2099 2504 2098
f 2098 2504 2505
f 2098 2505 2097
f 2097 2505 2506
f 2097 2506 2096
f 2096 2506 2507
f 2096 2507 2095
f 2095 2507 2508
f 2095 2508 2094
f 2094 2508 1871
f 2094 1871 2093
f 2093 1871 1436
f 2093 1436 1435
f 1868 2031 1884
f 1884 2031 2030
f 1884 2030 2503
f 2503 2030 2112
f 2503 2112 2504
f 2504 2112 2063
f 2504 2063 2505
f 2505 2063 2062
f 2505 2062 2506
f 2506 2062 2361
f 2506 2361 2507
f 2507 2361 2362
f 2507 2362 2508
f 2508 2362 2363
f 2508 2363 1871
f 1871 2363 1440
f 1871 1440 1441
f 2509 1024 1097
f 482 2510 483
f 483 2510 2511
f 483 2511 484
f 2512 488 487
f 2513 1080 2514
f 2514 1080 1079
f 2514 1079 2515
f 2513 2516 2517
f 2518 2519 1080
f 2520 2521 2522
f 2522 2521 2523
f 2522 2523 1082
f 1082 2523 2524
f 1082 2524 1083
f 1083 2524 2525
f 1083 2525 1084
f 1084 2525 2526
f 1084 2526 965
f 2511 2527 484
f 484 2527 2528
f 484 2528 485
f 485 2528 2512
f 485 2512 486
f 486 2512 487
f 1082 2529 2530
f 2531 2532 1082
f 1082 2532 2533
f 1082 2533 2522
f 2522 2533 2534
f 2522 2534 2535
f 2519 2536 1080
f 1080 2536 2537
f 1080 2537 930
f 2538 497 496
f 2530 2539 1082
f 1082 2539 2540
f 1082 2540 2531
f 2535 2541 2522
f 2522 2541 2542
f 2522 2542 2543
f 2517 2544 2513
f 2513 2544 2545
f 2513 2545 1080
f 1080 2545 2546
f 1080 2546 2518
f 2547 506 505
f 2548 2549 481
f 481 2549 2550
f 2515 1079 2551
f 2551 1079 1078
f 2551 1078 2552
f 2552 1078 1077
f 2552 1077 2553
f 1082 1081 2529
f 2529 1081 968
f 2529 968 2554
f 2554 968 971
f 2555 2556 2557
f 2557 2556 2558
f 2558 2556 2559
f 2559 2556 2560
f 2559 2560 1086
f 2561 513 512
f 2550 2562 481
f 481 2562 2563
f 481 2563 2564
f 2564 2565 481
f 481 2565 2566
f 481 2566 482
f 482 2566 2567
f 482 2567 2510
f 2568 2569 2570
f 2570 2569 2571
f 2572 2573 1094
f 1094 2573 2574
f 1094 2574 2575
f 495 2576 496
f 496 2576 2577
f 496 2577 2538
f 497 2538 498
f 498 2538 2578
f 498 2578 2579
f 2560 2580 1086
f 1086 2580 2581
f 1086 2581 1085
f 1085 2581 2582
f 1085 2582 972
f 972 2582 2583
f 972 2583 973
f 1077 1076 2584
f 2584 1076 1075
f 2584 1075 2585
f 2585 1075 958
f 2585 958 2586
f 2586 958 963
f 2587 2588 498
f 498 2588 2589
f 498 2589 499
f 499 2589 2590
f 499 2590 500
f 505 504 2547
f 2547 504 503
f 2547 503 502
f 2591 2592 1087
f 1087 2592 2593
f 1087 2593 1086
f 1086 2593 2594
f 1086 2594 2559
f 513 2561 514
f 2595 2596 510
f 512 511 2561
f 2561 511 510
f 2561 510 2597
f 2597 510 2596
f 908 907 2598
f 2599 1065 1064
f 1064 1063 2599
f 2599 1063 1062
f 2599 1062 2600
f 2600 1062 1061
f 2600 1061 2601
f 2601 1061 1055
f 2601 1055 1060
f 2602 2512 2603
f 1090 2604 1091
f 1091 2604 2605
f 1091 2605 1092
f 1092 2605 2606
f 1092 2606 1093
f 1093 2606 986
f 2579 2607 498
f 498 2607 2608
f 498 2608 1077
f 1077 2608 2609
f 1077 2609 2553
f 2584 2610 1077
f 1077 2610 2611
f 1077 2611 498
f 498 2611 2612
f 498 2612 2587
f 2548 481 2613
f 2613 481 480
f 2613 480 2614
f 2598 2615 908
f 908 2615 2616
f 908 2616 1094
f 1094 2616 2617
f 1094 2617 2618
f 2619 2620 2599
f 1022 2621 1014
f 1014 2621 2604
f 1014 2604 1089
f 1089 2604 1090
f 2621 2622 2604
f 2604 2622 2623
f 2604 2623 2624
f 2624 2623 2625
f 2624 2625 2618
f 2618 2625 2626
f 2618 2626 2627
f 2628 2629 2618
f 2618 2629 2630
f 2618 2630 1094
f 1094 2630 2631
f 1094 2631 2572
f 2555 2632 2556
f 2556 2632 2633
f 2556 2633 2634
f 2634 2633 2635
f 2634 2635 2543
f 2543 2635 2636
f 2543 2636 2522
f 500 2590 501
f 501 2590 2637
f 501 2637 502
f 502 2637 2638
f 502 2638 2547
f 480 515 2614
f 2614 515 514
f 2614 514 2639
f 2639 514 2561
f 2639 2561 2640
f 2568 2641 2569
f 2569 2641 2642
f 2569 2642 2643
f 2603 2644 2602
f 2602 2644 2645
f 2602 2645 2646
f 2627 2647 2618
f 2618 2647 2648
f 2618 2648 2628
f 1096 2649 1097
f 1097 2649 2650
f 1097 2650 2509
f 2575 2651 1094
f 1094 2651 2649
f 1094 2649 1095
f 1095 2649 1096
f 2652 2653 2654
f 2654 2653 2655
f 2654 2655 2656
f 2657 2658 506
f 506 2658 2659
f 506 2659 507
f 507 2659 2660
f 507 2660 508
f 2660 2661 508
f 508 2661 2662
f 508 2662 2652
f 2643 2663 2569
f 2569 2663 2664
f 2569 2664 2665
f 2665 2664 2666
f 2665 2666 2667
f 2599 2620 1065
f 1065 2620 2668
f 1065 2668 1025
f 2571 2669 2670
f 2670 2669 2671
f 2672 1044 905
f 2673 2674 492
f 492 2674 493
f 2675 2676 2677
f 2677 2676 2678
f 2677 2678 2679
f 1004 2680 999
f 999 2680 2681
f 999 2681 1088
f 1088 2681 2677
f 1088 2677 1087
f 1087 2677 2679
f 1087 2679 2591
f 510 509 2595
f 2595 509 508
f 2595 508 2682
f 2682 508 2652
f 2682 2652 2683
f 2683 2652 2654
f 2512 2602 488
f 488 2602 2684
f 488 2684 2685
f 2685 2686 488
f 488 2686 2687
f 488 2687 2688
f 2689 2690 2691
f 2691 2690 2692
f 2691 2692 2693
f 2693 2692 2694
f 2688 2689 488
f 488 2689 2691
f 488 2691 489
f 489 2691 2695
f 489 2695 490
f 490 2695 2696
f 490 2696 491
f 2697 2698 493
f 2699 2700 2701
f 2701 2700 2702
f 2701 2702 2513
f 2513 2702 2703
f 2513 2703 2516
f 2569 2704 2571
f 2571 2704 2705
f 2571 2705 2669
f 2669 2705 2706
f 2669 2706 2707
f 2619 2599 2707
f 2707 2599 2708
f 2707 2708 2669
f 2646 2709 2602
f 2602 2709 2710
f 2602 2710 2711
f 2711 2710 2712
f 922 2713 917
f 917 2713 2714
f 917 2714 1068
f 1068 2714 2715
f 491 2696 492
f 492 2696 2716
f 492 2716 2673
f 1069 2717 1070
f 1070 2717 2718
f 1070 2718 2719
f 2720 2721 2722
f 2722 2721 2723
f 2722 2723 2724
f 2656 2725 2654
f 2654 2725 2726
f 2654 2726 2727
f 2522 2728 2520
f 2520 2728 2729
f 2520 2729 2730
f 2730 2729 2731
f 2730 2731 2547
f 2547 2731 2732
f 2547 2732 506
f 506 2732 2733
f 506 2733 2657
f 2667 2666 2734
f 2734 2666 2640
f 2734 2640 2735
f 2735 2640 2561
f 2735 2561 2736
f 2736 2561 2737
f 2736 2737 2738
f 2712 2710 2669
f 2669 2710 2739
f 2669 2739 2671
f 2675 2740 2676
f 2676 2740 2741
f 2676 2741 2742
f 2742 2741 2654
f 2742 2654 2743
f 2743 2654 2727
f 2617 2744 2618
f 2618 2744 2745
f 2618 2745 2738
f 2738 2745 2746
f 2738 2746 2736
f 2747 1066 2715
f 2715 1066 1067
f 2715 1067 1068
f 2701 2748 2699
f 2699 2748 2749
f 2699 2749 2724
f 2724 2749 2750
f 2724 2750 2722
f 2719 2720 1070
f 1070 2720 2722
f 1070 2722 1071
f 1071 2722 2751
f 2752 2753 1074
f 1074 2753 2754
f 1074 2754 925
f 2698 2755 493
f 493 2755 2756
f 493 2756 2757
f 495 494 2576
f 2576 494 493
f 2576 493 2758
f 2758 493 2757
f 2759 2760 2674
f 2674 2760 2761
f 2674 2761 493
f 493 2761 2762
f 493 2762 2697
f 2672 905 2763
f 2763 905 904
f 2763 904 2764
f 2764 904 1066
f 2764 1066 2765
f 2765 1066 2747
f 2765 2747 2692
f 2692 2747 2766
f 2692 2766 2694
f 2751 2767 1071
f 1071 2767 2768
f 1071 2768 1072
f 1072 2768 2769
f 1072 2769 1073
f 1073 2769 2770
f 1073 2770 1074
f 1074 2770 2771
f 1074 2771 2752
f 2674 2772 2759
f 2759 2772 2773
f 2759 2773 2774
f 2774 2773 2775
f 2774 2775 2771
f 2771 2775 2776
f 2771 2776 2752
f 1022 1021 2777
f 2777 1021 1020
f 2777 1020 2778
f 2778 1020 1019
f 2778 1019 2779
f 2779 1019 1018
f 2779 1018 2780
f 2780 1018 1017
f 2780 1017 2781
f 2781 1017 1016
f 2781 1016 2782
f 2782 1016 1015
f 2782 1015 2783
f 2783 1015 1013
f 2783 1013 2784
f 2784 1013 1012
f 2784 1012 2785
f 2785 1012 1011
f 2785 1011 2786
f 2786 1011 1010
f 2786 1010 2787
f 2787 1010 1009
f 2787 1009 2788
f 2788 1009 1008
f 2788 1008 2789
f 2789 1008 1005
f 2789 1005 2790
f 2790 1005 1006
f 2790 1006 2791
f 2791 1006 1007
f 2791 1007 2792
f 2792 1007 1023
f 2792 1023 1024
f 1801 1024 1802
f 1802 1024 2509
f 1802 2509 1824
f 1824 2509 2650
f 1824 2650 1825
f 1825 2650 2649
f 1825 2649 1826
f 1826 2649 2651
f 1826 2651 1807
f 1807 2651 2575
f 1807 2575 1808
f 1808 2575 2574
f 1808 2574 1809
f 1809 2574 2573
f 1809 2573 1810
f 1810 2573 2572
f 1810 2572 1811
f 1811 2572 2631
f 1811 2631 1812
f 1812 2631 2630
f 1812 2630 1813
f 1813 2630 2629
f 1813 2629 1829
f 1829 2629 2628
f 1829 2628 1830
f 1830 2628 2648
f 1830 2648 1831
f 1831 2648 2647
f 1831 2647 1814
f 1814 2647 2627
f 1814 2627 1815
f 1815 2627 2626
f 1815 2626 1817
f 1817 2626 2625
f 1817 2625 1818
f 1818 2625 2623
f 1818 2623 1827
f 1827 2623 2622
f 1827 2622 1828
f 2622 2621 1828
f 1828 2621 1022
f 1828 1022 1819
f 1819 1022 2777
f 1819 2777 1820
f 1820 2777 2778
f 1820 2778 1821
f 1821 2778 2779
f 1821 2779 1822
f 1822 2779 2780
f 1822 2780 1823
f 1823 2780 2781
f 1823 2781 1803
f 1803 2781 2782
f 1803 2782 1804
f 1804 2782 2783
f 1804 2783 1805
f 1805 2783 2784
f 1805 2784 1806
f 1806 2784 2785
f 1806 2785 1479
f 1479 2785 2786
f 1479 2786 1480
f 1480 2786 2787
f 1480 2787 1797
f 1797 2787 2788
f 1797 2788 1798
f 1798 2788 2789
f 1798 2789 1799
f 1799 2789 2790
f 1799 2790 1800
f 1800 2790 2791
f 1800 2791 1801
f 1801 2791 2792
f 1801 2792 1024
f 1041 1040 2793
f 2793 1040 1039
f 2793 1039 2794
f 2794 1039 1038
f 2794 1038 2795
f 2795 1038 1037
f 2795 1037 2796
f 2796 1037 1036
f 2796 1036 2797
f 2797 1036 1035
f 2797 1035 2798
f 2798 1035 1034
f 2798 1034 2799
f 2799 1034 1033
f 2799 1033 2800
f 2800 1033 1032
f 2800 1032 2801
f 2801 1032 1031
f 2801 1031 2802
f 2802 1031 1030
f 2802 1030 2803
f 2803 1030 1029
f 2803 1029 2804
f 2804 1029 1028
f 2804 1028 2805
f 2805 1028 1027
f 2805 1027 2806
f 2806 1027 1026
f 2806 1026 2807
f 2807 1026 1025
f 1041 2793 906
f 906 2793 2808
f 906 2808 907
f 1498 907 1499
f 1499 907 2808
f 1499 2808 1500
f 1500 2808 2793
f 1500 2793 1501
f 1501 2793 2794
f 1501 2794 1502
f 1502 2794 2795
f 1502 2795 1485
f 1485 2795 2796
f 1485 2796 1486
f 1486 2796 2797
f 1486 2797 1488
f 1488 2797 2798
f 1488 2798 1489
f 1489 2798 2799
f 1489 2799 1490
f 1490 2799 2800
f 1490 2800 1491
f 1491 2800 2801
f 1491 2801 1503
f 1503 2801 2802
f 1503 2802 1504
f 1504 2802 2803
f 1504 2803 1511
f 1511 2803 2804
f 1511 2804 1512
f 1512 2804 2805
f 1512 2805 1513
f 1513 2805 2806
f 1513 2806 1514
f 2806 2807 1514
f 1514 2807 1025
f 1514 1025 1492
f 1492 1025 2668
f 1492 2668 1493
f 1493 2668 2620
f 1493 2620 1494
f 1494 2620 2619
f 1494 2619 1495
f 1495 2619 2707
f 1495 2707 1515
f 1515 2707 2706
f 1515 2706 1516
f 1516 2706 2705
f 1516 2705 1517
f 1517 2705 2704
f 1517 2704 1520
f 1520 2704 2569
f 1520 2569 1521
f 1521 2569 2665
f 1521 2665 1522
f 1522 2665 2667
f 1522 2667 1505
f 1505 2667 2734
f 1505 2734 1506
f 1506 2734 2735
f 1506 2735 1508
f 1508 2735 2736
f 1508 2736 1518
f 1518 2736 2746
f 1518 2746 1519
f 1519 2746 2745
f 1519 2745 1510
f 1510 2745 2744
f 1510 2744 1509
f 1509 2744 2617
f 1509 2617 1496
f 1496 2617 2616
f 1496 2616 1497
f 1497 2616 2615
f 1497 2615 1498
f 1498 2615 2598
f 1498 2598 907
f 986 2809 987
f 987 2809 2810
f 987 2810 988
f 988 2810 2811
f 988 2811 989
f 989 2811 2812
f 989 2812 990
f 990 2812 2813
f 990 2813 991
f 991 2813 2814
f 991 2814 992
f 992 2814 2815
f 992 2815 995
f 995 2815 2816
f 995 2816 994
f 994 2816 2817
f 994 2817 993
f 993 2817 2818
f 993 2818 996
f 996 2818 2819
f 996 2819 997
f 997 2819 2820
f 997 2820 998
f 998 2820 2821
f 998 2821 1000
f 1000 2821 2822
f 1000 2822 1001
f 1001 2822 2823
f 1001 2823 1002
f 1002 2823 1003
f 1003 2823 2824
f 1003 2824 1004
f 1753 986 1754
f 1754 986 2606
f 1754 2606 1751
f 1751 2606 2605
f 1751 2605 1752
f 1752 2605 2604
f 1752 2604 1755
f 1755 2604 2624
f 1755 2624 1756
f 1756 2624 2618
f 1756 2618 1757
f 1757 2618 2738
f 1757 2738 1760
f 1760 2738 2737
f 1760 2737 1761
f 1761 2737 2561
f 1761 2561 1762
f 1762 2561 2597
f 1762 2597 1758
f 1758 2597 2596
f 1758 2596 1759
f 1759 2596 2595
f 1759 2595 1765
f 1765 2595 2682
f 1765 2682 1766
f 1766 2682 2683
f 1766 2683 1763
f 1763 2683 2654
f 1763 2654 1764
f 1764 2654 2741
f 1764 2741 1767
f 1767 2741 2740
f 1767 2740 1768
f 1768 2740 2675
f 1768 2675 1769
f 1769 2675 2677
f 1769 2677 1778
f 1778 2677 2681
f 1778 2681 1779
f 2681 2680 1779
f 1779 2680 1004
f 1779 1004 1780
f 1780 1004 2824
f 1780 2824 1781
f 1781 2824 2823
f 1781 2823 1770
f 1770 2823 2822
f 1770 2822 1771
f 1771 2822 2821
f 1771 2821 1772
f 1772 2821 2820
f 1772 2820 1773
f 1773 2820 2819
f 1773 2819 1774
f 1774 2819 2818
f 1774 2818 1775
f 1775 2818 2817
f 1775 2817 1782
f 1782 2817 2816
f 1782 2816 1783
f 1783 2816 2815
f 1783 2815 1784
f 1784 2815 2814
f 1784 2814 1777
f 1777 2814 2813
f 1777 2813 1776
f 1776 2813 2812
f 1776 2812 1481
f 1481 2812 2811
f 1481 2811 1482
f 1482 2811 2810
f 1482 2810 1753
f 1753 2810 2809
f 1753 2809 986
f 971 970 2825
f 2825 970 969
f 2825 969 2826
f 2826 969 967
f 2826 967 2827
f 2827 967 966
f 2827 966 2828
f 2828 966 985
f 2828 985 2829
f 2829 985 984
f 2829 984 2830
f 2830 984 983
f 2830 983 2831
f 2831 983 982
f 2831 982 2832
f 2832 982 981
f 2832 981 2833
f 2833 981 980
f 2833 980 2834
f 2834 980 979
f 2834 979 2835
f 2835 979 978
f 2835 978 2836
f 2836 978 977
f 2836 977 2837
f 2837 977 976
f 2837 976 2838
f 2838 976 975
f 2838 975 2839
f 2839 975 974
f 2839 974 2840
f 2840 974 973
f 1749 973 1750
f 1750 973 2583
f 1750 2583 1733
f 1733 2583 2582
f 1733 2582 1732
f 1732 2582 2581
f 1732 2581 1714
f 1714 2581 2580
f 1714 2580 1715
f 1715 2580 2560
f 1715 2560 1716
f 1716 2560 2556
f 1716 2556 1717
f 1717 2556 2634
f 1717 2634 1718
f 1718 2634 2543
f 1718 2543 1719
f 1719 2543 2542
f 1719 2542 1720
f 1720 2542 2541
f 1720 2541 1721
f 1721 2541 2535
f 1721 2535 1725
f 1725 2535 2534
f 1725 2534 1726
f 1726 2534 2533
f 1726 2533 1727
f 1727 2533 2532
f 1727 2532 1722
f 1722 2532 2531
f 1722 2531 1723
f 1723 2531 2540
f 1723 2540 1730
f 1730 2540 2539
f 1730 2539 1731
f 1731 2539 2530
f 1731 2530 1728
f 1728 2530 2529
f 1728 2529 1729
f 2529 2554 1729
f 1729 2554 971
f 1729 971 1740
f 1740 971 2825
f 1740 2825 1741
f 1741 2825 2826
f 1741 2826 1742
f 1742 2826 2827
f 1742 2827 1743
f 1743 2827 2828
f 1743 2828 1744
f 1744 2828 2829
f 1744 2829 1745
f 1745 2829 2830
f 1745 2830 1746
f 1746 2830 2831
f 1746 2831 1734
f 1734 2831 2832
f 1734 2832 1735
f 1735 2832 2833
f 1735 2833 1736
f 1736 2833 2834
f 1736 2834 1737
f 1737 2834 2835
f 1737 2835 1738
f 1738 2835 2836
f 1738 2836 1739
f 1739 2836 2837
f 1739 2837 1747
f 1747 2837 2838
f 1747 2838 1748
f 1748 2838 2839
f 1748 2839 1749
f 1749 2839 2840
f 1749 2840 973
f 965 2841 964
f 964 2841 948
f 948 2841 2842
f 948 2842 947
f 947 2842 2843
f 947 2843 946
f 946 2843 2844
f 946 2844 949
f 949 2844 2845
f 949 2845 950
f 950 2845 2846
f 950 2846 951
f 951 2846 2847
f 951 2847 952
f 952 2847 2848
f 952 2848 953
f 953 2848 2849
f 953 2849 954
f 954 2849 2850
f 954 2850 955
f 955 2850 2851
f 955 2851 956
f 956 2851 2852
f 956 2852 957
f 957 2852 2853
f 957 2853 959
f 959 2853 2854
f 959 2854 960
f 960 2854 2855
f 960 2855 961
f 961 2855 962
f 962 2855 2856
f 962 2856 963
f 1712 965 1707
f 1707 965 2526
f 1707 2526 1708
f 1708 2526 2525
f 1708 2525 1709
f 1709 2525 2524
f 1709 2524 1681
f 1681 2524 2523
f 1681 2523 1680
f 1680 2523 2521
f 1680 2521 1679
f 1679 2521 2520
f 1679 2520 1687
f 1687 2520 2730
f 1687 2730 1686
f 1686 2730 2547
f 1686 2547 1685
f 1685 2547 2638
f 1685 2638 1688
f 1688 2638 2637
f 1688 2637 1689
f 1689 2637 2590
f 1689 2590 1690
f 1690 2590 2589
f 1690 2589 1695
f 1695 2589 2588
f 1695 2588 1696
f 1696 2588 2587
f 1696 2587 1697
f 1697 2587 2612
f 1697 2612 1701
f 1701 2612 2611
f 1701 2611 1702
f 1702 2611 2610
f 1702 2610 1703
f 1703 2610 2584
f 1703 2584 1677
f 1677 2584 2585
f 1677 2585 1678
f 2585 2586 1678
f 1678 2586 963
f 1678 963 1698
f 1698 963 2856
f 1698 2856 1699
f 1699 2856 2855
f 1699 2855 1700
f 1700 2855 2854
f 1700 2854 1682
f 1682 2854 2853
f 1682 2853 1683
f 1683 2853 2852
f 1683 2852 1684
f 1684 2852 2851
f 1684 2851 1691
f 1691 2851 2850
f 1691 2850 1692
f 1692 2850 2849
f 1692 2849 1693
f 1693 2849 2848
f 1693 2848 1694
f 1694 2848 2847
f 1694 2847 1706
f 1706 2847 2846
f 1706 2846 1705
f 1705 2846 2845
f 1705 2845 1704
f 1704 2845 2844
f 1704 2844 1710
f 1710 2844 2843
f 1710 2843 1711
f 1711 2843 2842
f 1711 2842 1712
f 1712 2842 2841
f 1712 2841 965
f 2857 945 2858
f 2858 945 944
f 2858 944 2859
f 2859 944 943
f 2859 943 2860
f 2860 943 942
f 2860 942 2861
f 2861 942 941
f 2861 941 2862
f 2862 941 940
f 2862 940 2863
f 2863 940 939
f 2863 939 2864
f 2864 939 938
f 2864 938 2865
f 2865 938 937
f 2865 937 2866
f 2866 937 936
f 2866 936 2867
f 2867 936 935
f 2867 935 2868
f 2868 935 934
f 2868 934 2869
f 2869 934 933
f 2869 933 2870
f 2870 933 932
f 2870 932 2871
f 2871 932 931
f 2871 931 2872
f 2872 931 930
f 1069 929 2857
f 2857 929 945
f 1662 1069 1663
f 1663 1069 2857
f 1663 2857 1664
f 1664 2857 2858
f 1664 2858 1665
f 1665 2858 2859
f 1665 2859 1666
f 1666 2859 2860
f 1666 2860 1667
f 1667 2860 2861
f 1667 2861 1652
f 1652 2861 2862
f 1652 2862 1653
f 1653 2862 2863
f 1653 2863 1654
f 1654 2863 2864
f 1654 2864 1655
f 1655 2864 2865
f 1655 2865 1656
f 1656 2865 2866
f 1656 2866 1658
f 1658 2866 2867
f 1658 2867 1659
f 1659 2867 2868
f 1659 2868 1660
f 1660 2868 2869
f 1660 2869 1657
f 1657 2869 2870
f 1657 2870 1668
f 1668 2870 2871
f 1668 2871 1669
f 2871 2872 1669
f 1669 2872 930
f 1669 930 1670
f 1670 930 2537
f 1670 2537 1671
f 1671 2537 2536
f 1671 2536 1672
f 1672 2536 2519
f 1672 2519 1673
f 1673 2519 2518
f 1673 2518 1674
f 1674 2518 2546
f 1674 2546 1675
f 1675 2546 2545
f 1675 2545 1676
f 1676 2545 2544
f 1676 2544 1640
f 1640 2544 2517
f 1640 2517 1641
f 1641 2517 2516
f 1641 2516 1642
f 1642 2516 2703
f 1642 2703 1643
f 1643 2703 2702
f 1643 2702 1644
f 1644 2702 2700
f 1644 2700 1645
f 1645 2700 2699
f 1645 2699 1638
f 1638 2699 2724
f 1638 2724 1639
f 1639 2724 2723
f 1639 2723 1649
f 1649 2723 2721
f 1649 2721 1650
f 1650 2721 2720
f 1650 2720 1651
f 1651 2720 2719
f 1651 2719 1661
f 1661 2719 2718
f 1661 2718 1662
f 1662 2718 2717
f 1662 2717 1069
f 925 2873 923
f 923 2873 2874
f 923 2874 924
f 924 2874 2875
f 924 2875 926
f 926 2875 2876
f 926 2876 927
f 927 2876 928
f 928 2876 2877
f 928 2877 911
f 911 2877 2878
f 911 2878 909
f 909 2878 2879
f 909 2879 910
f 910 2879 2880
f 910 2880 912
f 912 2880 2881
f 912 2881 913
f 913 2881 2882
f 913 2882 914
f 914 2882 2883
f 914 2883 915
f 915 2883 2884
f 915 2884 916
f 916 2884 2885
f 916 2885 918
f 918 2885 2886
f 918 2886 919
f 919 2886 2887
f 919 2887 920
f 920 2887 921
f 921 2887 2888
f 921 2888 922
f 1616 922 1617
f 1617 922 2888
f 1617 2888 1618
f 1618 2888 2887
f 1618 2887 1603
f 1603 2887 2886
f 1603 2886 1604
f 1604 2886 2885
f 1604 2885 1609
f 1609 2885 2884
f 1609 2884 1610
f 1610 2884 2883
f 1610 2883 1611
f 1611 2883 2882
f 1611 2882 1612
f 1612 2882 2881
f 1612 2881 1621
f 1621 2881 2880
f 1621 2880 1620
f 1620 2880 2879
f 1620 2879 1619
f 1619 2879 2878
f 1619 2878 1622
f 1622 2878 2877
f 1622 2877 1623
f 1623 2877 2876
f 1623 2876 1624
f 1624 2876 2875
f 1624 2875 1589
f 1589 2875 2874
f 1589 2874 1590
f 2874 2873 1590
f 1590 2873 925
f 1590 925 1605
f 1605 925 2754
f 1605 2754 1594
f 1594 2754 2753
f 1594 2753 1595
f 1595 2753 2752
f 1595 2752 1606
f 1606 2752 2776
f 1606 2776 1607
f 1607 2776 2775
f 1607 2775 1608
f 1608 2775 2773
f 1608 2773 1613
f 1613 2773 2772
f 1613 2772 1614
f 1614 2772 2674
f 1614 2674 1615
f 1615 2674 2673
f 1615 2673 1591
f 1591 2673 2716
f 1591 2716 1592
f 1592 2716 2696
f 1592 2696 1593
f 1593 2696 2695
f 1593 2695 1596
f 1596 2695 2691
f 1596 2691 1597
f 1597 2691 2693
f 1597 2693 1598
f 1598 2693 2694
f 1598 2694 1599
f 1599 2694 2766
f 1599 2766 1600
f 1600 2766 2747
f 1600 2747 1601
f 1601 2747 2715
f 1601 2715 1602
f 1602 2715 2714
f 1602 2714 1616
f 1616 2714 2713
f 1616 2713 922
f 1060 1059 2889
f 2889 1059 1058
f 2889 1058 2890
f 2890 1058 1057
f 2890 1057 2891
f 2891 1057 1056
f 2891 1056 2892
f 2892 1056 1054
f 2892 1054 2893
f 2893 1054 1053
f 2893 1053 2894
f 2894 1053 1052
f 2894 1052 2895
f 2895 1052 1051
f 2895 1051 2896
f 2896 1051 1050
f 2896 1050 2897
f 2897 1050 1049
f 2897 1049 2898
f 2898 1049 1048
f 2898 1048 2899
f 2899 1048 1047
f 2899 1047 2900
f 2900 1047 1046
f 2900 1046 2901
f 2901 1046 1043
f 2901 1043 2902
f 2902 1043 1042
f 2902 1042 2903
f 2903 1042 1045
f 2903 1045 2904
f 2904 1045 1044
f 1571 1060 1572
f 1572 1060 2889
f 1572 2889 1573
f 1573 2889 2890
f 1573 2890 1574
f 1574 2890 2891
f 1574 2891 1575
f 1575 2891 2892
f 1575 2892 1583
f 1583 2892 2893
f 1583 2893 1584
f 1584 2893 2894
f 1584 2894 1585
f 1585 2894 2895
f 1585 2895 1576
f 1576 2895 2896
f 1576 2896 1577
f 1577 2896 2897
f 1577 2897 1578
f 1578 2897 2898
f 1578 2898 1579
f 1579 2898 2899
f 1579 2899 1565
f 1565 2899 2900
f 1565 2900 1564
f 1564 2900 2901
f 1564 2901 1563
f 1563 2901 2902
f 1563 2902 1566
f 1566 2902 2903
f 1566 2903 1556
f 2903 2904 1556
f 1556 2904 1044
f 1556 1044 1557
f 1557 1044 2672
f 1557 2672 1586
f 1586 2672 2763
f 1586 2763 1587
f 1587 2763 2764
f 1587 2764 1588
f 1588 2764 2765
f 1588 2765 1559
f 1559 2765 2692
f 1559 2692 1560
f 1560 2692 2690
f 1560 2690 1561
f 1561 2690 2689
f 1561 2689 1562
f 1562 2689 2688
f 1562 2688 1567
f 1567 2688 2687
f 1567 2687 1568
f 1568 2687 2686
f 1568 2686 1569
f 1569 2686 2685
f 1569 2685 1580
f 1580 2685 2684
f 1580 2684 1581
f 1581 2684 2602
f 1581 2602 1582
f 1582 2602 2711
f 1582 2711 1552
f 1552 2711 2712
f 1552 2712 1553
f 1553 2712 2669
f 1553 2669 1554
f 1554 2669 2708
f 1554 2708 1555
f 1555 2708 2599
f 1555 2599 1570
f 1570 2599 2600
f 1570 2600 1571
f 1571 2600 2601
f 1571 2601 1060
f 1885 1894 2905
f 2906 2907 1845
f 1845 2907 1850
f 1850 2907 2908
f 1850 2908 1840
f 1840 2908 2909
f 1840 2909 1841
f 1841 2909 2910
f 1841 2910 1842
f 1842 2910 2911
f 1842 2911 1796
f 1796 2911 2912
f 1796 2912 1795
f 1795 2912 2913
f 1795 2913 1794
f 1794 2913 2914
f 1794 2914 1793
f 1793 2914 2915
f 1793 2915 1792
f 1792 2915 2916
f 1792 2916 1930
f 1930 2916 1929
f 1929 2916 2917
f 1929 2917 1931
f 1931 2917 1932
f 1932 2917 2918
f 1932 2918 1933
f 1933 2918 1919
f 1919 2918 2919
f 1919 2919 1920
f 2920 1924 2919
f 2919 1924 1922
f 2919 1922 1920
f 2921 1926 2920
f 2920 1926 1925
f 2920 1925 1924
f 2922 1918 2923
f 2923 1918 1917
f 2923 1917 2924
f 2924 1917 1916
f 2924 1916 2925
f 2925 1916 1915
f 2925 1915 2926
f 2926 1915 1914
f 2926 1914 2927
f 2927 1914 1928
f 2927 1928 2921
f 2921 1928 1927
f 2921 1927 1926
f 2928 1911 2929
f 2929 1911 1909
f 2929 1909 2930
f 2930 1909 1908
f 2930 1908 2922
f 2922 1908 2238
f 2922 2238 1918
f 1903 1902 2928
f 2928 1902 1912
f 2928 1912 1911
f 1896 1907 2931
f 2931 1907 1906
f 2931 1906 2932
f 2932 1906 1905
f 2932 1905 2933
f 2933 1905 1900
f 2933 1900 2934
f 2934 1900 1899
f 2934 1899 2935
f 2935 1899 1904
f 2935 1904 2936
f 2936 1904 1903
f 2936 1903 2937
f 2937 1903 2928
f 2905 1894 2938
f 1894 1893 2938
f 2938 1893 1898
f 2938 1898 2931
f 2931 1898 1897
f 2931 1897 1896
f 2939 2940 1890
f 1890 1889 2939
f 2939 1889 1888
f 2939 1888 2905
f 2905 1888 1886
f 2905 1886 1885
f 1845 1844 2906
f 2906 1844 1892
f 2906 1892 2940
f 2940 1892 1891
f 2940 1891 1890
f 2929 2660 2928
f 2928 2660 2659
f 2928 2659 2937
f 2937 2659 2658
f 2937 2658 2936
f 2936 2658 2657
f 2936 2657 2935
f 2935 2657 2733
f 2935 2733 2934
f 2934 2733 2732
f 2934 2732 2933
f 2933 2732 2731
f 2933 2731 2932
f 2932 2731 2729
f 2932 2729 2931
f 2931 2729 2728
f 2931 2728 2938
f 2938 2728 2522
f 2938 2522 2905
f 2905 2522 2636
f 2905 2636 2939
f 2939 2636 2635
f 2939 2635 2940
f 2940 2635 2633
f 2940 2633 2906
f 2906 2633 2632
f 2906 2632 2907
f 2907 2632 2555
f 2907 2555 2908
f 2908 2555 2557
f 2908 2557 2909
f 2909 2557 2558
f 2909 2558 2910
f 2910 2558 2559
f 2910 2559 2911
f 2911 2559 2594
f 2911 2594 2912
f 2912 2594 2593
f 2912 2593 2913
f 2913 2593 2592
f 2913 2592 2914
f 2914 2592 2591
f 2914 2591 2915
f 2915 2591 2679
f 2915 2679 2916
f 2916 2679 2678
f 2916 2678 2917
f 2917 2678 2676
f 2917 2676 2918
f 2918 2676 2742
f 2918 2742 2919
f 2919 2742 2743
f 2919 2743 2920
f 2920 2743 2727
f 2920 2727 2921
f 2921 2727 2726
f 2921 2726 2927
f 2927 2726 2725
f 2927 2725 2926
f 2926 2725 2656
f 2926 2656 2925
f 2925 2656 2655
f 2925 2655 2924
f 2924 2655 2653
f 2924 2653 2923
f 2923 2653 2652
f 2923 2652 2922
f 2922 2652 2662
f 2922 2662 2930
f 2930 2662 2661
f 2930 2661 2929
f 2929 2661 2660
f 1934 1943 2941
f 2942 2943 1540
f 1540 2943 1525
f 1525 2943 2944
f 1525 2944 1526
f 1526 2944 2945
f 1526 2945 1527
f 1527 2945 2946
f 1527 2946 1523
f 1523 2946 2947
f 1523 2947 1524
f 1524 2947 2948
f 1524 2948 1528
f 1528 2948 2949
f 1528 2949 1529
f 1529 2949 2950
f 1529 2950 1530
f 1530 2950 2951
f 1530 2951 1543
f 1543 2951 2952
f 1543 2952 1976
f 1976 2952 1977
f 1977 2952 2953
f 1977 2953 1978
f 1978 2953 1979
f 1979 2953 2954
f 1979 2954 1980
f 1980 2954 1981
f 1981 2954 2955
f 1981 2955 1972
f 2956 1970 2955
f 2955 1970 1971
f 2955 1971 1972
f 2957 1974 2956
f 2956 1974 1973
f 2956 1973 1970
f 2958 1967 2959
f 2959 1967 1966
f 2959 1966 2960
f 2960 1966 1965
f 2960 1965 2961
f 2961 1965 1964
f 2961 1964 2962
f 2962 1964 1962
f 2962 1962 2963
f 2963 1962 1961
f 2963 1961 2957
f 2957 1961 1975
f 2957 1975 1974
f 2964 1958 2965
f 2965 1958 1957
f 2965 1957 2966
f 2966 1957 1969
f 2966 1969 2958
f 2958 1969 1968
f 2958 1968 1967
f 1952 1951 2964
f 2964 1951 1960
f 2964 1960 1958
f 1945 1956 2967
f 2967 1956 1955
f 2967 1955 2968
f 2968 1955 1954
f 2968 1954 2969
f 2969 1954 1949
f 2969 1949 2970
f 2970 1949 1948
f 2970 1948 2971
f 2971 1948 1953
f 2971 1953 2972
f 2972 1953 1952
f 2972 1952 2973
f 2973 1952 2964
f 2941 1943 2974
f 1943 1942 2974
f 2974 1942 1947
f 2974 1947 2967
f 2967 1947 1946
f 2967 1946 1945
f 2975 2976 1939
f 1939 1938 2975
f 2975 1938 1937
f 2975 1937 2941
f 2941 1937 1935
f 2941 1935 1934
f 1540 1542 2942
f 2942 1542 1941
f 2942 1941 2976
f 2976 1941 1940
f 2976 1940 1939
f 2953 2670 2954
f 2954 2670 2671
f 2954 2671 2955
f 2955 2671 2739
f 2955 2739 2956
f 2956 2739 2710
f 2956 2710 2957
f 2957 2710 2709
f 2957 2709 2963
f 2963 2709 2646
f 2963 2646 2962
f 2962 2646 2645
f 2962 2645 2961
f 2961 2645 2644
f 2961 2644 2960
f 2960 2644 2603
f 2960 2603 2959
f 2959 2603 2512
f 2959 2512 2958
f 2958 2512 2528
f 2958 2528 2966
f 2966 2528 2527
f 2966 2527 2965
f 2965 2527 2511
f 2965 2511 2964
f 2964 2511 2510
f 2964 2510 2973
f 2973 2510 2567
f 2973 2567 2972
f 2972 2567 2566
f 2972 2566 2971
f 2971 2566 2565
f 2971 2565 2970
f 2970 2565 2564
f 2970 2564 2969
f 2969 2564 2563
f 2969 2563 2968
f 2968 2563 2562
f 2968 2562 2967
f 2967 2562 2550
f 2967 2550 2974
f 2974 2550 2549
f 2974 2549 2941
f 2941 2549 2548
f 2941 2548 2975
f 2975 2548 2613
f 2975 2613 2976
f 2976 2613 2614
f 2976 2614 2942
f 2942 2614 2639
f 2942 2639 2943
f 2943 2639 2640
f 2943 2640 2944
f 2944 2640 2666
f 2944 2666 2945
f 2945 2666 2664
f 2945 2664 2946
f 2946 2664 2663
f 2946 2663 2947
f 2947 2663 2643
f 2947 2643 2948
f 2948 2643 2642
f 2948 2642 2949
f 2949 2642 2641
f 2949 2641 2950
f 2950 2641 2568
f 2950 2568 2951
f 2951 2568 2570
f 2951 2570 2952
f 2952 2570 2571
f 2952 2571 2953
f 2953 2571 2670
f 1982 1991 2977
f 2978 2979 1625
f 1625 2979 1626
f 1626 2979 2980
f 1626 2980 1627
f 1627 2980 2981
f 1627 2981 1628
f 1628 2981 2982
f 1628 2982 1629
f 1629 2982 2983
f 1629 2983 1630
f 1630 2983 2984
f 1630 2984 1631
f 1631 2984 2985
f 1631 2985 1632
f 1632 2985 2986
f 1632 2986 1648
f 1648 2986 2987
f 1648 2987 1646
f 1646 2987 2988
f 1646 2988 2023
f 2023 2988 2024
f 2024 2988 2989
f 2024 2989 2025
f 2025 2989 2026
f 2026 2989 2990
f 2026 2990 2027
f 2027 2990 2028
f 2028 2990 2991
f 2028 2991 2019
f 2992 2017 2991
f 2991 2017 2018
f 2991 2018 2019
f 2993 2021 2992
f 2992 2021 2020
f 2992 2020 2017
f 2994 2014 2995
f 2995 2014 2013
f 2995 2013 2996
f 2996 2013 2012
f 2996 2012 2997
f 2997 2012 2011
f 2997 2011 2998
f 2998 2011 2009
f 2998 2009 2999
f 2999 2009 2008
f 2999 2008 2993
f 2993 2008 2022
f 2993 2022 2021
f 3000 2005 3001
f 3001 2005 2051
f 3001 2051 3002
f 3002 2051 2016
f 3002 2016 2994
f 2994 2016 2015
f 2994 2015 2014
f 2000 1999 3000
f 3000 1999 2006
f 3000 2006 2005
f 1993 2004 3003
f 3003 2004 2003
f 3003 2003 3004
f 3004 2003 2002
f 3004 2002 3005
f 3005 2002 1997
f 3005 1997 3006
f 3006 1997 1996
f 3006 1996 3007
f 3007 1996 2001
f 3007 2001 3008
f 3008 2001 2000
f 3008 2000 3009
f 3009 2000 3000
f 2977 1991 3010
f 1991 1990 3010
f 3010 1990 1995
f 3010 1995 3003
f 3003 1995 1994
f 3003 1994 1993
f 3011 3012 1987
f 1987 1986 3011
f 3011 1986 1985
f 3011 1985 2977
f 2977 1985 1983
f 2977 1983 1982
f 1625 1864 2978
f 2978 1864 1989
f 2978 1989 3012
f 3012 1989 1988
f 3012 1988 1987
f 3012 2770 2978
f 2978 2770 2769
f 2978 2769 2979
f 2979 2769 2768
f 2979 2768 2980
f 2980 2768 2767
f 2980 2767 2981
f 2981 2767 2751
f 2981 2751 2982
f 2982 2751 2722
f 2982 2722 2983
f 2983 2722 2750
f 2983 2750 2984
f 2984 2750 2749
f 2984 2749 2985
f 2985 2749 2748
f 2985 2748 2986
f 2986 2748 2701
f 2986 2701 2987
f 2987 2701 2513
f 2987 2513 2988
f 2988 2513 2514
f 2988 2514 2989
f 2989 2514 2515
f 2989 2515 2990
f 2990 2515 2551
f 2990 2551 2991
f 2991 2551 2552
f 2991 2552 2992
f 2992 2552 2553
f 2992 2553 2993
f 2993 2553 2609
f 2993 2609 2999
f 2999 2609 2608
f 2999 2608 2998
f 2998 2608 2607
f 2998 2607 2997
f 2997 2607 2579
f 2997 2579 2996
f 2996 2579 2578
f 2996 2578 2995
f 2995 2578 2538
f 2995 2538 2994
f 2994 2538 2577
f 2994 2577 3002
f 3002 2577 2576
f 3002 2576 3001
f 3001 2576 2758
f 3001 2758 3000
f 3000 2758 2757
f 3000 2757 3009
f 3009 2757 2756
f 3009 2756 3008
f 3008 2756 2755
f 3008 2755 3007
f 3007 2755 2698
f 3007 2698 3006
f 3006 2698 2697
f 3006 2697 3005
f 3005 2697 2762
f 3005 2762 3004
f 3004 2762 2761
f 3004 2761 3003
f 3003 2761 2760
f 3003 2760 3010
f 3010 2760 2759
f 3010 2759 2977
f 2977 2759 2774
f 2977 2774 3011
f 3011 2774 2771
f 3011 2771 3012
f 3012 2771 2770
f 1472 1328 3013
f 456 457 3014
f 473 3015 472
f 472 3015 3016
f 472 3016 471
f 471 3016 470
f 3017 463 464
f 3017 464 3018
f 3018 464 465
f 3018 465 466
f 466 467 3018
f 3018 467 468
f 3018 468 3016
f 3016 468 469
f 3016 469 470
f 3014 457 3019
f 3019 457 458
f 3019 458 459
f 459 460 3019
f 3019 460 461
f 3019 461 3017
f 3017 461 462
f 3017 462 463
f 452 453 3020
f 3020 453 454
f 3020 454 3014
f 3014 454 455
f 3014 455 456
f 3021 443 446
f 3021 446 3022
f 3022 446 447
f 3022 447 448
f 448 449 3022
f 3022 449 450
f 3022 450 3020
f 3020 450 451
f 3020 451 452
f 477 478 3023
f 3023 478 479
f 3023 479 3021
f 3021 479 444
f 3021 444 443
f 473 474 3015
f 3015 474 475
f 3015 475 3023
f 3023 475 476
f 3023 476 477
f 3024 3025 3026
f 3026 3025 3027
f 3028 3029 3026
f 3026 3029 3030
f 3026 3030 3031
f 3031 3030 3032
f 3031 3032 3033
f 1357 3034 3035
f 3027 3036 3026
f 3026 3036 3037
f 3026 3037 3028
f 3033 3038 3031
f 3031 3038 3039
f 3031 3039 3040
f 3040 3041 3031
f 3031 3041 3042
f 3031 3042 3043
f 3044 1364 3045
f 3045 1364 1362
f 3045 1362 3046
f 3047 1360 3048
f 3048 1360 1364
f 3048 1364 3049
f 3049 1364 3044
f 3035 3050 1357
f 1357 3050 3051
f 1357 3051 3026
f 3026 3051 3052
f 3026 3052 3024
f 3053 1368 3054
f 3054 1368 3055
f 3047 3056 1360
f 1360 3056 3057
f 1360 3057 1357
f 1357 3057 3058
f 1357 3058 3034
f 3053 3059 1368
f 1368 3059 3060
f 1368 3060 1362
f 1362 3060 3061
f 1362 3061 3046
f 1343 1346 3062
f 3062 1346 1348
f 3062 1348 3026
f 3026 1348 1352
f 3026 1352 1357
f 342 341 3023
f 3023 341 340
f 365 364 1338
f 338 337 3062
f 361 3063 362
f 362 3063 1338
f 362 1338 363
f 363 1338 364
f 338 3062 339
f 337 336 3062
f 3062 336 335
f 3062 335 1343
f 1343 335 370
f 1343 370 369
f 369 368 1343
f 1343 368 367
f 1343 367 1338
f 1338 367 366
f 1338 366 365
f 1328 1329 3013
f 3013 1329 1332
f 3013 1332 3063
f 3063 1332 1334
f 3063 1334 1338
f 1472 3013 1467
f 1467 3013 3064
f 1467 3064 1463
f 134 133 1458
f 128 127 3022
f 3022 127 126
f 3022 126 125
f 1463 141 1461
f 1461 141 140
f 1461 140 139
f 1461 136 1458
f 1458 136 135
f 1458 135 134
f 132 131 3065
f 3065 131 130
f 3065 130 129
f 139 138 1461
f 1461 138 137
f 1461 137 136
f 133 132 1458
f 1458 132 3065
f 1458 3065 1453
f 1453 3065 1449
f 65 64 1437
f 51 50 3066
f 51 3066 52
f 55 54 3066
f 3066 54 53
f 3066 53 52
f 50 49 3066
f 3066 49 48
f 3066 48 3067
f 73 1444 74
f 74 1444 39
f 69 68 1439
f 1439 68 67
f 1439 67 1437
f 1437 67 66
f 1437 66 65
f 64 63 1437
f 1437 63 62
f 1437 62 1432
f 48 47 3067
f 3067 47 46
f 3067 46 45
f 42 41 3067
f 3067 41 40
f 73 72 1444
f 1444 72 71
f 1444 71 1439
f 1439 71 70
f 1439 70 69
f 62 61 1432
f 1432 61 60
f 1432 60 59
f 59 58 1432
f 1432 58 57
f 1432 57 3066
f 3066 57 56
f 3066 56 55
f 45 44 3067
f 3067 44 43
f 3067 43 42
f 1449 3065 1447
f 1447 3065 3067
f 1447 3067 1444
f 1444 3067 40
f 1444 40 39
f 1419 1421 3068
f 3068 1421 1425
f 3068 1425 3066
f 3066 1425 1430
f 3066 1430 1432
f 194 193 3019
f 3019 193 192
f 188 187 3068
f 217 216 1416
f 3068 187 1419
f 1419 187 222
f 1419 222 221
f 191 190 3068
f 3068 190 189
f 3068 189 188
f 221 220 1419
f 1419 220 219
f 1419 219 1416
f 1416 219 218
f 1416 218 217
f 216 215 1416
f 1416 215 214
f 1416 214 1411
f 1411 214 213
f 1411 213 212
f 198 197 3017
f 3017 197 196
f 3017 196 3019
f 3019 196 195
f 3019 195 194
f 209 1409 210
f 210 1409 1411
f 210 1411 211
f 211 1411 212
f 201 200 3017
f 3017 200 199
f 3017 199 198
f 209 208 1409
f 1409 208 207
f 1409 207 1403
f 1403 207 206
f 1403 206 1402
f 1402 206 205
f 205 204 1402
f 1402 204 203
f 1402 203 3017
f 3017 203 202
f 3017 202 201
f 272 271 3018
f 294 293 1392
f 3018 271 3017
f 3017 271 270
f 3017 270 269
f 263 1402 264
f 264 1402 3017
f 264 3017 265
f 265 3017 266
f 269 268 3017
f 3017 268 267
f 3017 267 266
f 1392 293 1390
f 1390 293 292
f 1390 292 291
f 263 262 1402
f 1402 262 261
f 1402 261 1397
f 1397 261 296
f 1397 296 1392
f 1392 296 295
f 1392 295 294
f 276 275 3018
f 275 274 3018
f 3018 274 273
f 3018 273 272
f 1387 287 286
f 282 281 1382
f 291 290 1390
f 1390 290 289
f 1390 289 1387
f 1387 289 288
f 1387 288 287
f 286 285 1387
f 1387 285 284
f 1387 284 1382
f 1382 284 283
f 1382 283 282
f 280 279 3069
f 3069 279 278
f 3069 278 277
f 281 280 1382
f 1382 280 3069
f 1382 3069 1378
f 1378 3069 1376
f 1376 3069 1373
f 1373 3069 3031
f 1373 3031 1368
f 1368 3031 3043
f 1368 3043 3055
f 350 349 3021
f 361 360 3063
f 3063 360 359
f 3063 359 358
f 3013 354 353
f 358 357 3063
f 3063 357 356
f 3063 356 3013
f 3013 356 355
f 3013 355 354
f 353 352 3013
f 3013 352 351
f 3013 351 350
f 349 348 3021
f 3021 348 347
f 3021 347 346
f 346 345 3021
f 3021 345 344
f 3021 344 3023
f 3023 344 343
f 3023 343 342
f 145 144 3064
f 3064 144 143
f 3064 143 1463
f 1463 143 142
f 1463 142 141
f 121 120 3021
f 116 115 3013
f 3013 115 114
f 3013 114 113
f 350 3021 3013
f 3013 3021 117
f 3013 117 116
f 120 119 3021
f 3021 119 118
f 3021 118 117
f 113 148 3013
f 3013 148 147
f 3013 147 3064
f 3064 147 146
f 3064 146 145
f 125 124 3022
f 3022 124 123
f 3022 123 3021
f 3021 123 122
f 3021 122 121
f 277 276 3069
f 3069 276 3018
f 3069 3018 3031
f 3031 3018 3016
f 3031 3016 3026
f 3026 3016 3015
f 3026 3015 3062
f 3062 3015 3023
f 3062 3023 339
f 339 3023 340
f 192 191 3019
f 3019 191 3068
f 3019 3068 3014
f 3014 3068 3066
f 3014 3066 3020
f 3020 3066 3067
f 3020 3067 3022
f 3022 3067 3065
f 3022 3065 128
f 128 3065 129
f 3070 3071 3072
f 3073 3071 3070
f 3070 3074 3075
f 3076 3074 3070
f 3072 3076 3070
f 3070 3077 3078
f 3079 3077 3070
f 3075 3079 3070
f 3070 3080 3081
f 3082 3080 3070
f 3078 3082 3070
f 3070 3083 3084
f 3085 3083 3070
f 3081 3085 3070
f 3070 3086 3087
f 3088 3086 3070
f 3084 3088 3070
f 3070 3089 3090
f 3091 3089 3070
f 3087 3091 3070
f 3070 3092 3093
f 3094 3092 3070
f 3090 3094 3070
f 3070 3095 3096
f 3097 3095 3070
f 3093 3097 3070
f 3070 3098 3099
f 3100 3098 3070
f 3096 3100 3070
f 3070 3101 3102
f 3103 3101 3070
f 3099 3103 3070
f 3070 3104 3105
f 3106 3104 3070
f 3102 3106 3070
f 3105 3073 3070
f 3091 3087 3107
f 3107 3087 3055
f 3107 3055 3043
f 3091 3107 3089
f 3089 3107 3043
f 3089 3043 3090
f 3090 3043 3042
f 3090 3042 3094
f 3094 3042 3041
f 3094 3041 3092
f 3092 3041 3040
f 3092 3040 3093
f 3093 3040 3039
f 3093 3039 3097
f 3097 3039 3038
f 3097 3038 3095
f 3095 3038 3033
f 3095 3033 3096
f 3096 3033 3032
f 3096 3032 3100
f 3100 3032 3030
f 3100 3030 3098
f 3098 3030 3029
f 3098 3029 3099
f 3099 3029 3028
f 3099 3028 3103
f 3103 3028 3037
f 3103 3037 3101
f 3101 3037 3036
f 3101 3036 3102
f 3102 3036 3027
f 3102 3027 3106
f 3106 3027 3025
f 3106 3025 3104
f 3104 3025 3024
f 3104 3024 3105
f 3105 3024 3052
f 3105 3052 3073
f 3073 3052 3051
f 3073 3051 3071
f 3071 3051 3050
f 3071 3050 3072
f 3072 3050 3035
f 3072 3035 3076
f 3076 3035 3034
f 3076 3034 3074
f 3074 3034 3058
f 3074 3058 3075
f 3075 3058 3057
f 3075 3057 3079
f 3079 3057 3056
f 3079 3056 3077
f 3077 3056 3047
f 3077 3047 3078
f 3078 3047 3048
f 3078 3048 3082
f 3082 3048 3049
f 3082 3049 3080
f 3080 3049 3044
f 3080 3044 3081
f 3081 3044 3045
f 3081 3045 3085
f 3085 3045 3046
f 3085 3046 3083
f 3083 3046 3061
f 3083 3061 3084
f 3084 3061 3060
f 3084 3060 3088
f 3088 3060 3059
f 3088 3059 3086
f 3086 3059 3053
f 3086 3053 3087
f 3087 3053 3054
f 3087 3054 3055

