# Exported by SolidWorks
g 
v 23.70113321 12.92885467 34.79257971
v 23.69744889 12.98485603 34.79674459
v 23.70263636 12.86350004 34.79674459
v 22.29713462 14.28580005 28.03974971
v 22.52723463 14.26429022 28.02412026
v 22.28023484 14.28589970 27.96146646
v 21.57034166 14.09608778 27.45864540
v 21.56903595 14.09533434 -10.64653601
v 21.36593498 13.95312138 -10.64653601
v 22.03323878 14.26429022 -10.64653601
v 22.03323692 14.26429022 27.42256038
v 22.28023484 14.28589970 -10.64653601
v 22.03998342 14.26546276 27.42208354
v 21.79374546 14.20011837 -10.64653601
v 21.79374546 14.20011837 27.44038031
v 21.79953456 14.20221198 27.43992768
v 21.19061351 13.77780084 -10.64653601
v 21.36351168 13.95108458 27.47736685
v 21.36593498 13.95312138 27.47713402
v 21.04840055 13.57469894 27.51167491
v 21.04981057 13.57713435 27.51149423
v 21.04840055 13.57469894 -10.64653601
v 21.18809521 13.77479080 27.49522775
v 21.19061351 13.77780177 27.49495581
v 20.94361745 13.34998943 -10.64653601
v 20.94361559 13.34998850 27.52839215
v 20.94698884 13.35915551 27.52771229
v 20.85783519 12.86350004 27.56459080
v 20.85784264 12.86802161 27.56425552
v 20.87944560 13.11049704 -10.64653601
v 20.87944560 13.11049704 27.54621394
v 20.88106237 13.11949920 27.54554339
v 20.94361745 12.37701066 -10.64653601
v 20.87947540 12.61633076 27.58298069
v 20.87944560 12.61650305 -10.64653601
v 20.85783519 12.86350004 -10.64653601
v 21.18250355 11.95895299 27.63334103
v 21.04840241 12.15229928 27.61750855
v 21.04840055 12.15230022 -10.64653601
v 21.04559727 12.15717942 27.61714347
v 20.94396017 12.37606909 27.60085836
v 21.19061537 11.94919739 27.63422765
v 21.19061351 11.94919925 -10.64653601
v 21.35667205 11.78171858 27.65115723
v 21.36593498 11.77387778 27.65204571
v 21.36593498 11.77387871 -10.64653601
v 21.56252041 11.63545065 27.66986191
v 21.56903595 11.63166575 27.67042443
v 21.56903595 11.63166575 -10.64653601
v 21.79109864 11.52784750 27.68859453
v 21.79374546 11.52688079 -10.64653601
v 21.79374546 11.52688172 27.68880315
v 22.03323878 11.46270987 27.70662121
v 22.03323878 11.46270987 -10.64653601
v 22.27179147 11.44112460 27.72279456
v 22.28023484 11.44110039 -10.64653601
v 22.28023671 11.44110039 27.72334032
v 22.52723277 11.46270987 -10.64653601
v 22.76672423 11.52688079 -10.64653601
v 22.76672609 11.52688172 27.75787935
v 22.75248617 11.52178459 27.75677294
v 22.52723463 11.46270987 27.74006128
v 22.51185104 11.46008447 27.73897164
v 23.19453657 11.77387871 -10.64653601
v 23.19007926 11.77015342 27.79420838
v 22.99143560 11.63166575 -10.64653601
v 22.99143560 11.63166575 27.77625807
v 22.98228070 11.62642427 27.77547203
v 23.36985804 11.94919925 -10.64653601
v 23.36673625 11.94549259 27.81211399
v 23.19453657 11.77387778 27.79463492
v 23.61040749 12.35964894 27.84460224
v 23.51207100 12.15230115 27.82917395
v 23.51207100 12.15230022 -10.64653601
v 23.50640111 12.14257069 27.82844752
v 23.36985618 11.94919832 27.81245485
v 23.61685596 12.37701252 27.84589306
v 23.61685410 12.37701066 -10.64653601
v 23.67776819 12.59868685 27.86238678
v 23.68102595 12.61650398 27.86371298
v 23.68102595 12.61650305 -10.64653601
v 23.70257117 12.84993719 27.88108215
v 23.70263636 12.86350004 27.88209170
v 23.70263636 12.86350004 -10.64653601
v 23.68252724 13.10182456 27.89982408
v 23.68102595 13.11049704 -10.64653601
v 23.68102595 13.11049610 27.90046856
v 23.61949161 13.34268041 27.91774459
v 23.61685410 13.34998943 -10.64653601
v 23.61685410 13.34998850 27.91828662
v 23.51905033 13.56247161 27.93409675
v 23.51207100 13.57469894 -10.64653601
v 23.51206914 13.57470173 27.93500759
v 23.36985804 13.77780084 -10.64653601
v 23.19453657 13.95312138 -10.64653601
v 23.19453657 13.95312231 27.96954662
v 23.21059816 13.93943932 27.96800248
v 23.36985618 13.77780270 27.95172669
v 23.38351123 13.76127638 27.95023099
v 22.76672423 14.20011837 -10.64653601
v 22.77779207 14.19603918 28.00543793
v 22.99143560 14.09533434 -10.64653601
v 22.99143560 14.09533434 27.98792534
v 23.00574258 14.08696268 27.98669040
v 22.28023484 14.28589970 27.40583941
v 22.52723277 14.26429022 -10.64653601
v 22.53776044 14.26239312 28.02337334
v 22.76672609 14.20011837 28.00630219
v 20.87950334 12.61617430 28.13861892
v 20.87646723 12.63403334 28.21666375
v 20.85783519 12.86350004 28.12021598
v 20.85783519 12.86350004 28.19959074
v 20.85784264 12.86787726 28.11989002
v 20.85801587 12.88610417 28.19790877
v 20.87944560 13.11049704 28.10183913
v 20.87944560 13.11049610 28.18121389
v 20.88104002 13.11937347 28.10117789
v 20.88440023 13.13711144 28.17923389
v 20.94361559 13.34998850 28.08401920
v 20.94361559 13.34998664 28.16339582
v 20.94695158 13.35905306 28.08334492
v 20.95318772 13.37551884 28.16149406
v 21.04840055 13.57469894 28.06729823
v 21.04839869 13.57469708 28.14667486
v 21.04976401 13.57705705 28.06712314
v 21.05838060 13.59171048 28.14539894
v 21.18804492 13.77473120 28.05085853
v 21.19061537 13.77780270 28.12995575
v 21.19061351 13.77780177 28.05057913
v 21.19942196 13.78819626 28.12900022
v 21.36346325 13.95104267 28.03299762
v 21.36593498 13.95312231 28.11213583
v 21.36593498 13.95312138 28.03276107
v 21.37731202 13.96256778 28.11105177
v 21.57029882 14.09606356 28.01427431
v 21.56903595 14.09533434 28.09375711
v 21.58606984 14.10501357 28.09230052
v 21.79374546 14.20011837 27.99600363
v 21.79374546 14.20011837 28.07538025
v 21.79950476 14.20220081 27.99555659
v 21.81644738 14.20816500 28.07361819
v 22.03323692 14.26429022 27.97818556
v 22.03323506 14.26429022 28.05756032
v 22.03996852 14.26546089 27.97770873
v 22.05725387 14.26831353 28.05586159
v 22.28023298 14.28589970 28.04083936
v 20.94401792 12.37590797 28.15649472
v 20.93804628 12.39259820 28.23462896
v 20.87944560 12.61650492 28.21796760
v 23.68526720 13.08510080 29.08920497
v 23.68810214 13.06631044 29.16718088
v 23.70263636 12.86349911 29.07271497
v 23.70263636 12.86349911 29.15208973
v 23.70230481 12.83286419 29.07043695
v 23.70176651 12.81378232 29.14839238
v 23.68102595 12.61650492 29.05433811
v 23.68102595 12.61650585 29.13371287
v 23.67451601 12.58206926 29.05177698
v 23.67065847 12.56359182 29.12977524
v 23.61685596 12.37701438 29.03652005
v 23.61685596 12.37701625 29.11589481
v 23.60446006 12.34422065 29.03407812
v 23.59763905 12.32715137 29.11218442
v 23.51207100 12.15230301 29.01980095
v 23.51207286 12.15230394 29.09917384
v 23.49819615 12.12879457 29.01802957
v 23.48886058 12.11353578 29.09623645
v 23.36985432 11.94919646 29.00307998
v 23.36985432 11.94919460 29.08245474
v 23.35591614 11.93283778 29.00157310
v 23.34370464 11.91890799 29.07964401
v 23.19453470 11.77387685 28.98526005
v 23.19453470 11.77387591 29.06463481
v 23.17691594 11.75933238 28.98358367
v 23.16216193 11.74751297 29.06156890
v 22.99143560 11.63166482 28.96688320
v 22.99143560 11.63166482 29.04625610
v 22.96729572 11.61804050 28.96481939
v 22.95060270 11.60897687 29.04278226
v 22.76672609 11.52688172 28.94850448
v 22.76672795 11.52688172 29.02787924
v 22.73638733 11.51622646 28.94615382
v 22.71855436 11.51031908 29.02415954
v 22.52723649 11.46270987 28.93068455
v 22.52723835 11.46271080 29.01006117
v 22.49542437 11.45747211 28.92844006
v 22.47732133 11.45482063 29.00655009
v 22.28023857 11.44110039 28.91396545
v 22.28024043 11.44110039 28.99334207
v 22.25567773 11.44131180 28.91237661
v 22.23789319 11.44172996 28.99058908
v 22.03323506 11.46270987 28.89724448
v 22.03323320 11.46271080 28.97662111
v 22.01488614 11.46607008 28.89593877
v 21.99680731 11.46962401 28.97401527
v 21.79374360 11.52688172 28.87942642
v 21.79374360 11.52688172 28.95880118
v 21.77504823 11.53383590 28.87796424
v 21.75751328 11.54063083 28.95595506
v 21.56903595 11.63166575 28.86104956
v 21.56903408 11.63166575 28.94042432
v 21.54766582 11.64425351 28.85920368
v 21.53152972 11.65409386 28.93717401
v 21.36593498 11.77387778 28.84267084
v 21.36593685 11.77387685 28.92204747
v 21.34371176 11.79291867 28.84053066
v 21.32972330 11.80531923 28.91854197
v 21.19061537 11.94919646 28.82485278
v 21.19061723 11.94919460 28.90422754
v 21.17193863 11.97192911 28.82280387
v 21.16061561 11.98619045 28.90091762
v 21.04840241 12.15229742 28.80813181
v 21.04840241 12.15229649 28.88750844
v 21.03763446 12.17128336 28.80671993
v 21.02912217 12.18679082 28.88494171
v 20.94361559 12.37701252 28.79141271
v 20.94361559 12.37701531 28.87078747
v 20.93828842 12.39190809 28.79030444
v 20.93232423 12.40923535 28.86839025
v 20.87944560 12.61650492 28.77359465
v 20.87944373 12.61650585 28.85296755
v 20.87658457 12.63331156 28.77234295
v 20.87367885 12.65179180 28.85034308
v 20.85783519 12.86350004 28.75521593
v 20.85783519 12.86350098 28.83459069
v 20.85800469 12.88538333 28.75358798
v 20.85841820 12.90418208 28.83156389
v 20.87944560 13.11049610 28.73683721
v 20.87944373 13.11049517 28.81621383
v 20.88426612 13.13642692 28.73490937
v 20.88795416 13.15466035 28.81292813
v 20.94361559 13.34998664 28.71901914
v 20.94361559 13.34998477 28.79839391
v 20.95294744 13.37489765 28.71716581
v 20.95957100 13.39176763 28.79528515
v 21.04840055 13.57469801 28.70230004
v 21.04839869 13.57469615 28.78167294
v 21.05805837 13.59116938 28.70106511
v 21.06714994 13.60622887 28.77929248
v 21.19061537 13.77780270 28.68557908
v 21.19061723 13.77780456 28.76495384
v 21.19900659 13.78771104 28.68467011
v 21.21093683 13.80148903 28.76276337
v 21.36593498 13.95312231 28.66776101
v 21.36593685 13.95312324 28.74713577
v 21.37682028 13.96216359 28.66672352
v 21.39127068 13.97388894 28.74472924
v 21.56903595 14.09533434 28.64938229
v 21.56903595 14.09533527 28.72875705
v 21.58552408 14.10470810 28.64797227
v 21.60190791 14.11373727 28.72595377
v 21.79374546 14.20011837 28.63100357
v 21.79374360 14.20011837 28.71038020
v 21.81587741 14.20796756 28.62928621
v 21.83341421 14.21389729 28.70731242
v 22.03323506 14.26429022 28.61318551
v 22.03323320 14.26428929 28.69256027
v 22.05668762 14.26822320 28.61152776
v 22.07452059 14.27094545 28.68965268
v 22.28023298 14.28589970 28.59646641
v 22.28023112 14.28589970 28.67584117
v 22.29659632 14.28580564 28.59540656
v 22.31408469 14.28549737 28.67364511
v 22.52723463 14.26429022 28.57974544
v 22.52723649 14.26429022 28.65912020
v 22.53722586 14.26249184 28.57903391
v 22.55503088 14.25910369 28.65713648
v 22.76672609 14.20011837 28.56192738
v 22.76672795 14.20011744 28.64130214
v 22.77728543 14.19622824 28.56110223
v 22.79458568 14.18964751 28.63911912
v 22.99143560 14.09533434 28.54354866
v 22.99143560 14.09533434 28.62292528
v 23.00528809 14.08723183 28.54235470
v 23.02123792 14.07764014 28.62034552
v 23.19453657 13.95312231 28.52517180
v 23.19453470 13.95312324 28.60454842
v 23.21021445 13.93977180 28.52366492
v 23.22407439 13.92763760 28.60169671
v 23.36985618 13.77780270 28.50735374
v 23.36985432 13.77780456 28.58672664
v 23.38320948 13.76164891 28.50588970
v 23.39445613 13.74765765 28.58402021
v 23.51206914 13.57470173 28.49063277
v 23.51206914 13.57470360 28.57000753
v 23.51882868 13.56286369 28.48975174
v 23.52728695 13.54766544 28.56799588
v 23.61685410 13.34998850 28.47391367
v 23.61685596 13.34998570 28.55328843
v 23.61934073 13.34310416 28.47339958
v 23.62531051 13.32609635 28.55150960
v 23.68102595 13.11049610 28.45609374
v 23.68102595 13.11049517 28.53546850
v 23.68245274 13.10226414 28.45548093
v 23.68542552 13.08409404 28.53350528
v 23.70263636 12.86350004 28.43771502
v 23.70263636 12.86349911 28.51708978
v 23.70257489 12.85036933 28.43673900
v 23.70228432 12.83185557 28.51473540
v 23.68102595 12.61650398 28.41933817
v 23.68102595 12.61650492 28.49871293
v 23.67784455 12.59909291 28.41804363
v 23.67432043 12.58110534 28.49607915
v 23.61685596 12.37701252 28.40151824
v 23.61685596 12.37701438 28.48089486
v 23.61054346 12.36001123 28.40025350
v 23.60411361 12.34334242 28.47838774
v 23.51207100 12.15230115 28.38479914
v 23.51207100 12.15230301 28.46417390
v 23.50658365 12.14287989 28.38409506
v 23.49773049 12.12802250 28.46234664
v 23.36985618 11.94919832 28.36808003
v 23.36985432 11.94919646 28.44745480
v 23.36696908 11.94576547 28.36776525
v 23.35531451 11.93214301 28.44588272
v 23.19453657 11.77387778 28.35026011
v 23.19453470 11.77387685 28.42963487
v 23.19034748 11.77037787 28.34985964
v 23.17619883 11.75875124 28.42789143
v 22.99143560 11.63166575 28.33188325
v 22.99143560 11.63166482 28.41125615
v 22.98257314 11.62659097 28.33112329
v 22.96649665 11.61759906 28.40912715
v 22.76672609 11.52688172 28.31350453
v 22.76672609 11.52688172 28.39287929
v 22.75278606 11.52188983 28.31242234
v 22.73554541 11.51594147 28.39046344
v 22.52723463 11.46270987 28.29568461
v 22.52723649 11.46270987 28.37506123
v 22.51214162 11.46013197 28.29461731
v 22.49458246 11.45734452 28.37275714
v 22.28023671 11.44110039 28.27896737
v 22.28023857 11.44110039 28.35834213
v 22.27206156 11.44112367 28.27843837
v 22.25486748 11.44132670 28.35669741
v 22.03323878 11.46270987 28.26224640
v 22.03323506 11.46270987 28.34162116
v 22.01407403 11.46622375 28.34025584
v 21.79374546 11.52688172 28.24442647
v 21.79374360 11.52688172 28.32380123
v 21.79133706 11.52775995 28.24424021
v 21.77427523 11.53412927 28.32227759
v 21.56903595 11.63166575 28.22604962
v 21.56903595 11.63166575 28.30542438
v 21.56272717 11.63532957 28.22550572
v 21.54696546 11.64467447 28.30351889
v 21.36593498 11.77387778 28.20767276
v 21.36593498 11.77387778 28.28704566
v 21.35684155 11.78157423 28.20679918
v 21.34311385 11.79344114 28.28484960
v 21.19061537 11.94919739 28.18985097
v 21.19061723 11.94919646 28.26922759
v 21.18263207 11.95879746 28.18897925
v 21.17146365 11.97251957 28.26712653
v 21.04840241 12.15229928 28.17313187
v 21.04840241 12.15229742 28.25250849
v 21.04568668 12.15702202 28.17278169
v 21.03728428 12.17191294 28.25104818
v 20.94361559 12.37701252 28.23578753
v 22.70345204 11.50551997 30.21363169
v 22.68443815 11.49973925 30.29156663
v 22.52724022 11.46271080 30.20068631
v 22.52724022 11.46271080 30.28006107
v 22.46201225 11.45276334 30.19611165
v 22.44283818 11.45042479 30.27416579
v 22.28024043 11.44110039 30.18396534
v 22.28023857 11.44110039 30.26334196
v 22.22277597 11.44226082 30.18021956
v 22.20381424 11.44315489 30.25833890
v 22.03323133 11.46271080 30.16724624
v 22.03322947 11.46271080 30.24662100
v 21.98145911 11.47283334 30.16353212
v 21.96230181 11.47708762 30.24151549
v 21.79374173 11.52688172 30.14942817
v 21.79374173 11.52688172 30.22880107
v 21.74264938 11.54660061 30.14540114
v 21.72419801 11.55428495 30.22330068
v 21.56903408 11.63166575 30.13104759
v 21.56903595 11.63166575 30.21042421
v 21.51788212 11.66265085 30.12659959
v 21.50103822 11.67351194 30.20448424
v 21.36593685 11.77387591 30.11267073
v 21.36593685 11.77387591 30.19204736
v 21.31791785 11.81604154 30.10800853
v 21.30344324 11.82952709 30.18594906
v 21.19061910 11.94919366 30.09485267
v 21.19061910 11.94919273 30.17422743
v 21.15109377 11.99847925 30.09047359
v 21.13950066 12.01382466 30.16852960
v 21.04840241 12.15229649 30.07813171
v 21.04840241 12.15229649 30.15750833
v 21.02195658 12.20020745 30.07456847
v 21.01326175 12.21697032 30.15269712
v 20.94361372 12.37701625 30.06141260
v 20.94361372 12.37701811 30.14078736
v 20.92737146 12.42420636 30.05790152
v 20.92146873 12.44281605 30.13589047
v 20.87944373 12.61650678 30.04359268
v 20.87944373 12.61650771 30.12296930
v 20.87137103 12.66773604 30.03978170
v 20.86877264 12.68745493 30.11768870
v 20.85783519 12.86350098 30.02521582
v 20.85783519 12.86350098 30.10459058
v 20.85897326 12.92037871 30.02098389
v 20.85991018 12.94030435 30.09887785
v 20.87944373 13.11049424 30.00683710
v 20.87944373 13.11049331 30.08621372
v 20.89132741 13.17034662 30.00238352
v 20.89570835 13.18954583 30.08033149
v 20.94361372 13.34998291 29.98901904
v 20.94361372 13.34998198 30.06839380
v 20.96546069 13.40626180 29.98483367
v 20.97288705 13.42391036 30.06289341
v 21.04839869 13.57469615 29.97229993
v 21.04839869 13.57469708 30.05167469
v 21.07520588 13.61922733 29.96891551
v 21.08529024 13.63507472 30.04704975
v 21.19061723 13.77780549 29.95557897
v 21.19061910 13.77780735 30.03495373
v 21.22146077 13.81335128 29.95227091
v 21.23452909 13.82772066 30.03026731
v 21.36593685 13.95312417 29.93775904
v 21.36593871 13.95312510 30.01713566
v 21.40397765 13.98394350 29.93416227
v 21.41965181 13.99602648 30.01207672
v 21.56903595 14.09533527 29.91938218
v 21.56903595 14.09533527 29.99875881
v 21.61628194 14.12142999 29.91536632
v 21.63390443 14.13057372 29.99326773
v 21.79374360 14.20011744 29.90100533
v 21.79374173 14.20011744 29.98038009
v 21.84876986 14.21888173 29.89676036
v 21.86748944 14.22469877 29.97471392
v 22.03323133 14.26428929 29.88318726
v 22.03323133 14.26428929 29.96256016
v 22.09011093 14.27313592 29.87919189
v 22.10901864 14.27555736 29.95725907
v 22.28023112 14.28589970 29.86646630
v 22.28023112 14.28589970 29.94584106
v 22.32945338 14.28504847 29.86326255
v 22.34812267 14.28427920 29.94140610
v 22.52723835 14.26428929 29.84974720
v 22.52724022 14.26428929 29.92912009
v 22.57065848 14.25593533 29.84663844
v 22.58954756 14.25186172 29.92464416
v 22.76672795 14.20011744 29.83192727
v 22.76672982 14.20011744 29.91130017
v 22.80974574 14.18366656 29.82854284
v 22.82797173 14.17620946 29.90646474
v 22.99143560 14.09533434 29.81354855
v 22.99143560 14.09533434 29.89292331
v 23.03518727 14.06901702 29.80975062
v 23.05185609 14.05841392 29.88765761
v 23.19453470 13.95312324 29.79517169
v 23.19453284 13.95312417 29.87454645
v 23.23616296 13.91679235 29.79113720
v 23.25052209 13.90358061 29.86909635
v 23.36985245 13.77780549 29.77735177
v 23.36985245 13.77780642 29.85672839
v 23.40423502 13.73519283 29.77355197
v 23.41576293 13.72011937 29.85162288
v 23.51206727 13.57470360 29.76063266
v 23.51206727 13.57470360 29.84000742
v 23.53464998 13.53407279 29.75760959
v 23.54330383 13.51762656 29.83576246
v 23.61685596 13.34998384 29.74391170
v 23.61685596 13.34998291 29.82328832
v 23.63044024 13.31090461 29.74100411
v 23.63636345 13.29261716 29.81901914
v 23.68102595 13.11049331 29.72609363
v 23.68102781 13.11049238 29.80546840
v 23.68787490 13.06788810 29.72292341
v 23.69055711 13.04847840 29.80085462
v 23.70263636 12.86349911 29.70771678
v 23.70263636 12.86349911 29.78708968
v 23.70182052 12.81536650 29.70413491
v 23.70101959 12.79572025 29.78204750
v 23.68102595 12.61650585 29.68933806
v 23.68102595 12.61650678 29.76871282
v 23.67098443 12.56510895 29.68551405
v 23.66678230 12.54614815 29.76347879
v 23.61685596 12.37701625 29.67151813
v 23.61685596 12.37701718 29.75089476
v 23.59820344 12.32853811 29.66791205
v 23.59098196 12.31107954 29.74598855
v 23.51207286 12.15230394 29.65480089
v 23.51207286 12.15230394 29.73417565
v 23.48962240 12.11476512 29.65195663
v 23.47979136 12.09911238 29.73011509
v 23.36985432 11.94919460 29.63807806
v 23.36985245 11.94919366 29.71745469
v 23.34468998 11.92001719 29.63537164
v 23.33190851 11.90579217 29.71339412
v 23.19453470 11.77387591 29.62026000
v 23.19453284 11.77387591 29.69963476
v 23.16333726 11.74844243 29.61730398
v 23.14797230 11.73644420 29.69524264
v 22.99143560 11.63166482 29.60188314
v 22.99143560 11.63166482 29.68125790
v 22.95191586 11.60967909 29.59851921
v 22.93460444 11.60055865 29.67643924
v 22.76672795 11.52688172 29.58350629
v 22.76672795 11.52688172 29.66287918
v 22.71994203 11.51076891 29.57989089
v 22.70151675 11.50491834 29.65786122
v 22.52723835 11.46271080 29.56568450
v 22.52724022 11.46271080 29.64506112
v 22.47871272 11.45501528 29.56227213
v 22.46007137 11.45251468 29.64035422
v 22.28024043 11.44110039 29.54896539
v 22.28024043 11.44110039 29.62834202
v 22.23924920 11.44169085 29.54630367
v 22.22087421 11.44233905 29.62446958
v 22.03323320 11.46270987 29.53224629
v 22.03323133 11.46271080 29.61161919
v 21.99816890 11.46934833 29.52973917
v 21.97954804 11.47324499 29.60776910
v 21.79374360 11.52688172 29.51442637
v 21.79374173 11.52688172 29.59380113
v 21.75881714 11.54011581 29.51168455
v 21.74082026 11.54734939 29.58963066
v 21.56903408 11.63166575 29.49604951
v 21.56903408 11.63166575 29.57542427
v 21.53271623 11.65336091 29.49290164
v 21.51622064 11.66370697 29.57082912
v 21.36593685 11.77387685 29.47767265
v 21.36593685 11.77387591 29.55704741
v 21.33073658 11.80440933 29.47426774
v 21.31649852 11.81734912 29.55224365
v 21.19061723 11.94919460 29.45985273
v 21.19061910 11.94919366 29.53922935
v 21.16142586 11.98515762 29.45663407
v 21.14996128 11.99996006 29.53471988
v 21.04840241 12.15229649 29.44313176
v 21.04840241 12.15229649 29.52250838
v 21.02972381 12.18567882 29.44064885
v 21.02111280 12.20181119 29.51882407
v 20.94361559 12.37701531 29.42641266
v 20.94361372 12.37701718 29.50578742
v 20.93273774 12.40800880 29.42410670
v 20.92679776 12.42597494 29.50214408
v 20.87944373 12.61650585 29.40859459
v 20.87944373 12.61650678 29.48796935
v 20.87387443 12.65050005 29.40606512
v 20.87111399 12.66959962 29.48401868
v 20.85783519 12.86350098 29.39021774
v 20.85783519 12.86350098 29.46959063
v 20.85838094 12.90288568 29.38728593
v 20.85904963 12.92225067 29.46521901
v 20.87944373 13.11049517 29.37183715
v 20.87944373 13.11049424 29.45121378
v 20.88769525 13.15341890 29.36864458
v 20.89172415 13.17213941 29.44662608
v 20.94361559 13.34998477 29.35401909
v 20.94361372 13.34998291 29.43339385
v 20.95911838 13.39063514 29.35099415
v 20.96613869 13.40789907 29.42908555
v 21.04839869 13.57469615 29.33729999
v 21.04839869 13.57469615 29.41667289
v 21.06653713 13.60522769 29.33499590
v 21.07612044 13.62068392 29.41317670
v 21.19061723 13.77780456 29.32057902
v 21.19061723 13.77780549 29.39995378
v 21.21014521 13.80058564 29.31847423
v 21.22263983 13.81466445 29.39651906
v 21.36593685 13.95312324 29.30275910
v 21.36593685 13.95312417 29.38213572
v 21.39032632 13.97313178 29.30044383
v 21.40538394 13.98504246 29.37840670
v 21.56903595 14.09533527 29.28438224
v 21.56903595 14.09533527 29.36375886
v 21.60085179 14.11316451 29.28167023
v 21.61785401 14.12225794 29.35960889
v 21.79374360 14.20011837 29.26600538
v 21.79374360 14.20011744 29.34538014
v 21.83230035 14.21352848 29.26302142
v 21.85042948 14.21940885 29.34100851
v 22.03323320 14.26428929 29.24818546
v 22.03323133 14.26428929 29.32756022
v 22.07340300 14.27078154 29.24535610
v 22.09177613 14.27335944 29.32344936
v 22.28023112 14.28589970 29.23146635
v 22.28023112 14.28589970 29.31084111
v 22.31300250 14.28552251 29.22933921
v 22.33108133 14.28499073 29.30753119
v 22.52723649 14.26429022 29.21474725
v 22.52723835 14.26428929 29.29412015
v 22.55394496 14.25931696 29.21283990
v 22.57229388 14.25559353 29.29089405
v 22.76672795 14.20011744 29.19692546
v 22.76672795 14.20011744 29.27630208
v 22.79354632 14.19004984 29.19482440
v 22.81131409 14.18303698 29.27279286
v 22.99143560 14.09533434 29.17854860
v 22.99143560 14.09533434 29.25792523
v 23.02029543 14.07821570 29.17605266
v 23.03661220 14.06812295 29.25400250
v 23.19453470 13.95312324 29.16017175
v 23.19453470 13.95312324 29.23954651
v 23.22326601 13.92835286 29.15739827
v 23.23738113 13.91568501 29.23539281
v 23.36985432 13.77780456 29.14235368
v 23.36985245 13.77780549 29.22172658
v 23.39381166 13.74846883 29.13971618
v 23.40520732 13.73393741 29.21781689
v 23.51206914 13.57470360 29.12563272
v 23.51206727 13.57470360 29.20500748
v 23.52681011 13.54853529 29.12368625
v 23.53537269 13.53271678 29.20188382
v 23.61685596 13.34998570 29.10891362
v 23.61685596 13.34998384 29.18828838
v 23.62498082 13.32705375 29.10720557
v 23.63093384 13.30940705 29.18526903
v 23.68102595 13.11049517 29.09109369
v 23.68102595 13.11049331 29.17046845
v 21.00686915 12.22965587 31.34237602
v 20.99804580 12.24769931 31.42040968
v 20.94361372 12.37701904 31.33141249
v 20.94361372 12.37701904 31.41078725
v 20.91719396 12.45688088 31.32547066
v 20.91141418 12.47678325 31.40336275
v 20.87944373 12.61650771 31.31359443
v 20.87944373 12.61650771 31.39296919
v 20.86699568 12.70233653 31.30720556
v 20.86476237 12.72328664 31.38502315
v 20.85783519 12.86350004 31.29521385
v 20.85783519 12.86350004 31.37458861
v 20.86080238 12.95532100 31.28838167
v 20.86231858 12.97635119 31.36619553
v 20.87944373 13.11049238 31.27683699
v 20.87944373 13.11049238 31.35621175
v 20.89919150 13.20399530 31.26988187
v 20.90431005 13.22412584 31.34775907
v 20.94361372 13.34998105 31.25901893
v 20.94361372 13.34998105 31.33839369
v 20.97865194 13.43717519 31.25252947
v 20.98691091 13.45555950 31.33053705
v 21.04839869 13.57469708 31.24229982
v 21.04840055 13.57469894 31.32167459
v 21.09310217 13.64704035 31.23672679
v 21.10422775 13.66364118 31.31476790
v 21.19061910 13.77780735 31.22557886
v 21.19061910 13.77780829 31.30495548
v 21.24461159 13.83854076 31.21984191
v 21.25885896 13.85345403 31.29774332
v 21.36593871 13.95312510 31.20775893
v 21.36593871 13.95312510 31.28713369
v 21.43170871 14.00508825 31.20158985
v 21.44863084 14.01747297 31.27941489
v 21.56903595 14.09533434 31.18938208
v 21.56903595 14.09533434 31.26875684
v 21.64742723 14.13738169 31.18276782
v 21.66629396 14.14658129 31.26058355
v 21.79374173 14.20011744 31.17100522
v 21.79374173 14.20011744 31.25037998
v 21.88182995 14.22896516 31.16425499
v 21.90172486 14.23461270 31.24213777
v 22.03322947 14.26428929 31.15318716
v 22.03322947 14.26428929 31.23256192
v 22.12348394 14.27723654 31.14688955
v 22.14344777 14.27930780 31.22489899
v 22.28023298 14.28589970 31.13646433
v 22.28023484 14.28589970 31.21584095
v 22.36247621 14.28352017 31.13107942
v 22.38231897 14.28223215 31.20912798
v 22.52724022 14.26428929 31.11974522
v 22.52724208 14.26428929 31.19912185
v 22.60405384 14.24854901 31.11420944
v 22.62400463 14.24373314 31.19212203
v 22.76672982 14.20011744 31.10192716
v 22.76672982 14.20011651 31.18130192
v 22.84194529 14.17029183 31.09597042
v 22.86105976 14.16190807 31.17380105
v 22.99143560 14.09533434 31.08355030
v 22.99143560 14.09533434 31.16292320
v 23.06461520 14.05007951 31.07715026
v 23.08196202 14.03842866 31.15497343
v 23.19453284 13.95312417 31.06517158
v 23.19453284 13.95312510 31.14454634
v 23.26147817 13.89324944 31.05862997
v 23.27628434 13.87893595 31.13651834
v 23.36985245 13.77780735 31.04735166
v 23.36985059 13.77780829 31.12672828
v 23.42453226 13.70837074 31.04124591
v 23.43629114 13.69220763 31.11926280
v 23.51206914 13.57470267 31.03063256
v 23.51206914 13.57470173 31.11000732
v 23.54988642 13.50475475 31.02542832
v 23.55868369 13.48703355 31.10348433
v 23.61685783 13.34998198 31.01391159
v 23.61685783 13.34998105 31.09328635
v 23.64080399 13.27832229 31.00858070
v 23.64661917 13.25874310 31.08649887
v 23.68102781 13.11049238 30.99609353
v 23.68102781 13.11049238 31.07546829
v 23.69246073 13.03332858 30.99035285
v 23.69479090 13.01268488 31.06819093
v 23.70263636 12.86349911 30.97771667
v 23.70263636 12.86350004 31.05709143
v 23.70020561 12.78040744 30.97153269
v 23.69884029 12.75965106 31.04936332
v 23.68102595 12.61650678 30.95933981
v 23.68102781 12.61650771 31.03871271
v 23.66332337 12.53138948 30.95300496
v 23.65838923 12.51148898 31.03089891
v 23.61685783 12.37701811 30.94151802
v 23.61685783 12.37701904 31.02089465
v 23.58517796 12.29751017 30.93560413
v 23.57713133 12.27930561 31.01362474
v 23.51207100 12.15230301 30.92479892
v 23.51207100 12.15230208 31.00417554
v 23.47191423 12.08688878 30.91977909
v 23.46105315 12.07047235 30.99784255
v 23.36985245 11.94919273 30.90807982
v 23.36985059 11.94919180 30.98745272
v 23.32171239 11.89471316 30.90295009
v 23.30776304 11.87993120 30.98087758
v 23.19453284 11.77387498 30.89025989
v 23.19453284 11.77387498 30.96963465
v 23.13574776 11.72713749 30.88473342
v 23.11914042 11.71482261 30.96257895
v 22.99143560 11.63166482 30.87188117
v 22.99143560 11.63166575 30.95125780
v 22.92086557 11.59353368 30.86591698
v 22.90230989 11.58434246 30.94375506
v 22.76672982 11.52688172 30.85350432
v 22.76672982 11.52688172 30.93288094
v 22.68692106 11.50047779 30.84737994
v 22.66731858 11.49478182 30.92527948
v 22.52724022 11.46271080 30.83568625
v 22.52724208 11.46271080 30.91506287
v 22.44532481 11.45071257 30.82996234
v 22.42562361 11.44855004 30.90798482
v 22.28023857 11.44110039 30.81896529
v 22.28023857 11.44110039 30.89834005
v 22.20626548 11.44302450 30.81412800
v 22.18671516 11.44417748 30.89220077
v 22.03323133 11.46271080 30.80224618
v 22.03322947 11.46271080 30.88162094
v 21.96476050 11.47652604 30.79731949
v 21.94507234 11.48115098 30.87525442
v 21.79374173 11.52688172 30.78442812
v 21.79374173 11.52688172 30.86380288
v 21.72654867 11.55328844 30.77911399
v 21.70765214 11.56143565 30.85696883
v 21.56903595 11.63166575 30.76604754
v 21.56903595 11.63166575 30.84542416
v 21.50316723 11.67211868 30.76029941
v 21.48598619 11.68350503 30.83814494
v 21.36593685 11.77387591 30.74767068
v 21.36593871 11.77387498 30.82704730
v 21.30526118 11.82781346 30.74175492
v 21.29056305 11.84184942 30.81966005
v 21.19061910 11.94919273 30.72985262
v 21.19061910 11.94919180 30.80922738
v 21.14094421 12.01189123 30.72431870
v 21.12923749 12.02778146 30.80234863
v 21.04840241 12.15229649 30.71313351
v 21.04840241 12.15229742 30.79250641
v 21.01433836 12.21486740 30.70847690
v 21.00557275 12.23226730 30.78655899
v 20.94361372 12.37701811 30.69641255
v 20.94361372 12.37701904 30.77578731
v 20.92218958 12.44049799 30.69168888
v 20.91634087 12.45975308 30.76963313
v 20.87944373 12.61650771 30.67859262
v 20.87944373 12.61650771 30.75796925
v 20.86907811 12.68501673 30.67349643
v 20.86665481 12.70535216 30.75135872
v 20.85783519 12.86350098 30.66021577
v 20.85783519 12.86350004 30.73959239
v 20.85977979 12.93785870 30.65468371
v 20.86100169 12.95833942 30.73253483
v 20.87944373 13.11049331 30.64183891
v 20.87944373 13.11049238 30.72121181
v 20.89515887 13.18720635 30.63613176
v 20.89990489 13.20687588 30.71404248
v 20.94361372 13.34998198 30.62401898
v 20.94361372 13.34998105 30.70339374
v 20.97197250 13.42177577 30.61867692
v 20.97981237 13.43979780 30.69671243
v 21.04839869 13.57469708 30.60729988
v 21.04840055 13.57469801 30.68667464
v 21.08406089 13.63316644 30.60282767
v 21.09465934 13.64939474 30.68091348
v 21.19061910 13.77780735 30.59057891
v 21.19061910 13.77780735 30.66995367
v 21.23294957 13.82600423 30.58605827
v 21.24660276 13.84065114 30.66400997
v 21.36593871 13.95312417 30.57275899
v 21.36593871 13.95312510 30.65213375
v 21.41777240 13.99459690 30.56787699
v 21.43406868 14.00683820 30.64574674
v 21.56903595 14.09533527 30.55438213
v 21.56903595 14.09533434 30.63375689
v 21.63180709 14.12950270 30.54906614
v 21.65005170 14.13868181 30.62692471
v 21.79374173 14.20011744 30.53600527
v 21.79374173 14.20011744 30.61538003
v 21.86528035 14.22402728 30.53050674
v 21.88458852 14.22976702 30.60842305
v 22.03323133 14.26428929 30.51818721
v 22.03322947 14.26428929 30.59756011
v 22.10680395 14.27528728 30.51303700
v 22.12624438 14.27753922 30.59107438
v 22.28023112 14.28589970 30.50146624
v 22.28023298 14.28589970 30.58084100
v 22.34594524 14.28438164 30.49717471
v 22.36520126 14.28335998 30.57527170
v 22.52724022 14.26428929 30.48474528
v 22.52724208 14.26428929 30.56412190
v 22.58736268 14.25234694 30.48042767
v 22.60678634 14.24790826 30.55838495
v 22.76672982 14.20011744 30.46692722
v 22.76672982 14.20011744 30.54630011
v 22.82587998 14.17708024 30.46225756
v 22.84455486 14.16916680 30.54013476
v 22.99143560 14.09533434 30.44854850
v 22.99143560 14.09533434 30.52792326
v 23.04996178 14.05963674 30.44345044
v 23.06697704 14.04851489 30.52131459
v 23.19453470 13.95312417 30.43017164
v 23.19453284 13.95312417 30.50954640
v 23.24890159 13.90508935 30.42488173
v 23.26348983 13.89132999 30.50280362
v 23.36985245 13.77780642 30.41235358
v 23.36985245 13.77780735 30.49172834
v 23.41447398 13.72182555 30.40739521
v 23.42612669 13.70620821 30.48543818
v 23.51206727 13.57470360 30.39563261
v 23.51206914 13.57470267 30.47500737
v 23.54234271 13.51947896 30.39152361
v 23.55107479 13.50239851 30.46962805
v 23.61685596 13.34998291 30.37891164
v 23.61685783 13.34998198 30.45828827
v 23.63571525 13.29465955 30.37479520
v 23.64159189 13.27572763 30.45276180
v 23.68102595 13.11049238 30.36109358
v 23.68102781 13.11049238 30.44046834
v 23.69027212 13.05062883 30.35664000
v 23.69278669 13.03060167 30.43452464
v 23.70263636 12.86349911 30.34271672
v 23.70263636 12.86349911 30.42208962
v 23.70112203 12.79787999 30.33783287
v 23.70004356 12.77767587 30.41570447
v 23.68102595 12.61650678 30.32433800
v 23.68102595 12.61650678 30.40371276
v 23.66725355 12.54821476 30.31925857
v 23.66269194 12.52877899 30.39718606
v 23.61685596 12.37701718 30.30651808
v 23.61685783 12.37701811 30.38589470
v 23.59177545 12.31296733 30.30175343
v 23.58414419 12.29513064 30.37980013
v 23.51207286 12.15230394 30.28979897
v 23.51207100 12.15230301 30.36917560
v 23.48086238 12.10079528 30.28587066
v 23.47051911 12.08475605 30.36398254
v 23.36985245 11.94919366 30.27307801
v 23.36985245 11.94919273 30.35245463
v 23.33328687 11.90730836 30.26916459
v 23.31992798 11.89279836 30.34713864
v 23.19453284 11.77387591 30.25525995
v 23.19453284 11.77387498 30.33463471
v 23.14961329 11.73770986 30.25102057
v 23.13362993 11.72554586 30.32891266
v 22.99143560 11.63166482 30.23688309
v 22.99143560 11.63166482 30.31625785
v 22.93643914 11.60150953 30.23221530
v 22.91850559 11.59234624 30.31009436
v 22.76672795 11.52688172 30.21850437
v 22.76672982 11.52688172 30.29788099
v 21.45998925 14.02557455 32.46900439
v 21.47818170 14.03820422 32.54673630
v 21.56903595 14.09533434 32.45938197
v 21.56903595 14.09533434 32.53875673
v 21.67893015 14.15255107 32.45017305
v 21.69904858 14.16174602 32.52790868
v 21.79374173 14.20011744 32.44100511
v 21.79374173 14.20011651 32.52038360
v 21.91502601 14.23821598 32.43177384
v 21.93608694 14.24363907 32.50959143
v 22.03322947 14.26428929 32.42318705
v 22.03322947 14.26428929 32.50255808
v 22.15677872 14.28053249 32.41461888
v 22.17777632 14.28220514 32.49258175
v 22.28023484 14.28589970 32.40646794
v 22.28023671 14.28589970 32.48583898
v 22.39563689 14.28121142 32.39885718
v 22.41664566 14.27934412 32.47680515
v 22.52724208 14.26428929 32.38974512
v 22.52724208 14.26428929 32.46911988
v 22.63738029 14.24033288 32.38175437
v 22.65836857 14.23471700 32.45957196
v 22.76672982 14.20011651 32.37192705
v 22.76672982 14.20011744 32.45130181
v 22.87385240 14.15610965 32.36338869
v 22.89381810 14.14675266 32.44112805
v 22.99143560 14.09533434 32.35355020
v 22.99143560 14.09533434 32.43292496
v 23.09354581 14.03043885 32.34455362
v 23.11151847 14.01770581 32.42229670
v 23.19453284 13.95312510 32.33516961
v 23.19453284 13.95312510 32.41454810
v 23.28614518 13.86916824 32.32614696
v 23.30134064 13.85373529 32.40396827
v 23.36985059 13.77780829 32.31735155
v 23.36985059 13.77780829 32.39673004
v 23.44409563 13.68121058 32.30897337
v 23.45603146 13.66395410 32.38693997
v 23.51206914 13.57470080 32.30063245
v 23.51207100 13.57469894 32.38000721
v 23.56451936 13.47492356 32.29320794
v 23.57340045 13.45590502 32.37117082
v 23.61685783 13.34998105 32.28391334
v 23.61685783 13.34998105 32.36328810
v 23.65041338 13.24538141 32.27613121
v 23.65606092 13.22450489 32.35394880
v 23.68102781 13.11049238 32.26609528
v 23.68102781 13.11049238 32.34546632
v 23.69620278 12.99861539 32.25776926
v 23.69811945 12.97674794 32.33551607
v 23.70263636 12.86350004 32.24771470
v 23.70263636 12.86350004 32.32708946
v 23.69773202 12.74552383 32.23893791
v 23.69574830 12.72368245 32.31668845
v 23.68102781 12.61650771 32.22933784
v 23.68102781 12.61650771 32.30871260
v 23.65486510 12.49796245 32.22051635
v 23.64916354 12.47715950 32.29834512
v 23.61685783 12.37701904 32.21151978
v 23.61685783 12.37701904 32.29089454
v 23.57149310 12.26694789 32.20333159
v 23.56258966 12.24804018 32.28129819
v 23.51207100 12.15230115 32.19479695
v 23.51206914 12.15229928 32.27417544
v 23.45345728 12.05927785 32.18756244
v 23.44151959 12.04213500 32.26552904
v 23.36985059 11.94919180 32.17807785
v 23.36985059 11.94919180 32.25745261
v 23.29804562 11.86987851 32.17050061
v 23.28289300 11.85458805 32.24833310
v 23.19453284 11.77387498 32.16025978
v 23.19453284 11.77387498 32.23963454
v 23.10760319 11.70648448 32.15215355
v 23.08972925 11.69390976 32.22990781
v 22.99143560 11.63166575 32.14188293
v 22.99143560 11.63166575 32.22125769
v 22.88944833 11.57816686 32.13331848
v 22.86964469 11.56896539 32.21108019
v 22.76672982 11.52688172 32.12350607
v 22.76672982 11.52688172 32.20288083
v 22.65375480 11.49101835 32.11488947
v 22.63298444 11.48553379 32.19272196
v 22.52724208 11.46271080 32.10568801
v 22.52724208 11.46271080 32.18506277
v 22.41200767 11.44721732 32.09768236
v 22.39126712 11.44544035 32.17565641
v 22.28023671 11.44110039 32.08896518
v 22.28023484 11.44110039 32.16833994
v 22.17313647 11.44513767 32.08191320
v 22.15241827 11.44685410 32.15989098
v 22.03322947 11.46271080 32.07224607
v 22.03322947 11.46271080 32.15161711
v 21.93141542 11.48453448 32.06487373
v 21.91068232 11.48994546 32.14270994
v 21.79374173 11.52688172 32.05442801
v 21.79374173 11.52688172 32.13379905
v 21.69456519 11.56726945 32.04653040
v 21.67480998 11.57637872 32.12429956
v 21.56903595 11.63166575 32.03604743
v 21.56903595 11.63166575 32.11542591
v 21.47410996 11.69158611 32.02770278
v 21.45629004 11.70404535 32.10546449
v 21.36593871 11.77387498 32.01767430
v 21.36593871 11.77387498 32.09704533
v 21.28043026 11.85176242 32.00926632
v 21.26532793 11.86691411 32.08710253
v 21.19061910 11.94919180 31.99985251
v 21.19061910 11.94919180 32.07922727
v 21.12119645 12.03896943 31.99204057
v 21.10930160 12.05595210 32.07001463
v 21.04840241 12.15229835 31.98313341
v 21.04840055 12.15230022 32.06250817
v 20.99955268 12.24457193 31.97626770
v 20.99068649 12.26326358 32.05425292
v 20.94361372 12.37701904 31.96641058
v 20.94361372 12.37701904 32.04578906
v 20.91238834 12.47335132 31.95924684
v 20.90669237 12.49390282 32.03709051
v 20.87944373 12.61650771 31.94859251
v 20.87944373 12.61650771 32.02797100
v 20.86512372 12.71969359 31.94091469
v 20.86309902 12.74125651 32.01868758
v 20.85783519 12.86350004 31.93021566
v 20.85783519 12.86350004 32.00959042
v 20.86203918 12.97276374 31.92208707
v 20.86386643 12.99433690 31.99985623
v 20.87944373 13.11049238 31.91183880
v 20.87944373 13.11049238 31.99121356
v 20.90341970 13.22070975 31.90363571
v 20.90892382 13.24129105 31.98148310
v 20.94361372 13.34998105 31.89402074
v 20.94361372 13.34998105 31.97339550
v 20.98549530 13.45245633 31.88639507
v 20.99418268 13.47119268 31.96437657
v 21.04840055 13.57469894 31.87730163
v 21.04840055 13.57469894 31.95667639
v 21.10232972 13.66084628 31.87061846
v 21.11399360 13.67781032 31.94861114
v 21.19061910 13.77780829 31.86057881
v 21.19061910 13.77780829 31.93995357
v 21.25644498 13.85095809 31.85361624
v 21.27129398 13.86612561 31.93147108
v 21.36593871 13.95312510 31.84276074
v 21.36593871 13.95312510 31.92213550
v 21.44578099 14.01541475 31.83529899
v 21.46333642 14.02792986 31.91307560
v 21.56903595 14.09533434 31.82438388
v 21.56903595 14.09533434 31.90375865
v 21.66313492 14.14506510 31.81646764
v 21.68262750 14.15426936 31.89424425
v 21.79374173 14.20011744 31.80600703
v 21.79374173 14.20011744 31.88537806
v 21.89841308 14.23369441 31.79801255
v 21.91889100 14.23923671 31.87585995
v 22.03322947 14.26428929 31.78818524
v 22.03322947 14.26428929 31.86756000
v 22.14014158 14.27898463 31.78074956
v 22.16062509 14.28086217 31.85873479
v 22.28023298 14.28589970 31.77146614
v 22.28023484 14.28589970 31.85084090
v 22.37903886 14.28246405 31.76496923
v 22.39946648 14.28089384 31.84297308
v 22.52724208 14.26428929 31.75474703
v 22.52724208 14.26428929 31.83411807
v 22.62072638 14.24454525 31.74798936
v 22.64120057 14.23933636 31.82584792
v 22.76672982 14.20011651 31.73692524
v 22.76672982 14.20011744 31.81630000
v 22.85793796 14.16330040 31.72967955
v 22.87748270 14.15443700 31.80746362
v 22.99143560 14.09533434 31.71854839
v 22.99143560 14.09533434 31.79792315
v 23.07914384 14.04034626 31.71085194
v 23.09680916 14.02815804 31.78863600
v 23.19453284 13.95312510 31.70017153
v 23.19453284 13.95312510 31.77954629
v 23.27389456 13.88127450 31.69238567
v 23.28890190 13.86640314 31.77024052
v 23.36985059 13.77780829 31.68235347
v 23.36985059 13.77780829 31.76172823
v 23.43440615 13.69483117 31.67510778
v 23.44626002 13.67812231 31.75309673
v 23.51206914 13.57470173 31.66563064
v 23.51206914 13.57469894 31.74500912
v 23.55727926 13.48990109 31.65932372
v 23.56612496 13.47153541 31.73733130
v 23.61685783 13.34998105 31.64891154
v 23.61685783 13.34998105 31.72828630
v 23.64570461 13.26189376 31.64235875
v 23.65144342 13.24166916 31.72022849
v 23.68102781 13.11049238 31.63109347
v 23.68102781 13.11049238 31.71046823
v 23.69443886 13.01598921 31.62406012
v 23.69656786 12.99473271 31.70185536
v 23.70263636 12.86350004 31.61271662
v 23.70263636 12.86350004 31.69209138
v 23.69907685 12.76295446 31.60523251
v 23.69740792 12.74165232 31.68302402
v 23.68102781 12.61650771 31.59433603
v 23.68102781 12.61650771 31.67371452
v 23.65918830 12.51463778 31.58675879
v 23.65387976 12.49428093 31.66462108
v 23.61685783 12.37701904 31.57651797
v 23.61685783 12.37701904 31.65589646
v 23.57841842 12.28216942 31.56946227
v 23.56994525 12.26360817 31.64745495
v 23.51207100 12.15230208 31.55979887
v 23.51207100 12.15230022 31.63917363
v 23.46277796 12.07304839 31.55367449
v 23.45138602 12.05626410 31.63168952
v 23.36985059 11.94919180 31.54307976
v 23.36985059 11.94919180 31.62245452
v 23.30996469 11.88223530 31.53672814
v 23.29541743 11.86719351 31.61460534
v 23.19453284 11.77387498 31.52525797
v 23.19453284 11.77387498 31.60463646
v 23.12174439 11.71672810 31.51844442
v 23.10450561 11.70427632 31.59624338
v 22.99143560 11.63166482 31.50688112
v 22.99143560 11.63166575 31.58625960
v 22.90520072 11.58575248 31.49961680
v 22.88602106 11.57654822 31.57741204
v 22.76672982 11.52688172 31.48850426
v 22.76672982 11.52688172 31.56787902
v 22.67035469 11.49564423 31.48113191
v 22.65016735 11.49004605 31.55899793
v 22.52724208 11.46271080 31.47068620
v 22.52724208 11.46271080 31.55006096
v 22.42865600 11.44886483 31.46381676
v 22.40843140 11.44688856 31.54181689
v 22.28023857 11.44110039 31.45396709
v 22.28023671 11.44110039 31.53334185
v 22.18971774 11.44398283 31.44802526
v 22.16958255 11.44541055 31.52605146
v 22.03322947 11.46271080 31.43724799
v 22.03322947 11.46271080 31.51661903
v 21.94807865 11.48042642 31.43110126
v 21.92786522 11.48543693 31.50898591
v 21.79374173 11.52688172 31.41942620
v 21.79374173 11.52688172 31.49880096
v 21.71052061 11.56017836 31.41282499
v 21.69118822 11.56880055 31.49063513
v 21.56903595 11.63166575 31.40104935
v 21.56903595 11.63166575 31.48042411
v 21.48857526 11.68176532 31.39400110
v 21.47106826 11.69368345 31.47180378
v 21.36593871 11.77387498 31.38267249
v 21.36593871 11.77387498 31.46204725
v 21.29276469 11.83972135 31.37550876
v 21.27785608 11.85431331 31.45337850
v 21.19061910 11.94919180 31.36485443
v 21.19061910 11.94919180 31.44422546
v 21.13097906 12.02538889 31.35817498
v 21.11916989 12.04182487 31.43617883
v 21.04840241 12.15229742 31.34813160
v 21.04840241 12.15229928 31.42750636
v 23.31014350 13.84457666 33.59368443
v 23.32567796 13.82800657 33.67143869
v 23.36985059 13.77780829 33.58735144
v 23.36985245 13.77780735 33.66672993
v 23.46291766 13.65374215 33.57674181
v 23.47497642 13.63539044 33.65465626
v 23.51207100 13.57469801 33.57063234
v 23.51207286 13.57469708 33.65001082
v 23.57852086 13.44459876 33.56095031
v 23.58743362 13.42426147 33.63881260
v 23.61685783 13.34998105 33.55391324
v 23.61685783 13.34998198 33.63328800
v 23.65925536 13.21210805 33.54365379
v 23.66467193 13.18992861 33.62137824
v 23.68102781 13.11049238 33.53609517
v 23.68102595 13.11049331 33.61546621
v 23.69909547 12.96378020 33.52517635
v 23.70053902 12.94070203 33.60283747
v 23.70263636 12.86350004 33.51771459
v 23.70263636 12.86350098 33.59709308
v 23.69440906 12.71074731 33.50635245
v 23.69174920 12.68784888 33.58402103
v 23.68102781 12.61650771 33.49934146
v 23.68102781 12.61650771 33.57871249
v 23.64563011 12.46485487 33.48805755
v 23.63911644 12.44318765 33.56581926
v 23.61685783 12.37701904 33.48151594
v 23.61685783 12.37701811 33.56089443
v 23.55716936 12.23687176 33.47109258
v 23.54737930 12.21730560 33.54901075
v 23.51206914 12.15229835 33.46479684
v 23.51206914 12.15229649 33.54417533
v 23.43425713 12.03196310 33.45530853
v 23.42119813 12.01413013 33.53318200
v 23.36985059 11.94919180 33.44807774
v 23.36985245 11.94919273 33.52745622
v 23.27370644 11.84554305 33.43802691
v 23.25731330 11.82979718 33.51576254
v 23.19453284 11.77387498 33.43025967
v 23.19453284 11.77387591 33.50963444
v 23.07892404 11.68650482 33.41956064
v 23.05976674 11.67372987 33.49722549
v 22.99143560 11.63166575 33.41188282
v 22.99143560 11.63166575 33.49125758
v 22.85769582 11.56359166 33.40073302
v 22.83663861 11.55443955 33.47840905
v 22.76672982 11.52688172 33.39350596
v 22.76672982 11.52688172 33.47288072
v 22.62047492 11.48239151 33.38242695
v 22.59854786 11.47717424 33.46019238
v 22.52724208 11.46271080 33.37568790
v 22.52724022 11.46271080 33.45505893
v 22.37878926 11.44451834 33.36544335
v 22.35703357 11.44317444 33.44336525
v 22.28023298 11.44110039 33.35896507
v 22.28023298 11.44110039 33.43833983
v 22.13989012 11.44804060 33.34966302
v 22.11801335 11.45038102 33.42754394
v 22.03322947 11.46271080 33.34224597
v 22.03322947 11.46271080 33.42162073
v 21.89816162 11.49337552 33.33240002
v 21.87640965 11.49962749 33.41013938
v 21.79374173 11.52688172 33.32442418
v 21.79374173 11.52688172 33.40380266
v 21.66289650 11.58205047 33.31394121
v 21.64231986 11.59216743 33.39161724
v 21.56903595 11.63166575 33.30605105
v 21.56903595 11.63166482 33.38542581
v 21.44556679 11.71174087 33.29511359
v 21.42715827 11.72530744 33.37279707
v 21.36593871 11.77387498 33.28767046
v 21.36593871 11.77387498 33.36704522
v 21.25626430 11.87622920 33.27680007
v 21.24080993 11.89251337 33.35456923
v 21.19061910 11.94919180 33.26985240
v 21.19061910 11.94919273 33.34922716
v 21.10218816 12.06636336 33.25979784
v 21.09015547 12.08444126 33.33772346
v 21.04840055 12.15230115 33.25313330
v 21.04839869 12.15230301 33.33250806
v 20.98539099 12.27477472 33.24401751
v 20.97648010 12.29478046 33.32190588
v 20.94361372 12.37701904 33.23641047
v 20.94361372 12.37701811 33.31578895
v 20.90335265 12.50654366 33.22677687
v 20.89787275 12.52839714 33.30452368
v 20.87944373 12.61650771 33.21859241
v 20.87944373 12.61650678 33.29797089
v 20.86201869 12.75450084 33.20832551
v 20.86045034 12.77727820 33.28600526
v 20.85783519 12.86350004 33.20021555
v 20.85783519 12.86349911 33.27959031
v 20.86514980 13.00757006 33.18949416
v 20.86763829 13.03020772 33.26718509
v 20.87944373 13.11049145 33.18183869
v 20.87944373 13.11049238 33.26121345
v 20.91245912 13.25389929 33.17116946
v 20.91876604 13.27535417 33.24894607
v 20.94361372 13.34998105 33.16402063
v 20.94361372 13.34998105 33.24339166
v 20.99966258 13.48265540 33.15414861
v 21.00922726 13.50206044 33.23207796
v 21.04840241 13.57470080 33.14730152
v 21.04840241 13.57470267 33.22667256
v 21.12134360 13.68823741 33.13837573
v 21.13411948 13.70590087 33.21627155
v 21.19061910 13.77780829 33.13057870
v 21.19061910 13.77780735 33.20995346
v 21.28061652 13.87542114 33.12114626
v 21.29669860 13.89105804 33.19890425
v 21.36593871 13.95312510 33.11275691
v 21.36593871 13.95312417 33.19213539
v 21.47432789 14.03556485 33.10270607
v 21.49316296 14.04829510 33.18039700
v 21.56903595 14.09533434 33.09438378
v 21.56903595 14.09533434 33.17375481
v 21.69480734 14.15983960 33.08387846
v 21.71555161 14.16900940 33.16157684
v 21.79374173 14.20011651 33.07600319
v 21.79374173 14.20011744 33.15538168
v 21.93166688 14.24252987 33.06553885
v 21.95330337 14.24781885 33.14332291
v 22.03322947 14.26428929 33.05818513
v 22.03322947 14.26428929 33.13756362
v 22.17338793 14.28188104 33.04849938
v 22.19489217 14.28333763 33.12643617
v 22.28023671 14.28589970 33.04146603
v 22.28023857 14.28589970 33.12084079
v 22.41225913 14.27975949 33.03273022
v 22.43384905 14.27758113 33.11063349
v 22.52724208 14.26428929 33.02474692
v 22.52724208 14.26428929 33.10412169
v 22.65400626 14.23591282 33.01552311
v 22.67550491 14.22987599 33.09328854
v 22.76672982 14.20011744 33.00692886
v 22.76672982 14.20011744 33.08629990
v 22.88968861 14.14871961 32.99709409
v 22.91006409 14.13885783 33.07478875
v 22.99143560 14.09533434 32.98854828
v 22.99143560 14.09533434 33.06792304
v 23.10781926 14.02036101 32.97825903
v 23.12608436 14.00707383 33.05596486
v 23.19453284 13.95312510 32.97017142
v 23.19453284 13.95312510 33.04954618
v 23.29822816 13.85693438 32.95991197
v 23.31360057 13.84093519 33.03769976
v 23.36985059 13.77780829 32.95235336
v 23.36985245 13.77780735 33.03172812
v 23.45360070 13.66751362 32.94285387
v 23.46560359 13.64970952 33.02079439
v 23.51207100 13.57469894 32.93563053
v 23.51207100 13.57469801 33.01500529
v 23.57159927 13.45982216 32.92708471
v 23.58050458 13.44014704 33.00499544
v 23.61685783 13.34998105 32.91891143
v 23.61685783 13.34998105 32.99828619
v 23.65493216 13.22878432 32.90989250
v 23.66047166 13.20725586 32.98766539
v 23.68102781 13.11049238 32.90109336
v 23.68102781 13.11049238 32.98046812
v 23.69775623 12.98121177 32.89147466
v 23.69944379 12.95873616 32.96917677
v 23.70263636 12.86350004 32.88271651
v 23.70263636 12.86350004 32.96209127
v 23.69617857 12.72812020 32.87264332
v 23.69386144 12.70574611 32.95035288
v 23.68102781 12.61650771 32.86433965
v 23.68102781 12.61650771 32.94371441
v 23.65034446 12.48136722 32.85428137
v 23.64424057 12.46012654 32.93208033
v 23.61685783 12.37701904 32.84651786
v 23.61685783 12.37701904 32.92589635
v 23.56440946 12.25184835 32.83720836
v 23.55506644 12.23260537 32.91514888
v 23.51206914 12.15229928 32.82979876
v 23.51206914 12.15229742 32.90917724
v 23.44395034 12.04558183 32.82143921
v 23.43145758 12.02808972 32.89936110
v 23.36985059 11.94919180 32.81307966
v 23.36985059 11.94919180 32.89245069
v 23.28596078 11.85764745 32.80426934
v 23.27018976 11.84212230 32.88204968
v 23.19453284 11.77387498 32.79526159
v 23.19453284 11.77387498 32.87463263
v 23.09332974 11.69640943 32.78585896
v 23.07481505 11.68372668 32.86356851
v 22.99143560 11.63166575 32.77688101
v 22.99143560 11.63166575 32.85625950
v 22.87361212 11.57077961 32.76702389
v 22.85318077 11.56159583 32.84474090
v 22.76672982 11.52688172 32.75850788
v 22.76672982 11.52688172 32.83787891
v 22.63712697 11.48660108 32.74865821
v 22.61577733 11.48124319 32.82645345
v 22.52724208 11.46271080 32.74068609
v 22.52724208 11.46271080 32.82006085
v 22.39538357 11.44576818 32.73155913
v 22.37413265 11.44420262 32.80950710
v 22.28023484 11.44110039 32.72396326
v 22.28023298 11.44110039 32.80334175
v 22.15652540 11.44648995 32.71579370
v 22.13522792 11.44851092 32.79371932
v 22.03322947 11.46271080 32.70724416
v 22.03322947 11.46271080 32.78662264
v 21.91477455 11.48885116 32.69863874
v 21.89352922 11.49467565 32.77642652
v 21.79374173 11.52688172 32.68942609
v 21.79374173 11.52688172 32.76880085
v 21.67868987 11.57456078 32.68023953
v 21.65851928 11.58416830 32.75795653
v 21.56903595 11.63166575 32.67104924
v 21.56903595 11.63166575 32.75042400
v 21.45977132 11.70157827 32.66140819
v 21.44165151 11.71458792 32.73913264
v 21.36593871 11.77387498 32.65267238
v 21.36593871 11.77387498 32.73204714
v 21.26826346 11.86393294 32.64302760
v 21.25297859 11.87964901 32.72083402
v 21.19061910 11.94919180 32.63485432
v 21.19061910 11.94919180 32.71422908
v 21.11160010 12.05262821 32.62590989
v 21.09962888 12.07015850 32.70386532
v 21.04840055 12.15230022 32.61813521
v 21.04840055 12.15230208 32.69750625
v 20.99239267 12.25961186 32.61014819
v 20.98349854 12.27895822 32.68808499
v 20.94361372 12.37701904 32.60141239
v 20.94361372 12.37701904 32.68078715
v 20.90777457 12.48990651 32.59301558
v 20.90217732 12.51110900 32.67081082
v 20.87944373 12.61650771 32.58359060
v 20.87944373 12.61650771 32.66296908
v 20.86346410 12.73708325 32.57462382
v 20.86166106 12.75925431 32.65234828
v 20.85783519 12.86350004 32.56521747
v 20.85783519 12.86350004 32.64459223
v 20.86348832 12.99018133 32.55578876
v 20.86563781 13.01229000 32.63352066
v 20.87944373 13.11049238 32.54683688
v 20.87944373 13.11049238 32.62621164
v 20.90784349 13.23734503 32.53740072
v 20.91374435 13.25836871 32.61521086
v 20.94361372 13.34998105 32.52901882
v 20.94361372 13.34998105 32.60839358
v 20.99249884 13.46761733 32.52026811
v 21.00162208 13.48669361 32.59821981
v 21.04840055 13.57469894 32.51229972
v 21.04840241 13.57470173 32.59167448
v 21.11174352 13.67457956 32.50450268
v 21.12395875 13.69189844 32.58244693
v 21.19061910 13.77780829 32.49558061
v 21.19061910 13.77780829 32.57495537
v 21.26844786 13.86325248 32.48738497
v 21.28390782 13.87866121 32.56518766
v 21.36593871 13.95312510 32.47775882
v 21.36593871 13.95312510 32.55713731
v 23.68102595 12.61650305 34.79674459
v 23.69023860 12.67610863 34.77377445
v 23.70263636 12.86350098 34.78771448
v 23.61685410 12.37701066 34.79674459
v 23.63563515 12.43209280 34.75561365
v 23.68102595 12.61650678 34.76933762
v 23.51207100 12.15230022 34.79674459
v 23.54222722 12.20729854 34.73889083
v 23.61685596 12.37701718 34.75151956
v 23.36985804 11.94919925 34.79674459
v 23.41432124 12.00497057 34.72301736
v 23.51206727 12.15229649 34.73479673
v 23.19453284 13.95312510 33.68454799
v 23.19453284 13.95312510 33.60516950
v 23.14050309 13.99626676 33.68963301
v 23.12195674 14.01011553 33.61196816
v 22.99143560 14.09533527 33.70292112
v 22.99143560 14.09533434 33.62355009
v 22.92621322 14.13075440 33.70844573
v 22.90543914 14.14113119 33.63079578
v 22.76672795 14.20011744 33.72130170
v 22.76672982 14.20011744 33.64192694
v 22.69260585 14.22481239 33.72699767
v 22.67060615 14.23128415 33.64928067
v 22.52724022 14.26428929 33.73911977
v 22.52724208 14.26428929 33.65974501
v 22.45107293 14.27560393 33.74445066
v 22.42890932 14.27810919 33.66659582
v 22.28023857 14.28589970 33.75583887
v 22.28023857 14.28589970 33.67646411
v 22.21197262 14.28426150 33.76029804
v 22.18996920 14.28303309 33.68238732
v 22.03323133 14.26428929 33.77256170
v 22.03322947 14.26428929 33.69318694
v 21.97054401 14.25177697 33.77706558
v 21.94833197 14.24663421 33.69931504
v 21.79374173 14.20011744 33.79037976
v 21.79374173 14.20011744 33.71100500
v 21.73213288 14.17605672 33.79524499
v 21.71076275 14.16692697 33.71758759
v 21.56903408 14.09533434 33.80875662
v 21.56903595 14.09533434 33.72938186
v 21.50827833 14.05819785 33.81405398
v 21.48879692 14.04538285 33.73641148
v 21.36593685 13.95312417 33.82713348
v 21.36593871 13.95312417 33.74776244
v 21.30966261 13.90331239 33.83261338
v 21.29295282 13.88746034 33.75490755
v 21.19061910 13.77780735 33.84495527
v 21.19061910 13.77780735 33.76558051
v 21.14447579 13.71981390 33.85008499
v 21.13112807 13.70181702 33.77224132
v 21.04840241 13.57470360 33.86167437
v 21.04840241 13.57470267 33.78229961
v 21.01699449 13.51729315 33.86594355
v 21.00698091 13.49756960 33.78803656
v 20.94361372 13.34998291 33.87839347
v 20.94361372 13.34998105 33.79901871
v 20.92399076 13.29224557 33.88268873
v 20.91726847 13.27036880 33.80494192
v 20.87944373 13.11049238 33.89621526
v 20.87944373 13.11049238 33.81683677
v 20.86986415 13.04808538 33.90085697
v 20.86702548 13.02492619 33.82320330
v 20.85783519 12.86349911 33.91459212
v 20.85783519 12.86349911 33.83521736
v 20.85947059 12.79532257 33.91966224
v 20.86078562 12.77194358 33.84203091
v 20.87944373 12.61650678 33.93296897
v 20.87944373 12.61650771 33.85359049
v 20.89377679 12.54576351 33.93823281
v 20.89912817 12.52325904 33.86053070
v 20.94361372 12.37701718 33.95078704
v 20.94361372 12.37701904 33.87141600
v 20.96963860 12.31072750 33.95571932
v 20.97854950 12.29005773 33.87788311
v 21.04839869 12.15230394 33.96750614
v 21.04839869 12.15230301 33.88813511
v 21.08088322 12.09879480 33.97159278
v 21.09296247 12.08017021 33.89368951
v 21.19061910 11.94919366 33.98422524
v 21.19061910 11.94919273 33.90485421
v 21.22882381 11.90550439 33.98831561
v 21.24443278 11.88864838 33.91057253
v 21.36593871 11.77387591 34.00204703
v 21.36593871 11.77387498 33.92267227
v 21.41281404 11.73620205 34.00646895
v 21.43149637 11.72207016 33.92882273
v 21.56903595 11.63166482 34.02042389
v 21.56903595 11.63166482 33.94104913
v 21.62621915 11.60037518 34.02527422
v 21.64718881 11.58973668 33.94764289
v 21.79374360 11.52688172 34.03880447
v 21.79374173 11.52688172 33.95942599
v 21.85932919 11.50480192 34.04384851
v 21.88157849 11.49810851 33.96615759
v 22.03323133 11.46271080 34.05662253
v 22.03322947 11.46271080 33.97724405
v 22.10077830 11.45246625 34.06135738
v 22.12323062 11.44979149 33.98352489
v 22.28023112 11.44110039 34.07334164
v 22.28023298 11.44110039 33.99396688
v 22.33997174 11.44235488 34.07723457
v 22.36222476 11.44346502 33.99933502
v 22.52724022 11.46271080 34.09006074
v 22.52724022 11.46271080 34.01068598
v 22.58130349 11.47332694 34.09394249
v 22.60380052 11.47839054 34.01619941
v 22.76672982 11.52688172 34.10787880
v 22.76672982 11.52688172 34.02850404
v 22.82001823 11.54750027 34.11208093
v 22.84170128 11.55660395 34.03444216
v 22.99143560 11.63166575 34.12625939
v 22.99143560 11.63166575 34.04688090
v 23.04458618 11.66392118 34.13088247
v 23.06439355 11.67677436 34.05326232
v 23.19453470 11.77387591 34.14463252
v 23.19453284 11.77387591 34.06526148
v 23.24425988 11.81761548 34.14946795
v 23.26129004 11.83356997 34.07178074
v 23.36985245 11.94919366 34.16245431
v 23.36985245 11.94919273 34.08307955
v 23.41074310 12.00026460 34.16698799
v 23.42438139 12.01842446 34.08917040
v 23.51206727 12.15229649 34.17917341
v 23.51206914 12.15229742 34.09979865
v 23.53953198 12.20214367 34.18288380
v 23.54977280 12.22202089 34.10498798
v 23.61685596 12.37701718 34.19589251
v 23.61685783 12.37701811 34.11652148
v 23.63379300 12.42634561 34.19956565
v 23.64072762 12.44842913 34.12183374
v 23.68102595 12.61650678 34.21371430
v 23.68102781 12.61650771 34.13433954
v 23.68941158 12.66999263 34.21769291
v 23.69242907 12.69340888 34.14006159
v 23.70263636 12.86350098 34.23209116
v 23.70263636 12.86350098 34.15271640
v 23.70140515 12.92264834 34.23649073
v 23.70022237 12.94632722 34.15887803
v 23.68102595 13.11049424 34.25046802
v 23.68102595 13.11049331 34.17109326
v 23.66866171 13.17252405 34.25508365
v 23.66338111 13.19535542 34.17740762
v 23.61685596 13.34998291 34.26828608
v 23.61685783 13.34998198 34.18891132
v 23.59418571 13.40825390 34.27262604
v 23.58527854 13.42925616 34.19480845
v 23.51207286 13.57469615 34.28500891
v 23.51207100 13.57469708 34.20563042
v 23.48415181 13.62100244 34.28852931
v 23.47205020 13.63990083 34.21063721
v 23.36985245 13.77780642 34.30172801
v 23.36985245 13.77780735 34.22234952
v 23.33757095 13.81495409 34.30519253
v 23.32188934 13.83209694 34.22746435
v 23.19453284 13.95312417 34.31954607
v 23.19453284 13.95312510 34.24017504
v 23.15477282 13.98528647 34.32330862
v 23.13596010 13.99970334 34.24567729
v 22.99143560 14.09533527 34.33792666
v 22.99143560 14.09533527 34.25854817
v 22.94226363 14.12244327 34.34210271
v 22.92110212 14.13334720 34.26449746
v 22.76672795 14.20011744 34.35629979
v 22.76672982 14.20011744 34.27692875
v 22.70966582 14.21952713 34.36070308
v 22.68717252 14.22644686 34.28303078
v 22.52723835 14.26428929 34.37412158
v 22.52724022 14.26428929 34.29474682
v 22.46831544 14.27341066 34.37825665
v 22.44557813 14.27625772 34.30045396
v 22.28024043 14.28589970 34.39084068
v 22.28023857 14.28589970 34.31146592
v 22.22901396 14.28497769 34.39417481
v 22.20651507 14.28398862 34.31628644
v 22.03323320 14.26428929 34.40756351
v 22.03323133 14.26428929 34.32818502
v 21.98779397 14.25551344 34.41081569
v 21.96501382 14.25053179 34.33309123
v 21.79374173 14.20011744 34.42538157
v 21.79374173 14.20011744 34.34600309
v 21.74879052 14.18288890 34.42891687
v 21.72679268 14.17381410 34.35130045
v 21.56903408 14.09533434 34.44375470
v 21.56903595 14.09533434 34.36438367
v 21.52352221 14.06791154 34.44771096
v 21.50339074 14.05502576 34.37011316
v 21.36593685 13.95312324 34.46213529
v 21.36593685 13.95312417 34.38276052
v 21.32279798 13.91541958 34.46631506
v 21.30545117 13.89936637 34.38865766
v 21.19061723 13.77780549 34.47995335
v 21.19061910 13.77780735 34.40057859
v 21.15502954 13.73363379 34.48389098
v 21.14109695 13.71531282 34.40609202
v 21.04840241 13.57470360 34.49667245
v 21.04840241 13.57470360 34.41729769
v 21.02492191 13.53238616 34.49982032
v 21.01445198 13.51235621 34.42193568
v 20.94361559 13.34998384 34.51339155
v 20.94361372 13.34998198 34.43402052
v 20.92941478 13.30903824 34.51644257
v 20.92226595 13.28675076 34.43872556
v 20.87944373 13.11049331 34.53121334
v 20.87944373 13.11049238 34.45183858
v 20.87231167 13.06591835 34.53452885
v 20.86911164 13.04224599 34.45691615
v 20.85783519 12.86349911 34.54959020
v 20.85783519 12.86349911 34.47021544
v 20.85871808 12.81338371 34.55331922
v 20.85976675 12.78940681 34.47572887
v 20.87944373 12.61650585 34.56797078
v 20.87944373 12.61650678 34.48859230
v 20.88989504 12.56320626 34.57193449
v 20.89509927 12.54004892 34.49428082
v 20.94361559 12.37701625 34.58578885
v 20.94361372 12.37701811 34.50641409
v 20.96297592 12.32679561 34.58952159
v 20.97187378 12.30545901 34.51173753
v 21.04839869 12.15230394 34.60250795
v 21.04839869 12.15230301 34.52313319
v 21.07180841 12.11321726 34.60546955
v 21.08392492 12.09404506 34.52758864
v 21.19061723 11.94919460 34.61922705
v 21.19061910 11.94919273 34.53985229
v 21.21702395 11.91861834 34.62206572
v 21.23277448 11.90118678 34.54435244
v 21.36593685 11.77387591 34.63704512
v 21.36593871 11.77387498 34.55767035
v 21.39861882 11.74726803 34.64014456
v 21.41756192 11.73256431 34.56253558
v 21.56903595 11.63166482 34.65542570
v 21.56903595 11.63166482 34.57605094
v 21.61021903 11.60878874 34.65892747
v 21.63157053 11.59761846 34.58134457
v 21.79374360 11.52688172 34.67380255
v 21.79374173 11.52688172 34.59442407
v 21.84229158 11.51019800 34.67755020
v 21.86502889 11.50304917 34.59990770
v 22.03323320 11.46271080 34.69162062
v 22.03323133 11.46271080 34.61224586
v 22.08353020 11.45476662 34.69515592
v 22.10655063 11.45174354 34.61737931
v 22.28023112 11.44110039 34.70833972
v 22.28023112 11.44110039 34.62896869
v 22.32295275 11.44174114 34.71111506
v 22.34569564 11.44260727 34.63324159
v 22.52723835 11.46271080 34.72505882
v 22.52724022 11.46271080 34.64568779
v 22.56404422 11.46970131 34.72769260
v 22.58710936 11.47459727 34.64998677
v 22.76672795 11.52688172 34.74288061
v 22.76672982 11.52688172 34.66350585
v 22.80332707 11.54077612 34.74575281
v 22.82563597 11.54981833 34.66815501
v 22.99143560 11.63166575 34.76125747
v 22.99143560 11.63166575 34.68188271
v 23.02927896 11.65430341 34.76453945
v 23.04973826 11.66721899 34.68696028
v 23.19453470 11.77387685 34.77963805
v 23.19453470 11.77387591 34.70025957
v 23.23104255 11.80558279 34.78316963
v 23.24870974 11.82173193 34.70553085
v 23.36331643 11.94145996 34.79674459
v 23.36985245 11.94919366 34.71807763
v 22.06899598 14.09607846 27.87848935
v 22.20297605 11.76242623 35.07346660
v 22.27341011 11.78482547 35.06495059
v 22.28023484 11.71782054 35.10420397
v 22.31736854 11.78544294 35.06871313
v 22.40977436 11.79261040 35.07691994
v 23.48797582 13.56078684 34.82456878
v 23.55909720 13.43500149 34.81839597
v 23.43340404 13.34731188 34.72944349
v 23.60067144 13.34409323 34.81397033
v 23.49972725 13.14046793 34.71193835
v 23.64425547 13.22441921 34.80818495
v 23.67519028 13.10946420 34.80267152
v 23.26964214 13.82456068 34.83980894
v 23.29038084 13.80470302 34.83847529
v 23.20621349 13.70399725 34.76203233
v 23.43459800 13.63881025 34.82858092
v 23.33592251 13.53386976 34.74532440
v 23.04476127 13.85313179 34.78017449
v 22.85736427 13.97291105 34.79897603
v 23.10298756 13.95784877 34.85001251
v 22.91459776 14.06479068 34.86064821
v 22.65254036 14.05734289 34.81756151
v 22.44027331 14.10376560 34.83508155
v 22.69906923 14.14394844 34.87193584
v 22.48648927 14.18434083 34.88229588
v 22.26137742 14.19001725 34.89249572
v 22.22993784 14.11303598 34.85097364
v 22.05268852 14.16062936 34.90221128
v 22.01777883 14.08619713 34.86765921
v 22.02612162 14.15435132 34.90351886
v 21.80781588 14.02138174 34.88579020
v 21.61018550 13.91938981 34.90459546
v 21.83360606 14.09030892 34.91356596
v 21.65087871 13.99529912 34.92413089
v 21.47395909 13.86218984 34.93561223
v 21.43435366 13.78456224 34.92318466
v 21.33215033 13.71307857 34.94609892
v 21.28765173 13.62418849 34.94072333
v 21.21297829 13.53841368 34.95639190
v 21.17408253 13.44684977 34.95662659
v 21.11898549 13.33122328 34.96723995
v 21.12771012 13.35559413 34.96596217
v 21.05173841 12.95067463 34.98756140
v 21.07052132 13.14504817 34.97710079
v 21.21989056 13.06162216 34.88733992
v 21.21183276 13.01215868 34.89219397
v 21.20156400 12.87064888 34.90607813
v 21.06679603 12.73785718 34.99921784
v 21.20239474 12.82056700 34.91099179
v 21.21737599 12.67933846 34.92484614
v 21.11272700 12.54816726 35.00980511
v 21.22689597 12.63099350 34.92958844
v 21.14894614 12.45175302 35.01525521
v 21.26586065 12.49658037 34.94277969
v 21.18933387 12.36598101 35.02015024
v 21.28308453 12.45206874 34.94714200
v 21.34271339 12.32998725 34.95912254
v 21.29143104 12.20248081 35.02973914
v 21.36628330 12.29054481 34.96306390
v 21.30624838 12.18300499 35.03098339
v 21.44636028 12.17922010 34.97532755
v 21.42881602 12.04863470 35.04062071
v 21.47716843 12.14331295 34.97970477
v 21.57317847 11.93356793 35.05093977
v 21.57840319 12.04434410 34.99316424
v 21.61555551 12.01391965 34.99781340
v 21.59360610 11.92010753 35.05233303
v 21.75374329 11.83398347 35.06281599
v 21.73461579 11.93297096 35.01189873
v 21.77653834 11.90962642 35.01660377
v 21.92806825 11.77328918 35.07346660
v 21.90819569 11.85099222 35.03067046
v 21.95283771 11.83568873 35.03521532
v 22.00480551 11.76370867 35.07346660
v 22.09070884 11.80158462 35.04860401
v 22.13585936 11.79450937 35.05278379
v 21.85758576 14.04046174 27.89633721
v 21.65607363 13.94714694 27.91505493
v 21.47422545 13.81964795 27.93377824
v 21.32000215 13.66463769 27.95164101
v 21.10803500 13.29918113 27.98412554
v 21.19842917 13.49084638 27.96790563
v 21.05008811 13.08845915 28.00195850
v 21.02969401 12.86734827 28.02067250
v 21.04873769 12.64605578 28.03939767
v 21.31524310 12.06810214 28.08976173
v 21.19484171 12.24237867 28.07356231
v 21.10545710 12.43481785 28.05727534
v 21.46840468 11.91229001 28.10757980
v 21.64941467 11.78371441 28.12628821
v 21.85040712 11.68914139 28.14501897
v 22.06164598 11.63220406 28.16291153
v 22.27304876 11.61297224 28.17922086
v 22.48412371 11.62968483 28.19539793
v 22.69569226 11.68398093 28.21320109
v 22.89771661 11.77603193 28.23190391
v 23.08038995 11.90244686 28.25064026
v 23.23566936 12.05664501 28.26854773
v 23.35841767 12.22994458 28.28487568
v 23.44981767 12.42084149 28.30103412
v 23.50898832 12.63103727 28.31882425
v 23.53073098 12.85195537 28.33752148
v 23.51303771 13.07341643 28.35626155
v 23.45755138 13.28515913 28.37418206
v 23.36918376 13.47836759 28.39053422
v 23.24995026 13.65313679 28.40667218
v 23.09785597 13.80973868 28.42444554
v 22.91768976 13.93938251 28.44313532
v 22.71723188 14.03521001 28.46188284
v 22.50617556 14.09346797 28.47981639
v 22.29461819 14.11396544 28.49618904
v 22.08369784 14.09850735 28.51231024
v 21.87198028 14.04553186 28.53006683
v 21.66945860 13.95474747 28.54875103
v 21.48596942 13.82942498 28.56750228
v 21.32963948 13.67605012 28.58545072
v 21.20571956 13.50325253 28.60184386
v 21.11330815 13.31311185 28.61794643
v 21.05292492 13.10345251 28.63568999
v 21.02983557 12.88274024 28.65436859
v 21.04617096 12.66112272 28.67312357
v 21.10042050 12.44888548 28.69108506
v 21.18776366 12.25491613 28.70750055
v 21.30584046 12.07964681 28.72358263
v 21.45686001 11.92226447 28.74131128
v 21.63617313 11.79156080 28.75998430
v 21.83608525 11.69448346 28.77874300
v 22.04694413 11.63490489 28.79672125
v 22.25864492 11.61313802 28.81315537
v 22.46942557 11.62734535 28.82922255
v 22.68127725 11.67900115 28.84693444
v 22.88428694 11.76851429 28.86560000
v 23.06858078 11.89273503 28.88436429
v 23.22595380 12.04527915 28.90235372
v 23.35104533 12.21756078 28.91881205
v 23.44447002 12.40695827 28.93486060
v 23.50606211 12.61607185 28.95255573
v 23.53049442 12.83656619 28.97121757
v 23.51551317 13.05832714 28.98998372
v 23.46251160 13.27104867 29.00798805
v 23.37620035 13.46577052 29.02446687
v 23.25927094 13.64154834 29.04049866
v 23.10933173 13.79969995 29.05818075
v 22.93088287 13.93145602 29.07683328
v 22.73152769 14.02977854 29.09560502
v 22.52087556 14.09067772 29.11362052
v 22.30904438 14.11371585 29.13012169
v 22.09839225 14.10075650 29.14613672
v 21.88641950 14.05042037 29.16380391
v 21.68293484 13.96218222 29.18245085
v 21.49784379 13.83906789 29.20122445
v 21.33943327 13.68736848 29.21925299
v 21.21317200 13.51561304 29.23577651
v 21.11873403 13.32694758 29.25177664
v 21.05593868 13.11839093 29.26942706
v 21.03016712 12.89812662 29.28806655
v 21.04378864 12.67623436 29.30684388
v 21.09554037 12.46303972 29.32488732
v 21.18080854 12.26757187 29.34143133
v 21.29659802 12.09127717 29.35741469
v 21.44545317 11.93236653 29.37505022
v 21.62303030 11.79956831 29.39368226
v 21.82181366 11.70000527 29.41246517
v 22.03224786 11.63778640 29.43052165
v 22.24420011 11.61347143 29.44708429
v 22.45473303 11.62518654 29.46305461
v 22.66681753 11.67420391 29.48067337
v 22.87076600 11.76116336 29.49929982
v 23.05664308 11.88316196 29.51808460
v 23.21608365 12.03400735 29.53615412
v 23.34350720 12.20522635 29.55273911
v 23.43896776 12.39317097 29.56869267
v 23.50295708 12.60116044 29.58629653
v 23.53006788 12.82118168 29.60491553
v 23.51780608 13.04319408 29.62370403
v 23.46730977 13.25684972 29.64178659
v 23.38309214 13.45305610 29.65839021
v 23.26843515 13.62987608 29.67433445
v 23.12066965 13.78953550 29.69191968
v 22.94397540 13.92336842 29.71053310
v 22.74577133 14.02416639 29.72932346
v 22.53556997 14.08770401 29.74741906
v 22.32350782 14.11329955 29.76404317
v 22.11308107 14.10282683 29.77997251
v 21.90089785 14.05512635 29.79754284
v 21.69649862 13.96944840 29.81614880
v 21.50984481 13.84857390 29.83494289
v 21.34937979 13.69859185 29.85304967
v 21.22079581 13.52792140 29.86969799
v 21.12431079 13.34068645 29.88561243
v 21.05913311 13.13327439 29.90316600
v 21.03068680 12.91350648 29.92176451
v 21.04158886 12.69138791 29.94056232
v 21.09082229 12.47728057 29.95868213
v 21.17398009 12.28034589 29.97534908
v 21.28751390 12.10298948 29.99125235
v 21.43418416 11.94259431 30.00879101
v 21.60998806 11.80773508 30.02738208
v 21.80759981 11.70570590 30.04618175
v 22.01755717 11.64085139 30.06431460
v 22.22971804 11.61397249 30.08100204
v 22.44004980 11.62320562 30.09689413
v 22.65231870 11.66958828 30.11441417
v 22.85715751 11.75398100 30.13299778
v 23.04457687 11.87372580 30.15180118
v 23.20605889 12.02283241 30.16994707
v 23.33580330 12.19294406 30.18665314
v 23.43331650 12.37948146 30.20253591
v 23.49967510 12.58630678 30.22003733
v 23.52945134 12.80580834 30.23861535
v 23.51991460 13.02802004 30.25741875
v 23.47194776 13.24256789 30.27557768
v 23.38985726 13.44022434 30.29230423
v 23.27743731 13.61812465 30.30817583
v 23.13186787 13.77924625 30.32566234
v 22.95696363 13.91512062 30.34423105
v 22.75995538 14.01837636 30.36303818
v 22.55025692 14.08454869 30.38120829
v 22.33800665 14.11271282 30.39795719
v 22.12775871 14.10471741 30.41381575
v 21.91541344 14.05965071 30.43128736
v 21.71014994 13.97654600 30.44984862
v 21.52197435 13.85793928 30.46865761
v 21.35948092 13.70971650 30.48683889
v 21.22857980 13.54017667 30.50360642
v 21.13003470 13.35432567 30.51945940
v 21.06250264 13.14809732 30.53691052
v 21.03139833 12.92887423 30.55546433
v 21.03957161 12.70658057 30.57427704
v 21.08626626 12.49160431 30.59246950
v 21.16728202 12.29323354 30.60925938
v 21.27859183 12.11478096 30.62510118
v 21.42305486 11.95294317 30.64253554
v 21.59705199 11.81606017 30.66108190
v 21.79344557 11.71158627 30.67989461
v 22.00287580 11.64409798 30.69810197
v 22.21520245 11.61464397 30.71490861
v 22.42537960 11.62140351 30.73074296
v 22.63778634 11.66515611 30.74816056
v 22.84346521 11.74696907 30.76669760
v 23.03238586 11.86443120 30.78551404
v 23.19588326 12.01175991 30.80373257
v 23.32793735 12.18071766 30.82055785
v 23.42751808 12.36589160 30.83638661
v 23.49621803 12.57151458 30.85378557
v 23.52864854 12.79044710 30.87231517
v 23.52183871 13.01280968 30.89113161
v 23.47642183 13.22820410 30.90936132
v 23.39649014 13.42727896 30.92621081
v 23.28628115 13.60629499 30.94202839
v 23.14292639 13.76883686 30.95941246
v 22.96984755 13.90671916 30.97793274
v 22.77407981 14.01240751 30.99675104
v 22.56493084 14.08121083 31.01499192
v 22.35253900 14.11195565 31.03185818
v 22.14242145 14.10643104 31.04767017
v 21.92996442 14.06399161 31.06503747
v 21.72388136 13.98347318 31.08354844
v 21.53422497 13.86716310 31.10236861
v 21.36973664 13.72073777 31.12062253
v 21.23652957 13.55237421 31.13750927
v 21.13590762 13.36786430 31.15331195
v 21.06604539 13.16285692 31.17066249
v 21.03229612 12.94422802 31.18916601
v 21.03774063 12.72180863 31.20798804
v 21.08187415 12.50600722 31.22625127
v 21.16071433 12.30623573 31.24315850
v 21.26982994 12.12664787 31.25895560
v 21.41206898 11.96341310 31.27628937
v 21.58422209 11.82454079 31.29478171
v 21.77935280 11.71764359 31.31360561
v 21.98820934 11.64752711 31.33188188
v 22.20065333 11.61548682 31.34880587
v 22.41072431 11.61977835 31.36459738
v 22.62322046 11.66090649 31.38191253
v 22.82969467 11.74012758 31.40039742
v 23.02007377 11.85527910 31.41922504
v 23.18555489 12.00078987 31.43750876
v 23.31990562 12.16854900 31.45445511
v 23.42157438 12.35240512 31.47024289
v 23.49258773 12.55678665 31.48753941
v 23.52765575 12.77510263 31.50601685
v 23.52357656 12.99756579 31.52484447
v 23.48073013 13.21376115 31.54313937
v 23.40298891 13.41422088 31.56010434
v 23.29496108 13.59439082 31.57588840
v 23.15384150 13.75830825 31.59316629
v 22.98262157 13.89816124 31.61163256
v 22.78814092 14.00626078 31.63046017
v 22.57958986 14.07769043 31.64876997
v 22.36710303 14.11102712 31.66575357
v 22.15706743 14.10796773 31.68153018
v 21.94454335 14.06814996 31.69879317
v 21.73769288 13.99022900 31.71725199
v 21.54659852 13.87624256 31.73607960
v 21.38013765 13.73165566 31.75439686
v 21.24464326 13.56451213 31.77139908
v 21.14192396 13.38129956 31.78717569
v 21.06976323 13.17755226 31.80442005
v 21.03338204 12.95956224 31.82286769
v 21.03609592 12.73706835 31.84169903
v 21.07764967 12.52048835 31.86002374
v 21.15428261 12.31934968 31.87704831
v 21.26123011 12.13858742 31.89282119
v 21.40122652 11.97399851 31.91004694
v 21.57150395 11.83317415 31.92848340
v 21.76532522 11.72387786 31.94731474
v 21.97355963 11.65113784 31.96565434
v 22.18607627 11.61650196 31.98269755
v 22.39608765 11.61833014 31.99846670
v 22.60862663 11.65683940 32.01567009
v 22.81584404 11.73345838 32.03410283
v 23.00764248 11.84627321 32.05293417
v 23.17507565 11.98992692 32.07128122
v 23.31170999 12.15644274 32.08834305
v 23.41548540 12.33902201 32.10411221
v 23.48878421 12.54212670 32.12130070
v 23.52647483 12.75977772 32.13972226
v 23.52512814 12.98229117 32.15854988
v 23.48487079 13.19924276 32.17691183
v 23.40935357 13.40105291 32.19398856
v 23.30348082 13.58241681 32.20975399
v 23.16461317 13.74766510 32.22692385
v 22.99528383 13.88945244 32.24533796
v 22.80213311 13.99993896 32.26416931
v 22.59423025 14.07398656 32.28253871
v 22.38169499 14.10992537 32.29963779
v 22.17169479 14.10932839 32.31540322
v 21.95915021 14.07212485 32.33255446
v 21.75157890 13.99681065 32.35095367
v 21.55908942 13.88517488 32.36978501
v 21.39068954 13.74246459 32.38816932
v 21.25291899 13.57658673 32.40528330
v 21.14808187 13.39462865 32.42104873
v 21.07365243 13.19217775 32.43818134
v 21.03465609 12.97487598 32.45656937
v 21.03463560 12.75235694 32.47540444
v 21.07359283 12.53504399 32.49379247
v 21.14798687 12.33257260 32.51092881
v 21.25279233 12.15059683 32.52669424
v 21.39052749 11.98469847 32.54380822
v 21.55889943 11.84196025 32.56218880
v 21.75136842 11.73028816 32.58102015
v 21.95892856 11.65493391 32.59942308
v 22.17147313 11.61769032 32.61657432
v 22.38147147 11.61705609 32.63233975
v 22.59400859 11.65295579 32.64943510
v 22.80192077 11.72696427 32.66780823
v 22.99509197 11.83741540 32.68663958
v 23.16444926 11.97917201 32.70504624
v 23.30335230 12.14440167 32.72221982
v 23.40925857 12.32574694 32.73798898
v 23.48480932 12.52753567 32.75506571
v 23.52510579 12.74447702 32.77342767
v 23.52649346 12.96698954 32.79225528
v 23.48884381 13.18465173 32.81067684
v 23.41558039 13.38777505 32.82786533
v 23.31183665 13.57037388 32.84363449
v 23.17523584 13.73690926 32.86069259
v 23.00782874 13.88059184 32.87904337
v 22.81605639 13.99344113 32.89787471
v 22.60884829 14.07010015 32.91630000
v 22.39630930 14.10864946 32.93351084
v 22.18629792 14.11051489 32.94927999
v 21.97378129 14.07591719 32.96631947
v 21.76553756 14.00321815 32.98466280
v 21.57169580 13.89395818 33.00349042
v 21.40138857 13.75316270 33.02193061
v 21.26135863 13.58859427 33.03915635
v 21.15437947 13.40785064 33.05492923
v 21.07771300 13.20673153 33.07195008
v 21.03611827 12.99016364 33.09027851
v 21.03336528 12.76766974 33.10910612
v 21.06970549 12.54967041 33.12755749
v 21.14183083 12.34590355 33.14480186
v 21.24451846 12.16267142 33.16057473
v 21.37997746 11.99550927 33.17757696
v 21.54641040 11.85089443 33.19589794
v 21.73748240 11.73687261 33.21472555
v 21.94432169 11.65891159 33.23318064
v 22.15684578 11.61905378 33.25044736
v 22.36687951 11.61595713 33.26622397
v 22.57936634 11.64925471 33.28320757
v 22.78792672 11.72064431 33.30151364
v 22.98242785 11.82870753 33.32034126
v 23.15367758 11.96853071 33.33881125
v 23.29483069 12.13242766 33.35608914
v 23.40289205 12.31257990 33.37187320
v 23.48066680 12.51301914 33.38883445
v 23.52355234 12.72920240 33.40712935
v 23.52767251 12.95166463 33.42595696
v 23.49264361 13.16998992 33.44443440
v 23.42166565 13.37439101 33.46173465
v 23.32002856 13.55826668 33.47751871
v 23.18571135 13.72604445 33.49446505
v 23.02026190 13.87158316 33.51274878
v 22.82990329 13.98677006 33.53157267
v 22.62344211 14.06603027 33.55006129
v 22.41094597 14.10719845 33.56738016
v 22.20087498 14.11152724 33.58317167
v 21.98843285 14.07952700 33.60009566
v 21.77956514 14.00944963 33.61836448
v 21.58441767 13.90258968 33.63719210
v 21.41223475 13.76374718 33.65568444
v 21.26996219 13.60053290 33.67301822
v 21.16081305 13.42096273 33.68882090
v 21.08193934 13.22121173 33.70572254
v 21.03776671 13.00542336 33.72398764
v 21.03228122 12.78300490 33.74280781
v 21.06599137 12.56436668 33.76131505
v 21.13581635 12.35933974 33.77866372
v 21.23640664 12.17481028 33.79446641
v 21.36957459 12.00642809 33.81135687
v 21.53403871 11.85997576 33.82960334
v 21.72367275 11.74363028 33.84842724
v 21.92974277 11.66307274 33.86693820
v 22.14219980 11.62059326 33.88430923
v 22.35231921 11.61503140 33.90011936
v 22.56470732 11.64573710 33.91698375
v 22.77386747 11.71450131 33.93522277
v 22.96965197 11.82015240 33.95404294
v 23.14276062 11.95800491 33.97256508
v 23.28614704 12.12052535 33.98994729
v 23.39638956 12.29952369 34.00576860
v 23.47635478 12.49857713 34.02261436
v 23.52181077 12.71395944 34.04083848
v 23.52866158 12.93632016 34.05965865
v 23.49627204 13.15526105 34.07818824
v 23.42760749 13.36090267 34.09559280
v 23.32805842 13.54609802 34.11141783
v 23.19603786 13.71507253 34.12824124
v 23.03257212 13.86242919 34.14646164
v 22.84367383 13.97992577 34.16527435
v 22.63800614 14.06177785 34.18381512
v 22.42560126 14.10557050 34.20123458
v 22.21542224 14.11236729 34.21706706
v 22.00309932 14.08295333 34.23387557
v 21.79365978 14.01550416 34.25207734
v 21.59724757 13.91106751 34.27089378
v 21.42322436 13.77421431 34.28944200
v 21.27872594 13.61239888 34.30687636
v 21.16738260 13.43396213 34.32272002
v 21.08633332 13.23561370 34.33950245
v 21.03960142 13.02065048 34.35769677
v 21.03138529 12.79835869 34.37650949
v 21.06244862 12.57912721 34.39506143
v 21.12994716 12.37288024 34.41251814
v 21.22846060 12.18700875 34.42837298
v 21.35932632 12.01745216 34.44513679
v 21.52178809 11.86920144 34.46331620
v 21.70994133 11.75056025 34.48212892
v 21.91519365 11.66741643 34.50068831
v 22.12753519 11.62230968 34.51815620
v 22.33778685 11.61427703 34.53401849
v 22.55003341 11.64240204 34.55076739
v 22.75974117 11.70853432 34.56893563
v 22.95676805 11.81175187 34.58774090
v 23.13170023 11.94759645 34.60631147
v 23.27730320 12.10869662 34.62380171
v 23.38975482 12.28658017 34.63967144
v 23.47187884 12.48421520 34.65639800
v 23.51988293 12.69874908 34.67455134
v 23.52946252 12.92095892 34.69336033
v 22.28023484 13.94219603 27.76302956
v 22.28023484 14.11404833 27.86224708
v 22.09802344 13.92669603 27.77926996
v 21.91566676 13.87872174 27.79711969
v 21.74184658 13.79823126 27.81583555
v 21.58498950 13.68825324 27.83455886
v 21.45195939 13.55454419 27.85242163
v 21.34709246 13.40463571 27.86868624
v 21.26912028 13.23930919 27.88490616
v 21.26829326 13.23707588 27.88512595
v 21.21913619 13.05754576 27.90274099
v 21.20154537 12.86681928 27.92145312
v 21.21797204 12.67593727 27.94018015
v 21.26689628 12.49372773 27.95805782
v 21.34399861 12.32773345 27.97434479
v 21.44785225 12.17740681 27.99054421
v 21.45067230 12.17400003 27.99095027
v 21.57996781 12.04300672 28.00836228
v 21.73610404 11.93210017 28.02706882
v 21.90947346 11.85052376 28.04580145
v 22.09168486 11.80141047 28.06369402
v 22.27403596 11.78482175 28.07999961
v 22.27993682 11.78480405 28.08050439
v 22.45610580 11.79923676 28.09618041
v 22.63860032 11.84607204 28.11398357
v 22.81286195 11.92547288 28.13268453
v 22.97043242 12.03451492 28.15142274
v 23.10437337 12.16752362 28.16932835
v 23.21025357 12.31700834 28.18565816
v 23.28909375 12.48167269 28.20181660
v 23.34013022 12.66298257 28.21960486
v 23.35888520 12.85354234 28.23830023
v 23.34362641 13.04456964 28.25704403
v 23.29576388 13.22721411 28.27496268
v 23.21953885 13.39387149 28.29131484
v 23.11668918 13.54462374 28.30745280
v 22.98549935 13.67970556 28.32522802
v 22.83008955 13.79153319 28.34391780
v 22.65718020 13.87419179 28.36266533
v 22.47512713 13.92444409 28.38059887
v 22.29264192 13.94212525 28.39697152
v 22.11070620 13.92879151 28.41308899
v 21.75339125 13.80478684 28.44953351
v 21.91560529 13.87869939 28.43212523
v 21.92808315 13.88309523 28.43084931
v 21.74148336 13.79802264 28.45087834
v 21.46027237 13.56438827 28.48623320
v 21.58440650 13.68776057 28.46963331
v 21.59511857 13.69668636 28.46828476
v 21.45126276 13.55371065 28.48752216
v 21.27366886 13.25132512 28.51872891
v 21.34640329 13.40344734 28.50380354
v 21.35338075 13.41533754 28.50262634
v 21.26850747 13.23765423 28.52007002
v 21.20166644 12.88009621 28.55515108
v 21.21875063 13.05542327 28.53794768
v 21.22158371 13.07047717 28.53647061
v 21.20153978 12.86429446 28.55669893
v 21.26255259 12.50586193 28.59186754
v 21.21847123 12.67312746 28.57545577
v 21.21575736 12.68893294 28.57390605
v 21.26797475 12.49079034 28.59334648
v 21.43974416 12.18736544 28.62436511
v 21.34566195 12.32483704 28.60962786
v 21.33789286 12.33854890 28.60828117
v 21.45027928 12.17447314 28.62589248
v 21.72468044 11.93886809 28.66076678
v 21.58320136 12.04025652 28.64377201
v 21.57001011 12.05161028 28.64209376
v 21.74010873 11.92977186 28.66252325
v 22.07900397 11.80373970 28.69750001
v 21.91412263 11.84883434 28.68128009
v 21.89712040 11.85513102 28.67952548
v 22.09677920 11.80051826 28.69916894
v 22.44342677 11.79721951 28.73000316
v 22.27934636 11.78480405 28.71545218
v 22.26161212 11.78496424 28.71393785
v 22.46187069 11.80020627 28.73171680
v 22.80127630 11.91898901 28.76638249
v 22.64457010 11.84819359 28.74959446
v 22.62616530 11.84177678 28.74771692
v 22.81871252 11.92881912 28.76834758
v 23.09599333 12.15771958 28.80313434
v 22.97582477 12.03903556 28.78710255
v 22.96024561 12.02613954 28.78514677
v 23.10901135 12.17305288 28.80499326
v 23.28447811 12.46969681 28.83564122
v 23.21391925 12.32329570 28.82127836
v 23.20389263 12.30632607 28.81959267
v 23.29185791 12.48905715 28.83754112
v 23.35868217 12.84026727 28.87199819
v 23.34166504 12.67126575 28.85541692
v 23.33760634 12.65007351 28.85333821
v 23.35893176 12.86238804 28.87416817
v 23.30004051 13.21504265 28.90877053
v 23.34205620 13.05356249 28.89292501
v 23.34576100 13.03155348 28.89076620
v 23.29260297 13.23592011 28.91081758
v 23.12473208 13.53462785 28.94128114
v 23.21495675 13.40190601 28.92710268
v 23.22559245 13.38300575 28.92524749
v 23.11038785 13.55228946 28.94336544
v 22.84147032 13.78469635 28.97761576
v 22.97751047 13.68653961 28.96124125
v 22.99539559 13.67104612 28.95896137
v 22.82063849 13.79706897 28.97999249
v 22.48780616 13.92203663 29.01440300
v 22.64664508 13.87805864 28.99874933
v 22.66951092 13.86950724 28.99638750
v 22.46399596 13.92642874 29.01664190
v 22.12338150 13.93073145 29.04691920
v 22.28142135 13.94219510 29.03292887
v 22.30508439 13.94191012 29.03090231
v 22.09890448 13.92684598 29.04918790
v 21.76501602 13.81119993 29.08323146
v 21.91619761 13.87891266 29.06706370
v 21.94053866 13.88731226 29.06458452
v 21.74203470 13.79833929 29.08581495
v 21.46871947 13.57415132 29.12003547
v 21.58488706 13.68816756 29.10457179
v 21.60536125 13.70500401 29.10200693
v 21.45165764 13.55418377 29.12246436
v 21.27834782 13.26326001 29.15255725
v 21.34670131 13.40396050 29.13875133
v 21.35981061 13.42599932 29.13655713
v 21.26872167 13.23823165 29.15501222
v 21.20195329 12.89336849 29.18884903
v 21.21886238 13.05604447 29.17288803
v 21.22418396 13.08336388 29.17020582
v 21.20153978 12.86492962 29.19163741
v 21.25834301 12.51807157 29.22566980
v 21.21835947 12.67374773 29.21039611
v 21.21370286 12.70196773 29.20762636
v 21.26776241 12.49136869 29.22828868
v 21.43177018 12.19739765 29.25819531
v 21.34536579 12.32535113 29.24457751
v 21.33189328 12.34946586 29.24221195
v 21.44988626 12.17494719 29.26083654
v 21.71334438 11.94577478 29.29446474
v 21.58272080 12.04066444 29.27871048
v 21.56016976 12.06032373 29.27582897
v 21.73955739 11.93009038 29.29745987
v 22.06632681 11.80622634 29.33130227
v 21.91352844 11.84904855 29.31621857
v 21.88481204 11.85989380 29.31324579
v 22.09617198 11.80062350 29.33411300
v 22.43075334 11.79535687 29.36383523
v 22.27875218 11.78480498 29.35040370
v 22.24915288 11.78525202 29.34786677
v 22.46126346 11.80010289 29.36666086
v 22.78961428 11.91264857 29.40008044
v 22.64397591 11.84798125 29.38453481
v 22.61369303 11.83763891 29.38145213
v 22.81816117 11.92850154 29.40328419
v 23.08747917 12.14799751 29.43693474
v 22.97534235 12.03862950 29.42204103
v 22.94994704 12.01788150 29.41886708
v 23.10861647 12.17257977 29.43993732
v 23.27973396 12.45780382 29.46947515
v 23.21362123 12.32278254 29.45622616
v 23.19739014 12.29568664 29.45351787
v 23.29164371 12.48847973 29.47248518
v 23.35831337 12.82699779 29.50569801
v 23.34155142 12.67064549 29.49035726
v 23.33492972 12.63721101 29.48707528
v 23.35892990 12.86175195 29.50910851
v 23.30418117 13.20279576 29.54256721
v 23.34216610 13.05294130 29.52786535
v 23.34773727 13.01850006 29.52448651
v 23.29281531 13.23534176 29.54576164
v 23.13263528 13.52456026 29.57511321
v 23.21525291 13.40139192 29.56205234
v 23.23153615 13.37203849 29.55917083
v 23.11078086 13.55181541 29.57830764
v 22.85276353 13.77771981 29.61131372
v 22.97799103 13.68613169 29.59617972
v 23.00517634 13.66227772 29.59270030
v 22.82118797 13.79675046 29.61492911
v 22.50048146 13.91947176 29.64819968
v 22.64723927 13.87784444 29.63368781
v 22.68179692 13.86466622 29.63010594
v 22.46460132 13.92632350 29.65158410
v 22.13605121 13.93251680 29.68075313
v 22.28201553 13.94219510 29.66787666
v 22.31756039 13.94155063 29.66482565
v 22.09951170 13.92694935 29.68413197
v 21.77671716 13.81746773 29.71693128
v 21.91679180 13.87912501 29.70200405
v 21.95302770 13.89137190 29.69832346
v 21.74258605 13.79865687 29.72075343
v 21.47729881 13.58383242 29.75383215
v 21.58536948 13.68857361 29.73951213
v 21.61571383 13.71320337 29.73572537
v 21.45205252 13.55465688 29.75740843
v 21.28315903 13.27511016 29.78639491
v 21.34699747 13.40447366 29.77370284
v 21.36638388 13.43661640 29.77047674
v 21.26893587 13.23880907 29.78995442
v 21.20240219 12.90663425 29.82254513
v 21.21897414 13.05666473 29.80782650
v 21.22693881 13.09620123 29.80394661
v 21.20154165 12.86556572 29.82657589
v 21.25427313 12.53035571 29.85946462
v 21.21824957 12.67436892 29.84533459
v 21.21180482 12.71503977 29.84134480
v 21.26754820 12.49194704 29.86323088
v 21.42393403 12.20749971 29.89203483
v 21.34506963 12.32586522 29.87952530
v 21.32600360 12.36048341 29.87613156
v 21.44949324 12.17542030 29.89578061
v 21.70209400 11.95282023 29.92816269
v 21.58224024 12.04107143 29.91365083
v 21.55045047 12.06914615 29.90956977
v 21.73900791 11.93040889 29.93240021
v 22.05365337 11.80886943 29.96509522
v 21.91293612 11.84926275 29.95115705
v 21.87255025 11.86481211 29.94696423
v 22.09556475 11.80072874 29.96905707
v 22.41808735 11.79364882 29.99767475
v 22.27815986 11.78480592 29.98535149
v 22.23666012 11.78568415 29.98178266
v 22.46065624 11.79999951 30.00160493
v 22.77787589 11.90645248 30.03377840
v 22.64338173 11.84776891 30.01947142
v 22.60118723 11.83365751 30.01519665
v 22.81760983 11.92818489 30.03822081
v 23.07883091 12.13835925 30.07072583
v 22.97485992 12.03822345 30.05697951
v 22.93954045 12.00974174 30.05258180
v 23.10822159 12.17210665 30.07488139
v 23.27485755 12.44599558 30.10331467
v 23.21332507 12.32226938 30.09117767
v 23.19074608 12.28509285 30.08743562
v 23.29142950 12.48790231 30.10742739
v 23.35778251 12.81373575 30.13939597
v 23.34143966 12.67002523 30.12529574
v 23.33209850 12.62439881 30.12081981
v 23.35892990 12.86111679 30.14404513
v 23.30818214 13.19047622 30.17635830
v 23.34227785 13.05232011 30.16280383
v 23.34955521 13.00541218 30.15820123
v 23.29302765 13.23476341 30.18070385
v 23.14040065 13.51442281 30.20895831
v 23.21554907 13.40087783 30.19700199
v 23.23737182 13.36097065 30.19308671
v 23.11117388 13.55134137 30.21325171
v 22.86396734 13.77060637 30.24501167
v 22.97847159 13.68572377 30.23112006
v 23.01483601 13.65340315 30.22644483
v 22.82173745 13.79643101 30.24986759
v 22.51314931 13.91675137 30.28199077
v 22.64783159 13.87762930 30.26862629
v 22.69403264 13.85967154 30.26382066
v 22.46520855 13.92621826 30.28652817
v 22.14871161 13.93414754 30.31459823
v 22.28260785 13.94219324 30.30282632
v 22.33006805 13.94104492 30.29873781
v 22.10011892 13.92705180 30.31907603
v 21.78849094 13.82359024 30.35062924
v 21.91738598 13.87933735 30.33694252
v 21.96554840 13.89527414 30.33206984
v 21.74313739 13.79897352 30.35569005
v 21.48601227 13.59342784 30.38762137
v 21.58585191 13.68897967 30.37445061
v 21.62617445 13.72128259 30.36944009
v 21.45244740 13.55512999 30.39235063
v 21.28809690 13.28687649 30.42024001
v 21.34729549 13.40498682 30.40865064
v 21.37310058 13.44718691 30.40438890
v 21.26915008 13.23938556 30.42490035
v 21.20301500 12.91989069 30.45624495
v 21.21908776 13.05728499 30.44276685
v 21.22984454 13.10898736 30.43769300
v 21.20154351 12.86620088 30.46151437
v 21.25034295 12.54271064 30.49325198
v 21.21813968 12.67499011 30.48027493
v 21.21006511 12.72814441 30.47505766
v 21.26733772 12.49252539 30.49817495
v 21.41623944 12.21767068 30.52588180
v 21.34477533 12.32638024 30.51447682
v 21.32022567 12.37160061 30.51004000
v 21.44910023 12.17589527 30.53072281
v 21.69093490 11.96000073 30.56186251
v 21.58175968 12.04148028 30.54858930
v 21.54085040 12.07807381 30.54331802
v 21.73845842 11.93072833 30.56733683
v 22.04099111 11.81166898 30.59888259
v 21.91234380 11.84947789 30.58609553
v 21.86034061 11.86988410 30.58067709
v 22.09495939 11.80083491 30.60399927
v 22.40543254 11.79209352 30.63152358
v 22.27756567 11.78480685 30.62030114
v 22.22413942 11.78626344 30.61569110
v 22.46004902 11.79989614 30.63654713
v 22.76606672 11.90040354 30.66747822
v 22.64278941 11.84755657 30.65441363
v 22.58865163 11.82983443 30.64894304
v 22.81705849 11.92786824 30.67315929
v 23.07005227 12.12880760 30.70451319
v 22.97437750 12.03781739 30.69191985
v 22.92902581 12.00172398 30.68629652
v 23.10782671 12.17163354 30.70982359
v 23.26985635 12.43427396 30.73716536
v 23.21302705 12.32175622 30.72612546
v 23.18396047 12.27454655 30.72134033
v 23.29121530 12.48732582 30.74237145
v 23.35708961 12.80048583 30.77309579
v 23.34132604 12.66940497 30.76023422
v 23.32911640 12.61163969 30.75456806
v 23.35892804 12.86048163 30.77898175
v 23.31203967 13.17808591 30.81014194
v 23.34238775 13.05169985 30.79774231
v 23.35121483 12.99229171 30.79191409
v 23.29324000 13.23418505 30.81564792
v 23.14802818 13.50421924 30.84280714
v 23.21584336 13.40036280 30.83195165
v 23.24309200 13.34980410 30.82698956
v 23.11156690 13.55086733 30.84819391
v 22.87507989 13.76335882 30.87871335
v 22.97895215 13.68531585 30.86605854
v 23.02437462 13.64442427 30.86019307
v 22.82228693 13.79611157 30.88480607
v 22.52580784 13.91387172 30.91577254
v 22.64842391 13.87741417 30.90356663
v 22.70621620 13.85452412 30.89753352
v 22.46581577 13.92611209 30.92147037
v 22.16136083 13.93562462 30.94845265
v 22.28320204 13.94219231 30.93777597
v 22.34260365 13.94039206 30.93264066
v 22.10072428 13.92715517 30.95402010
v 21.80033550 13.82956561 30.98432906
v 21.91798016 13.87954876 30.97188100
v 21.97809890 13.89901899 30.96581809
v 21.74368687 13.79928924 30.99062666
v 21.49485610 13.60293571 31.02140315
v 21.58633433 13.68938573 31.00938909
v 21.63674310 13.72923888 31.00315109
v 21.45284228 13.55560217 31.02729470
v 21.29316330 13.29855435 31.05409443
v 21.34759352 13.40549998 31.04360029
v 21.37995698 13.45770806 31.03828989
v 21.26936428 13.23996298 31.05984256
v 21.20378986 12.93313410 31.08994663
v 21.21920139 13.05790432 31.07770532
v 21.23290114 13.12171947 31.07144311
v 21.20154537 12.86683697 31.09645098
v 21.24655433 12.55513448 31.12703376
v 21.21802792 12.67561130 31.11521341
v 21.20848373 12.74127979 31.10877052
v 21.26712538 12.49310374 31.13311902
v 21.40868083 12.22790685 31.15973622
v 21.34447917 12.32689433 31.14942461
v 21.31456137 12.38281559 31.14393912
v 21.44870721 12.17637025 31.16566688
v 21.67987078 11.96731534 31.19556233
v 21.58127911 12.04188820 31.18352965
v 21.53137326 12.08710391 31.17706813
v 21.73790894 11.93104777 31.20227344
v 22.02834003 11.81462687 31.23266250
v 21.91174962 11.84969302 31.22103587
v 21.84818499 11.87510882 31.21438809
v 22.09435217 11.80094015 31.23894334
v 22.39279263 11.79069187 31.26538172
v 22.27697335 11.78480871 31.25525266
v 22.21158892 11.78698987 31.24958836
v 22.45944180 11.79979369 31.27149120
v 22.75418676 11.89450268 31.30117804
v 22.64219522 11.84734516 31.28935024
v 22.57608809 11.82616781 31.28269687
v 22.81650715 11.92755252 31.30809590
v 23.06114510 12.11934444 31.33828938
v 22.97389321 12.03741133 31.32686019
v 22.91840501 11.99383009 31.32000566
v 23.10743183 12.17116136 31.34476766
v 23.26472849 12.42263988 31.37102351
v 23.21272902 12.32124306 31.36107698
v 23.17703329 12.26405054 31.35523945
v 23.29099923 12.48674840 31.37731180
v 23.35623279 12.78724987 31.40679747
v 23.34121242 12.66878564 31.39517456
v 23.32598530 12.59893551 31.38832003
v 23.35892618 12.85984553 31.41392022
v 23.31575751 13.16562854 31.44391999
v 23.34249765 13.05107865 31.43268079
v 23.35271426 12.97914237 31.42562509
v 23.29345234 13.23360670 31.45059198
v 23.15551601 13.49395141 31.47666901
v 23.21613953 13.39984871 31.46690130
v 23.24869856 13.33854068 31.46088496
v 23.11195992 13.55039235 31.48313984
v 22.88609929 13.75597622 31.51241317
v 22.97943272 13.68490700 31.50099888
v 23.03379029 13.63534294 31.49394691
v 22.82283641 13.79579213 31.51974455
v 22.53845148 13.91083468 31.54955059
v 22.64901809 13.87719903 31.53850511
v 22.71834388 13.84922117 31.53124079
v 22.46642299 13.92600592 31.55641258
v 22.17399329 13.93695176 31.58231452
v 22.28379436 13.94219045 31.57272562
v 22.35516533 13.93959019 31.56653419
v 22.10133150 13.92725669 31.58896416
v 21.81224898 13.83539196 31.61802888
v 21.91857249 13.87976017 31.60681948
v 21.99067548 13.90260551 31.59957379
v 21.74424008 13.79960496 31.62556514
v 21.50383033 13.61235231 31.65517747
v 21.58681862 13.68979178 31.64432943
v 21.64741606 13.73707037 31.63686022
v 21.45323716 13.55607528 31.66223690
v 21.29835263 13.31014279 31.68795630
v 21.34789154 13.40601314 31.67854995
v 21.38695493 13.46817799 31.67218342
v 21.26957849 13.24053947 31.69478476
v 21.20472677 12.94636168 31.72364831
v 21.21931501 13.05852458 31.71264380
v 21.23610862 13.13439477 31.70520067
v 21.20154724 12.86747213 31.73138946
v 21.24291100 12.56762538 31.76080808
v 21.21791989 12.67623156 31.75015375
v 21.20706625 12.75444217 31.74247593
v 21.26691304 12.49368303 31.76806122
v 21.40126377 12.23820634 31.79360181
v 21.34418488 12.32740935 31.78437799
v 21.30901255 12.39412744 31.77782893
v 21.44831605 12.17684429 31.80060908
v 21.66889980 11.97476313 31.82926401
v 21.58079855 12.04229705 31.81846812
v 21.52202092 12.09623553 31.81082755
v 21.73735946 11.93136722 31.83721006
v 22.01570198 11.81774307 31.86643496
v 21.91115730 11.84990909 31.85597435
v 21.83608525 11.88048627 31.84809536
v 22.09374495 11.80104725 31.87388554
v 22.38016762 11.78944297 31.89924732
v 22.27637917 11.78481057 31.89019859
v 22.19901606 11.78786624 31.88347444
v 22.45883644 11.79969218 31.90643340
v 22.74223976 11.88875083 31.93488345
v 22.64160104 11.84713375 31.92428872
v 22.56349847 11.82266045 31.91645443
v 22.81595580 11.92723680 31.94303438
v 23.05210568 12.10997440 31.97206184
v 22.97341079 12.03700621 31.96179867
v 22.90767990 11.98606193 31.95371479
v 23.10703509 12.17068825 31.97970986
v 23.25947769 12.41109706 32.00488910
v 23.21242914 12.32072990 31.99602664
v 23.16996455 12.25360762 31.98912367
v 23.29078503 12.48617191 32.01225773
v 23.35521579 12.77403161 32.04049915
v 23.34109880 12.66816538 32.03011304
v 23.32270332 12.58629002 32.02208132
v 23.35892245 12.85921037 32.04885870
v 23.31932820 13.15310504 32.07768872
v 23.34260754 13.05045746 32.06761926
v 23.35405350 12.96596695 32.05933049
v 23.29366282 13.23302742 32.08553419
v 23.16286415 13.48362211 32.11053833
v 23.21643382 13.39933369 32.10184723
v 23.25418964 13.32718041 32.09477291
v 23.11235107 13.54991831 32.11807832
v 22.89701998 13.74846417 32.14611858
v 22.97991142 13.68449908 32.13593736
v 23.04308116 13.62616196 32.12770820
v 22.82338589 13.79547268 32.15468302
v 22.55108021 13.90764024 32.18331933
v 22.64961042 13.87698296 32.17344359
v 22.73041382 13.84376828 32.16494620
v 22.46703021 13.92589975 32.19135851
v 22.18661085 13.93812522 32.21618384
v 22.28438668 13.94218858 32.20767528
v 22.36775123 13.93864024 32.20041841
v 22.10193872 13.92735913 32.22390637
v 21.82422765 13.84106930 32.25173429
v 21.91916667 13.87997158 32.24176168
v 22.00327441 13.90603464 32.23333508
v 21.74479142 13.79992068 32.26050362
v 21.51293121 13.62167578 32.28894621
v 21.58730105 13.69019691 32.27926791
v 21.65818959 13.74477521 32.27056563
v 21.45363390 13.55654746 32.29717910
v 21.30366303 13.32164090 32.32182935
v 21.34818956 13.40652630 32.31349960
v 21.39409445 13.47859297 32.30606392
v 21.26979455 13.24111596 32.32973069
v 21.20582573 12.95957062 32.35735372
v 21.21943049 13.05914484 32.34758228
v 21.23946324 13.14701047 32.33896196
v 21.20154910 12.86810730 32.36632422
v 21.23941109 12.58018054 32.39457682
v 21.21780999 12.67685276 32.38508850
v 21.20580897 12.76762970 32.37618133
v 21.26670256 12.49426231 32.40300342
v 21.39398456 12.24856451 32.42747486
v 21.34388871 12.32792437 32.41932765
v 21.30358294 12.40553334 32.41170943
v 21.44792490 12.17731927 32.43555501
v 21.65802568 11.98234223 32.46296942
v 21.58031985 12.04270590 32.45340660
v 21.51279338 12.10546494 32.44459257
v 21.73680998 11.93168759 32.47214854
v 22.00308256 11.82101667 32.50020370
v 21.91056497 11.85012516 32.49091282
v 21.82404511 11.88601553 32.48180076
v 22.09313773 11.80115342 32.50882775
v 22.36755937 11.78834401 32.53312409
v 22.27578498 11.78481337 32.52515197
v 22.18641900 11.78889163 32.51735866
v 22.45822921 11.79959066 32.54137933
v 22.73022942 11.88314799 32.56858885
v 22.64100686 11.84692234 32.55923092
v 22.55088836 11.81931049 32.55021572
v 22.81540446 11.92692108 32.57797286
v 23.04293960 12.10069750 32.60583058
v 22.97292836 12.03660108 32.59673715
v 22.89685607 11.97842136 32.58741647
v 23.10664020 12.17021607 32.61465579
v 23.25410582 12.39964552 32.63876587
v 23.21213111 12.32021768 32.63097256
v 23.16275425 12.24322058 32.62300044
v 23.29056896 12.48559542 32.64719993
v 23.35403487 12.76083291 32.67420456
v 23.34098332 12.66754512 32.66505525
v 23.31927605 12.57370412 32.65584633
v 23.35892059 12.85857428 32.68379718
v 23.32275547 13.14051822 32.71145746
v 23.34271558 13.04983627 32.70256147
v 23.35523255 12.95276824 32.69303590
v 23.29387330 13.23244814 32.72047639
v 23.17007259 13.47323414 32.74441510
v 23.21672812 13.39881774 32.73680061
v 23.25955965 13.31572887 32.72864968
v 23.11274223 13.54944333 32.75302425
v 22.90784381 13.74082174 32.77982399
v 22.98039198 13.68408930 32.77087584
v 23.05224352 13.61688413 32.76147321
v 22.82393537 13.79515231 32.78961778
v 22.56369032 13.90428748 32.81708434
v 22.65020087 13.87676690 32.80838579
v 22.74242230 13.83816358 32.79865161
v 22.46763743 13.92579265 32.82630071
v 22.19920605 13.93914875 32.85006434
v 22.28498273 13.94218579 32.84262493
v 22.38035761 13.93753942 32.83429518
v 22.10254595 13.92746065 32.85884857
v 21.83626778 13.84659670 32.88543969
v 21.91976085 13.88018299 32.87669644
v 22.01589383 13.90930545 32.86710382
v 21.74534276 13.80023640 32.89543837
v 21.52216062 13.63090426 32.92271122
v 21.58778533 13.69060203 32.91420639
v 21.66906558 13.75235058 32.90427104
v 21.45403065 13.55701964 32.93212503
v 21.30909637 13.33304495 32.95570984
v 21.34848945 13.40703852 32.94844925
v 21.40137367 13.48895114 32.93993697
v 21.27001062 13.24169245 32.96467289
v 21.20708674 12.97275722 32.99105912
v 21.21954411 13.05976417 32.98252076
v 21.24296501 13.15956470 32.97273070
v 21.20155282 12.86874339 33.00126269
v 21.20471187 12.78083865 33.00988674
v 21.21770009 12.67747488 33.02003071
v 21.23605832 12.59279717 33.02833810
v 21.26649208 12.49484159 33.03794935
v 21.29827254 12.41703238 33.04558247
v 21.34359442 12.32843939 33.05427730
v 21.38684690 12.25898042 33.06135908
v 21.44753374 12.17779424 33.07049721
v 21.50369249 12.11479027 33.07835758
v 21.57983929 12.04311475 33.08834508
v 21.64725214 11.99004799 33.09667483
v 21.73626237 11.93200797 33.10708702
v 21.81206830 11.89169474 33.11550617
v 21.90997265 11.85034122 33.12585503
v 21.99048363 11.82444766 33.13396499
v 22.09253050 11.80126052 33.14377367
v 22.17380144 11.79006789 33.15122426
v 22.27519266 11.78481523 33.16009790
v 22.35497534 11.78739592 33.16700831
v 22.45762199 11.79948915 33.17631781
v 22.53825963 11.81611791 33.18398818
v 22.64041267 11.84671186 33.19416940
v 22.71815948 11.87769696 33.20229426
v 22.81485312 11.92660630 33.21291134
v 22.88593166 11.97091024 33.22112188
v 22.97244407 12.03619596 33.23167562
v 23.03364873 12.09151838 33.23958814
v 23.10624346 12.16974389 33.24959427
v 23.15540425 12.23289222 33.25686976
v 23.21183123 12.31970452 33.26592222
v 23.24861474 12.38828804 33.27265382
v 23.29035290 12.48501893 33.28214586
v 23.31570163 12.56118156 33.28961506
v 23.34086969 12.66692579 33.29999000
v 23.35269377 12.74765842 33.30790997
v 23.35891686 12.85793912 33.31873193
v 23.35624769 12.93954905 33.32674131
v 23.34282547 13.04921508 33.33749622
v 23.32603373 13.12787179 33.34521502
v 23.29408377 13.23186886 33.35541859
v 23.26480858 13.30418419 33.36251527
v 23.21702428 13.39830272 33.37175027
v 23.17713946 13.46279122 33.37830305
v 23.11313339 13.54896836 33.38797018
v 23.06128107 13.60751223 33.39524567
v 22.98087068 13.68368044 33.40581432
v 22.91856706 13.73305079 33.41353312
v 22.82448299 13.79483193 33.42455626
v 22.75436744 13.83240893 33.43235701
v 22.65079506 13.87655083 33.44332054
v 22.57627808 13.90077733 33.45084563
v 22.46824466 13.92568555 33.46124291
v 22.39298448 13.93628772 33.46815705
v 22.28557505 13.94218300 33.47757459
v 22.21178077 13.94002140 33.48395228
v 22.10315317 13.92756123 33.49379450
v 22.02853188 13.91241886 33.50087628
v 21.92035504 13.88039254 33.51163864
v 21.84836753 13.85197137 33.51914883
v 21.74589410 13.80055118 33.53038058
v 21.68003656 13.75979651 33.53797644
v 21.58826776 13.69100623 33.54914486
v 21.53151669 13.64003401 33.55646878
v 21.45442553 13.55749182 33.56706724
v 21.40879445 13.49924877 33.57380256
v 21.34878933 13.40755168 33.58339891
v 21.31464519 13.34435493 33.58959779
v 21.27022669 13.24226893 33.59961882
v 21.24661021 13.17205466 33.60650688
v 21.21965960 13.06038443 33.61746296
v 21.20850794 12.98591960 33.62476826
v 21.20155469 12.86937855 33.63620117
v 21.20377682 12.79406715 33.64358842
v 21.21759206 12.67809607 33.65496919
v 21.23285457 12.60547340 33.66209567
v 21.26628160 12.49542087 33.67289156
v 21.29308507 12.42862269 33.67944434
v 21.34330012 12.32895534 33.68922323
v 21.37985080 12.26945128 33.69525075
v 21.44714072 12.17826921 33.70543942
v 21.49472013 12.12420780 33.71213377
v 21.57936059 12.04352453 33.72328728
v 21.63658291 11.99788135 33.73038396
v 21.73571289 11.93232834 33.74202177
v 21.80015668 11.89752389 33.74920785
v 21.90938033 11.85055822 33.76079351
v 21.97790891 11.82803698 33.76771882
v 22.09192328 11.80136856 33.77871588
v 22.16116898 11.79139502 33.78508613
v 22.27459848 11.78481895 33.79504755
v 22.34241366 11.78659778 33.80089998
v 22.45701477 11.79938763 33.81126374
v 22.52561599 11.81308366 33.81776437
v 22.63981849 11.84650231 33.82910788
v 22.70603180 11.87239774 33.83600339
v 22.81429991 11.92629151 33.84784609
v 22.87491225 11.96353044 33.85482356
v 22.97195978 12.03579083 33.86661410
v 23.02423120 12.08243892 33.87334570
v 23.10584672 12.16927264 33.88454020
v 23.14791456 12.22262532 33.89073163
v 23.21153320 12.31919229 33.90087560
v 23.24300632 12.37702556 33.90654922
v 23.29013683 12.48444337 33.91708806
v 23.31198193 12.54872512 33.92339498
v 23.34075421 12.66630646 33.93493220
v 23.35119247 12.73450907 33.94162282
v 23.35891314 12.85730302 33.95367041
v 23.35710078 12.92631309 33.96044299
v 23.34293351 13.04859389 33.97243842
v 23.32916297 13.11516669 33.97896886
v 23.29429425 13.23128957 33.99036452
v 23.26993458 13.29254918 33.99637341
v 23.21731858 13.39778677 34.00669992
v 23.18406478 13.45229428 34.01219845
v 23.11352454 13.54849245 34.02291238
v 23.07018824 13.59804813 34.02902558
v 22.98134938 13.68327066 34.04075652
v 22.92918600 13.72515503 34.04724225
v 22.82503247 13.79451156 34.05949473
v 22.76624553 13.82650528 34.06605870
v 22.65138738 13.87633383 34.07826275
v 22.58884162 13.89710885 34.08459574
v 22.46885188 13.92557751 34.09618884
v 22.40562625 13.93488329 34.10201520
v 22.28616923 13.94218020 34.11252052
v 22.22432941 13.94074690 34.11785141
v 22.10376039 13.92766275 34.12873298
v 22.04118297 13.91537394 34.13465619
v 21.92094922 13.88060302 34.14657712
v 21.86052501 13.85719422 34.15285796
v 21.74644731 13.80086597 34.16531906
v 21.69110440 13.76710925 34.17167440
v 21.58875205 13.69141135 34.18408707
v 21.54099569 13.64906318 34.19021890
v 21.45482227 13.55796400 34.20200944
v 21.41635492 13.50948401 34.20765698
v 21.34908922 13.40806484 34.21834856
v 21.32031135 13.35556898 34.22350064
v 21.27044275 13.24284449 34.23455730
v 21.25040069 13.18447758 34.24028680
v 21.21977508 13.06100376 34.25239772
v 21.21009119 12.99905498 34.25848112
v 21.20155841 12.87001465 34.27113965
v 21.20300382 12.80731056 34.27729011
v 21.21748403 12.67871726 34.28990766
v 21.22979984 12.61820644 34.29584578
v 21.26607113 12.49600016 34.30783376
v 21.28802240 12.44030148 34.31330249
v 21.34300582 12.32947130 34.32417288
v 21.37299627 12.27997337 34.32914987
v 21.44675143 12.17874512 34.34038535
v 21.48587815 12.13371661 34.34591740
v 21.57888189 12.04393245 34.35822204
v 21.62601613 12.00583950 34.36409682
v 21.73516527 11.93264965 34.37696025
v 21.78831212 11.90350205 34.38290954
v 21.90878801 11.85077522 34.39572826
v 21.96535841 11.83178369 34.40146893
v 22.09131606 11.80147566 34.41365808
v 22.14851975 11.79287583 34.41894054
v 22.27400430 11.78482175 34.42999721
v 22.32987806 11.78594679 34.43480283
v 22.45640755 11.79928705 34.44620967
v 22.51295745 11.81020681 34.45154801
v 22.63922431 11.84629183 34.46404636
v 22.69384637 11.86725125 34.46971625
v 22.81374857 11.92597672 34.48278457
v 22.86379784 11.95628382 34.48852524
v 22.97147550 12.03538664 34.50155258
v 23.01469073 12.07346097 34.50709581
v 23.10544997 12.16880046 34.51948240
v 23.14028516 12.21242268 34.52458233
v 23.21123332 12.31867913 34.53582525
v 23.23728427 12.36586086 34.54045579
v 23.28992076 12.48386689 34.55203399
v 23.30812067 12.53633667 34.55717862
v 23.34063873 12.66568620 34.56987068
v 23.34952913 12.72138953 34.57533568
v 23.35890941 12.85666786 34.58860889
v 23.35779183 12.91306317 34.59414467
v 23.34304154 13.04797176 34.60737690
v 23.33214320 13.10240664 34.61271524
v 23.29450473 13.23071029 34.62530673
v 23.27493392 13.28082569 34.63022411
v 23.21761101 13.39727081 34.64164585
v 23.19084853 13.44174705 34.64610502
v 23.11391570 13.54801748 34.65785459
v 23.07896316 13.58849555 34.66281295
v 22.98182808 13.68286088 34.67569500
v 22.93969877 13.71713541 34.68095511
v 22.82558009 13.79419025 34.69442949
v 22.77805470 13.82045448 34.69975665
v 22.65197970 13.87611590 34.71320122
v 22.60137722 13.89328297 34.71834213
v 22.46945910 13.92547041 34.73112732
v 22.41828106 13.93332705 34.73586217
v 22.28676341 13.94217648 34.74747017
v 22.23685011 13.94132338 34.75175798
v 22.10436761 13.92776333 34.76367891
v 22.05384709 13.91817257 34.76844355
v 21.92154340 13.88081256 34.78151560
v 21.87273651 13.86226434 34.78657454
v 21.74699865 13.80118076 34.80025381
v 21.70226537 13.77428789 34.80537236
v 21.58923633 13.69181555 34.81902182
v 21.55059576 13.65798898 34.82396528
v 21.45522088 13.55843525 34.83695164
v 21.42405324 13.51965405 34.84150395
v 21.34938911 13.40857707 34.85329822
v 21.32609114 13.36668432 34.85741094
v 21.27065882 13.24342098 34.86950323
v 21.25433274 13.19683157 34.87407416
v 22.74012752 11.70058548 34.84497592
v 22.52975479 11.63809747 34.82691199
v 22.31779136 11.61351614 34.81033817
v 22.10729569 11.62496768 34.79437530
v 21.89520188 11.67370193 34.77676958
v 21.69116959 11.76038105 34.75814685
v 21.50513418 11.88212913 34.73936021
v 21.34547941 12.03277707 34.72128510
v 21.21780813 12.20386475 34.70468894
v 21.12212591 12.39163987 34.68874469
v 21.05787396 12.59948872 34.67115387
v 21.03046328 12.81943917 34.65253860
v 21.04241401 13.04146275 34.63374823
v 21.09261788 13.25520966 34.61565822
v 21.17658593 13.45157251 34.59903970
v 21.29097469 13.62850517 34.58311036
v 21.43847384 13.78832851 34.56553817
v 21.61494642 13.92239612 34.54692662
v 21.81299776 14.02348187 34.52813625
v 22.02312835 14.08733241 34.51003134
v 22.23520353 14.11323715 34.49339420
v 22.44559117 14.10306804 34.47747603
v 22.65778370 14.05569445 34.45991874
v 22.86227979 13.97034060 34.44131836
v 23.04911427 13.84975389 34.42252427
v 23.20982516 13.70000094 34.40440819
v 23.33869599 13.52948230 34.38774869
v 23.43543619 13.34243733 34.37184170
v 23.50091375 13.13518826 34.35430303
v 23.52970280 12.91550230 34.33571011
v 23.51915650 12.69337162 34.31691229
v 23.47025834 12.47916184 34.29878131
v 23.38738739 12.28204742 34.28209946
v 23.27415720 12.10455876 34.26620737
v 23.12779054 11.94397733 34.24868360
v 22.95223996 11.80885173 34.23010185
v 22.75480330 11.70649659 34.21130031
v 22.54492790 11.64128538 34.19315815
v 22.33275399 11.61405537 34.17645767
v 22.12246135 11.62294485 34.16057304
v 21.91018313 11.66895777 34.14306790
v 21.70523629 11.75298356 34.12449360
v 21.51761390 11.87240053 34.10568461
v 21.35585435 12.02124823 34.08753127
v 21.22578584 12.19118573 34.07080844
v 21.12798207 12.37751171 34.05493870
v 21.06128633 12.58415263 34.03744847
v 21.03112452 12.80356012 34.01888162
v 21.04026265 13.02578393 34.00007635
v 21.08784951 13.24044541 33.98191184
v 21.16961777 13.43830302 33.96516293
v 21.28169686 13.61635514 33.94930437
v 21.42692544 13.77768349 33.93183276
v 21.60154469 13.91385682 33.91327336
v 21.79835364 14.01747577 33.89446437
v 22.00796083 14.08404764 33.87628496
v 22.22022042 14.11260758 33.85952115
v 22.43043296 14.10499588 33.84367004
v 22.64278382 14.06034082 33.82621333
v 22.84817025 13.97764683 33.80766138
v 23.03656749 13.85940798 33.78885239
v 23.19936827 13.71147670 33.77066180
v 23.33063073 13.54213245 33.75387564
v 23.42949994 13.35651148 33.73803198
v 23.49740826 13.15048989 33.72059762
v 23.52894098 12.93137390 33.70205313
v 23.52121100 12.70907000 33.68324041
v 23.47493917 12.49396894 33.66503492
v 23.39428663 12.29537744 33.64823014
v 23.28334935 12.11675070 33.63239765
v 23.13926443 11.95468754 33.61497819
v 22.96558581 11.81747578 33.59644488
v 22.76941389 11.71259861 33.57762843
v 22.56008983 11.64466795 33.55941549
v 22.34775573 11.61477622 33.54258463
v 22.13761210 11.62111107 33.52675959
v 21.92519978 11.66440826 33.50936249
v 21.71939239 11.74576767 33.49083290
v 21.53022587 11.86282188 33.47201645
v 21.36639133 12.00982649 33.45378861
v 21.23393863 12.17856538 33.43694285
v 21.13399655 12.36349158 33.42112526
v 21.06488682 12.56888360 33.40374306
v 21.03198692 12.78769597 33.38522464
v 21.03830688 13.01006600 33.36640447
v 21.08325623 13.22559454 33.34816918
v 21.16278931 13.42491154 33.33129734
v 21.27259038 13.60412315 33.31548721
v 21.41552791 13.76690995 33.29812363
v 21.58825658 13.90514988 33.27961266
v 21.78377658 14.01127968 33.26079622
v 21.99280448 14.08056822 33.24254230
v 22.20520377 14.11179546 33.22565556
v 22.41528966 14.10673372 33.20984915
v 22.62775041 14.06479254 33.19250420
v 22.83396944 13.98477145 33.17400441
v 23.02389033 13.86890933 33.15518051
v 23.18875119 13.72284256 33.13691914
v 23.32238853 13.55472114 33.12001005
v 23.42340909 13.37047759 33.10421482
v 23.49371463 13.16572446 33.08688849
v 23.52797799 12.94722967 33.06839243
v 23.52306806 12.72480562 33.04957226
v 23.47944491 12.50886172 33.03129598
v 23.40104431 12.30882946 33.01436827
v 23.29236828 12.12902274 32.99857676
v 23.15058559 11.96552347 32.98126534
v 22.97881618 11.82626560 32.96278790
v 22.78395928 11.71888970 32.94396028
v 22.57523686 11.64824516 32.92567283
v 22.36278914 11.61567960 32.90872648
v 22.15274610 11.61946729 32.89293870
v 21.94024995 11.66005433 32.87564963
v 21.73363417 11.73873525 32.85717592
v 21.54296823 11.85339782 32.83834830
v 21.37708850 11.99851651 32.82005340
v 21.24226838 12.16600835 32.80308098
v 21.14016563 12.34958135 32.78730437
v 21.06867172 12.55368441 32.77003020
v 21.03305049 12.77184952 32.75156394
v 21.03654854 12.99431361 32.73274004
v 21.07883990 13.21066078 32.71442652
v 21.15610242 13.41140084 32.69744292
v 21.26365714 13.59181292 32.68166259
v 21.40428312 13.75601161 32.66441077
v 21.57508396 13.89627904 32.64595568
v 21.76926658 14.00489453 32.62712806
v 21.97766677 14.07689322 32.60880709
v 22.19015360 14.11079988 32.59180114
v 22.40016498 14.10828438 32.57602826
v 22.61268348 14.06904962 32.55878761
v 22.81968668 13.99171259 32.54034370
v 23.01108465 13.87825608 32.52151981
v 23.17797206 13.73409666 32.50318393
v 23.31397310 13.56724463 32.48615563
v 23.41716364 13.38433195 32.47038648
v 23.48983660 13.18088826 32.45317191
v 23.52681383 12.96306588 32.43473545
v 23.52472767 12.74057478 32.41590410
v 23.48377183 12.52383646 32.39756450
v 23.40765670 12.32239883 32.38051757
v 22.99192734 11.83521748 32.32912347
v 22.79843204 11.72536891 32.31029585
v 22.59036526 11.65201794 32.29194134
v 22.37785235 11.61676738 32.27487579
v 21.38794772 11.98732015 32.18632191
v 21.25077136 12.15351839 32.16923401
v 23.16175401 11.97648421 32.34754875
v 23.30121584 12.14137115 32.36474842
v 23.10664020 12.17021607 32.45590255
v 21.95533179 11.65589597 32.24192932
v 22.16786146 11.61801070 32.25911036
v 22.09313773 11.80115342 32.35007823
v 21.55583724 11.84412930 32.20468387
v 21.74795605 11.73188630 32.22351521
v 21.73680998 11.93168759 32.31339902
v 23.52016419 13.02612945 29.90007214
v 23.47251773 13.24077137 29.91823852
v 23.29302765 13.23476341 30.02195433
v 23.49926159 12.58448977 29.86269817
v 23.52936380 12.80390937 29.88126501
v 23.35892990 12.86111679 29.98529375
v 23.33486266 12.19146419 29.82933447
v 23.43261987 12.37782184 29.84520793
v 23.29142950 12.48790231 29.94867787
v 23.04313332 11.87261287 29.79446016
v 23.20484817 12.02150062 29.81261536
v 23.10822159 12.17210665 29.91613001
v 22.65061811 11.66906022 29.75708060
v 22.85554633 11.75314467 29.77565676
v 22.81760983 11.92818489 29.87947315
v 22.22804725 11.61404140 29.72368896
v 22.43834361 11.62298676 29.73957174
v 22.46065624 11.79999951 29.84285355
v 21.80599049 11.70636434 29.68884818
v 22.01587707 11.64121274 29.70698848
v 22.09556475 11.80072874 29.81030568
v 21.43293433 11.94374356 29.65146303
v 21.60852775 11.80866454 29.67004851
v 21.73900791 11.93040889 29.77364883
v 21.17323875 12.28175499 29.61804159
v 21.28651924 12.10429147 29.63393740
v 21.44949324 12.17542030 29.73702922
v 21.04136162 12.69302610 29.58323620
v 21.09031752 12.47883588 29.60136347
v 21.26754820 12.49194704 29.70448323
v 21.05948143 13.13485019 29.54584546
v 21.03075385 12.91515213 29.56443839
v 21.20154165 12.86556572 29.66782637
v 21.22159675 13.52920290 29.51239608
v 21.12490498 13.34212627 29.52830307
v 21.26893587 13.23880907 29.63120677
v 21.51108347 13.84953968 29.47762422
v 21.35041729 13.69974669 29.49573845
v 21.45205252 13.55465688 29.59865704
v 21.90235816 14.05558921 29.44022790
v 21.69788256 13.97017762 29.45882827
v 21.74258605 13.79865687 29.56200205
v 22.32493833 14.11324926 29.40675057
v 22.11454511 14.10302334 29.42267060
v 22.09951170 13.92694935 29.52538058
v 22.74714969 14.02361318 29.37201224
v 22.53700793 14.08740319 29.39011343
v 22.46460132 13.92632350 29.49283458
v 23.12174067 13.78856041 29.33461219
v 22.94522710 13.92258238 29.35322002
v 22.82118797 13.79675046 29.45618145
v 23.38372916 13.45186308 29.30110134
v 23.26929010 13.62877246 29.31703627
v 23.11078086 13.55181541 29.41955812
v 23.51800725 13.04180734 29.26640026
v 23.46774563 13.25553376 29.28448655
v 23.29281531 13.23534176 29.38701026
v 23.50267023 12.59982586 29.22899462
v 23.53001945 12.81978935 29.24760990
v 23.35892990 12.86175195 29.35035713
v 23.34283665 12.20414508 29.19545583
v 23.43847230 12.39195187 29.21140380
v 23.29164371 12.48847973 29.31373380
v 23.05560932 11.88234519 29.16078828
v 23.21521938 12.03303225 29.17886153
v 23.10861647 12.17257977 29.28118780
v 22.66559750 11.67380810 29.12337892
v 22.86961116 11.76054589 29.14200164
v 22.81816117 11.92850154 29.24453281
v 22.24300988 11.61350589 29.08980660
v 22.45350927 11.62501425 29.10576947
v 22.46126346 11.80010289 29.20791134
v 21.82066813 11.70045789 29.05517444
v 22.03105018 11.63802948 29.07323465
v 22.09617198 11.80062350 29.17536348
v 21.44456096 11.93316653 29.01776321
v 21.62198722 11.80021279 29.03639153
v 21.73955739 11.93009038 29.13871035
v 21.18027955 12.26854976 28.98415923
v 21.29588649 12.09218521 29.00013700
v 21.44988626 12.17494719 29.10208702
v 21.04361728 12.67736964 28.94956246
v 21.09517716 12.46411912 28.96760963
v 21.26776241 12.49136869 29.06953916
v 21.05616778 13.11948244 28.91214564
v 21.03019878 12.89926749 28.93078141
v 21.20153978 12.86492962 29.03288789
v 21.21371217 13.51649314 28.87851186
v 21.11913078 13.32794316 28.89450453
v 21.26872167 13.23823165 28.99626270
v 21.49867453 13.83973379 28.84394862
v 21.34012803 13.68816290 28.86198275
v 21.45165764 13.55418377 28.96371484
v 21.88739926 14.05074447 28.80652994
v 21.68386243 13.96268513 28.82517502
v 21.74203470 13.79833929 28.92706543
v 22.30999619 14.11369350 28.77286263
v 22.09937386 14.10089992 28.78887206
v 22.09890448 13.92684598 28.89043838
v 22.73244224 14.02942464 28.73833664
v 22.52183110 14.09048960 28.75635587
v 22.46399596 13.92642874 28.85789052
v 23.11004139 13.79907131 28.70091423
v 22.93171175 13.93095031 28.71956490
v 22.82063849 13.79706897 28.82124111
v 23.37662131 13.46500590 28.66721526
v 23.25983718 13.64083495 28.68323959
v 23.11038785 13.55228946 28.78461406
v 23.51565287 13.05744238 28.63272280
v 23.46280031 13.27020582 28.65072899
v 23.29260297 13.23592011 28.75206806
v 23.50589074 12.61522435 28.59529853
v 23.53047393 12.83567864 28.61395478
v 23.35893176 12.86238804 28.71542051
v 23.35063554 12.21688185 28.56156603
v 23.44416641 12.40618620 28.57760899
v 23.29185791 12.48905715 28.67879160
v 23.06795120 11.89222466 28.52710895
v 23.22542481 12.04466820 28.54510024
v 23.10901135 12.17305288 28.64624374
v 22.68053591 11.67875156 28.48968282
v 22.88358286 11.76812686 28.50834653
v 22.81871252 11.92881912 28.60959619
v 22.25793153 11.61315106 28.45591493
v 22.46868424 11.62723266 28.47197466
v 22.46187069 11.80020627 28.57296728
v 21.83540352 11.69474144 28.42149697
v 22.04623260 11.63504086 28.43947336
v 22.09677920 11.80051826 28.54041941
v 21.45633660 11.92272361 28.38406712
v 21.63555846 11.79193053 28.40273641
v 21.74010873 11.92977186 28.50377187
v 21.18745446 12.25546934 28.35026756
v 21.30542323 12.08016649 28.36634405
v 21.45027928 12.17447314 28.46714295
v 21.04606852 12.66175788 28.31588313
v 21.10020630 12.44949177 28.33384648
v 21.26797475 12.49079034 28.43459509
v 21.05304226 13.10405415 28.27845141
v 21.02984488 12.88337354 28.29712816
v 21.20153978 12.86429446 28.39795128
v 21.20600268 13.50372937 28.24461833
v 21.11351863 13.31365760 28.26071344
v 21.26850747 13.23765423 28.36131863
v 21.48639970 13.82978074 28.21026929
v 21.33000456 13.67647573 28.22821960
v 21.45126276 13.55371065 28.32877077
v 21.87247947 14.04570416 28.17283571
v 21.66993730 13.95501569 28.19151804
v 21.74148336 13.79802264 28.29212695
v 22.29509316 14.11395986 28.13896723
v 22.08419517 14.09858651 28.15508284
v 22.09829725 13.92674167 28.25549431
v 22.71767706 14.03504424 28.10465544
v 22.50664681 14.09338135 28.12259085
v 22.46338874 13.92653398 28.22294831
v 23.09819311 13.80944718 28.06722000
v 22.91808836 13.93914595 28.08590978
v 22.82008901 13.79738655 28.18630449
v 23.36937748 13.47802300 28.03331800
v 23.25021662 13.65280896 28.04945223
v 23.10999483 13.55276350 28.14967185
v 23.51310477 13.07303086 27.99904160
v 23.45768549 13.28478660 28.01696397
v 23.29239063 13.23649846 28.11712399
v 23.50891940 12.63068058 27.96160616
v 23.53072725 12.85157539 27.98030153
v 23.35893176 12.86302321 28.08048204
v 23.35825749 12.22967170 27.92766504
v 23.44970033 12.42052298 27.94382162
v 23.29207025 12.48963457 28.04384753
v 23.08015339 11.90224942 27.89342962
v 23.23546633 12.05640472 27.91133523
v 23.10940437 12.17352599 28.01130153
v 22.69542962 11.68388780 27.85599045
v 22.89745957 11.77588571 27.87469141
v 22.81926200 11.92913670 27.97465958
v 22.27281220 11.61297411 27.82201394
v 22.48386852 11.62964292 27.83818915
v 22.46247791 11.80030964 27.93802507
v 21.85019664 11.68921869 27.78781578
v 22.06141688 11.63224503 27.80570649
v 22.09738642 11.80041395 27.90547535
v 21.46825567 11.91241760 27.75037661
v 21.64923213 11.78382151 27.76908316
v 21.74065821 11.92945428 27.86883526
v 21.02969401 12.86747493 27.66347304
v 21.04871348 12.64619362 27.68220007
v 21.21858299 12.67250720 27.78176777
v 21.10806853 13.29927146 27.62692980
v 21.05010860 13.08856905 27.64476277
v 21.21863887 13.05480301 27.74425969
v 21.47426829 13.81968427 27.57658623
v 21.32004499 13.66469078 27.59444900
v 21.45086974 13.55323661 27.69382857
v 21.85761184 14.04047105 27.53914893
v 21.65610902 13.94716837 27.55786292
v 21.74093388 13.79770506 27.65719034
v 23.30882102 13.36807106 35.07346660
v 23.34575169 13.21726665 35.07346660
v 23.41821790 13.19635659 35.03348306
v 23.36037718 13.05146609 35.07346660
v 23.49566109 13.01547978 34.99425575
v 23.35589379 12.94440217 35.07346660
v 23.52844737 12.89955061 34.97041389
v 23.11616763 11.93339843 34.88238528
v 23.26479368 12.09245063 34.90000963
v 23.46312813 12.13978231 34.83242169
v 23.38034846 12.26883940 34.91598368
v 23.53040874 12.35192176 34.86835212
v 23.46540429 12.46444229 34.93253887
v 23.55806902 12.55177241 34.90383923
v 23.51690643 12.67771423 34.95058790
v 23.55347201 12.74914108 34.94078293
v 23.54381420 12.82151788 34.95486826
v 22.09769003 13.92663829 27.62055211
v 22.28023484 13.94219603 27.60427818
v 22.28023484 14.11404833 27.50506066
v 21.91501111 13.87848612 27.63843536
v 22.06901088 14.09608033 27.52130106
v 21.58392407 13.68735451 27.67594345
v 21.34610713 13.40293325 27.71010436
v 21.19846828 13.49091437 27.61071175
v 21.26829326 13.23707588 27.72637643
v 21.20153978 12.86365930 27.76301280
v 21.26818709 12.49021199 27.79965289
v 21.10540681 12.43495941 27.70007774
v 21.34595811 12.32432295 27.81592682
v 21.19476348 12.24251557 27.71636471
v 21.45067230 12.17400003 27.83219889
v 21.31512947 12.06823811 27.73256041
v 21.58368379 12.03984953 27.85008214
v 21.91471495 11.84862014 27.88759023
v 22.27993682 11.78480405 27.92175300
v 22.64516242 11.84840687 27.95590647
v 22.97630720 12.03944348 27.99341455
v 23.21421541 12.32380979 28.02757919
v 23.34177680 12.67188601 28.06172892
v 23.34194444 13.05418275 28.09923701
v 23.21466058 13.40242010 28.13340351
v 22.97702804 13.68694659 28.16755138
v 22.64605276 13.87827285 28.20505947
v 22.28082903 13.94219603 28.23922783
v 21.91560529 13.87869939 28.27337384
v 21.58440650 13.68776057 28.31088193
v 21.34640329 13.40344734 28.34505215
v 21.21875063 13.05542327 28.37919816
v 21.21847123 12.67312746 28.41670625
v 21.34566195 12.32483704 28.45087834
v 21.58320136 12.04025652 28.48502249
v 21.91412263 11.84883434 28.52252871
v 22.27934636 11.78480405 28.55670266
v 22.64457010 11.84819359 28.59084494
v 22.97582477 12.03903556 28.62835303
v 23.21391925 12.32329570 28.66252698
v 23.34166504 12.67126575 28.69666927
v 23.34205620 13.05356249 28.73417735
v 23.21495675 13.40190601 28.76835316
v 22.97751047 13.68653961 28.80248986
v 22.64664508 13.87805864 28.83999795
v 22.28142135 13.94219510 28.87417749
v 21.91619761 13.87891266 28.90831418
v 21.58488706 13.68816756 28.94582227
v 21.34670131 13.40396050 28.98000181
v 21.21886238 13.05604447 29.01413664
v 21.21835947 12.67374773 29.05164473
v 21.34536579 12.32535113 29.08582613
v 21.58272080 12.04066444 29.11996096
v 21.91352844 11.84904855 29.15746905
v 22.27875218 11.78480498 29.19165231
v 22.64397591 11.84798125 29.22578342
v 22.97534235 12.03862950 29.26329151
v 23.21362123 12.32278254 29.29747850
v 23.34155142 12.67064549 29.33160588
v 23.34216610 13.05294130 29.36911583
v 23.21525291 13.40139192 29.40330096
v 22.97799103 13.68613169 29.43743020
v 22.64723927 13.87784444 29.47493829
v 22.28201553 13.94219510 29.50912714
v 21.91679180 13.87912501 29.54325266
v 21.58536948 13.68857361 29.58076075
v 21.34699747 13.40447366 29.61495146
v 21.21897414 13.05666473 29.64907698
v 21.21824957 12.67436892 29.68658507
v 21.34506963 12.32586522 29.72077765
v 21.58224024 12.04107143 29.75489944
v 21.91293612 11.84926275 29.79240753
v 22.27815986 11.78480592 29.82660383
v 22.64338173 11.84776891 29.86072376
v 22.97485992 12.03822345 29.89823185
v 23.21332507 12.32226938 29.93242629
v 23.34143966 12.67002523 29.96654622
v 23.34227785 13.05232011 30.00405245
v 21.44792490 12.17731927 32.27680176
v 21.34388871 12.32792437 32.26057440
v 21.91056497 11.85012516 32.33216330
v 22.27578498 11.78481337 32.36639872
v 23.21213111 12.32021768 32.47222677
v 23.35890569 12.85603270 35.06479785
v 23.34052324 12.66506687 35.04605964
v 23.28970470 12.48329133 35.02822667
v 23.21093343 12.31816690 35.01202539
v 23.10505323 12.16832921 34.99567509
v 22.97099121 12.03498244 34.97774526
v 22.93878049 11.80039719 34.86375883
v 23.39070104 13.43859639 29.93497998
v 23.27857167 13.61662429 29.95084226
v 23.13329279 13.77792004 29.96831574
v 22.95863256 13.91404681 29.98687513
v 22.76179567 14.01761081 30.00568412
v 22.55217731 14.08412214 30.02386354
v 22.33991958 14.11262341 30.04062548
v 22.12970518 14.10495490 30.05647659
v 21.91735618 14.06024117 30.07393330
v 21.71199210 13.97748850 30.09248525
v 21.52362652 13.85919657 30.11129610
v 21.36087045 13.71122524 30.12948669
v 21.22966200 13.54185399 30.14626913
v 21.13083750 13.35620228 30.16211279
v 21.06298506 13.15015368 30.17955087
v 21.03151195 12.93102466 30.19809537
v 21.03930339 12.70872448 30.21690808
v 21.08563296 12.49364205 30.23511171
v 21.16633579 12.29508314 30.25191464
v 21.27732337 12.11648155 30.26774712
v 21.42145857 11.95445005 30.28516844
v 21.59517817 11.81728393 30.30370548
v 21.79137804 11.71246171 30.32252006
v 22.00071514 11.64459158 30.34073487
v 22.21304737 11.61475852 30.35755828
v 22.42319286 11.62115019 30.37338518
v 22.63560146 11.66450698 30.39078787
v 22.84139208 11.74592506 30.40931560
v 23.03052507 11.86303142 30.42813018
v 23.19431491 12.01007701 30.44635803
v 23.32671359 12.17884291 30.46320379
v 23.42660725 12.36379985 30.47901951
v 23.49566482 12.56921981 30.49640544
v 23.52850512 12.78804522 30.51492386
v 23.52212369 13.01041245 30.53374216
v 23.47711474 13.22592329 30.55198118
v 23.39753322 13.42520770 30.56884557
v 23.28768186 13.60439323 30.58465570
v 23.14469405 13.76714930 30.60202487
v 22.97192439 13.90534360 30.62053211
v 22.77637459 14.01141845 30.63935414
v 22.56733179 14.08064645 30.65760434
v 22.35493623 14.11181502 30.67448922
v 22.14484848 14.10669740 30.69029376
v 21.93238959 14.06469662 30.70764244
v 21.72618918 13.98461685 30.72614223
v 21.53629996 13.86870164 30.74496426
v 21.37148194 13.72259390 30.76322749
v 21.23789862 13.55444454 30.78013472
v 21.13692649 13.37017026 30.79592995
v 21.06667310 13.16539012 30.81326187
v 21.03247121 12.94688135 30.83175234
v 21.03744075 12.72445824 30.85057624
v 21.08112350 12.50853296 30.86885065
v 21.15957439 12.30853144 30.88577650
v 21.26829885 12.12875079 30.90156801
v 21.41013369 11.96528319 30.91888130
v 21.58194594 11.82607003 30.93736246
v 21.77683264 11.71874907 30.95618822
v 21.98556624 11.64816413 30.97447194
v 22.19801396 11.61565818 30.99141829
v 22.40805700 11.61950175 31.00720420
v 22.62055129 11.66014839 31.02449887
v 22.82715216 11.73888799 31.04297258
v 23.01778458 11.85360365 31.06179833
v 23.18361960 11.99876424 31.08009510
v 23.31838757 12.16628496 31.09706193
v 23.42044190 12.34988682 31.11284226
v 23.49188365 12.55401876 31.13011830
v 23.52744713 12.77219784 31.14858270
v 23.52388576 12.99466100 31.16741031
v 23.48153479 13.21099047 31.18571825
v 23.40422384 13.41169979 31.20270371
v 23.29661883 13.59208487 31.21848032
v 23.15594256 13.75625283 31.23573773
v 22.98509888 13.89647555 31.25419095
v 22.79088646 14.00503702 31.27301857
v 22.58247137 14.07697611 31.29133955
v 22.36998454 14.11082409 31.30834550
v 22.15997316 14.10825178 31.32411838
v 21.94745466 14.06895742 31.34135902
v 21.74046822 13.99156172 31.35980293
v 21.54910378 13.87805212 31.37863055
v 21.38225920 13.73384986 31.39696270
v 21.24631032 13.56696989 31.41398728
v 21.14316821 13.38402834 31.42975643
v 21.07054740 13.18055484 31.44697845
v 21.03362978 12.96271663 31.46541119
v 21.03577740 12.74022739 31.48424253
v 21.07679285 12.52350584 31.50258213
v 21.15295827 12.32209895 31.51962906
v 21.25944942 12.14109827 31.53539822
v 21.39896154 11.97624113 31.55259788
v 21.56883106 11.83501910 31.57102317
v 21.76235616 11.72522455 31.58985451
v 21.97043784 11.65193226 31.60820529
v 22.18295075 11.61674131 31.62526712
v 22.39294350 11.61804143 31.64103627
v 22.60547131 11.65598538 31.65821731
v 22.81283215 11.73203532 31.67663515
v 23.00491929 11.84433140 31.69546276
v 23.17276597 11.98756509 31.71382472
v 23.30988832 12.15379313 31.73090890
v 23.41412567 12.33608555 31.74667433
v 23.48791808 12.53888942 31.76383674
v 23.52618612 12.75637373 31.78224340
v 23.52545038 12.97887694 31.80107474
v 23.48577604 13.19597848 31.81944788
v 23.41076732 13.39807361 31.83655068
v 23.30538258 13.57970107 31.85231239
v 23.16703647 13.74523435 31.86945990
v 22.99815230 13.88744637 31.88785538
v 22.80532382 13.99846841 31.90668672
v 22.59758860 14.07311019 31.92506731
v 22.38506265 14.10964690 31.94218874
v 22.17507735 14.10961896 31.95795417
v 21.96254954 14.07302264 31.97507933
v 21.75482921 13.99832126 31.99346364
v 21.56203240 13.88724521 32.01229498
v 21.39319293 13.74499034 32.03069046
v 21.25489525 13.57942726 32.04783052
v 21.14956081 13.39777187 32.06359595
v 21.07460424 13.19564693 32.08069876
v 21.03498951 12.97852863 32.09907562
v 21.03431523 12.75602542 32.11790323
v 21.07264102 12.53855694 32.13630989
v 21.14648744 12.33578287 32.15346858
v 23.21554907 13.40087783 30.03825247
v 23.11117388 13.55134137 30.05450033
v 22.97847159 13.68572377 30.07236868
v 22.82173745 13.79643101 30.09111807
v 22.64783159 13.87762930 30.10987677
v 22.46520855 13.92621826 30.12777679
v 22.28260785 13.94219324 30.14407679
v 22.10011892 13.92705180 30.16032651
v 21.91738598 13.87933735 30.17819300
v 21.74313739 13.79897352 30.19694053
v 21.58585191 13.68897967 30.21569923
v 21.45244740 13.55512999 30.23360297
v 21.34729549 13.40498682 30.24990112
v 21.26915008 13.23938556 30.26614897
v 21.21908776 13.05728499 30.28401546
v 21.20154351 12.86620088 30.30276299
v 21.21813968 12.67499011 30.32152355
v 21.26733772 12.49252539 30.33942543
v 21.34477533 12.32638024 30.35572544
v 21.44910023 12.17589527 30.37197329
v 21.58175968 12.04148028 30.38983978
v 21.73845842 11.93072833 30.40858731
v 21.91234380 11.84947789 30.42734787
v 22.09495939 11.80083491 30.44524975
v 22.27756567 11.78480685 30.46155162
v 22.46004902 11.79989614 30.47779575
v 22.64278941 11.84755657 30.49566224
v 22.81705849 11.92786824 30.51440977
v 22.97437750 12.03781739 30.53317033
v 23.10782671 12.17163354 30.55107221
v 23.21302705 12.32175622 30.56737781
v 23.29121530 12.48732582 30.58362193
v 23.34132604 12.66940497 30.60148470
v 23.35892804 12.86048163 30.62023222
v 23.34238775 13.05169985 30.63899279
v 23.29324000 13.23418505 30.65689653
v 23.21584336 13.40036280 30.67320026
v 23.11156690 13.55086733 30.68944626
v 22.97895215 13.68531585 30.70730716
v 22.82228693 13.79611157 30.72605468
v 22.64842391 13.87741417 30.74481525
v 22.46581577 13.92611209 30.76272085
v 22.28320204 13.94219231 30.77902645
v 22.10072428 13.92715517 30.79526871
v 21.91798016 13.87954876 30.81313148
v 21.74368687 13.79928924 30.83187900
v 21.58633433 13.68938573 30.85063957
v 21.45284228 13.55560217 30.86854517
v 21.34759352 13.40549998 30.88485077
v 21.26936428 13.23996298 30.90109304
v 21.21920139 13.05790432 30.91895394
v 21.20154537 12.86683697 30.93769960
v 21.21802792 12.67561130 30.95646203
v 21.26712538 12.49310374 30.97436950
v 21.34447917 12.32689433 30.99067695
v 21.44870721 12.17637025 31.00691549
v 21.58127911 12.04188820 31.02477826
v 21.73790894 11.93104777 31.04352392
v 21.91174962 11.84969302 31.06228635
v 22.09435217 11.80094015 31.08019195
v 22.27697335 11.78480871 31.09650128
v 22.45944180 11.79979369 31.11274168
v 22.64219522 11.84734516 31.13060258
v 22.81650715 11.92755252 31.14934638
v 22.97389321 12.03741133 31.16810881
v 23.10743183 12.17116136 31.18601628
v 23.21272902 12.32124306 31.20232560
v 23.29099923 12.48674840 31.21856414
v 23.34121242 12.66878564 31.23642318
v 23.35892618 12.85984553 31.25517070
v 23.34249765 13.05107865 31.27393126
v 23.29345234 13.23360670 31.29183874
v 23.21613953 13.39984871 31.30815178
v 23.11195992 13.55039235 31.32439032
v 22.97943272 13.68490700 31.34224564
v 22.82283641 13.79579213 31.36099130
v 22.64901809 13.87719903 31.37975559
v 22.46642299 13.92600592 31.39766678
v 22.28379436 13.94219045 31.41397610
v 22.10133150 13.92725669 31.43021092
v 21.91857249 13.87976017 31.44806996
v 21.74424008 13.79960496 31.46681562
v 21.58681862 13.68979178 31.48557991
v 21.45323716 13.55607528 31.50348738
v 21.34789154 13.40601314 31.51980042
v 21.26957849 13.24053947 31.53603524
v 21.21931501 13.05852458 31.55389428
v 21.20154724 12.86747213 31.57263994
v 21.21791989 12.67623156 31.59140050
v 21.26691304 12.49368303 31.60931170
v 21.34418488 12.32740935 31.62562475
v 21.44831605 12.17684429 31.64185956
v 21.58079855 12.04229705 31.65971860
v 21.73735946 11.93136722 31.67846054
v 21.91115730 11.84990909 31.69722483
v 22.09374495 11.80104725 31.71513602
v 22.27637917 11.78481057 31.73145279
v 22.45883644 11.79969218 31.74768388
v 22.64160104 11.84713375 31.76554292
v 22.81595580 11.92723680 31.78428486
v 22.97341079 12.03700621 31.80304542
v 23.10703509 12.17068825 31.82096034
v 23.21242914 12.32072990 31.83727339
v 23.29078503 12.48617191 31.85350820
v 23.34109880 12.66816538 31.87136352
v 23.35892245 12.85921037 31.89010918
v 23.34260754 13.05045746 31.90886974
v 23.29366282 13.23302742 31.92678094
v 23.21643382 13.39933369 31.94310144
v 23.11235107 13.54991831 31.95933253
v 22.97991142 13.68449908 31.97718784
v 22.82338589 13.79547268 31.99592978
v 22.64961042 13.87698296 32.01469406
v 22.46703021 13.92589975 32.03260899
v 22.28438668 13.94218858 32.04892203
v 22.10193872 13.92735913 32.06515685
v 21.91916667 13.87997158 32.08301216
v 21.74479142 13.79992068 32.10175410
v 21.58730105 13.69019691 32.12051839
v 21.45363390 13.55654746 32.13843331
v 21.34818956 13.40652630 32.15475008
v 21.26979455 13.24111596 32.17097744
v 21.21943049 13.05914484 32.18883649
v 21.20154910 12.86810730 32.20757842
v 21.21780999 12.67685276 32.22634271
v 21.26670256 12.49426231 32.24425390
v 21.58031985 12.04270590 32.29465336
v 22.45822921 11.79959066 32.38262609
v 22.64100686 11.84692234 32.40047768
v 22.81540446 11.92692108 32.41922334
v 22.97292836 12.03660108 32.43798763
v 23.29056896 12.48559542 32.48845413
v 23.34098332 12.66754512 32.50630200
v 23.35892059 12.85857428 32.52504393
v 23.34271558 13.04983627 32.54381195
v 23.29387330 13.23244814 32.56172687
v 23.21672812 13.39881774 32.57804736
v 23.11274223 13.54944333 32.59427473
v 22.98039198 13.68408930 32.61212632
v 22.82393537 13.79515231 32.63086826
v 22.65020087 13.87676690 32.64963254
v 22.46763743 13.92579265 32.66754746
v 22.28498273 13.94218579 32.68387541
v 22.10254595 13.92746065 32.70009905
v 21.91976085 13.88018299 32.71795064
v 21.74534276 13.80023640 32.73668885
v 21.58778533 13.69060203 32.75545686
v 21.45403065 13.55701964 32.77337179
v 21.34848945 13.40703852 32.78969973
v 21.27001062 13.24169245 32.80592337
v 21.21954411 13.05976417 32.82377124
v 21.20155282 12.86874339 32.84251317
v 21.21770009 12.67747488 32.86127746
v 21.26649208 12.49484159 32.87919983
v 21.34359442 12.32843939 32.89552405
v 21.44753374 12.17779424 32.91174769
v 21.57983929 12.04311475 32.92959556
v 21.73626237 11.93200797 32.94833750
v 21.90997265 11.85034122 32.96710178
v 22.09253050 11.80126052 32.98502415
v 22.27519266 11.78481523 33.00135210
v 22.45762199 11.79948915 33.01757202
v 22.64041267 11.84671186 33.03541988
v 22.81485312 11.92660630 33.05416182
v 22.97244407 12.03619596 33.07292610
v 23.10624346 12.16974389 33.09084848
v 23.21183123 12.31970452 33.10717270
v 23.29035290 12.48501893 33.12339261
v 23.34086969 12.66692579 33.14124420
v 23.35891686 12.85793912 33.15998614
v 23.34282547 13.04921508 33.17875043
v 23.29408377 13.23186886 33.19666907
v 23.21702428 13.39830272 33.21299702
v 23.11313339 13.54896836 33.22921693
v 22.98087068 13.68368044 33.24706480
v 22.82448299 13.79483193 33.26580301
v 22.65079506 13.87655083 33.28457102
v 22.46824466 13.92568555 33.30249339
v 22.28557505 13.94218300 33.31882507
v 22.10315317 13.92756123 33.33504125
v 21.92035504 13.88039254 33.35288912
v 21.74589410 13.80055118 33.37162733
v 21.58826776 13.69100623 33.39039534
v 21.45442553 13.55749182 33.40831771
v 21.34878933 13.40755168 33.42464939
v 21.27022669 13.24226893 33.44086558
v 21.21965960 13.06038443 33.45870972
v 21.20155469 12.86937855 33.47745165
v 21.21759206 12.67809607 33.49621966
v 21.26628160 12.49542087 33.51414204
v 21.34330012 12.32895534 33.53047743
v 21.44714072 12.17826921 33.54669362
v 21.57936059 12.04352453 33.56453404
v 21.73571289 11.93232834 33.58327597
v 21.90938033 11.85055822 33.60204399
v 22.09192328 11.80136856 33.61996636
v 22.27459848 11.78481895 33.63629803
v 22.45701477 11.79938763 33.65251422
v 22.63981849 11.84650231 33.67035836
v 22.81429991 11.92629151 33.68909657
v 22.97195978 12.03579083 33.70786831
v 23.10584672 12.16927264 33.72578695
v 23.21153320 12.31919229 33.74212235
v 23.29013683 12.48444337 33.75833854
v 23.34075421 12.66630646 33.77617896
v 23.35891314 12.85730302 33.79492089
v 23.34293351 13.04859389 33.81368518
v 23.29429425 13.23128957 33.83161128
v 23.21731858 13.39778677 33.84795040
v 23.11352454 13.54849245 33.86416286
v 22.98134938 13.68327066 33.88200328
v 22.82503247 13.79451156 33.90074149
v 22.65138738 13.87633383 33.91950950
v 22.46885188 13.92557751 33.93743560
v 22.28616923 13.94218020 33.95377472
v 22.10376039 13.92766275 33.96998718
v 21.92094922 13.88060302 33.98782760
v 21.74644731 13.80086597 34.00656581
v 21.58875205 13.69141135 34.02533382
v 21.45482227 13.55796400 34.04326364
v 21.34908922 13.40806484 34.05959532
v 21.27044275 13.24284449 34.07580778
v 21.21977508 13.06100376 34.09365192
v 21.20155841 12.87001465 34.11239013
v 21.21748403 12.67871726 34.13115814
v 21.26607113 12.49600016 34.14908424
v 21.34300582 12.32947130 34.16542336
v 21.44675143 12.17874512 34.18163210
v 21.57888189 12.04393245 34.19947252
v 21.73516527 11.93264965 34.21821073
v 21.90878801 11.85077522 34.23697874
v 22.09131606 11.80147566 34.25490856
v 22.27400430 11.78482175 34.27124768
v 22.45640755 11.79928705 34.28745642
v 22.63922431 11.84629183 34.30529684
v 22.81374857 11.92597672 34.32403505
v 22.97147550 12.03538664 34.34280306
v 23.10544997 12.16880046 34.36073288
v 23.21123332 12.31867913 34.37707201
v 23.28992076 12.48386689 34.39328074
v 23.34063873 12.66568620 34.41112116
v 23.35890941 12.85666786 34.42985937
v 23.34304154 13.04797176 34.44862738
v 23.29450473 13.23071029 34.46655720
v 23.21761101 13.39727081 34.48290005
v 23.11391570 13.54801748 34.49910879
v 22.98182808 13.68286088 34.51694548
v 22.82558009 13.79419025 34.53568369
v 22.65197970 13.87611590 34.55445170
v 22.46945910 13.92547041 34.57238153
v 22.28676341 13.94217648 34.58872065
v 22.10436761 13.92776333 34.60492939
v 21.92154340 13.88081256 34.62276980
v 21.74699865 13.80118076 34.64150056
v 21.58923633 13.69181555 34.66027603
v 21.45522088 13.55843525 34.67820212
v 21.34938911 13.40857707 34.69454497
v 21.27065882 13.24342098 34.71075371
v 21.21989056 13.06162216 34.72859040
v 21.20156400 12.87064888 34.74732488
v 21.21737599 12.67933846 34.76609662
v 21.26586065 12.49658037 34.78402644
v 21.34271339 12.32998725 34.80037302
v 21.44636028 12.17922010 34.81657803
v 21.57840319 12.04434410 34.83441100
v 21.73461579 11.93297096 34.85314921
v 21.90819569 11.85099222 34.87192094
v 22.09070884 11.80158462 34.88985077
v 22.27341011 11.78482547 34.90619734
v 22.45580032 11.79918740 34.92240235
v 22.63863012 11.84608229 34.94023532
v 22.81319536 11.92566287 34.95897353
v 21.40259370 12.12707162 35.07346660
v 21.54380642 11.98585890 35.07346660
v 21.28804848 12.29066029 35.07346660
v 21.70739509 11.87131274 35.07346660
v 21.88839018 11.78691350 35.07346660
v 23.35517108 12.77350355 35.07346660
v 23.27242307 13.43633980 35.07346660
v 23.27242307 12.44024001 35.07346660
v 23.28162827 12.46250607 35.07346660
v 23.28970470 12.48329133 35.07346660
v 23.33205566 12.62421254 35.07346660
v 23.34052324 12.66506687 35.07346660
v 22.28023484 14.00917955 35.07346660
v 22.47918025 13.99177406 35.07346660
v 22.67208137 13.94008659 35.07346660
v 23.15787785 13.59992847 35.07346660
v 23.01666327 13.74114119 35.07346660
v 22.85307460 13.85568734 35.07346660
v 21.28804848 13.43633980 35.07346660
v 22.08129130 13.99177406 35.07346660
v 21.88839018 13.94008659 35.07346660
v 21.70739509 13.85568734 35.07346660
v 21.40259370 13.59992847 35.07346660
v 21.54380642 13.74114119 35.07346660
v 21.15196176 13.06244545 35.07346660
v 21.13455534 12.86350004 35.07346660
v 21.15196176 12.66455464 35.07346660
v 21.20364830 13.25534564 35.07346660
v 21.20364830 12.47165445 35.07346660
v 23.27242307 12.29066029 35.21003202
v 23.24359305 12.30730675 35.19081324
v 23.27242307 12.36523408 35.19501537
v 23.20794016 12.25343067 35.18420830
v 23.14288355 12.21587043 35.15997157
v 23.21441472 12.32415158 35.17135978
v 23.27242307 12.44024001 35.18275172
v 22.67393284 11.85921486 35.07346660
v 22.63863012 11.84608229 35.07346660
v 22.63863012 11.84608229 35.01961008
v 22.45580032 11.79918740 35.00177711
v 22.51098864 11.80977374 35.07346660
v 22.45580032 11.79918740 35.07346660
v 22.27341011 11.78482547 34.98557210
v 22.40977436 11.79261040 35.07346660
v 22.81319536 11.92566287 35.03834829
v 22.97099121 12.03498244 35.05711630
v 22.97099121 12.03498244 35.07346660
v 22.84556627 11.94481272 35.07346660
v 22.81319536 11.92566287 35.07346660
v 22.69502729 11.86774299 35.07346660
v 23.09500426 12.15657964 35.07346660
v 23.03089947 12.08884548 35.07346660
v 22.98416384 12.04614341 35.07346660
v 23.21093343 12.31816690 35.09139642
v 23.14288355 12.21587043 35.07346660
v 22.28023484 13.94219603 27.68365294
v 22.09769003 13.92663829 27.69992687
v 21.91501111 13.87848612 27.71781199
v 21.74093388 13.79770506 27.73656510
v 21.58392407 13.68735451 27.75532007
v 21.45086974 13.55323661 27.77320333
v 21.34610713 13.40293325 27.78947912
v 21.26829326 13.23707588 27.80574933
v 21.21863887 13.05480301 27.82363258
v 21.20153978 12.86365930 27.84238756
v 21.21858299 12.67250720 27.86114067
v 21.26818709 12.49021199 27.87902579
v 21.34595811 12.32432295 27.89530344
v 21.45067230 12.17400003 27.91157551
v 21.58368379 12.03984953 27.92945690
v 21.74065821 11.92945428 27.94821002
v 21.91471495 11.84862014 27.96696499
v 22.09738642 11.80041395 27.98485197
v 22.27993682 11.78480405 28.00112963
v 22.46247791 11.80030964 28.01739797
v 22.64516242 11.84840687 28.03527936
v 22.81926200 11.92913670 28.05403247
v 22.97630720 12.03944348 28.07278745
v 23.10940437 12.17352599 28.09067443
v 23.21421541 12.32380979 28.10695209
v 23.29207025 12.48963457 28.12322229
v 23.34177680 12.67188601 28.14110368
v 23.35893176 12.86302321 28.15985680
v 23.34194444 13.05418275 28.17861177
v 23.29239063 13.23649846 28.19649875
v 23.21466058 13.40242010 28.21277827
v 23.10999483 13.55276350 28.22904661
v 22.97702804 13.68694659 28.24692801
v 22.82008901 13.79738655 28.26567926
v 22.64605276 13.87827285 28.28443609
v 22.46338874 13.92653398 28.30232307
v 22.28082903 13.94219603 28.31860259
v 22.09829725 13.92674167 28.33487093
v 21.91560529 13.87869939 28.35275047
v 21.74148336 13.79802264 28.37150171
v 21.58440650 13.68776057 28.39025855
v 21.45126276 13.55371065 28.40814739
v 21.34640329 13.40344734 28.42442691
v 21.26850747 13.23765423 28.44069526
v 21.21875063 13.05542327 28.45857479
v 21.20153978 12.86429446 28.47732604
v 21.21847123 12.67312746 28.49608101
v 21.26797475 12.49079034 28.51397172
v 21.34566195 12.32483704 28.53025310
v 21.45027928 12.17447314 28.54651771
v 21.58320136 12.04025652 28.56439538
v 21.74010873 11.92977186 28.58314849
v 21.91412263 11.84883434 28.60190347
v 22.09677920 11.80051826 28.61979418
v 22.27934636 11.78480405 28.63607742
v 22.46187069 11.80020627 28.65234204
v 22.64457010 11.84819359 28.67021970
v 22.81871252 11.92881912 28.68897095
v 22.97582477 12.03903556 28.70772779
v 23.10901135 12.17305288 28.72561850
v 23.21391925 12.32329570 28.74190360
v 23.29185791 12.48905715 28.75816450
v 23.34166504 12.67126575 28.77604216
v 23.35893176 12.86238804 28.79479341
v 23.34205620 13.05356249 28.81355025
v 23.29260297 13.23592011 28.83144096
v 23.21495675 13.40190601 28.84772606
v 23.11038785 13.55228946 28.86398882
v 22.97751047 13.68653961 28.88186648
v 22.82063849 13.79706897 28.90061773
v 22.64664508 13.87805864 28.91937457
v 22.46399596 13.92642874 28.93726528
v 22.28142135 13.94219510 28.95355225
v 22.09890448 13.92684598 28.96981500
v 21.91619761 13.87891266 28.98768894
v 21.74203470 13.79833929 29.00644019
v 21.58488706 13.68816756 29.02519889
v 21.45165764 13.55418377 29.04309146
v 21.34670131 13.40396050 29.05937843
v 21.26872167 13.23823165 29.07563746
v 21.21886238 13.05604447 29.09351140
v 21.20153978 12.86492962 29.11226265
v 21.21835947 12.67374773 29.13101949
v 21.26776241 12.49136869 29.14891392
v 21.34536579 12.32535113 29.16520275
v 21.44988626 12.17494719 29.18146178
v 21.58272080 12.04066444 29.19933572
v 21.73955739 11.93009038 29.21808697
v 21.91352844 11.84904855 29.23684381
v 22.09617198 11.80062350 29.25473824
v 22.27875218 11.78480498 29.27102707
v 22.46126346 11.80010289 29.28728424
v 22.64397591 11.84798125 29.30515818
v 22.81816117 11.92850154 29.32390943
v 22.97534235 12.03862950 29.34266627
v 23.10861647 12.17257977 29.36056070
v 23.21362123 12.32278254 29.37685139
v 23.29164371 12.48847973 29.39310856
v 23.34155142 12.67064549 29.41098250
v 23.35892990 12.86175195 29.42973189
v 23.34216610 13.05294130 29.44849059
v 23.29281531 13.23534176 29.46638502
v 23.21525291 13.40139192 29.48267758
v 23.11078086 13.55181541 29.49893288
v 22.97799103 13.68613169 29.51680496
v 22.82118797 13.79675046 29.53555435
v 22.64723927 13.87784444 29.55431305
v 22.46460132 13.92632350 29.57221121
v 22.28201553 13.94219510 29.58850376
v 22.09951170 13.92694935 29.60475720
v 21.91679180 13.87912501 29.62262928
v 21.74258605 13.79865687 29.64137867
v 21.58536948 13.68857361 29.66013551
v 21.45205252 13.55465688 29.67803366
v 21.34699747 13.40447366 29.69432622
v 21.26893587 13.23880907 29.71058153
v 21.21897414 13.05666473 29.72844988
v 21.20154165 12.86556572 29.74719927
v 21.21824957 12.67436892 29.76595797
v 21.26754820 12.49194704 29.78385799
v 21.34506963 12.32586522 29.80015241
v 21.44949324 12.17542030 29.81640399
v 21.58224024 12.04107143 29.83427420
v 21.73900791 11.93040889 29.85302359
v 21.91293612 11.84926275 29.87178229
v 22.09556475 11.80072874 29.88968045
v 22.27815986 11.78480592 29.90597673
v 22.46065624 11.79999951 29.92223017
v 22.64338173 11.84776891 29.94009852
v 22.81760983 11.92818489 29.95884791
v 22.97485992 12.03822345 29.97760661
v 23.10822159 12.17210665 29.99550477
v 23.21332507 12.32226938 30.01180105
v 23.29142950 12.48790231 30.02805263
v 23.34143966 12.67002523 30.04592098
v 23.35892990 12.86111679 30.06466851
v 23.34227785 13.05232011 30.08342907
v 23.29302765 13.23476341 30.10132723
v 23.21554907 13.40087783 30.11762537
v 23.11117388 13.55134137 30.13387695
v 22.97847159 13.68572377 30.15174530
v 22.82173745 13.79643101 30.17049283
v 22.64783159 13.87762930 30.18925339
v 22.46520855 13.92621826 30.20715341
v 22.28260785 13.94219324 30.22345155
v 22.10011892 13.92705180 30.23969941
v 21.91738598 13.87933735 30.25756590
v 21.74313739 13.79897352 30.27631529
v 21.58585191 13.68897967 30.29507585
v 21.45244740 13.55512999 30.31297773
v 21.34729549 13.40498682 30.32927774
v 21.26915008 13.23938556 30.34552373
v 21.21908776 13.05728499 30.36339022
v 21.20154351 12.86620088 30.38213961
v 21.21813968 12.67499011 30.40089831
v 21.26733772 12.49252539 30.41880019
v 21.34477533 12.32638024 30.43510206
v 21.44910023 12.17589527 30.45134805
v 21.58175968 12.04148028 30.46921268
v 21.73845842 11.93072833 30.48796020
v 21.91234380 11.84947789 30.50672077
v 22.09495939 11.80083491 30.52462451
v 22.27756567 11.78480685 30.54092638
v 22.46004902 11.79989614 30.55717237
v 22.64278941 11.84755657 30.57503700
v 22.81705849 11.92786824 30.59378453
v 22.97437750 12.03781739 30.61254509
v 23.10782671 12.17163354 30.63044883
v 23.21302705 12.32175622 30.64675070
v 23.29121530 12.48732582 30.66299669
v 23.34132604 12.66940497 30.68086132
v 23.35892804 12.86048163 30.69960698
v 23.34238775 13.05169985 30.71836941
v 23.29324000 13.23418505 30.73627315
v 23.21584336 13.40036280 30.75257689
v 23.11156690 13.55086733 30.76881915
v 22.97895215 13.68531585 30.78668378
v 22.82228693 13.79611157 30.80542944
v 22.64842391 13.87741417 30.82419187
v 22.46581577 13.92611209 30.84209561
v 22.28320204 13.94219231 30.85840121
v 22.10072428 13.92715517 30.87464347
v 21.91798016 13.87954876 30.89250810
v 21.74368687 13.79928924 30.91125377
v 21.58633433 13.68938573 30.93001433
v 21.45284228 13.55560217 30.94791993
v 21.34759352 13.40549998 30.96422553
v 21.26936428 13.23996298 30.98046593
v 21.21920139 13.05790432 30.99832870
v 21.20154537 12.86683697 31.01707622
v 21.21802792 12.67561130 31.03583679
v 21.26712538 12.49310374 31.05374426
v 21.34447917 12.32689433 31.07005171
v 21.44870721 12.17637025 31.08629212
v 21.58127911 12.04188820 31.10415302
v 21.73790894 11.93104777 31.12289868
v 21.91174962 11.84969302 31.14166111
v 22.09435217 11.80094015 31.15956672
v 22.27697335 11.78480871 31.17587604
v 22.45944180 11.79979369 31.19211644
v 22.64219522 11.84734516 31.20997548
v 22.81650715 11.92755252 31.22872114
v 22.97389321 12.03741133 31.24748357
v 23.10743183 12.17116136 31.26539290
v 23.21272902 12.32124306 31.28169850
v 23.29099923 12.48674840 31.29794076
v 23.34121242 12.66878564 31.31579980
v 23.35892618 12.85984553 31.33454546
v 23.34249765 13.05107865 31.35330603
v 23.29345234 13.23360670 31.37121722
v 23.21613953 13.39984871 31.38752654
v 23.11195992 13.55039235 31.40376136
v 22.97943272 13.68490700 31.42162412
v 22.82283641 13.79579213 31.44036978
v 22.64901809 13.87719903 31.45913035
v 22.46642299 13.92600592 31.47703782
v 22.28379436 13.94219045 31.49335086
v 22.10133150 13.92725669 31.50958568
v 21.91857249 13.87976017 31.52744845
v 21.74424008 13.79960496 31.54619038
v 21.58681862 13.68979178 31.56495467
v 21.45323716 13.55607528 31.58286214
v 21.34789154 13.40601314 31.59917518
v 21.26957849 13.24053947 31.61541000
v 21.21931501 13.05852458 31.63326904
v 21.20154724 12.86747213 31.65201470
v 21.21791989 12.67623156 31.67077526
v 21.26691304 12.49368303 31.68868646
v 21.34418488 12.32740935 31.70499951
v 21.44831605 12.17684429 31.72123432
v 21.58079855 12.04229705 31.73909336
v 21.73735946 11.93136722 31.75783902
v 21.91115730 11.84990909 31.77659959
v 22.09374495 11.80104725 31.79451078
v 22.27637917 11.78481057 31.81082383
v 22.45883644 11.79969218 31.82705864
v 22.64160104 11.84713375 31.84491396
v 22.81595580 11.92723680 31.86365962
v 22.97341079 12.03700621 31.88242391
v 23.10703509 12.17068825 31.90033510
v 23.21242914 12.32072990 31.91665187
v 23.29078503 12.48617191 31.93288296
v 23.34109880 12.66816538 31.95073828
v 23.35892245 12.85921037 31.96948394
v 23.34260754 13.05045746 31.98824823
v 23.29366282 13.23302742 32.00615570
v 23.21643382 13.39933369 32.02247620
v 23.11235107 13.54991831 32.03870729
v 22.97991142 13.68449908 32.05655888
v 22.82338589 13.79547268 32.07530454
v 22.64961042 13.87698296 32.09406883
v 22.46703021 13.92589975 32.11198375
v 22.28438668 13.94218858 32.12830052
v 22.10193872 13.92735913 32.14453161
v 21.91916667 13.87997158 32.16238320
v 21.74479142 13.79992068 32.18112886
v 21.58730105 13.69019691 32.19989315
v 21.45363390 13.55654746 32.21780807
v 21.34818956 13.40652630 32.23412484
v 21.26979455 13.24111596 32.25035593
v 21.21943049 13.05914484 32.26820752
v 21.20154910 12.86810730 32.28695318
v 21.21780999 12.67685276 32.30571747
v 21.26670256 12.49426231 32.32363239
v 21.34388871 12.32792437 32.33994916
v 21.44792490 12.17731927 32.35617653
v 21.58031985 12.04270590 32.37403184
v 21.73680998 11.93168759 32.39277378
v 21.91056497 11.85012516 32.41153806
v 22.09313773 11.80115342 32.42945299
v 22.27578498 11.78481337 32.44577348
v 22.45822921 11.79959066 32.46200085
v 22.64100686 11.84692234 32.47985616
v 22.81540446 11.92692108 32.49859437
v 22.97292836 12.03660108 32.51736239
v 23.10664020 12.17021607 32.53527731
v 23.21213111 12.32021768 32.55160153
v 23.29056896 12.48559542 32.56782517
v 23.34098332 12.66754512 32.58567676
v 23.35892059 12.85857428 32.60441869
v 23.34271558 13.04983627 32.62318298
v 23.29387330 13.23244814 32.64110163
v 23.21672812 13.39881774 32.65742585
v 23.11274223 13.54944333 32.67364949
v 22.98039198 13.68408930 32.69150108
v 22.82393537 13.79515231 32.71024302
v 22.65020087 13.87676690 32.72900730
v 22.46763743 13.92579265 32.74692595
v 22.28498273 13.94218579 32.76325017
v 22.10254595 13.92746065 32.77947381
v 21.91976085 13.88018299 32.79732540
v 21.74534276 13.80023640 32.81606734
v 21.58778533 13.69060203 32.83483163
v 21.45403065 13.55701964 32.85275027
v 21.34848945 13.40703852 32.86907449
v 21.27001062 13.24169245 32.88529813
v 21.21954411 13.05976417 32.90314972
v 21.20155282 12.86874339 32.92189166
v 21.21770009 12.67747488 32.94065595
v 21.26649208 12.49484159 32.95857087
v 21.34359442 12.32843939 32.97489882
v 21.44753374 12.17779424 32.99112245
v 21.57983929 12.04311475 33.00897032
v 21.73626237 11.93200797 33.02770853
v 21.90997265 11.85034122 33.04647654
v 22.09253050 11.80126052 33.06439519
v 22.27519266 11.78481523 33.08072314
v 22.45762199 11.79948915 33.09694678
v 22.64041267 11.84671186 33.11479092
v 22.81485312 11.92660630 33.13353285
v 22.97244407 12.03619596 33.15230086
v 23.10624346 12.16974389 33.17021951
v 23.21183123 12.31970452 33.18655118
v 23.29035290 12.48501893 33.20277110
v 23.34086969 12.66692579 33.22061524
v 23.35891686 12.85793912 33.23935717
v 23.34282547 13.04921508 33.25812519
v 23.29408377 13.23186886 33.27604756
v 23.21702428 13.39830272 33.29237550
v 23.11313339 13.54896836 33.30859542
v 22.98087068 13.68368044 33.32643956
v 22.82448299 13.79483193 33.34518149
v 22.65079506 13.87655083 33.36394951
v 22.46824466 13.92568555 33.38187188
v 22.28557505 13.94218300 33.39819610
v 22.10315317 13.92756123 33.41441602
v 21.92035504 13.88039254 33.43226388
v 21.74589410 13.80055118 33.45100582
v 21.58826776 13.69100623 33.46977383
v 21.45442553 13.55749182 33.48769248
v 21.34878933 13.40755168 33.50402415
v 21.27022669 13.24226893 33.52024034
v 21.21965960 13.06038443 33.53808448
v 21.20155469 12.86937855 33.55682641
v 21.21759206 12.67809607 33.57559070
v 21.26628160 12.49542087 33.59351680
v 21.34330012 12.32895534 33.60984847
v 21.44714072 12.17826921 33.62606466
v 21.57936059 12.04352453 33.64390880
v 21.73571289 11.93232834 33.66265073
v 21.90938033 11.85055822 33.68141502
v 22.09192328 11.80136856 33.69934112
v 22.27459848 11.78481895 33.71567652
v 22.45701477 11.79938763 33.73188898
v 22.63981849 11.84650231 33.74973312
v 22.81429991 11.92629151 33.76847133
v 22.97195978 12.03579083 33.78723934
v 23.10584672 12.16927264 33.80516544
v 23.21153320 12.31919229 33.82149711
v 23.29013683 12.48444337 33.83770958
v 23.34075421 12.66630646 33.85555744
v 23.35891314 12.85730302 33.87429565
v 23.34293351 13.04859389 33.89306366
v 23.29429425 13.23128957 33.91098604
v 23.21731858 13.39778677 33.92732143
v 23.11352454 13.54849245 33.94353762
v 22.98134938 13.68327066 33.96138176
v 22.82503247 13.79451156 33.98011625
v 22.65138738 13.87633383 33.99888426
v 22.46885188 13.92557751 34.01681036
v 22.28616923 13.94218020 34.03314948
v 22.10376039 13.92766275 34.04936194
v 21.92094922 13.88060302 34.06720236
v 21.74644731 13.80086597 34.08594057
v 21.58875205 13.69141135 34.10470858
v 21.45482227 13.55796400 34.12263468
v 21.34908922 13.40806484 34.13897380
v 21.27044275 13.24284449 34.15518627
v 21.21977508 13.06100376 34.17302668
v 21.20155841 12.87001465 34.19176489
v 21.21748403 12.67871726 34.21053290
v 21.26607113 12.49600016 34.22845900
v 21.34300582 12.32947130 34.24479812
v 21.44675143 12.17874512 34.26101059
v 21.57888189 12.04393245 34.27885100
v 21.73516527 11.93264965 34.29758921
v 21.90878801 11.85077522 34.31635723
v 22.09131606 11.80147566 34.33428332
v 22.27400430 11.78482175 34.35062245
v 22.45640755 11.79928705 34.36683118
v 22.63922431 11.84629183 34.38467532
v 22.81374857 11.92597672 34.40341353
v 22.97147550 12.03538664 34.42218155
v 23.10544997 12.16880046 34.44010392
v 23.21123332 12.31867913 34.45644677
v 23.28992076 12.48386689 34.47265550
v 23.34063873 12.66568620 34.49049219
v 23.35890941 12.85666786 34.50923041
v 23.34304154 13.04797176 34.52800214
v 23.29450473 13.23071029 34.54593197
v 23.21761101 13.39727081 34.56227109
v 23.11391570 13.54801748 34.57847983
v 22.98182808 13.68286088 34.59631652
v 22.82558009 13.79419025 34.61505473
v 22.65197970 13.87611590 34.63382646
v 22.46945910 13.92547041 34.65175629
v 22.28676341 13.94217648 34.66809914
v 22.10436761 13.92776333 34.68430415
v 21.92154340 13.88081256 34.70214084
v 21.74699865 13.80118076 34.72087905
v 21.58923633 13.69181555 34.73964706
v 21.45522088 13.55843525 34.75758061
v 21.34938911 13.40857707 34.77392346
v 21.27065882 13.24342098 34.79012847
v 21.21989056 13.06162216 34.80796516
v 21.20156400 12.87064888 34.82670337
v 21.21737599 12.67933846 34.84547138
v 21.26586065 12.49658037 34.86340493
v 21.34271339 12.32998725 34.87974778
v 21.44636028 12.17922010 34.89595279
v 21.57840319 12.04434410 34.91378948
v 21.73461579 11.93297096 34.93252397
v 21.90819569 11.85099222 34.95129570
v 22.09070884 11.80158462 34.96922553
v 23.10505323 12.16832921 35.07346660
v 22.28945121 11.11092418 -11.25312038
v 22.58457243 11.13752648 -11.23220380
v 22.28023484 11.11089997 -11.15453430
v 23.70858192 13.87909520 -10.97673457
v 23.79803173 13.73980008 -10.97673457
v 23.79350737 13.74759059 -10.98812558
v 23.79803173 13.73980008 -10.98878589
v 23.92519638 13.46824132 -11.01094298
v 23.92714098 13.46292440 -10.97673457
v 23.92714098 13.46292440 -11.01136021
v 24.00561422 13.17119133 -11.03351917
v 24.00621027 13.16783577 -10.97673457
v 24.00621027 13.16783577 -11.03376504
v 24.03282188 12.87041046 -11.05484180
v 24.03283492 12.86350004 -10.97673457
v 24.03283492 12.86349911 -11.05531491
v 24.00804870 12.56978791 -11.07608806
v 24.00621027 12.55916432 -10.97673457
v 24.00621027 12.55916338 -11.07686572
v 23.93009514 12.27225363 -11.09862886
v 23.92714098 12.26407569 -10.97673457
v 23.92714098 12.26407569 -11.09926961
v 23.80067110 11.99178584 -11.12145837
v 23.79803173 11.98720001 -10.97673457
v 23.79803173 11.98720001 -11.12184487
v 23.62622693 11.74104214 -11.14352979
v 23.62280525 11.73695084 -10.97673457
v 23.62280525 11.73695084 -11.14390697
v 23.41521345 11.52804773 -11.16438489
v 23.40678498 11.52093057 -10.97673457
v 23.40678498 11.52092963 -11.16516348
v 23.16638269 11.35143172 -11.18638646
v 23.15653488 11.34570409 -10.97673457
v 23.15653488 11.34570409 -11.18722465
v 22.88722247 11.21936645 -11.20920386
v 22.87966013 11.21659484 -10.97673457
v 22.87966013 11.21659484 -11.20979991
v 22.59025723 11.13853790 -11.23178564
v 22.58457057 11.13752555 -10.97673457
v 22.28023484 11.11089997 -10.97673457
v 21.15261741 11.52182929 -11.24322228
v 21.15957625 11.51601039 -11.34180184
v 21.40251361 11.34652644 -11.22118346
v 21.40393667 11.34570315 -11.32028364
v 21.41059190 11.34188101 -11.31972112
v 21.68237418 11.21602673 -11.19836606
v 21.68081142 11.21659484 -11.29770838
v 21.69124223 11.21283602 -11.29688974
v 21.97589912 11.13752555 -11.17608510
v 21.97589912 11.13752648 -11.27530448
v 21.97960392 11.13687735 -11.17581408
v 21.98885381 11.13529224 -11.27435453
v 22.28023484 11.11089997 -11.25375368
v 20.55413090 12.55990099 -11.33147534
v 20.55569366 12.55115028 -11.43005025
v 20.63333057 12.26407569 -11.30901556
v 20.63333057 12.26407476 -11.40823495
v 20.63693292 12.25426886 -11.40746288
v 20.76243982 11.98720001 -11.28644031
v 20.76243982 11.98720001 -11.38565876
v 20.76478302 11.98315155 -11.28609758
v 20.76937445 11.97529770 -11.38464920
v 20.93766630 11.73695084 -11.26437820
v 20.93766443 11.73695177 -11.36359759
v 20.94048262 11.73360180 -11.26407366
v 20.94629779 11.72674354 -11.36265602
v 21.15368657 11.52093057 -11.34234481
v 20.76174319 13.73859402 -11.41939964
v 20.75743489 13.73107359 -11.51798107
v 20.63333057 13.46292440 -11.39692776
v 20.63333057 13.46292440 -11.49614435
v 20.63172497 13.45849689 -11.39657758
v 20.62876895 13.45023979 -11.49514969
v 20.55426128 13.16783670 -11.37452386
v 20.55426128 13.16783670 -11.47373952
v 20.55309899 13.16116471 -11.37403306
v 20.55163682 13.15255091 -11.47262193
v 20.52763477 12.86350004 -11.35297399
v 20.52763477 12.86350191 -11.45218965
v 20.52763849 12.86056731 -11.35277282
v 20.52767389 12.85197865 -11.45140268
v 20.55426128 12.55916338 -11.43063791
v 22.59273268 11.13898493 -11.92613505
v 22.59957045 11.14023756 -12.02484779
v 22.87966013 11.21659484 -11.90432720
v 22.87966013 11.21659484 -12.00354658
v 22.88953960 11.22022420 -11.90355327
v 22.89619297 11.22270618 -12.00224645
v 23.15653488 11.34570409 -11.88175194
v 23.15653488 11.34570315 -11.98097132
v 23.16844277 11.35264151 -11.88074332
v 23.17459136 11.35627180 -11.97944023
v 23.40678498 11.52092963 -11.85969170
v 23.40678498 11.52092870 -11.95891108
v 23.41694199 11.52951922 -11.85875572
v 23.42231385 11.53411530 -11.95747685
v 23.62280525 11.73695084 -11.83843799
v 23.62280525 11.73695177 -11.93765737
v 23.62763695 11.74273528 -11.83790620
v 23.63220416 11.74824778 -11.93661895
v 23.79803173 11.98720094 -11.81637775
v 23.79803173 11.98720094 -11.91559713
v 23.80174957 11.99367177 -11.81582920
v 23.80539104 12.00007368 -11.91450842
v 23.92714098 12.26407569 -11.79380249
v 23.92714098 12.26407569 -11.89302187
v 23.93080480 12.27423828 -11.79300528
v 23.93329889 12.28127070 -11.89166959
v 24.00621027 12.55916338 -11.77139860
v 24.00621027 12.55916245 -11.87061798
v 24.00838584 12.57176977 -11.77047472
v 24.00960773 12.57911045 -11.86915673
v 24.03283492 12.86349911 -11.74984779
v 24.03283492 12.86349818 -11.84906717
v 24.03281257 12.87230197 -11.74924336
v 24.03276041 12.87963334 -11.84796076
v 24.00621027 13.16783670 -11.72829606
v 24.00621027 13.16783763 -11.82751544
v 24.00528453 13.17303162 -11.72791328
v 24.00392666 13.18050735 -11.82658505
v 23.92714098 13.46292440 -11.70589216
v 23.92714098 13.46292533 -11.80511154
v 23.92456867 13.46994657 -11.70533709
v 23.92186783 13.47721647 -11.80398278
v 23.79803173 13.73980008 -11.68331690
v 23.79803173 13.73979915 -11.78253628
v 23.79263006 13.74909095 -11.68252714
v 23.78867753 13.75580579 -11.78117655
v 23.62280525 13.99004832 -11.66125573
v 23.62280712 13.99004832 -11.76047511
v 23.61614443 13.99794128 -11.66052651
v 23.61113951 14.00380675 -11.75920479
v 23.40678498 14.20606952 -11.63999923
v 23.40678498 14.20607045 -11.73921861
v 23.40328880 14.20899481 -11.63967885
v 23.39729294 14.21397738 -11.73834689
v 23.15653488 14.38129600 -11.61793806
v 23.15653488 14.38129693 -11.71715837
v 23.15269783 14.38350510 -11.61761489
v 23.14573713 14.38747998 -11.71624474
v 22.87966013 14.51040525 -11.59536373
v 22.87966013 14.51040525 -11.69458311
v 22.87236601 14.51304182 -11.59478910
v 22.86472172 14.51576594 -11.69340871
v 22.58457243 14.58947361 -11.57295890
v 22.58457243 14.58947361 -11.67217828
v 22.57493325 14.59114626 -11.57225482
v 22.56695554 14.59248737 -11.67089026
v 22.28023671 14.61610012 -11.55140903
v 22.28023671 14.61610012 -11.65062841
v 22.27436937 14.61608987 -11.55100670
v 22.26640843 14.61604517 -11.64968219
v 21.97589912 14.58947361 -11.52985729
v 21.97589912 14.58947361 -11.62907667
v 21.97366953 14.58907966 -11.52969338
v 21.96555771 14.58761841 -11.62831672
v 21.68081142 14.51040525 -11.50745433
v 21.68081142 14.51040525 -11.60667278
v 21.67664841 14.50888440 -11.50712557
v 21.66876197 14.50596936 -11.60572376
v 21.40393667 14.38129600 -11.48487814
v 21.40393667 14.38129600 -11.58409752
v 21.39726467 14.37742542 -11.48431189
v 21.38997987 14.37315345 -11.58291381
v 21.15368657 14.20607045 -11.46281697
v 21.15368657 14.20607045 -11.56203635
v 21.14806511 14.20133188 -11.46229915
v 21.14170231 14.19592276 -11.56092994
v 20.93766630 13.99004925 -11.44156419
v 20.93766630 13.99004925 -11.54077984
v 20.93125135 13.98236025 -11.54007670
v 20.76243982 13.73979915 -11.51871867
v 24.03253689 12.89581321 -13.33513018
v 24.03249405 12.89810613 -13.43419310
v 24.00620840 13.16783763 -13.31579499
v 24.00620840 13.16783950 -13.41501530
v 24.00086075 13.19674589 -13.31366785
v 24.00039881 13.19912542 -13.41271214
v 23.92714098 13.46292533 -13.29339109
v 23.92714098 13.46292533 -13.39261048
v 23.91597256 13.49276211 -13.29103764
v 23.91506545 13.49511370 -13.39006983
v 23.79803173 13.73979915 -13.27081583
v 23.79803173 13.73979915 -13.37003522
v 23.78022857 13.76994140 -13.26825377
v 23.77889119 13.77214771 -13.36728316
v 23.62280712 13.99004646 -13.24875560
v 23.62280712 13.99004646 -13.34797498
v 23.60063232 14.01595864 -13.24635558
v 23.59892242 14.01791349 -13.34539335
v 23.40678498 14.20607232 -13.22750188
v 23.40678498 14.20607232 -13.32671847
v 23.38487096 14.22415767 -13.22549023
v 23.38278666 14.22584616 -13.32452055
v 23.15653302 14.38129693 -13.20543792
v 23.15653302 14.38129693 -13.30465730
v 23.13154191 14.39545397 -13.20332941
v 23.12909067 14.39681370 -13.30234297
v 22.87966013 14.51040525 -13.18286266
v 22.87966013 14.51040525 -13.28208204
v 22.84937352 14.52111546 -13.18049245
v 22.84664661 14.52204864 -13.27949576
v 22.58457430 14.58947361 -13.16046249
v 22.58457430 14.58947361 -13.25967815
v 22.55118452 14.59502894 -13.15802149
v 22.54830301 14.59547784 -13.25702854
v 22.28023857 14.61610012 -13.13891169
v 22.28023857 14.61610012 -13.23812641
v 22.25086465 14.61585425 -13.13689630
v 22.24794030 14.61580209 -13.23591452
v 21.97589725 14.58947361 -13.11735623
v 21.97589725 14.58947361 -13.21657561
v 21.94995247 14.58469685 -13.11544888
v 21.94693685 14.58411571 -13.21444474
v 21.68080956 14.51040525 -13.09495233
v 21.68080956 14.51040525 -13.19417171
v 21.65381983 14.50032927 -13.09282612
v 21.65085450 14.49919119 -13.19181081
v 21.40393667 14.38129693 -13.07237707
v 21.40393667 14.38129693 -13.17159645
v 21.37639001 14.36505560 -13.07003759
v 21.37362398 14.36338760 -13.16901855
v 21.15368843 14.20607232 -13.05031590
v 21.15368843 14.20607232 -13.14953621
v 21.13001607 14.18584678 -13.04812636
v 21.12757601 14.18372151 -13.14711757
v 20.93766443 13.99004832 -13.02906312
v 20.93766443 13.99004739 -13.12828250
v 20.92146128 13.97045050 -13.02726474
v 20.91936581 13.96787260 -13.12624943
v 20.76243795 13.73979822 -13.00700288
v 20.76243795 13.73979822 -13.10622226
v 20.74975893 13.71746045 -13.00511695
v 20.74807882 13.71444203 -13.10407929
v 20.63333057 13.46292440 -12.98442762
v 20.63333057 13.46292440 -13.08364701
v 20.62361129 13.43551744 -12.98227813
v 20.62246017 13.43217399 -13.08123581
v 20.55426128 13.16783763 -12.96202280
v 20.55426128 13.16783763 -13.06124311
v 20.54917440 13.13741785 -12.95979880
v 20.54862306 13.13390024 -13.05876113
v 20.52763477 12.86350284 -12.94047292
v 20.52763477 12.86350284 -13.03969231
v 20.52783407 12.83707004 -12.93865778
v 20.52789181 12.83351518 -13.03763594
v 20.55426128 12.55916152 -12.91892119
v 20.55426128 12.55916152 -13.01813684
v 20.55847272 12.53618021 -12.91723084
v 20.55917121 12.53252756 -13.01618200
v 20.63333057 12.26407476 -12.89651729
v 20.63333057 12.26407476 -12.99573667
v 20.64232156 12.23993115 -12.89461460
v 20.64368688 12.23635394 -12.99354620
v 20.76243982 11.98720094 -12.87394203
v 20.76243795 11.98720094 -12.97316141
v 20.77711746 11.96225360 -12.87182234
v 20.77911794 11.95892692 -12.97075581
v 20.93766443 11.73695270 -12.85188086
v 20.93766443 11.73695270 -12.95110025
v 20.95594257 11.71552204 -12.84989901
v 20.95848136 11.71259861 -12.94884644
v 21.15368657 11.52092963 -12.83062436
v 21.15368843 11.52092870 -12.92984374
v 21.17097564 11.50661241 -12.82903738
v 21.17404342 11.50410809 -12.92797737
v 21.40393667 11.34570315 -12.80856319
v 21.40393667 11.34570315 -12.90778257
v 21.42362297 11.33450586 -12.80690171
v 21.42720856 11.33250352 -12.90582027
v 21.68081142 11.21659484 -12.78598886
v 21.68081142 11.21659484 -12.88520824
v 21.70534059 11.20787300 -12.78406661
v 21.70930058 11.20650303 -12.88297679
v 21.97589725 11.13752648 -12.76358403
v 21.97589725 11.13752648 -12.86280341
v 22.00334892 11.13291085 -12.76158076
v 22.00750634 11.13225054 -12.86049467
v 22.28023298 11.11089997 -12.74203416
v 22.28023298 11.11089997 -12.84125354
v 22.30372466 11.11105736 -12.74042390
v 22.30791003 11.11111883 -12.83935644
v 22.58457430 11.13752648 -12.72048242
v 22.58457430 11.13752648 -12.81970181
v 22.60459214 11.14117634 -12.71901093
v 22.60888182 11.14198938 -12.81791367
v 22.87966013 11.21659484 -12.69807946
v 22.87966199 11.21659484 -12.79729884
v 22.90095575 11.22450177 -12.69639842
v 22.90514670 11.22609526 -12.79528718
v 23.15653488 11.34570315 -12.67550327
v 23.15653488 11.34570315 -12.77472265
v 23.17888103 11.35882549 -12.67360430
v 23.18276837 11.36115473 -12.77249120
v 23.40678498 11.52092870 -12.65344210
v 23.40678498 11.52092870 -12.75266148
v 23.42596650 11.53726224 -12.65166979
v 23.42937700 11.54021639 -12.75057252
v 23.62280525 11.73695177 -12.63218932
v 23.62280712 11.73695177 -12.73140498
v 23.63523282 11.75192930 -12.63081189
v 23.63814786 11.75549161 -12.72970717
v 23.79803173 11.98720094 -12.61012815
v 23.79803173 11.98720187 -12.70934381
v 23.80774170 12.00423855 -12.60868646
v 23.81007001 12.00838946 -12.70755567
v 23.92714098 12.26407569 -12.58754916
v 23.92714098 12.26407569 -12.68676855
v 23.93486165 12.28572801 -12.58585416
v 23.93645234 12.29030360 -12.68471219
v 24.00620840 12.55916245 -12.56514899
v 24.00620840 12.55916245 -12.66436465
v 24.01034720 12.58364320 -12.56335713
v 24.01111647 12.58843672 -12.66222633
v 24.03283492 12.86349632 -12.54359819
v 24.03283492 12.86349632 -12.64281478
v 24.03271571 12.88404968 -12.54219096
v 24.03265238 12.88886555 -12.64107786
v 24.00620840 13.16783763 -12.52204459
v 24.00620840 13.16783763 -12.62126304
v 24.00311455 13.18489201 -12.52079196
v 24.00218882 13.18981778 -12.61964720
v 23.92714098 13.46292533 -12.49964070
v 23.92714098 13.46292533 -12.59886008
v 23.92031066 13.48136831 -12.49818690
v 23.91849272 13.48617394 -12.59702723
v 23.79803173 13.73979915 -12.47706544
v 23.79803173 13.73979915 -12.57628482
v 23.78646284 13.75954039 -12.47538812
v 23.78380485 13.76399118 -12.57422846
v 23.62280712 13.99004739 -12.45500334
v 23.62280712 13.99004739 -12.55422272
v 23.60841446 14.00698163 -12.45343871
v 23.60504679 14.01087921 -12.55229767
v 23.40678498 14.20607045 -12.43375149
v 23.40678498 14.20607045 -12.53297087
v 23.39410968 14.21660371 -12.43258454
v 23.39005843 14.21992946 -12.53143605
v 23.15653488 14.38129693 -12.41168939
v 23.15653488 14.38129693 -12.51090877
v 23.14214222 14.38951492 -12.41047215
v 23.13742787 14.39216919 -12.50929665
v 22.87966013 14.51040525 -12.38911413
v 22.87966013 14.51040525 -12.48833351
v 22.86088280 14.51711915 -12.38763891
v 22.85569161 14.51893244 -12.48645317
v 22.58457243 14.58947361 -12.36671023
v 22.58457243 14.58947361 -12.46592961
v 22.56306075 14.59312905 -12.36513909
v 22.55763113 14.59400821 -12.46395987
v 22.28023857 14.61610012 -12.34515943
v 22.28023857 14.61610012 -12.44437881
v 22.26262353 14.61601164 -12.34395336
v 22.25717902 14.61594831 -12.44279929
v 21.97589725 14.58947361 -12.32360955
v 21.97589725 14.58947361 -12.42282894
v 21.96181007 14.58693016 -12.32257392
v 21.95624635 14.58589267 -12.42138259
v 21.68080956 14.51040525 -12.30120473
v 21.68080956 14.51040525 -12.40042504
v 21.66521922 14.50464688 -12.29997538
v 21.65979892 14.50260542 -12.39876635
v 21.40393667 14.38129693 -12.27863040
v 21.40393667 14.38129693 -12.37784978
v 21.38680406 14.37127497 -12.27717288
v 21.38178796 14.36829194 -12.37596385
v 21.15368843 14.20607045 -12.25656923
v 21.15368843 14.20607232 -12.35578861
v 21.13900892 14.19361588 -12.25521322
v 21.13462053 14.18983843 -12.35402189
v 20.93766630 13.99004832 -12.23531272
v 20.93766443 13.99004832 -12.33453210
v 20.92902921 13.97967525 -12.23435905
v 20.92529088 13.97513505 -12.33316027
v 20.76243982 13.73979915 -12.21325155
v 20.76243795 13.73979822 -12.31247000
v 20.75571567 13.72805052 -12.21226063
v 20.75273544 13.72277178 -12.31103204
v 20.63333057 13.46292440 -12.19067536
v 20.63333057 13.46292440 -12.28989474
v 20.62762901 13.44702020 -12.18942739
v 20.62558942 13.44121527 -12.28819229
v 20.55426128 13.16783670 -12.16827240
v 20.55426128 13.16783763 -12.26749178
v 20.55109479 13.14929407 -12.16691546
v 20.55010200 13.14322650 -12.26569153
v 20.52763477 12.86350191 -12.14672066
v 20.52763477 12.86350284 -12.24594004
v 20.52769624 12.84882613 -12.14571856
v 20.52775770 12.84275111 -12.24451698
v 20.55426128 12.55916245 -12.12517079
v 20.55426128 12.55916245 -12.22439017
v 20.55625990 12.54803780 -12.12435402
v 20.55740729 12.54183706 -12.22311612
v 20.63333057 12.26407476 -12.10276596
v 20.63333057 12.26407476 -12.20198534
v 20.63802257 12.25133892 -12.10176479
v 20.64028382 12.24530302 -12.20050734
v 20.76243982 11.98720094 -12.08019070
v 20.76243982 11.98720094 -12.17941102
v 20.77091672 11.97267883 -12.07895856
v 20.77422477 11.96709741 -12.17770390
v 20.93766443 11.73695177 -12.05813047
v 20.93766443 11.73695270 -12.15734985
v 20.94818652 11.72453072 -12.05698308
v 20.95237374 11.71965152 -12.15575077
v 21.15368657 11.52092963 -12.03687768
v 21.15368657 11.52092963 -12.13609334
v 21.16176300 11.51419431 -12.03613169
v 21.16679028 11.51004247 -12.13488914
v 21.40393667 11.34570315 -12.01481652
v 21.40393667 11.34570315 -12.11403217
v 21.41304500 11.34048123 -12.01404445
v 21.41888626 11.33717038 -12.11276930
v 21.68081142 11.21659484 -11.99224126
v 21.68081142 11.21659484 -12.09145598
v 21.69384435 11.21190935 -11.99121680
v 21.70026489 11.20964438 -12.08993234
v 21.97589912 11.13752648 -11.96983736
v 21.97589725 11.13752648 -12.06905302
v 21.99147269 11.13485172 -11.96869649
v 21.99817821 11.13374531 -12.06742506
v 22.28023484 11.11089997 -11.94828562
v 22.28023298 11.11089997 -12.04750128
v 22.29197323 11.11093909 -11.94748096
v 22.29867689 11.11099683 -12.04623934
v 22.58457243 11.13752648 -11.92673109
v 22.58457243 11.13752648 -12.02595048
v 22.52742276 14.59858101 -14.74379655
v 22.52964489 14.59826250 -14.84317612
v 22.28024043 14.61610012 -14.72640969
v 22.28024043 14.61610012 -14.82562907
v 22.22730592 14.61530011 -14.72277101
v 22.22943865 14.61536344 -14.82213475
v 21.97589539 14.58947361 -14.70485982
v 21.97589539 14.58947361 -14.80407547
v 21.92626335 14.57998250 -14.70119786
v 21.92833461 14.58040811 -14.80056997
v 21.68080956 14.51040432 -14.68245499
v 21.68080956 14.51040432 -14.78167437
v 21.63110673 14.49145563 -14.67852108
v 21.63302153 14.49221745 -14.77789413
v 21.40393667 14.38129693 -14.65987973
v 21.40393667 14.38129693 -14.75910004
v 21.35571092 14.35241196 -14.65576701
v 21.35738917 14.35345318 -14.75512795
v 21.15369029 14.20607325 -14.63781949
v 21.15369029 14.20607325 -14.73703887
v 21.11221664 14.17015214 -14.63396754
v 21.11360617 14.17139266 -14.73331638
v 20.93766257 13.99004646 -14.61656298
v 20.93766257 13.99004646 -14.71578237
v 20.90649307 13.95182032 -14.61306866
v 20.90761624 13.95323593 -14.71241377
v 20.76243795 13.73979729 -14.59450182
v 20.76243795 13.73979729 -14.69372120
v 20.73805965 13.69614620 -14.59082775
v 20.73889971 13.69769964 -14.69017752
v 20.63333057 13.46292440 -14.57192656
v 20.63333057 13.46292440 -14.67114501
v 20.61582170 13.41243740 -14.56798054
v 20.61635256 13.41404673 -14.66732286
v 20.55426128 13.16783950 -14.54952266
v 20.55426128 13.16783950 -14.64874204
v 20.54558136 13.11365794 -14.54557292
v 20.54581046 13.11524119 -14.64490779
v 20.52763477 12.86350377 -14.52797092
v 20.52763477 12.86350377 -14.62719031
v 20.52834816 12.81351782 -14.52453714
v 20.52830718 12.81501912 -14.62385617
v 20.55426314 12.55915966 -14.50642012
v 20.55426314 12.55915966 -14.60563950
v 20.56314610 12.51248736 -14.50297795
v 20.56285366 12.51392346 -14.60230537
v 20.63333057 12.26407383 -14.48401622
v 20.63333057 12.26407383 -14.58323561
v 20.65115422 12.21720316 -14.48031049
v 20.65063640 12.21851073 -14.57963325
v 20.76243795 11.98720187 -14.46144097
v 20.76243795 11.98720187 -14.56066035
v 20.78972757 11.94154844 -14.45754804
v 20.78903094 11.94267627 -14.55686428
v 20.93766257 11.73695456 -14.43938073
v 20.93766257 11.73695456 -14.53860011
v 20.97161114 11.69769280 -14.43573646
v 20.97079530 11.69860829 -14.53504153
v 21.15368843 11.52092777 -14.41812329
v 21.15368843 11.52092777 -14.51734360
v 21.18957415 11.49161719 -14.41484131
v 21.18866146 11.49234269 -14.51414637
v 21.40393853 11.34570222 -14.39606305
v 21.40393853 11.34570222 -14.49528243
v 21.44491486 11.32277120 -14.39261623
v 21.44393697 11.32330112 -14.49191384
v 21.68081142 11.21659484 -14.37348779
v 21.68081142 11.21659484 -14.47270717
v 21.72840759 11.20004151 -14.36976902
v 21.72742039 11.20037027 -14.46906384
v 21.97589539 11.13752648 -14.35108762
v 21.97589539 11.13752648 -14.45030328
v 22.02710696 11.12927590 -14.34735116
v 22.02616073 11.12941466 -14.44664132
v 22.28023112 11.11089997 -14.32953216
v 22.28023112 11.11089997 -14.42875154
v 22.32727036 11.11153141 -14.32630233
v 22.32640423 11.11150812 -14.42558225
v 22.58457616 11.13752648 -14.30798136
v 22.58457616 11.13752648 -14.40720074
v 22.62828872 11.14580780 -14.30475898
v 22.62748778 11.14564575 -14.40403797
v 22.87966199 11.21659484 -14.28557746
v 22.87966199 11.21659484 -14.38479684
v 22.92369865 11.23329625 -14.28209897
v 22.92299829 11.23302057 -14.38136958
v 23.15653488 11.34570315 -14.26300220
v 23.15653488 11.34570315 -14.36222158
v 23.19961041 11.37140114 -14.25933372
v 23.19903485 11.37104724 -14.35860060
v 23.40678126 11.52092777 -14.24094103
v 23.40678126 11.52092777 -14.34016041
v 23.44382741 11.55290473 -14.23750725
v 23.44338782 11.55251358 -14.33676761
v 23.62280712 11.73695363 -14.21968825
v 23.62280712 11.73695363 -14.31890763
v 23.65025692 11.77049987 -14.21661954
v 23.64993095 11.77009102 -14.31587618
v 23.79803360 11.98720280 -14.19762708
v 23.79803360 11.98720280 -14.29684740
v 23.81951362 12.02550810 -14.19440191
v 23.81929383 12.02510484 -14.29365482
v 23.92714098 12.26407569 -14.17505275
v 23.92714098 12.26407569 -14.27427214
v 23.94273318 12.30878383 -14.17155471
v 23.94261025 12.30841596 -14.27080389
v 24.00620840 12.55916059 -14.15264793
v 24.00620840 12.55916059 -14.25186731
v 24.01402406 12.60740124 -14.14913218
v 24.01397750 12.60709390 -14.24836926
v 24.03283492 12.86349632 -14.13109805
v 24.03283492 12.86349632 -14.23031744
v 24.03228171 12.90758885 -14.12806846
v 24.03228730 12.90735416 -14.22730368
v 24.00620840 13.16783950 -14.10954632
v 24.00620840 13.16783950 -14.20876198
v 23.99852499 13.20859231 -14.10654467
v 23.99855852 13.20842747 -14.20577429
v 23.92714098 13.46292626 -14.08714335
v 23.92714098 13.46292626 -14.18636180
v 23.91155623 13.50412611 -14.08388745
v 23.91159162 13.50403577 -14.18311056
v 23.79803173 13.73979822 -14.06456716
v 23.79803173 13.73979822 -14.16378655
v 23.77392165 13.78029399 -14.06111848
v 23.77393469 13.78027257 -14.16033786
v 23.62280898 13.99004553 -14.04250599
v 23.62280898 13.99004553 -14.14172538
v 23.59279804 14.02487420 -14.03927617
v 23.59276637 14.02490865 -14.13849276
v 23.40678498 14.20607232 -14.02124949
v 23.40678498 14.20607232 -14.12046887
v 23.37557077 14.23165482 -14.01839219
v 23.37547764 14.23172932 -14.11760412
v 23.15653302 14.38129786 -13.99918832
v 23.15653302 14.38129786 -14.09840770
v 23.12089503 14.40132223 -13.99618667
v 23.12072553 14.40141443 -14.09539022
v 22.87966013 14.51040525 -13.97661306
v 22.87966013 14.51040525 -14.07583337
v 22.83784002 14.52503074 -13.97334319
v 22.83758670 14.52511456 -14.07253928
v 22.58457430 14.58947361 -13.95420916
v 22.58457430 14.58947361 -14.05342855
v 22.53930457 14.59684689 -13.95090856
v 22.53897488 14.59689531 -14.05010186
v 22.28023857 14.61610012 -13.93265929
v 22.28023857 14.61610012 -14.03187867
v 22.23909087 14.61561676 -13.92983552
v 22.23869413 14.61560745 -14.02902417
v 21.97589539 14.58947361 -13.91110756
v 21.97589539 14.58947361 -14.01032694
v 21.93810418 14.58238158 -13.90832476
v 21.93763293 14.58228752 -14.00750689
v 21.68080956 14.51040525 -13.88870459
v 21.68080956 14.51040432 -13.98792397
v 21.64244838 14.49593157 -13.88567127
v 21.64192870 14.49572854 -13.98484968
v 21.40393667 14.38129693 -13.86612933
v 21.40393667 14.38129693 -13.96534778
v 21.36602625 14.35876824 -13.86289857
v 21.36549167 14.35844135 -13.96207325
v 21.15369029 14.20607232 -13.84406723
v 21.15369029 14.20607232 -13.94328661
v 21.12108469 14.17802460 -13.84104602
v 21.12057246 14.17757291 -13.94021697
v 20.93766443 13.99004739 -13.82281072
v 20.93766443 13.99004739 -13.92203011
v 20.91394924 13.96116521 -13.82016670
v 20.91347426 13.96057289 -13.91933300
v 20.76243795 13.73979729 -13.80074956
v 20.76243795 13.73979729 -13.89996894
v 20.74387297 13.70682567 -13.79797421
v 20.74346691 13.70608434 -13.89713120
v 20.63333057 13.46292440 -13.77817430
v 20.63333057 13.46292440 -13.87739368
v 20.61967552 13.42398953 -13.77512701
v 20.61938122 13.42311781 -13.87428027
v 20.55426128 13.16783763 -13.75577413
v 20.55426128 13.16783763 -13.85498978
v 20.54733597 13.12553976 -13.75268679
v 20.54718882 13.12457118 -13.85183539
v 20.52763477 12.86350377 -13.73422332
v 20.52763477 12.86350377 -13.83343991
v 20.52805200 12.82530092 -13.73160072
v 20.52807435 12.82427087 -13.83074559
v 20.55426128 12.55916059 -13.71266972
v 20.55426128 12.55916059 -13.81188910
v 20.56076750 12.52433006 -13.71010579
v 20.56098543 12.52322271 -13.80924322
v 20.63333057 12.26407383 -13.69026583
v 20.63333057 12.26407383 -13.78948521
v 20.64669691 12.22855225 -13.68745975
v 20.64713649 12.22742349 -13.78659066
v 20.76243795 11.98720094 -13.66769057
v 20.76243795 11.98720094 -13.76690995
v 20.78338899 11.95187680 -13.66468333
v 20.78405395 11.95078623 -13.76381051
v 20.93766257 11.73695363 -13.64562847
v 20.93766257 11.73695363 -13.74484785
v 20.96375078 11.70657575 -13.64281680
v 20.96462250 11.70558389 -13.74194212
v 21.15368843 11.52092870 -13.62437662
v 21.15368843 11.52092870 -13.72359600
v 21.18024230 11.49908639 -13.62194307
v 21.18133381 11.49820816 -13.72106280
v 21.40393853 11.34570222 -13.60231452
v 21.40393853 11.34570222 -13.70153390
v 21.43424749 11.32860314 -13.59975897
v 21.43555880 11.32788043 -13.69886659
v 21.68081142 11.21659484 -13.57973926
v 21.68081142 11.21659484 -13.67895864
v 21.71686105 11.20391674 -13.57691549
v 21.71835303 11.20341104 -13.67601939
v 21.97589725 11.13752648 -13.55733629
v 21.97589725 11.13752648 -13.65655474
v 22.01522700 11.13105193 -13.55446316
v 22.01683261 11.13080699 -13.65356706
v 22.28023298 11.11089997 -13.53578456
v 22.28023112 11.11089997 -13.63500394
v 22.31549099 11.11125480 -13.53336312
v 22.31715247 11.11128926 -13.63246702
v 22.58457430 11.13752648 -13.51423468
v 22.58457430 11.13752648 -13.61345034
v 22.61644416 11.14345063 -13.51188775
v 22.61818759 11.14379149 -13.61097582
v 22.87966199 11.21659484 -13.49182986
v 22.87966199 11.21659484 -13.59104924
v 22.91234210 11.22885849 -13.48924823
v 22.91408181 11.22953370 -13.58833071
v 23.15653488 11.34570315 -13.46925553
v 23.15653488 11.34570315 -13.56847491
v 23.18926901 11.36507932 -13.46646901
v 23.19091745 11.36608049 -13.56554590
v 23.40678126 11.52092777 -13.44719436
v 23.40678126 11.52092777 -13.54641374
v 23.43492955 11.54505741 -13.44458573
v 23.43640104 11.54634915 -13.54366820
v 23.62280712 11.73695270 -13.42593785
v 23.62280712 11.73695270 -13.52515724
v 23.64277281 11.76118478 -13.42371758
v 23.64405617 11.76277269 -13.52279074
v 23.79803360 11.98720187 -13.40387668
v 23.79803360 11.98720187 -13.50309607
v 23.81366305 12.01485097 -13.40154465
v 23.81470427 12.01673318 -13.50060757
v 23.92714098 12.26407569 -13.38130049
v 23.92714098 12.26407569 -13.48051988
v 23.93883653 12.29724381 -13.37870397
v 23.93955551 12.29935233 -13.47776037
v 24.00620840 12.55916152 -13.35889753
v 24.00620840 12.55916152 -13.45811691
v 24.01222661 12.59552035 -13.35624512
v 24.01257306 12.59776391 -13.45530059
v 24.03283492 12.86349632 -13.33734579
v 24.03283492 12.86349632 -13.43656518
v 21.25568129 14.28543311 -16.23453572
v 21.15368657 14.20606952 -16.23453572
v 21.09467424 14.15425446 -16.21982083
v 20.93766630 13.99004925 -16.23453572
v 20.93766257 13.99004459 -16.20406099
v 20.76243982 13.73980008 -16.23453572
v 20.76243795 13.73979636 -16.18200168
v 20.89175396 13.93295079 -16.19886048
v 20.63333057 13.46292440 -16.23453572
v 20.55426128 13.16783577 -16.23453572
v 20.55426314 13.16784136 -16.13702439
v 20.55030689 13.14448938 -16.23453572
v 20.54231986 13.08989245 -16.13135822
v 20.54320276 13.09657842 -16.23105817
v 20.52763477 12.86350377 -16.11547172
v 20.52763477 12.86350377 -16.21468924
v 20.52918077 12.78991625 -16.11039974
v 20.52891627 12.79649045 -16.21007361
v 20.55426314 12.55915780 -16.09391905
v 20.55426314 12.55915873 -16.19313844
v 20.56815289 12.48883083 -16.08872227
v 20.56674287 12.49534078 -16.18842781
v 20.63333057 12.26407383 -16.07151516
v 20.63333057 12.26407383 -16.17073454
v 20.66030353 12.19459902 -16.06600545
v 20.65777965 12.20074296 -16.16571657
v 20.76243795 11.98720280 -16.04893990
v 20.76243795 11.98720187 -16.14815928
v 20.80260776 11.92104351 -16.04328491
v 20.79911157 11.92654762 -16.14297926
v 20.93766071 11.73695549 -16.02687873
v 20.93766257 11.73695549 -16.12609811
v 20.98748274 11.68011688 -16.02158509
v 20.98323405 11.68477442 -16.12124406
v 21.15369029 11.52092684 -16.00562595
v 21.15369029 11.52092684 -16.10484533
v 21.20841295 11.47684827 -16.00063965
v 21.20342664 11.48071699 -16.10030793
v 21.40393853 11.34570222 -15.98356478
v 21.40393853 11.34570222 -16.08278416
v 21.46638371 11.31132338 -15.97832330
v 21.46077529 11.31427754 -16.07800834
v 21.68081142 11.21659484 -15.96098952
v 21.68081142 11.21659484 -16.06020890
v 21.75157145 11.19253598 -15.95547237
v 21.74559794 11.19443774 -16.05515555
v 21.97589539 11.13752648 -15.93858562
v 21.97589539 11.13752648 -16.03780501
v 22.05087245 11.12597343 -15.93313552
v 22.04482444 11.12678275 -16.03279077
v 22.28023112 11.11089997 -15.91703482
v 22.28023112 11.11089997 -16.01625420
v 22.35086635 11.11232396 -15.91216587
v 22.34492823 11.11209393 -16.01179875
v 22.58457802 11.13752741 -15.89548402
v 22.58457616 11.13752648 -15.99469967
v 22.65195176 11.15077268 -15.89050330
v 22.64607325 11.14950795 -15.99015854
v 22.87966199 11.21659577 -15.87308012
v 22.87966199 11.21659577 -15.97229578
v 22.94631675 11.24240737 -15.86779393
v 22.94077538 11.24014147 -15.96745662
v 23.15653302 11.34570222 -15.85050486
v 23.15653302 11.34570222 -15.94972424
v 23.22014049 11.38424780 -15.84506594
v 23.21517840 11.38110738 -15.94471373
v 23.40677939 11.52092591 -15.82844369
v 23.40677939 11.52092591 -15.92766307
v 23.46143499 11.56875212 -15.82335494
v 23.45724031 11.56493742 -15.92296548
v 23.62280898 11.73695456 -15.80718718
v 23.62280898 11.73695456 -15.90640657
v 23.66505377 11.78930979 -15.80241509
v 23.66157249 11.78483758 -15.90203680
v 23.79803360 11.98720373 -15.78512602
v 23.79803360 11.98720373 -15.88434540
v 23.83099683 12.04695459 -15.78010805
v 23.82834069 12.04192918 -15.87974839
v 23.92714098 12.26407476 -15.76255076
v 23.92714098 12.26407569 -15.86177014
v 23.95027876 12.33193558 -15.75725712
v 23.94856699 12.32658792 -15.85689001
v 24.00620840 12.55915966 -15.74014686
v 24.00620840 12.55915966 -15.83936624
v 24.01736751 12.63116580 -15.73491283
v 24.01663549 12.62575574 -15.83451964
v 24.03283492 12.86349539 -15.71859606
v 24.03283492 12.86349539 -15.81781544
v 24.03152920 12.93117926 -15.71393572
v 24.03172478 12.92587537 -15.81352018
v 24.00620840 13.16784136 -15.69704525
v 24.00620840 13.16784136 -15.79626463
v 23.99360202 13.23225908 -15.69228433
v 23.99472147 13.22701573 -15.79189487
v 23.92714098 13.46292626 -15.67464136
v 23.92714098 13.46292626 -15.77386074
v 23.90248328 13.52676190 -15.66958241
v 23.90449494 13.52182217 -15.76919295
v 23.79803360 13.73979729 -15.65206610
v 23.79803360 13.73979822 -15.75128548
v 23.76110852 13.80084921 -15.64685069
v 23.76389503 13.79643194 -15.74645005
v 23.62280898 13.99004459 -15.63000493
v 23.62280898 13.99004459 -15.72922431
v 23.57697487 14.04251345 -15.62512107
v 23.58035743 14.03878070 -15.72469063
v 23.40678126 14.20607325 -15.60874842
v 23.40678126 14.20607325 -15.70796780
v 23.35678972 14.24648147 -15.60418867
v 23.36074971 14.24339041 -15.70376568
v 23.15653302 14.38129786 -15.58668818
v 23.15653302 14.38129786 -15.68590663
v 23.09947088 14.41284176 -15.58189653
v 23.10391515 14.41048365 -15.68148471
v 22.87966013 14.51040525 -15.56411292
v 22.87966013 14.51040525 -15.66333137
v 22.81469852 14.53261822 -15.55904560
v 22.81942219 14.53109831 -15.65863006
v 22.58457616 14.58947361 -15.54171182
v 22.58457616 14.58947361 -15.64092748
v 22.51554094 14.60023224 -15.53668734
v 22.52031304 14.59957846 -15.63625224
v 22.28024043 14.61610012 -15.52015822
v 22.28024043 14.61610012 -15.61937667
v 22.21550792 14.61490430 -15.51570185
v 22.22017758 14.61507101 -15.61524626
v 21.97589353 14.58947267 -15.49860649
v 21.97589539 14.58947267 -15.59782587
v 21.91443369 14.57749959 -15.49406908
v 21.91904187 14.57847655 -15.59363212
v 21.68080956 14.51040432 -15.47620259
v 21.68080956 14.51040432 -15.57542197
v 21.61979675 14.48689960 -15.47137182
v 21.62413299 14.48865701 -15.57093300
v 21.40393853 14.38129693 -15.45362733
v 21.40393667 14.38129693 -15.55284671
v 21.34544402 14.34598863 -15.44863265
v 21.34931646 14.34842311 -15.54818358
v 21.15369029 14.20607325 -15.43156616
v 21.15369029 14.20607325 -15.53078555
v 21.10341378 14.16222844 -15.42689092
v 21.10667899 14.16518074 -15.52641578
v 20.93766257 13.99004553 -15.41031338
v 20.93766257 13.99004553 -15.50953276
v 20.89909464 13.94241489 -15.40596690
v 20.90179548 13.94586265 -15.50549921
v 20.76243795 13.73979636 -15.38825221
v 20.76243795 13.73979729 -15.48747160
v 20.73231712 13.68542295 -15.38368128
v 20.73437534 13.68928701 -15.48322476
v 20.63333057 13.46292440 -15.36567789
v 20.63333057 13.46292440 -15.46489727
v 20.61204799 13.40086106 -15.36083408
v 20.61337419 13.40496074 -15.46037011
v 20.55426314 13.16784043 -15.34327306
v 20.55426314 13.16784043 -15.44249244
v 20.54390870 13.10177613 -15.33846371
v 20.54448053 13.10591027 -15.43798205
v 20.52763477 12.86350377 -15.32172319
v 20.52763477 12.86350377 -15.42094257
v 20.52872442 12.80172262 -15.31746890
v 20.52858658 12.80575804 -15.41696768
v 20.55426314 12.55915873 -15.30017145
v 20.55426314 12.55915873 -15.39938711
v 20.56560665 12.50065397 -15.29585104
v 20.56477033 12.50462979 -15.39536379
v 20.63333057 12.26407383 -15.27776849
v 20.63333057 12.26407383 -15.37698787
v 20.65568976 12.20588479 -15.27315658
v 20.65418474 12.20961753 -15.37267305
v 20.76243795 11.98720187 -15.25519229
v 20.76243795 11.98720187 -15.35441168
v 20.79613507 11.93127129 -15.25041647
v 20.79405077 11.93459611 -15.34991898
v 20.93766257 11.73695549 -15.23313113
v 20.93766257 11.73695456 -15.33235051
v 20.97952180 11.68887317 -15.22866171
v 20.97699977 11.69167180 -15.32814093
v 21.15369029 11.52092684 -15.21187462
v 21.15369029 11.52092777 -15.31109400
v 21.19896375 11.48420386 -15.20774327
v 21.19602636 11.48651168 -15.30722715
v 21.40393853 11.34570222 -15.18981345
v 21.40393853 11.34570222 -15.28903283
v 21.45562693 11.31701097 -15.18547069
v 21.45234309 11.31876651 -15.28496202
v 21.68081142 11.21659484 -15.16723819
v 21.68081142 11.21659484 -15.26645757
v 21.73997834 11.19624823 -15.16261976
v 21.73650451 11.19737886 -15.26210643
v 21.97589539 11.13752648 -15.14483429
v 21.97589539 11.13752648 -15.24405368
v 22.03898877 11.12758368 -15.14024194
v 22.03549258 11.12807263 -15.23971371
v 22.28023112 11.11089997 -15.12328442
v 22.28023112 11.11089997 -15.22250380
v 22.33906277 11.11188717 -15.11923410
v 22.33566158 11.11177634 -15.21868911
v 22.58457616 11.13752648 -15.10173362
v 22.58457616 11.13752648 -15.20095207
v 22.64012396 11.14824880 -15.09763114
v 22.63678238 11.14755124 -15.19710105
v 22.87966199 11.21659577 -15.07932972
v 22.87966199 11.21659577 -15.17854910
v 22.93502353 11.23781223 -15.07494412
v 22.93189615 11.23655681 -15.17441403
v 23.15653302 11.34570315 -15.05675446
v 23.15653302 11.34570315 -15.15597384
v 23.20989966 11.37779094 -15.05219750
v 23.20712246 11.37605682 -15.15165623
v 23.40678126 11.52092684 -15.03469236
v 23.40678126 11.52092684 -15.13391174
v 23.45266379 11.56080328 -15.03042690
v 23.45033363 11.55870967 -15.12986701
v 23.62280898 11.73695456 -15.01343586
v 23.62280712 11.73695363 -15.11265524
v 23.65768328 11.77987456 -15.00951778
v 23.65576848 11.77744567 -15.10895602
v 23.79803360 11.98720280 -14.99137469
v 23.79803360 11.98720280 -15.09059407
v 23.82529154 12.03620993 -14.98725545
v 23.82383868 12.03350350 -15.08670114
v 23.92714098 12.26407569 -14.96879943
v 23.92714098 12.26407569 -15.06801881
v 23.94654602 12.32034806 -14.96440824
v 23.94561470 12.31749449 -15.06384648
v 24.00620840 12.55915966 -14.94639926
v 24.00620840 12.55916059 -15.04561491
v 24.01573770 12.61928305 -14.94201832
v 24.01533164 12.61642389 -15.04144631
v 24.03283492 12.86349539 -14.92484473
v 24.03283492 12.86349632 -15.02406411
v 24.03194457 12.91937847 -14.92100395
v 24.03203025 12.91661151 -15.02041332
v 24.00620840 13.16784043 -14.90329485
v 24.00620840 13.16784043 -15.00251424
v 23.99610542 13.22043035 -14.89941590
v 23.99666607 13.21772393 -14.99883272
v 23.92714098 13.46292626 -14.88089096
v 23.92714098 13.46292626 -14.98011034
v 23.90705980 13.51545937 -14.87673260
v 23.90806749 13.51293828 -14.97615315
v 23.79803360 13.73979822 -14.85831570
v 23.79803360 13.73979822 -14.95753508
v 23.76754768 13.79059628 -14.85398319
v 23.76893535 13.78836762 -14.95339163
v 23.62280898 13.99004553 -14.83625453
v 23.62280898 13.99004553 -14.93547298
v 23.58491160 14.03372549 -14.83219676
v 23.58657867 14.03186470 -14.93159216
v 23.40678126 14.20607232 -14.81500175
v 23.40678126 14.20607232 -14.91422113
v 23.36620912 14.23909701 -14.81129415
v 23.36813137 14.23757710 -14.91068583
v 23.15653302 14.38129786 -14.79294058
v 23.15653302 14.38129786 -14.89215903
v 23.11020531 14.40711785 -14.78904299
v 23.11233431 14.40597139 -14.88843840
v 22.87966013 14.51040525 -14.77036439
v 22.87966013 14.51040525 -14.86958377
v 22.82628044 14.52886499 -14.76619206
v 22.82851189 14.52813204 -14.86558747
v 22.58457616 14.58947361 -14.74796142
v 22.58457430 14.58947361 -14.84718081
v 20.60835622 13.38926237 -16.15368389
v 20.63333057 13.46292533 -16.15942642
v 20.72664909 13.67465686 -16.17653482
v 22.28023484 11.43849455 -10.64913906
v 22.28023484 11.54053025 -10.70805173
v 22.28023484 11.54053025 -10.80726739
v 22.28023484 11.54053025 -10.90648677
v 22.28023484 11.32571511 -11.03051286
v 20.85664310 12.28197664 -16.28973894
v 20.77676170 12.54046615 -16.31244831
v 20.98678425 12.58559059 -16.43647254
v 21.14220709 11.82924956 -16.24526642
v 20.98065242 12.04138901 -16.26699977
v 21.16219327 12.15623040 -16.39102213
v 21.56121656 11.50416397 -16.20203070
v 21.33540995 11.65020373 -16.22433029
v 21.46739513 11.81969047 -16.34835266
v 22.07367867 11.33965049 -16.15681313
v 21.81112953 11.39901299 -16.17917605
v 21.87665924 11.60358917 -16.30320027
v 22.60123193 11.35959011 -16.11418463
v 22.33700082 11.32676285 -16.13582298
v 22.32906967 11.54143177 -16.25984348
v 23.10058288 11.56280283 -16.06873795
v 22.85981365 11.43911481 -16.09148085
v 22.77885191 11.63808908 -16.21550135
v 23.49226363 11.91704907 -16.02606103
v 23.31297658 11.72410138 -16.04699157
v 23.16871099 11.88326441 -16.17101394
v 23.74408208 12.39239611 -15.98091610
v 23.63858931 12.14262843 -16.00377075
v 23.44883978 12.24332768 -16.12779498
v 23.81704561 12.91823015 -15.93754627
v 23.80380593 12.65489589 -15.95854200
v 23.59097637 12.68403605 -16.08256996
v 23.70540984 13.44113238 -15.89321904
v 23.78457785 13.18245940 -15.91591723
v 23.57443608 13.13790400 -16.03993960
v 23.42100255 13.89472838 -15.84871672
v 23.58204313 13.68208323 -15.87047242
v 23.40019308 13.56773451 -15.99449478
v 23.00295793 14.22087103 -15.80551080
v 23.22831191 14.07425851 -15.82779177
v 23.09587412 13.90512567 -15.95181413
v 22.49088697 14.38678894 -15.76027460
v 22.75333554 14.32670187 -15.78265242
v 22.68724702 14.12230544 -15.90667851
v 21.96331322 14.36827332 -15.71765356
v 22.22753875 14.40038159 -15.73926769
v 22.23489992 14.18569311 -15.86329006
v 21.46341838 14.16641753 -15.67220874
v 21.70455083 14.28946294 -15.69495909
v 21.78496867 14.09026887 -15.81898145
v 21.07075043 13.81319854 -15.62952064
v 21.25052176 14.00563493 -15.65043814
v 21.39436267 13.84608820 -15.77446423
v 20.81768028 13.33859470 -15.58439247
v 20.92385106 13.58807087 -15.60724713
v 21.11332491 13.48685473 -15.73126949
v 20.74328437 12.81283516 -15.54099005
v 20.75723186 13.07619829 -15.56200814
v 20.96998133 13.04648630 -15.68602957
v 20.85348777 12.28976343 -15.49669541
v 20.77503502 12.54861616 -15.51938988
v 20.98529786 12.59260252 -15.64341225
v 21.13673650 11.83530129 -15.45216329
v 20.97621188 12.04845123 -15.47394600
v 21.15837298 12.16230635 -15.59796836
v 21.55381627 11.50810346 -15.40898811
v 21.32891677 11.65528782 -15.43124951
v 21.46180719 11.82406489 -15.55527188
v 22.06549048 11.34078298 -15.36373608
v 21.80314623 11.40159275 -15.38613345
v 21.86979167 11.60580944 -15.51015582
v 22.59308100 11.35787368 -15.32112341
v 22.32886851 11.32648438 -15.34271426
v 22.32207544 11.54119149 -15.46673663
v 23.09351414 11.55837160 -15.27568139
v 22.85202220 11.43596973 -15.29843640
v 22.77215011 11.63538359 -15.42246155
v 23.48717116 11.91056240 -15.23297839
v 23.30691554 11.71863731 -15.25388937
v 23.16349745 11.87856402 -15.37791174
v 23.74148928 12.38441840 -15.18786885
v 23.63464050 12.13523559 -15.21072350
v 23.44544232 12.23696768 -15.33474680
v 23.81731384 12.91010156 -15.14443569
v 23.80266227 12.64670771 -15.16546961
v 23.58999290 12.67699152 -15.28949197
v 23.70854467 13.43333721 -15.10017551
v 23.78628403 13.17430753 -15.12285881
v 23.57590385 13.13089021 -15.24688117
v 23.42646010 13.88865896 -15.05561452
v 23.58646691 13.67500704 -15.07741492
v 23.40399660 13.56164739 -15.20144101
v 23.01034518 14.21691198 -15.01246355
v 23.23478833 14.06915765 -15.03471192
v 23.10144715 13.90073821 -15.15873335
v 22.49907516 14.38563410 -14.96720128
v 22.76130952 14.32409883 -14.98960983
v 22.69410901 14.12006654 -15.11363126
v 21.97146788 14.36996739 -14.92459234
v 22.23566547 14.40063864 -14.94615711
v 22.24189229 14.18591477 -15.07018413
v 21.47050202 14.17083107 -14.87915032
v 21.71234973 14.29258659 -14.90191557
v 21.79167792 14.09295574 -15.02593793
v 21.07585780 13.81966844 -14.83643986
v 21.25659958 14.01108410 -14.85733874
v 21.39959112 13.85077741 -14.98136111
v 20.82029358 13.34656682 -14.79134895
v 20.92782035 13.59545253 -14.81420081
v 21.11673914 13.49320542 -14.93822318
v 20.74303851 12.82096095 -14.74788319
v 20.75839788 13.08438554 -14.76893015
v 20.97098343 13.05352990 -14.89295717
v 20.85037529 12.29756698 -14.70365655
v 20.77335119 12.55677082 -14.72632773
v 20.98384872 12.59961817 -14.85035010
v 21.13129199 11.84138842 -14.65906389
v 20.97180672 12.05554046 -14.68088757
v 21.15458250 12.16840558 -14.80491366
v 21.54644206 11.51208207 -14.61593993
v 21.32245526 11.66040450 -14.63816967
v 21.45624906 11.82846632 -14.76219203
v 22.05730416 11.34196017 -14.57066368
v 21.79517783 11.40421815 -14.59308527
v 21.86293714 11.60806697 -14.71711136
v 22.58492447 11.35620195 -14.52806499
v 22.32074551 11.32624876 -14.54960462
v 22.31508680 11.54098846 -14.67362698
v 23.08641747 11.55397668 -14.48262297
v 22.84421586 11.43286750 -14.50539567
v 22.76543342 11.63271442 -14.62941803
v 23.48204702 11.90410927 -14.43989854
v 23.30082096 11.71320025 -14.46078997
v 23.15825410 11.87388692 -14.58481234
v 23.73885363 12.37645186 -14.39482626
v 23.63065258 12.12786604 -14.41767719
v 23.44201133 12.23062724 -14.54169955
v 23.81753922 12.90197950 -14.35132604
v 23.80147390 12.63852138 -14.37239535
v 23.58897030 12.66994886 -14.49641772
v 23.71163666 13.42552528 -14.30713665
v 23.78794365 13.16615008 -14.32979666
v 23.57733063 13.12387269 -14.45381902
v 23.43188971 13.88255600 -14.26251512
v 23.59085158 13.66790477 -14.28436022
v 23.40777032 13.55553605 -14.40838631
v 23.01770821 14.21291381 -14.21941631
v 23.24123494 14.06402607 -14.24162649
v 23.10699224 13.89632374 -14.36564885
v 22.50726148 14.38443456 -14.17412516
v 22.76927233 14.32145294 -14.19656537
v 22.70095795 14.11778945 -14.32058774
v 21.97962627 14.37161677 -14.13153391
v 22.24378474 14.40085284 -14.15304653
v 22.24887721 14.18609824 -14.27707262
v 21.47761174 14.17520735 -14.08609562
v 21.72016539 14.29566741 -14.10887204
v 21.79840207 14.09560628 -14.23289906
v 21.08099684 13.82610574 -14.04335629
v 21.26271091 14.01650812 -14.06423934
v 21.40484937 13.85544240 -14.18826170
v 20.82295157 13.35452590 -13.99830263
v 20.93182690 13.60280998 -14.02115356
v 21.12018876 13.49953469 -14.14517500
v 20.74283548 12.82907929 -13.95477168
v 20.75960860 13.09257187 -13.97585683
v 20.97202651 13.06057256 -14.09988292
v 20.84730379 12.30538636 -13.91061209
v 20.77171393 12.56493106 -13.93326558
v 20.98244056 12.60663848 -14.05728795
v 21.12587728 11.84750907 -13.86596449
v 20.96743882 12.06265669 -13.88783287
v 21.15082555 12.17452716 -14.01185803
v 21.53909020 11.51609980 -13.82288896
v 21.31602541 11.66555099 -13.84508424
v 21.45071700 11.83289383 -13.96910660
v 22.04911783 11.34318206 -13.77758943
v 21.78722247 11.40688732 -13.80004175
v 21.85609192 11.61036361 -13.92406505
v 22.57676423 11.35457493 -13.73500284
v 22.31262811 11.32605597 -13.75649311
v 22.30810374 11.54082362 -13.88051640
v 23.07929471 11.54961810 -13.68956827
v 22.83639088 11.42980810 -13.71235307
v 22.75870182 11.63008157 -13.83637544
v 23.47689308 11.89768780 -13.64681311
v 23.29469100 11.70779113 -13.66769057
v 23.15298095 11.86923310 -13.79171666
v 23.73617329 12.36849930 -13.60178180
v 23.62662554 12.12052070 -13.62462901
v 23.43854681 12.22430822 -13.74865137
v 23.81772175 12.89386395 -13.55821546
v 23.80024083 12.63033506 -13.57932296
v 23.58791046 12.66290620 -13.70334439
v 23.71468581 13.41769751 -13.51409219
v 23.78956042 13.15798797 -13.53673451
v 23.57872017 13.11685052 -13.66075687
v 23.43729138 13.87641765 -13.46941851
v 23.59520085 13.66077550 -13.49130552
v 23.41151237 13.54940236 -13.61533068
v 23.02504703 14.20887653 -13.42636626
v 23.24764803 14.05886468 -13.44854292
v 23.11250940 13.89188319 -13.57256528
v 22.51544595 14.38319031 -13.38105462
v 22.77722210 14.31876142 -13.40352278
v 22.70779759 14.11547512 -13.52754515
v 21.98778838 14.37322143 -13.33846804
v 22.25189842 14.40102421 -13.35993689
v 22.25585654 14.18624539 -13.48395925
v 21.48474753 14.17954732 -13.29304092
v 21.72799781 14.29870632 -13.31583317
v 21.80514112 14.09822050 -13.43985461
v 21.08616568 13.83251045 -13.25027086
v 21.26885764 14.02190235 -13.27114366
v 21.41013741 13.86008412 -13.39516602
v 20.82565241 13.36247195 -13.20525818
v 20.93587443 13.61014321 -13.22810538
v 21.12367004 13.50584347 -13.35212775
v 20.74267529 12.83719018 -13.16165738
v 20.76086402 13.10075726 -13.18278816
v 20.97310685 13.06761429 -13.30681052
v 20.84427699 12.31322251 -13.11757322
v 20.77011950 12.57309504 -13.14020343
v 20.98106965 12.61366159 -13.26422580
v 21.12048864 11.85366325 -13.07286974
v 20.96310817 12.06979994 -13.09477817
v 21.14710025 12.18067296 -13.21880333
v 21.53176256 11.52015664 -13.02984264
v 21.30962908 11.67072728 -13.05199973
v 21.44521475 11.83734741 -13.17602210
v 22.04093151 11.34444866 -12.98451982
v 21.77927829 11.40960027 -13.00699916
v 21.84925787 11.61269657 -13.13102059
v 22.56859839 11.35299355 -12.94193603
v 22.30451815 11.32590696 -12.96337880
v 22.30112627 11.54069509 -13.08740117
v 23.07214588 11.54529676 -12.89651729
v 22.82855101 11.42679062 -12.91931234
v 22.75195718 11.62748598 -13.04333471
v 23.47170934 11.89129893 -12.85372954
v 23.28852937 11.70240995 -12.87459489
v 23.14767800 11.86460443 -12.99861725
v 23.73345010 12.36055978 -12.80873828
v 23.62255938 12.11319957 -12.83157803
v 23.43504876 12.21800968 -12.95560412
v 23.81785959 12.88575679 -12.76510023
v 23.79896306 12.62215059 -12.78624870
v 23.58680964 12.65586540 -12.91027572
v 23.71769212 13.40985298 -12.72104960
v 23.79113063 13.14982120 -12.74367236
v 23.58007245 13.10982462 -12.86769472
v 23.44266698 13.87024578 -12.67631911
v 23.59951288 13.65361921 -12.69825362
v 23.41522276 13.54324631 -12.82227598
v 23.03236164 14.20480106 -12.63331901
v 23.25402759 14.05367255 -12.65545748
v 23.11799861 13.88741564 -12.77947985
v 22.52363041 14.38190136 -12.58798223
v 22.78515883 14.31602705 -12.61047460
v 22.71462604 14.11312260 -12.73450069
v 21.99595608 14.37478047 -12.54540496
v 22.26000465 14.40115180 -12.56682165
v 22.26283029 14.18635529 -12.69084495
v 21.49190940 14.18385003 -12.49999087
v 21.73584513 14.30170145 -12.52278872
v 21.81189135 14.10079747 -12.64681108
v 21.09136619 13.83888256 -12.45718636
v 21.27503790 14.02726956 -12.47804798
v 21.41545527 13.86470161 -12.60207035
v 20.82839794 13.37040495 -12.41221558
v 20.93995921 13.61745130 -12.43505441
v 21.12718299 13.51213176 -12.55908143
v 20.74255794 12.84529455 -12.36854400
v 20.76216415 13.10894080 -12.38971390
v 20.97422443 13.07465509 -12.51374092
v 20.84129304 12.32107449 -12.32452970
v 20.76857165 12.58126274 -12.34713849
v 20.97973786 12.62068935 -12.47116365
v 21.11512795 11.85985282 -12.27977406
v 20.95881477 12.07696926 -12.30172627
v 21.14340663 12.18684018 -12.42574863
v 21.52446099 11.52425166 -12.23679446
v 21.30326442 11.67593338 -12.25891616
v 21.43973857 11.84182707 -12.38293853
v 22.03274891 11.34575997 -12.19144743
v 21.77134901 11.41235605 -12.21395470
v 21.84243686 11.61506772 -12.33797707
v 22.56043069 11.35145687 -12.14887388
v 22.29641564 11.32579986 -12.17026543
v 22.29415625 11.54060289 -12.29428779
v 23.06497283 11.54101174 -12.10346352
v 22.82069623 11.42381690 -12.12626975
v 22.74519764 11.62492856 -12.25029211
v 23.46649393 11.88494358 -12.06064038
v 23.28233048 11.69705763 -12.08149921
v 23.14234711 11.85999904 -12.20552437
v 23.73068407 12.35263422 -12.01569568
v 23.61845411 12.10590359 -12.03853171
v 23.43151718 12.21173257 -12.16255408
v 23.81795458 12.87765615 -11.97198313
v 23.79764058 12.61396799 -11.99317910
v 23.58567156 12.64882553 -12.11720519
v 23.72065559 13.40199355 -11.92800887
v 23.79265614 13.14165257 -11.95060741
v 23.58138375 13.10279593 -12.07462884
v 23.44801277 13.86404037 -11.88322715
v 23.60378951 13.64643686 -11.90519892
v 23.41889963 13.53706792 -12.02922128
v 23.03965203 14.20068648 -11.84026711
v 23.26037548 14.04845063 -11.86236925
v 23.12345803 13.88292387 -11.98639162
v 22.53181301 14.38056678 -11.79491263
v 22.79308066 14.31324892 -11.81743480
v 22.72144146 14.11073189 -11.94145810
v 22.00412750 14.37629480 -11.75233908
v 22.26810344 14.40123748 -11.77370362
v 22.26979844 14.18642886 -11.89772971
v 21.49909921 14.18811642 -11.70693617
v 21.74370922 14.30465281 -11.72974985
v 21.81865647 14.10333719 -11.85377222
v 21.09659463 13.84522207 -11.66409906
v 21.28125168 14.03260883 -11.68495230
v 21.42080106 13.86929397 -11.80897932
v 20.83118819 13.37832399 -11.61917113
v 20.94408311 13.62473611 -11.64200809
v 21.13073133 13.51839770 -11.76603045
v 20.74248344 12.85339054 -11.57542504
v 20.76350898 13.11712246 -11.59664430
v 20.97538300 13.08169402 -11.72067039
v 20.83835192 12.32894231 -11.53148524
v 20.76707035 12.58943416 -11.55407634
v 20.97844519 12.62771897 -11.67809777
v 21.10979706 11.86607499 -11.48668211
v 20.95455863 12.08416373 -11.50867529
v 21.13974467 12.19303068 -11.63269766
v 21.51718177 11.52838487 -11.44374348
v 21.29693329 11.68117113 -11.46582700
v 21.43429220 11.84633188 -11.58984937
v 22.02456817 11.34711690 -11.39837783
v 21.76343463 11.41515654 -11.42091211
v 21.83562703 11.61747705 -11.54493447
v 22.55225740 11.34996489 -11.35580800
v 22.28832245 11.32573746 -11.37714647
v 22.28719182 11.54054794 -11.50116883
v 23.05776812 11.53676491 -11.31041255
v 22.81282470 11.42088696 -11.33322529
v 22.73842692 11.62240747 -11.45724766
v 23.46125059 11.87862083 -11.26755215
v 23.27609994 11.69173326 -11.28840633
v 23.13698642 11.85541879 -11.41242869
v 23.72787334 12.34472170 -11.22265123
v 23.61431159 12.09863182 -11.24548074
v 23.42795394 12.20547687 -11.36950310
v 23.81800860 12.86956389 -11.17886417
v 23.79627153 12.60578725 -11.20011322
v 23.58449623 12.64178753 -11.32413559
v 23.72357436 13.39411829 -11.13496628
v 23.79413694 13.13347835 -11.15754154
v 23.58265594 13.09576444 -11.28156390
v 20.78978345 12.50774041 -10.75645722
v 20.97719163 12.63475232 -10.88503283
v 21.03727683 12.41039671 -10.86246781
v 21.16219886 13.96189071 -16.41982235
v 21.24447748 14.00015689 -16.44354314
v 21.06567100 13.80669605 -16.42260142
v 22.08839171 14.22086451 -16.61627926
v 22.00057358 14.15657345 -16.63473435
v 21.77827433 14.08754382 -16.61202312
v 22.22790197 14.18543514 -16.65639691
v 22.28019387 14.19355161 -16.65708423
v 22.31308445 14.18606192 -16.66416600
v 21.57145180 13.98058329 -16.58929139
v 21.61281928 14.17477243 -16.51578397
v 21.83922566 14.21707030 -16.56353287
v 21.38916403 13.84137571 -16.56756736
v 21.37677185 14.08744045 -16.46585949
v 21.47661150 14.13019840 -16.48702286
v 20.81510983 13.33060954 -16.37743600
v 20.80035768 13.61300237 -16.32828079
v 20.91992088 13.58066592 -16.40029438
v 20.97617090 13.80913891 -16.37628861
v 21.06219903 13.88543658 -16.39717631
v 20.75611055 13.06801010 -16.35508239
v 20.65798640 13.39165214 -16.28107391
v 23.60802703 13.63922842 -11.11214794
v 23.45332876 13.85780144 -11.09013520
v 23.55725132 14.04885203 -10.96649747
v 23.26668985 14.04319890 -11.06928196
v 23.35320227 14.22116999 -10.95460262
v 23.04691821 14.19653557 -11.04721613
v 23.12400192 14.35997896 -10.94209682
v 23.09586480 14.37380537 -10.94060577
v 22.80098945 14.31042701 -11.02439221
v 22.84733020 14.47002869 -10.92781778
v 22.53999189 14.37918749 -11.00184675
v 22.58564904 14.52653483 -10.91497950
v 22.27619290 14.40127939 -10.98058559
v 22.29607292 14.54075798 -10.90146787
v 22.03359641 14.51015100 -10.88915206
v 22.01230079 14.37776349 -10.95927320
v 22.00132795 14.50338960 -10.88757347
v 21.75158821 14.30756226 -10.93670540
v 21.75454423 14.42835666 -10.87493356
v 21.50631323 14.19234462 -10.91388520
v 21.51919156 14.31365963 -10.86186152
v 21.28749900 14.03791830 -10.89186128
v 21.29725926 14.15653527 -10.84838249
v 21.11163922 13.97350803 -10.83588414
v 21.10185474 13.85152806 -10.87101083
v 21.09009214 13.94800935 -10.83429065
v 20.94824426 13.63199484 -10.84895711
v 20.94746195 13.74500524 -10.82204934
v 20.83402127 13.38622812 -10.82612760
v 20.76490037 13.12530134 -10.80357842
v 20.73953114 13.13517336 -10.78860648
v 20.76090313 13.26385140 -10.79533063
v 20.79573646 13.40006664 -10.80262847
v 20.83698101 13.51868547 -10.80914401
v 20.73961869 12.74716016 -10.76913811
v 20.74245177 12.86147907 -10.78230795
v 20.72942629 12.86350098 -10.77494211
v 20.72924562 13.01432215 -10.78244112
v 20.88577859 12.26310246 -10.74235328
v 21.13611437 12.19924260 -10.83964761
v 21.01011015 12.05586456 -10.72928868
v 21.26873471 12.01078855 -10.81761159
v 21.17329277 11.86343562 -10.71592979
v 21.42887376 11.85086276 -10.79676114
v 21.35484293 11.70924213 -10.70354786
v 21.37999423 11.69159077 -10.70190407
v 21.61753550 11.71847712 -10.77471580
v 21.57785557 11.57756615 -10.68938710
v 21.82883024 11.61992364 -10.75189374
v 21.79444768 11.49494480 -10.67635231
v 21.82402462 11.48662902 -10.67461725
v 22.05324732 11.56014856 -10.72933432
v 22.04847895 11.44464593 -10.66179108
v 20.95726691 12.86176126 -10.90633031
v 20.97657882 13.08873016 -10.92760079
v 21.03604376 13.31320778 -10.95015462
v 21.13431320 13.52464315 -10.97297855
v 21.26646414 13.71350978 -10.99503227
v 21.42617665 13.87386210 -11.01588737
v 21.61442302 14.00671620 -11.03790663
v 21.82543464 14.10583965 -11.06072776
v 22.04972878 14.16623406 -11.08329929
v 22.27675728 14.18646518 -11.10460889
v 22.50370756 14.16745968 -11.12586912
v 22.72824571 14.10830487 -11.14841364
v 22.93981984 14.01032135 -11.17124315
v 23.12889136 13.87840603 -11.19330432
v 23.28945883 13.71890586 -11.21415850
v 23.42254482 13.53086624 -11.23617031
v 23.52195233 13.31999619 -11.25898864
v 23.60319532 12.86871638 -11.30289119
v 23.52564968 12.41719071 -11.34667359
v 23.29627238 12.01619953 -11.39157824
v 22.94915356 11.72209810 -11.43443398
v 22.51425758 11.56139281 -11.47983037
v 22.06028253 11.55894250 -11.52240392
v 21.62377350 11.71488874 -11.56776585
v 21.27329633 12.00540643 -11.61070447
v 21.03976905 12.40361482 -11.65551227
v 20.95729485 12.85480335 -11.69944741
v 21.03360742 13.30640726 -11.74319722
v 21.26193978 13.70808389 -11.78812142
v 21.60821669 14.00307938 -11.83096226
v 22.04269730 14.16497026 -11.87636610
v 22.49667048 14.16864619 -11.91893872
v 22.93356881 14.01389390 -11.96429320
v 23.28488417 13.72427400 -12.00724952
v 23.51944149 13.32677063 -12.05203123
v 23.60315062 12.87567895 -12.09600829
v 23.52806926 12.42399774 -12.13971712
v 23.30078557 12.02163938 -12.18466647
v 22.95535058 11.72575168 -12.22748589
v 22.52128907 11.56267617 -12.27289718
v 22.06732146 11.55777555 -12.31547259
v 21.63003571 11.71133202 -12.36081682
v 21.27788402 12.00005319 -12.40379643
v 21.04230039 12.39684690 -12.44855113
v 20.95735818 12.84783799 -12.49256637
v 21.03120647 13.29959463 -12.53624167
v 21.25744149 13.70263007 -12.58120872
v 21.60203271 13.99940904 -12.62401324
v 22.03566767 14.16366827 -12.66942825
v 22.48962969 14.16979358 -12.71200739
v 22.92729728 14.01743293 -12.75734045
v 23.28028530 13.72961234 -12.80034520
v 23.51689152 13.33353296 -12.84507569
v 23.60306680 12.88264710 -12.88912259
v 23.53044972 12.43081596 -12.93276157
v 23.30527082 12.02710718 -12.97775190
v 22.96152338 11.72943786 -13.02054059
v 22.52831683 11.56399772 -13.06596305
v 22.07436040 11.55664679 -13.10854219
v 21.63631842 11.70780975 -13.15386500
v 21.28249407 11.99472882 -13.19689211
v 21.04486711 12.39009108 -13.24159559
v 20.95745876 12.84086611 -13.28567974
v 21.02884464 13.29276897 -13.32928427
v 21.25296742 13.69714830 -13.37429322
v 21.59586921 13.99570610 -13.41706794
v 22.02864178 14.16232623 -13.46249413
v 22.48258889 14.17090278 -13.50507699
v 22.92100340 14.02094029 -13.55039235
v 23.27566221 13.73492274 -13.59344088
v 23.51430617 13.34028132 -13.63811456
v 23.60294759 12.88962271 -13.68223783
v 23.53279293 12.43764628 -13.72580417
v 23.30973186 12.03260291 -13.77083547
v 22.96767384 11.73315570 -13.81359436
v 22.53534272 11.56535838 -13.85902520
v 22.08140306 11.55555714 -13.90161272
v 21.64262161 11.70432009 -13.94691598
v 21.28713019 11.98943332 -13.98999151
v 21.04747109 12.38335017 -14.03463818
v 20.95759660 12.83388771 -14.07879405
v 21.02652192 13.28593399 -14.12232779
v 21.24851942 13.69163767 -14.16737866
v 21.58972993 13.99197336 -14.21012171
v 22.02161774 14.16094601 -14.25555628
v 22.47554809 14.17197380 -14.29815125
v 22.91468903 14.02441226 -14.34343867
v 23.27101491 13.74020241 -14.38653655
v 23.51168357 13.34701572 -14.43115808
v 23.60279113 12.89660390 -14.47535120
v 23.53509702 12.44448870 -14.51884862
v 23.31416495 12.03812752 -14.56391998
v 22.97380194 11.73690520 -14.60664906
v 22.54236303 11.56675816 -14.65208735
v 22.08844572 11.55450568 -14.69468605
v 21.64894715 11.70086302 -14.73996229
v 21.29178867 11.98416762 -14.78308719
v 21.05011418 12.37662230 -14.82767891
v 20.95777169 12.82690279 -14.87190556
v 21.02423459 13.27908598 -14.91537225
v 21.24409936 13.68610002 -14.96046223
v 21.58361487 13.98820803 -15.00317641
v 22.01459929 14.15952761 -15.04861843
v 22.46850543 14.17300571 -15.09122364
v 22.90835418 14.02785257 -15.13648592
v 23.26634340 13.74545414 -15.17963596
v 23.50902371 13.35373614 -15.22419788
v 23.60259742 12.90359162 -15.26845805
v 23.53736572 12.45134138 -15.31189494
v 23.31857383 12.04368006 -15.35700541
v 22.97990583 11.74068637 -15.39970376
v 22.54937962 11.56819612 -15.44514578
v 22.09548838 11.55349333 -15.48776217
v 21.65529132 11.69744041 -15.53300954
v 21.29647322 11.97893173 -15.57619032
v 21.05279267 12.36990932 -15.62072150
v 20.95798403 12.81991228 -15.66501521
v 21.02198638 13.27222772 -15.70841484
v 21.23970352 13.68053351 -15.75354300
v 21.57752030 13.98441102 -15.79623111
v 22.00758643 14.15806916 -15.84167592
v 22.46146090 14.17399943 -15.88429697
v 22.90199883 14.03125841 -15.92953317
v 23.26164767 13.75067513 -15.97273909
v 23.50632660 13.36044166 -16.01724327
v 23.60236831 12.91058399 -16.06156863
v 23.53959531 12.45820522 -16.10493846
v 23.32295477 12.04925962 -16.15008526
v 22.98598737 11.74449921 -16.19275846
v 22.55639248 11.56967320 -16.23820700
v 22.10253291 11.55251916 -16.28083549
v 21.66165598 11.69405133 -16.32605679
v 21.30118012 11.97372563 -16.36928879
v 21.05550654 12.36321032 -16.41376130
v 20.95823362 12.81291712 -16.45812206
v 21.23533562 13.67493998 -16.54662564
v 21.10994421 13.48048355 -16.52431674
v 21.01977542 13.26535828 -16.50146209
v 20.96901648 13.03944178 -16.47910662
v 20.74357495 12.80470379 -16.33410156
v 20.95319517 12.77509052 -16.65715501
v 21.28963545 12.86350004 -16.99653454
v 21.30468562 12.69148383 -16.99653454
v 21.49206586 14.41484597 -16.24705084
v 21.61573060 14.46488407 -16.25335589
v 22.45225199 13.83905020 -16.99653454
v 22.28023484 14.18646984 -16.66416600
v 22.28023484 13.85410037 -16.99653454
v 22.22790197 14.18543514 -16.66416600
v 22.10821956 13.83905020 -16.99653454
v 21.94143087 13.79435975 -16.99653454
v 22.00057358 14.15657345 -16.66416600
v 22.05050364 14.16637097 -16.66416600
v 21.78493515 13.72138504 -16.99653454
v 21.77827433 14.08754382 -16.66416600
v 21.82775363 14.10668530 -16.66416600
v 21.64348960 13.62234261 -16.99653454
v 21.57145180 13.98058329 -16.66416600
v 21.61874995 14.00922611 -16.66416600
v 21.52139135 13.50024529 -16.99653454
v 21.38916403 13.84137571 -16.66416600
v 21.42984606 13.87695409 -16.66416600
v 21.42235078 13.35879974 -16.99653454
v 21.23533562 13.67493998 -16.66416600
v 21.26678079 13.71388882 -16.66416600
v 21.34937607 13.20230495 -16.99653454
v 21.10994421 13.48048355 -16.66416600
v 21.13451064 13.52498494 -16.66416600
v 21.30468562 13.03551532 -16.99653454
v 21.01977542 13.26535828 -16.66416600
v 21.03704959 13.31598219 -16.66416600
v 20.95767297 12.89634965 -16.66416600
v 20.96901648 13.03944178 -16.66416600
v 20.97736485 13.09323125 -16.66416600
v 21.42235078 12.36820035 -16.99653454
v 21.03510499 12.32207660 -16.62938111
v 21.34937607 12.52469514 -16.99653454
v 20.97815648 12.52696849 -16.64226688
v 20.97162977 12.56304886 -16.64447971
v 21.64348960 12.10465655 -16.99653454
v 21.27227187 11.91286463 -16.60160348
v 21.52139135 12.22675480 -16.99653454
v 21.14829794 12.08572835 -16.61373861
v 21.12509124 12.12565321 -16.61645062
v 21.94143087 11.93264034 -16.99653454
v 21.63325809 11.60799991 -16.57473855
v 21.78493515 12.00561505 -16.99653454
v 21.45117521 11.73589937 -16.58755355
v 21.42685652 11.75647322 -16.58936590
v 22.28023484 11.87289972 -16.99653454
v 22.09875733 11.43411826 -16.54627733
v 22.10821956 11.88794989 -16.99653454
v 21.88365906 11.49130613 -16.55878499
v 21.83630690 11.50892954 -16.56167395
v 22.61904068 11.93264034 -16.99653454
v 22.58778363 11.42881066 -16.51985012
v 22.45225199 11.88794989 -16.99653454
v 22.35609852 11.41080726 -16.53246209
v 22.32483216 11.41116954 -16.53411798
v 22.91698009 12.10465655 -16.99653454
v 23.07459526 11.59606315 -16.49134047
v 22.77553640 12.00561505 -16.99653454
v 22.86306582 11.49978489 -16.50409400
v 22.81714790 11.48394868 -16.50678180
v 23.13812077 12.36820035 -16.99653454
v 23.47254567 11.91681251 -16.46469347
v 23.03907834 12.22675480 -16.99653454
v 23.30133691 11.75070740 -16.47684909
v 23.27151969 11.72667276 -16.47881791
v 23.25578406 12.69148383 -16.99653454
v 23.74888957 12.36648299 -16.43666066
v 23.21109548 12.52469514 -16.99653454
v 23.64609390 12.15638500 -16.44908823
v 23.64361100 12.15217076 -16.44935086
v 23.64183217 12.14917190 -16.44953527
v 23.61899428 12.11196277 -16.45185240
v 23.25578406 13.03551532 -16.99653454
v 23.85777421 12.89026625 -16.40936732
v 23.27083610 12.86350004 -16.99653454
v 23.83116074 12.64853589 -16.42138325
v 23.82147498 12.60169875 -16.42381959
v 23.13812077 13.35879974 -16.99653454
v 23.78378622 13.42516579 -16.38210192
v 23.21109548 13.20230495 -16.99653454
v 23.84071983 13.17957696 -16.39495976
v 23.84601347 13.14122416 -16.39691554
v 22.91698009 13.62234261 -16.99653454
v 23.52503128 13.92062288 -16.35403000
v 23.03907834 13.50024529 -16.99653454
v 23.66271429 13.70937470 -16.36640914
v 23.68735336 13.66233733 -16.36907458
v 22.77553640 13.72138504 -16.99653454
v 23.32476340 14.13689461 -16.34014770
v 23.35148118 14.11222387 -16.34187438
v 21.74121886 14.50479589 -16.25959389
v 22.00542390 14.55619000 -16.27228409
v 22.27251232 14.56610579 -16.28451422
v 22.32041396 14.56349995 -16.28665999
v 22.58251607 14.52439092 -16.29895903
v 22.83234335 14.44542408 -16.31163247
v 22.61904068 13.79435975 -16.99653454
v 22.88456075 14.42323998 -16.31441154
v 23.11719581 14.29670956 -16.32743888
v 22.28023484 12.86350004 -16.99653454
v 22.01645076 11.34850830 -11.05179079
v 20.95823362 12.81291712 -16.65655710
v 23.74878712 12.40727492 -16.42608829
v 21.69084921 14.28385451 -16.14019647
v 21.45105787 14.15858604 -16.11747779
v 21.23998664 13.99604790 -16.09579287
v 21.94889635 14.36516456 -16.16291702
v 22.21307904 14.39981814 -16.18460938
v 22.73900807 14.33125697 -16.22787677
v 23.21652137 14.08339851 -16.27306268
v 23.41102809 13.90565746 -16.29402675
v 23.57388847 13.69491033 -16.31569304
v 23.78132567 13.19743041 -16.36113226
v 23.80580641 12.67006993 -16.40378125
v 23.44883978 12.24332768 -16.32623374
v 23.33110198 12.05980126 -16.34726115
v 23.32295477 12.04925962 -16.34852029
v 23.17845076 11.89218182 -16.36823453
v 23.16871099 11.88326441 -16.36945270
v 22.99742401 11.75179426 -16.38989151
v 22.98598737 11.74449921 -16.39119722
v 22.79153652 11.64332777 -16.41259529
v 22.77885191 11.63808908 -16.41394012
v 22.56974764 11.57259569 -16.43532328
v 22.55639248 11.56967320 -16.43664204
v 22.34247141 11.54199429 -16.45705104
v 22.32906967 11.54143177 -16.45828225
v 22.11606875 11.55075524 -16.47798158
v 22.10253291 11.55251916 -16.47927426
v 21.88993432 11.59941312 -16.50027931
v 21.87665924 11.60358917 -16.50163904
v 21.67404070 11.68758422 -16.52312838
v 21.66165598 11.69405133 -16.52449183
v 21.47833444 11.81126107 -16.54548384
v 21.46739513 11.81969047 -16.54679142
v 21.31043188 11.96364872 -16.56646840
v 21.30118012 11.97372563 -16.56772755
v 21.16976865 12.14439422 -16.58810675
v 21.16219327 12.15623040 -16.58946089
v 21.06095478 12.35007681 -16.61080681
v 21.05550654 12.36321032 -16.61220007
v 20.98983340 12.57175952 -16.63354225
v 20.98678425 12.58559059 -16.63491130
v 20.95883712 12.79903390 -16.65527932
v 21.75565250 11.41795609 -11.07434370
v 21.51009440 11.53246034 -11.09716110
v 20.95053159 12.09105551 -11.16207521
v 21.10469528 11.87209319 -11.14004664
v 21.29082754 11.68627758 -11.11920085
v 20.83560638 12.33640499 -11.18489169
v 20.76569945 12.59711292 -11.20745298
v 20.76479234 13.12468015 -11.25001069
v 20.74245177 12.86092680 -11.22874673
v 20.83378285 13.38556875 -11.27255522
v 20.94786428 13.63133453 -11.29537635
v 21.28683403 14.03735485 -11.33827679
v 21.10133320 13.85090686 -11.31742634
v 21.50548995 14.19186406 -11.36028953
v 21.75063081 14.30721115 -11.38310321
v 22.01124653 14.37757630 -11.40567102
v 22.27508835 14.40127660 -11.42698340
v 22.53881283 14.37938958 -11.44822873
v 22.79978804 14.31085914 -11.47076674
v 23.04576151 14.19719961 -11.49359252
v 23.26563746 14.04407900 -11.51565649
v 23.45240302 13.85889389 -11.53650414
v 23.60725589 13.64054438 -11.55850478
v 23.72302301 13.39561492 -11.58131473
v 23.79384823 13.13509233 -11.60388999
v 23.81800115 12.87122257 -11.62522100
v 23.79656769 12.60752697 -11.64645236
v 23.72849546 12.34646328 -11.66897826
v 23.61525968 12.10028585 -11.69180684
v 23.46248738 11.88010629 -11.71388384
v 23.27761799 11.69302408 -11.73473336
v 23.05957675 11.53782569 -11.75672095
v 22.81485870 11.42163947 -11.77952625
v 22.55443111 11.35035791 -11.80210989
v 22.29053341 11.32574957 -11.82345860
v 22.02686667 11.34673133 -11.84467133
v 21.76571824 11.41434349 -11.86719444
v 21.51933499 11.52715646 -11.89001836
v 21.29885368 11.67957764 -11.91210933
v 21.11145481 11.86413411 -11.93296071
v 20.95591277 12.08186615 -11.95493620
v 20.83930746 12.32637092 -11.97774243
v 20.76756768 12.58670352 -12.00032793
v 20.74250393 12.85062451 -12.02169340
v 20.76303400 13.11426423 -12.04289310
v 20.83018795 13.37549835 -12.06540596
v 20.94257623 13.62208277 -12.08823361
v 21.09464444 13.84286676 -12.11033668
v 21.27888799 14.03058413 -12.13118993
v 21.49631083 14.18646798 -12.15315051
v 21.74060233 14.30349238 -12.17595395
v 22.00083807 14.37569037 -12.19855156
v 22.26478234 14.40120768 -12.21993100
v 22.52839506 14.38112929 -12.24111300
v 22.78971300 14.31443635 -12.26361655
v 23.03650044 14.20247275 -12.28644978
v 23.25758338 14.05075472 -12.30856217
v 23.44561927 13.86682596 -12.32941728
v 23.60184491 13.64971325 -12.35136576
v 23.71928841 13.40563688 -12.37416454
v 23.79194275 13.14549893 -12.39677053
v 23.81791547 12.88153138 -12.41816394
v 23.79828878 12.61794567 -12.43933477
v 23.73205498 12.35654484 -12.46182807
v 23.62051606 12.10955810 -12.48466503
v 23.46915193 11.88817341 -12.50678953
v 23.28553610 11.69981807 -12.52764743
v 23.06873351 11.54325251 -12.54958194
v 22.82487415 11.42539270 -12.57237606
v 22.56483585 11.35228015 -12.59498857
v 22.30084501 11.32585295 -12.61640154
v 22.03728631 11.34502795 -12.63755374
v 21.77580446 11.41080167 -12.66004331
v 21.52861655 11.52191404 -12.68287934
v 21.30693384 11.67292520 -12.70501502
v 21.11825906 11.85622904 -12.72587292
v 20.96135356 12.07271870 -12.74779718
v 20.84307745 12.31636107 -12.77058758
v 20.76950856 12.57629972 -12.79320847
v 20.74262500 12.84031011 -12.81463634
v 20.76134831 13.10384460 -12.83577736
v 20.82666196 13.36540561 -12.85825577
v 20.93734778 13.61279190 -12.88109086
v 21.08800597 13.83477263 -12.90324237
v 21.27099782 14.02376778 -12.92410400
v 21.48717456 14.18101136 -12.94601150
v 21.73059806 14.29970376 -12.96880003
v 21.99043520 14.37373087 -12.99142651
v 22.25446515 14.40106891 -13.01287394
v 22.51797356 14.38279729 -13.03399913
v 22.77961373 14.31794278 -13.05646729
v 23.02719839 14.20768350 -13.07930704
v 23.24947715 14.05738201 -13.10146786
v 23.43879081 13.87470309 -13.12233321
v 23.59637246 13.65883928 -13.14423047
v 23.71548116 13.41563370 -13.16701528
v 23.78996648 13.15589994 -13.18964548
v 23.81775901 12.89185230 -13.21110688
v 23.79993722 12.62836717 -13.23221903
v 23.73554371 12.36664876 -13.25468160
v 23.62571284 12.11886946 -13.27752229
v 23.47576804 11.89629454 -13.29969522
v 23.29339832 11.70665864 -13.32056336
v 23.07784930 11.54873986 -13.34244665
v 22.83486538 11.42921671 -13.36522680
v 22.57523499 11.35427598 -13.38786539
v 22.31116965 11.32602617 -13.40934075
v 22.04770781 11.34339627 -13.43044080
v 21.78591490 11.40733063 -13.45289312
v 21.53793909 11.51673403 -13.47573660
v 21.31506801 11.66632213 -13.49791698
v 21.12511173 11.84837893 -13.51879444
v 20.96685581 12.06361316 -13.54066189
v 20.84691823 12.30637729 -13.56343739
v 20.77152207 12.56590150 -13.58608343
v 20.74281499 12.82998268 -13.60757556
v 20.75973526 13.09342124 -13.62866443
v 20.82320862 13.35529052 -13.65110464
v 20.93218453 13.60346004 -13.67394812
v 21.08141407 13.82662542 -13.69614433
v 21.26316354 14.01690487 -13.71702366
v 21.47807926 14.17549420 -13.73887621
v 21.72062173 14.29584622 -13.76164891
v 21.98003791 14.37169965 -13.78430240
v 22.24413492 14.40086123 -13.80580943
v 22.50755019 14.38439172 -13.82688619
v 22.76949398 14.32137843 -13.84932082
v 23.01785722 14.21283279 -13.87216337
v 23.24131504 14.06396180 -13.89436983
v 23.43191765 13.88252527 -13.91525473
v 23.59084040 13.66792247 -13.93709145
v 23.71160686 13.42560444 -13.95986043
v 23.78791571 13.16629443 -13.98251858
v 23.81753363 12.90218532 -14.00404237
v 23.80151488 12.63879053 -14.02510516
v 23.73896167 12.37677503 -14.04753234
v 23.63084443 12.12821994 -14.07037955
v 23.48233387 11.90446783 -14.09259718
v 23.30120653 11.71354391 -14.11348395
v 23.08692224 11.55428682 -14.13531136
v 22.84482867 11.43310964 -14.15807288
v 22.58562855 11.35634445 -14.18073755
v 22.32150547 11.32626925 -14.20227997
v 22.05813304 11.34183910 -14.22332879
v 21.79604582 11.40393037 -14.24574386
v 21.54729888 11.51161641 -14.26859107
v 21.32325433 11.65976748 -14.29081894
v 21.13200724 11.84058469 -14.31171410
v 20.97241767 12.05455139 -14.33352567
v 20.85082978 12.29641959 -14.35628813
v 20.77360824 12.55551074 -14.37895559
v 20.74307576 12.81964406 -14.40051477
v 20.75819671 13.08299694 -14.42155056
v 20.81982791 13.34515400 -14.44395818
v 20.92708275 13.59409001 -14.46680538
v 21.07487246 13.81842513 -14.48904630
v 21.25537954 14.00999632 -14.50994518
v 21.46902867 14.16991744 -14.53174092
v 21.71066962 14.29191791 -14.55449872
v 21.96964994 14.36959393 -14.57717549
v 22.23379351 14.40058369 -14.59874399
v 22.49712497 14.38591350 -14.61977419
v 22.75935188 14.32474237 -14.64216970
v 23.00847694 14.21791781 -14.66501690
v 23.23310263 14.07049038 -14.68726806
v 23.42499793 13.89029156 -14.70817439
v 23.58524874 13.67696282 -14.72996082
v 23.70765992 13.43554910 -14.75271024
v 23.78579229 13.17668147 -14.77539074
v 23.81723933 12.91252952 -14.79697786
v 23.80301803 12.64921669 -14.81799595
v 23.74230884 12.38692179 -14.84038122
v 23.63591455 12.13761047 -14.86323215
v 23.48885126 11.91269420 -14.88549542
v 23.30896072 11.72047388 -14.90640454
v 23.09595235 11.55989338 -14.92817607
v 22.85476401 11.43707242 -14.95092176
v 22.59601280 11.35848556 -14.97360878
v 22.33185247 11.32658124 -14.99521267
v 22.06855826 11.34035364 -15.01621958
v 21.80619724 11.40060183 -15.03859740
v 21.55669965 11.50656305 -15.06144833
v 21.33149467 11.65326312 -15.08371718
v 21.13894932 11.83284633 -15.10463562
v 20.97803913 12.04553340 -15.12639038
v 20.85480839 12.28648890 -15.14913328
v 20.77576891 12.54512928 -15.17182868
v 20.74340545 12.80929521 -15.19344654
v 20.75672895 13.07257079 -15.21444134
v 20.81651613 13.33499700 -15.23680892
v 20.92204429 13.58468086 -15.25965985
v 21.06838115 13.81017361 -15.28194454
v 21.24765515 14.00304399 -15.30286856
v 21.46002091 14.16428108 -15.32460935
v 21.70074545 14.28792067 -15.34734573
v 21.95926942 14.36741650 -15.37004393
v 22.22344093 14.40023631 -15.39167948
v 22.48669975 14.38736171 -15.41266404
v 22.74919115 14.32803553 -15.43502323
v 22.99905755 14.22294043 -15.45787416
v 23.22483808 14.07697052 -15.48016630
v 23.41803536 13.89800292 -15.50109964
v 23.57959934 13.68595939 -15.52282553
v 23.70364591 13.44546676 -15.54555725
v 23.78359623 13.18706013 -15.56826197
v 23.81687425 12.92288397 -15.58991056
v 23.80444854 12.65964285 -15.61088767
v 23.74558337 12.39708904 -15.63323475
v 23.64092134 12.14703824 -15.65608568
v 23.49531837 11.92097273 -15.67838900
v 23.31665717 11.72744855 -15.69932885
v 23.10493588 11.56555861 -15.72104357
v 22.86467701 11.44110411 -15.74376784
v 22.60638960 11.36070024 -15.76648094
v 22.34220877 11.32696401 -15.78814350
v 22.07898535 11.33894082 -15.80910943
v 21.81636915 11.39734499 -15.83145000
v 21.56613581 11.50157303 -15.85430093
v 21.33978531 11.64680906 -15.87661542
v 21.14593424 11.82516292 -15.89756273
v 20.98372020 12.03655917 -15.91925882
v 20.85885778 12.27658521 -15.94198309
v 20.77800035 12.53475342 -15.96469618
v 20.74380592 12.79893517 -15.98637737
v 20.75533383 13.06214370 -16.00733586
v 20.81327699 13.32482044 -16.02966152
v 20.91707103 13.57523352 -16.05251245
v 21.06193826 13.80186900 -16.07483812
v 22.05329947 11.56013925 -10.92776470
v 21.82893269 11.61988638 -10.95031854
v 21.61767706 11.71839517 -10.97313873
v 21.42903768 11.85072493 -10.99517848
v 21.26890793 12.01058365 -11.01602428
v 21.13611437 12.19924260 -11.03808172
v 21.03740722 12.41003536 -11.06086653
v 20.97726613 12.63432484 -11.08342689
v 20.95726691 12.86128629 -11.10472437
v 20.97657882 13.08873016 -11.12603955
v 21.03583887 13.31264060 -11.14853285
v 21.13398537 13.52407597 -11.17135398
v 21.26601525 13.71297520 -11.19340397
v 21.42560296 13.87337781 -11.21425163
v 21.61442302 14.00671620 -11.23634633
v 21.82461135 14.10553697 -11.25908084
v 22.04882167 14.16607387 -11.28164865
v 22.27580734 14.18646239 -11.30296104
v 22.50370756 14.16745968 -11.32430788
v 22.72721007 14.10867553 -11.34674437
v 22.93882333 14.01089318 -11.36956550
v 23.12798612 13.87916226 -11.39163133
v 23.28866161 13.71984556 -11.41248085
v 23.42188545 13.53199873 -11.43448241
v 23.52147922 13.32128327 -11.45729236
v 23.58241007 13.09715305 -11.47986762
v 23.60318974 12.87014410 -11.50119863
v 23.58474955 12.64328416 -11.52242906
v 23.52618612 12.41868921 -11.54495589
v 23.42876792 12.20689993 -11.56778168
v 23.29733782 12.01747824 -11.58986054
v 23.13829213 11.85652986 -11.61070727
v 22.95070887 11.72301080 -11.63269766
v 22.74017595 11.62305474 -11.65550388
v 22.51612768 11.56172995 -11.67808753
v 22.28909545 11.54055912 -11.69943344
v 22.06226066 11.55861001 -11.72064897
v 22.06028253 11.55894250 -11.72083896
v 21.83759026 11.61677763 -11.74316742
v 21.62562683 11.71383169 -11.76599599
v 21.43594436 11.84496097 -11.78808790
v 21.27472311 12.00373657 -11.80893835
v 21.27329633 12.00540643 -11.80914324
v 21.14090882 12.19105348 -11.83091383
v 21.04059234 12.40140293 -11.85371634
v 20.97887360 12.62536924 -11.87630557
v 20.95731162 12.85242289 -11.89767104
v 20.97497322 13.07923440 -11.91886701
v 20.97538300 13.08169402 -11.91910543
v 21.03274688 13.30397651 -11.94138359
v 21.12943493 13.51611596 -11.96421124
v 21.26026154 13.70605733 -11.98631339
v 21.41876705 13.86755332 -12.00716384
v 21.42080106 13.86929397 -12.00741343
v 21.60581760 14.00166098 -12.02912908
v 21.81598358 14.10233881 -12.05192786
v 22.03986607 14.16445058 -12.07452454
v 22.26694115 14.18640371 -12.09590398
v 22.49372937 14.16913047 -12.11709064
v 22.49667048 14.16864619 -12.11737376
v 22.71854319 14.11175355 -12.13959511
v 22.93085679 14.01543058 -12.16242649
v 23.12105708 13.88490573 -12.18453981
v 23.28282595 13.72667030 -12.20539492
v 23.28488417 13.72427400 -12.20568828
v 23.41722883 13.53988610 -12.22734340
v 23.51826429 13.32990546 -12.25014310
v 23.58077094 13.10610678 -12.27274444
v 23.60311523 12.87901215 -12.29414158
v 23.58623035 12.65224721 -12.31530961
v 23.58567156 12.64882553 -12.31564023
v 23.52924831 12.42736168 -12.33780570
v 23.43329228 12.21487671 -12.36064266
v 23.30307290 12.02441845 -12.38276716
v 23.14510383 11.86237391 -12.40362041
v 23.14234711 11.85999904 -12.40396034
v 22.95858786 11.72767952 -12.42555864
v 22.74879254 11.62628364 -12.44835369
v 22.52507955 11.56338397 -12.47096248
v 22.29796723 11.54064853 -12.49237638
v 22.07122371 11.55714504 -12.51353137
v 22.06732146 11.55777555 -12.51390856
v 21.84626833 11.61373034 -12.53601722
v 21.63361199 11.70932129 -12.55885419
v 21.44289576 11.83923800 -12.58099265
v 21.28057741 11.99693605 -12.60185055
v 21.27788402 12.00005319 -12.60223519
v 21.14558965 12.18318380 -12.62377482
v 21.04383521 12.39279192 -12.64656521
v 20.98054253 12.61641923 -12.66918518
v 20.95741592 12.84354832 -12.69061398
v 20.97352408 13.07027042 -12.71175500
v 20.97422443 13.07465509 -12.71217503
v 21.02971449 13.29529379 -12.73423247
v 21.12493850 13.50812241 -12.75706850
v 21.25454880 13.69909476 -12.77922001
v 21.41197771 13.86168879 -12.80008163
v 21.41545527 13.86470161 -12.80050911
v 21.59795724 13.99696711 -12.82199007
v 21.80737816 14.09907918 -12.84477673
v 22.03091793 14.16276582 -12.86740508
v 22.25806378 14.18628450 -12.88884692
v 22.48476446 14.17056471 -12.90997304
v 22.70985581 14.11477011 -12.93244492
v 22.92285301 14.01991304 -12.95528375
v 23.11408147 13.89060728 -12.97744550
v 22.53402583 11.56510040 -13.26383837
v 22.75738865 11.62957307 -13.24120071
v 22.96642959 11.73240039 -13.21841963
v 23.15186895 11.86825894 -13.19653820
v 23.30876142 12.03140430 -13.17566913
v 23.43776077 12.22288795 -13.15349992
v 23.53225090 12.43605465 -13.13065644
v 23.58764969 12.66121306 -13.10819667
v 23.60298112 12.88789138 -13.08708452
v 23.57907034 13.11505493 -13.06561939
v 23.51498976 13.33850529 -13.04298919
v 23.41252007 13.54773715 -13.02020438
v 23.28028530 13.72961234 -12.99878024
v 23.27695116 13.73344567 -12.99831085
v 22.44888805 14.17567674 -16.08153805
v 22.47627266 14.38873820 -16.20555855
v 22.30684832 11.54079754 -13.28531839
v 22.08019048 11.55574154 -13.30641843
v 21.85496688 11.61074452 -13.32887076
v 21.64163068 11.70486491 -13.35171144
v 21.44989371 11.83355693 -13.37389462
v 21.28647082 11.99018210 -13.39476742
v 21.15032449 12.17535045 -13.41663953
v 21.04713954 12.38420233 -13.43941502
v 20.98227479 12.60747388 -13.46205827
v 20.95757984 12.83466443 -13.48355319
v 20.97213641 13.06130365 -13.50463741
v 21.02674358 13.28659151 -13.52708228
v 21.12049423 13.50009441 -13.54992576
v 21.24887891 13.69208563 -13.57212197
v 21.40523680 13.85578420 -13.59299757
v 21.59013413 13.99222016 -13.61485384
v 21.79879509 14.09575995 -13.63762654
v 22.02197351 14.16101679 -13.66027631
v 22.24917710 14.18610569 -13.68178613
v 22.47579768 14.17193655 -13.70286103
v 22.70114981 14.11772519 -13.72529380
v 22.91481756 14.02434241 -13.74814101
v 23.10706116 13.89626786 -13.77034746
v 23.27103727 13.74017633 -13.79122864
v 23.40776101 13.55555188 -13.81306909
v 23.51165563 13.34708370 -13.83583806
v 23.57730642 13.12399656 -13.85849528
v 23.60278741 12.89678086 -13.88002001
v 23.58900569 12.67018076 -13.90108280
v 23.53519015 12.44476624 -13.92350998
v 23.44217710 12.23093178 -13.94635253
v 23.31441082 12.03843579 -13.96857109
v 23.15858752 11.87418215 -13.98945786
v 22.97423594 11.73717249 -14.01128527
v 22.76596054 11.63292211 -14.03404959
v 22.54296653 11.56688016 -14.05671518
v 22.31574059 11.54100616 -14.07825481
v 22.08915912 11.55440137 -14.09930643
v 21.86368220 11.60781924 -14.12172150
v 21.64968476 11.70046255 -14.14456870
v 21.45693637 11.82791870 -14.16679658
v 21.29240520 11.98347658 -14.18768894
v 21.15510963 12.16755435 -14.20950424
v 21.05050534 12.37563603 -14.23226204
v 20.98407038 12.59853505 -14.25493322
v 20.95780335 12.82577030 -14.27648868
v 20.97081207 13.05233501 -14.29752819
v 21.02383412 13.27787153 -14.31993302
v 21.11610584 13.49203289 -14.34278302
v 21.24325186 13.68503086 -14.36502021
v 21.39854431 13.84984143 -14.38591816
v 21.58234641 13.98742292 -14.40771855
v 21.79023251 14.09238111 -14.43047356
v 22.01303653 14.15920630 -14.45314847
v 22.24028297 14.18586634 -14.47472163
v 22.46682718 14.17324599 -14.49575182
v 22.69242331 14.12061974 -14.51814733
v 22.90674858 14.02871776 -14.54099454
v 23.09999615 13.90188467 -14.56324570
v 23.26508611 13.74685764 -14.58415203
v 23.40294980 13.56332935 -14.60593380
v 23.50826189 13.35563883 -14.62868787
v 23.57547916 13.13293260 -14.65136837
v 23.60253409 12.90568057 -14.67295550
v 23.59029837 12.67915033 -14.69397359
v 23.53806980 12.45349552 -14.71635886
v 23.44653942 12.23901007 -14.73920979
v 23.32001738 12.04551291 -14.76147305
v 23.16525578 11.88014448 -14.78238311
v 22.98200317 11.74199581 -14.80415370
v 22.77451009 11.63633168 -14.82689939
v 22.55190164 11.56872325 -14.84958641
v 22.32464217 11.54127531 -14.87119030
v 22.09812775 11.55312359 -14.89219628
v 21.87241614 11.60495542 -14.91457503
v 21.65777050 11.69611514 -14.93742224
v 21.46402560 11.82232238 -14.95969482
v 21.29837684 11.97681949 -14.98061232
v 21.15994506 12.15979643 -15.00236802
v 21.05392888 12.36709207 -15.02511092
v 20.98592930 12.58960180 -15.04780538
v 20.95808834 12.81686686 -15.06942324
v 20.96954919 13.04336544 -15.09041991
v 21.02098428 13.26913293 -15.11278655
v 21.11177146 13.48393783 -15.13563748
v 21.23766579 13.67793139 -15.15791751
v 21.39189839 13.84386048 -15.17884247
v 21.57459781 13.98257352 -15.20058699
v 21.78169601 14.08894174 -15.22332244
v 22.00410515 14.15733248 -15.24602156
v 22.23137580 14.18556832 -15.26765339
v 22.45785855 14.17449210 -15.28864168
v 22.68368192 14.12345283 -15.31099807
v 22.89864421 14.03303817 -15.33384901
v 23.09288457 13.90745956 -15.35614394
v 23.25909398 13.75349145 -15.37707727
v 23.39808829 13.57106864 -15.39880317
v 23.50480855 13.36417068 -15.42153489
v 23.57359044 13.14186212 -15.44423960
v 23.60221930 12.91458867 -15.46588819
v 23.59152958 12.68811990 -15.48686530
v 23.54088798 12.46224251 -15.50921239
v 23.45084585 12.24712189 -15.53206332
v 23.32558110 12.05263473 -15.55436663
v 23.17187749 11.88614406 -15.57530649
v 22.98973314 11.74686942 -15.59701841
v 22.78303541 11.63979992 -15.61974641
v 22.56082930 11.57062780 -15.64245485
v 22.33355306 11.54160500 -15.66412114
v 22.10709825 11.55190822 -15.68508707
v 21.88116685 11.60215400 -15.70742391
v 21.66588977 11.69182174 -15.73027484
v 21.47115767 11.81676984 -15.75258933
v 21.30438574 11.97020989 -15.77354036
v 21.16483077 12.15207577 -15.79523645
v 21.05741203 12.35857233 -15.81795700
v 20.98784968 12.58067694 -15.84067382
v 20.95843107 12.80795410 -15.86235128
v 20.96834965 13.03439494 -15.88330977
v 21.01819776 13.26037850 -15.90563916
v 21.10749297 13.47581111 -15.92849009
v 21.23212442 13.67078722 -15.95081575
v 21.38530090 13.83784134 -15.97177051
v 21.56688645 13.97767477 -15.99345170
v 21.77318186 14.08544369 -16.01616852
v 21.99518122 14.15539533 -16.03888907
v 22.22246118 14.18520790 -16.06058516
v 22.67492190 14.12622444 -16.10385068
v 22.68724702 14.12230544 -16.10511355
v 22.98960090 14.22789879 -16.25072770
v 22.89051004 14.03730363 -16.12670161
v 22.90199883 14.03125841 -16.12796821
v 23.08573015 13.91298976 -16.14903845
v 23.09587412 13.90512567 -16.15024917
v 23.25306647 13.76007684 -16.17000438
v 23.39317650 13.57876975 -16.19167067
v 23.40019308 13.56773451 -16.19293354
v 23.69956300 13.45535554 -16.33840613
v 23.50129560 13.37267831 -16.21438377
v 23.50632660 13.36044166 -16.21568017
v 23.57163653 13.15078326 -16.23710804
v 23.57443608 13.13790400 -16.23837836
v 23.81643839 12.93324772 -16.38284139
v 23.60184491 12.92350516 -16.25881530
v 23.60236831 12.91058399 -16.26000367
v 23.59269746 12.69709039 -16.27975889
v 23.59097637 12.68403605 -16.28100313
v 23.45509827 12.25526538 -16.32491685
v 23.53959531 12.45820522 -16.30337723
v 23.54364283 12.47100625 -16.30206592
v 21.23533562 13.67493998 -16.64584316
v 20.96901648 13.03944178 -16.57832786
v 21.01977542 13.26535828 -16.60068147
v 20.95823362 12.81291712 -16.55734330
v 21.10994421 13.48048355 -16.62353799
v 21.26873471 12.01078855 -10.91683097
v 21.42887376 11.85086276 -10.89597680
v 21.61753550 11.71847712 -10.87393519
v 21.82883024 11.61992364 -10.85110940
v 22.05324732 11.56014856 -10.82855277
v 20.97657882 13.08873016 -11.02682017
v 20.95726691 12.86176126 -11.00554969
v 20.97719163 12.63475232 -10.98425221
v 21.03727683 12.41039671 -10.96168812
v 21.13611437 12.19924260 -10.93886700
v 21.61442302 14.00671620 -11.13712601
v 21.42617665 13.87386210 -11.11510303
v 21.26646414 13.71350978 -11.09425165
v 21.13431320 13.52464315 -11.07219793
v 21.03604376 13.31320778 -11.04937401
v 22.50370756 14.16745968 -11.22508850
v 22.27675728 14.18646518 -11.20382827
v 22.04972878 14.16623406 -11.18251495
v 21.82543464 14.10583965 -11.15994714
v 23.42254482 13.53086624 -11.33538969
v 23.28945883 13.71890586 -11.31337695
v 23.12889136 13.87840603 -11.29252370
v 22.93981984 14.01032135 -11.27046160
v 22.72824571 14.10830487 -11.24763303
v 23.58449623 12.64178753 -11.42335497
v 23.60319532 12.86871638 -11.40210964
v 23.58265594 13.09576444 -11.38078328
v 23.52195233 13.31999619 -11.35820802
v 23.13698642 11.85541879 -11.51164807
v 23.29627238 12.01619953 -11.49079390
v 23.42795394 12.20547687 -11.46872249
v 23.52564968 12.41719071 -11.44589297
v 22.06028253 11.55894250 -11.62162330
v 22.28719182 11.54054794 -11.60038821
v 22.51425758 11.56139281 -11.57904975
v 22.73842692 11.62240747 -11.55646704
v 22.94915356 11.72209810 -11.53365429
v 21.27329633 12.00540643 -11.70992386
v 21.43429220 11.84633188 -11.68906875
v 21.62377350 11.71488874 -11.66698523
v 21.83562703 11.61747705 -11.64415386
v 20.97538300 13.08169402 -11.81988604
v 20.95729485 12.85480335 -11.79866679
v 20.97844519 12.62771897 -11.77731808
v 21.03976905 12.40361482 -11.75472699
v 21.13974467 12.19303068 -11.73191704
v 21.42080106 13.86929397 -11.90819498
v 21.26193978 13.70808389 -11.88734081
v 21.13073133 13.51839770 -11.86524983
v 21.03360742 13.30640726 -11.84241287
v 22.49667048 14.16864619 -12.01815438
v 22.26979844 14.18642886 -11.99694537
v 22.04269730 14.16497026 -11.97558455
v 21.81865647 14.10333719 -11.95299160
v 21.60821669 14.00307938 -11.93017792
v 23.28488417 13.72427400 -12.10646890
v 23.12345803 13.88292387 -12.08561100
v 22.93356881 14.01389390 -12.06350885
v 22.72144146 14.11073189 -12.04067748
v 23.58567156 12.64882553 -12.21642084
v 23.60315062 12.87567895 -12.19522767
v 23.58138375 13.10279593 -12.17384916
v 23.51944149 13.32677063 -12.15125062
v 23.41889963 13.53706792 -12.12844066
v 23.14234711 11.85999904 -12.30474375
v 23.30078557 12.02163938 -12.28388585
v 23.43151718 12.21173257 -12.26177346
v 23.52806926 12.42399774 -12.23893743
v 22.06732146 11.55777555 -12.41468918
v 22.29415625 11.54060289 -12.39350718
v 22.52128907 11.56267617 -12.37211563
v 22.74519764 11.62492856 -12.34951150
v 22.95535058 11.72575168 -12.32670527
v 21.27788402 12.00005319 -12.50301581
v 21.43973857 11.84182707 -12.48215791
v 21.63003571 11.71133202 -12.46003620
v 21.84243686 11.61506772 -12.43719645
v 20.97422443 13.07465509 -12.61295564
v 20.95735818 12.84783799 -12.59178575
v 20.97973786 12.62068935 -12.57038303
v 21.04230039 12.39684690 -12.54777052
v 21.14340663 12.18684018 -12.52496801
v 21.41545527 13.86470161 -12.70128973
v 21.25744149 13.70263007 -12.68042810
v 21.12718299 13.51213176 -12.65829615
v 21.03120647 13.29959463 -12.63545733
v 23.28028530 13.72961234 -12.89956458
v 23.11799861 13.88741564 -12.87869923
v 22.92729728 14.01743293 -12.85656076
v 22.71462604 14.11312260 -12.83372007
v 22.48962969 14.16979358 -12.81122304
v 22.26283029 14.18635529 -12.79006340
v 22.03566767 14.16366827 -12.76864763
v 21.81189135 14.10079747 -12.74603046
v 21.60203271 13.99940904 -12.72323262
v 22.30112627 11.54069509 -13.18662055
v 22.52831683 11.56399772 -13.16517871
v 22.75195718 11.62748598 -13.14255409
v 22.96152338 11.72943786 -13.11975997
v 23.14767800 11.86460443 -13.09783664
v 23.30527082 12.02710718 -13.07697129
v 23.43504876 12.21800968 -13.05482350
v 23.53044972 12.43081596 -13.03198095
v 23.58680964 12.65586540 -13.00949510
v 23.60306680 12.88264710 -12.98834197
v 23.58007245 13.10982462 -12.96691410
v 23.51689152 13.33353296 -12.94429135
v 23.41522276 13.54324631 -12.92149536
v 22.68724702 14.12230544 -16.00589417
v 22.46146090 14.17399943 -15.98351635
v 22.23489992 14.18569311 -15.96250944
v 22.00758643 14.15806916 -15.94089530
v 21.78496867 14.09026887 -15.91820084
v 21.57752030 13.98441102 -15.89545049
v 21.39436267 13.84608820 -15.87368362
v 21.23970352 13.68053351 -15.85276239
v 21.11332491 13.48685473 -15.83048888
v 21.02198638 13.27222772 -15.80763422
v 20.96998133 13.04648630 -15.78524895
v 20.95798403 12.81991228 -15.76423459
v 20.98529786 12.59260252 -15.74263163
v 21.05279267 12.36990932 -15.71994089
v 21.15837298 12.16230635 -15.69718681
v 21.29647322 11.97893173 -15.67540504
v 21.46180719 11.82406489 -15.65449126
v 21.65529132 11.69744041 -15.63222893
v 21.86979167 11.60580944 -15.60937520
v 22.09548838 11.55349333 -15.58697782
v 22.32207544 11.54119149 -15.56595601
v 22.54937962 11.56819612 -15.54436516
v 22.77215011 11.63538359 -15.52167814
v 22.97990583 11.74068637 -15.49892314
v 23.16349745 11.87856402 -15.47713112
v 23.31857383 12.04368006 -15.45622107
v 23.44544232 12.23696768 -15.43396525
v 23.53736572 12.45134138 -15.41111059
v 23.58999290 12.67699152 -15.38871136
v 23.60259742 12.90359162 -15.36767744
v 23.57590385 13.13089021 -15.34610055
v 23.50902371 13.35373614 -15.32341726
v 23.40399660 13.56164739 -15.30066039
v 23.26634340 13.74545414 -15.27885534
v 23.10144715 13.90073821 -15.25795273
v 22.90835418 14.02785257 -15.23570530
v 22.69410901 14.12006654 -15.21285158
v 22.46850543 14.17300571 -15.19044302
v 22.24189229 14.18591477 -15.16940352
v 22.01459929 14.15952761 -15.14783408
v 21.79167792 14.09295574 -15.12515731
v 21.58361487 13.98820803 -15.10239206
v 21.39959112 13.85077741 -15.08058049
v 21.24409936 13.68610002 -15.05968161
v 21.11673914 13.49320542 -15.03744256
v 21.02423459 13.27908598 -15.01459163
v 20.97098343 13.05352990 -14.99217190
v 20.95777169 12.82690279 -14.97112494
v 20.98384872 12.59961817 -14.94956948
v 21.05011418 12.37662230 -14.92689829
v 21.15458250 12.16840558 -14.90412932
v 21.29178867 11.98416762 -14.88230564
v 21.45624906 11.82846632 -14.86141142
v 21.64894715 11.70086302 -14.83918168
v 21.86293714 11.60806697 -14.81632702
v 22.08844572 11.55450568 -14.79390543
v 22.31508680 11.54098846 -14.77284636
v 22.54236303 11.56675816 -14.75130673
v 22.76543342 11.63271442 -14.72863741
v 22.97380194 11.73690520 -14.70586471
v 23.15825410 11.87388692 -14.68403172
v 23.31416495 12.03812752 -14.66313936
v 23.44201133 12.23062724 -14.64091893
v 23.53509702 12.44448870 -14.61806800
v 23.58897030 12.66994886 -14.59563710
v 23.60279113 12.89660390 -14.57456686
v 23.57733063 13.12387269 -14.55303840
v 23.51168357 13.34701572 -14.53037839
v 23.40777032 13.55553605 -14.50760197
v 23.27101491 13.74020241 -14.48575594
v 23.10699224 13.89632374 -14.46486823
v 22.91468903 14.02441226 -14.44265805
v 22.70095795 14.11778945 -14.41980712
v 22.47554809 14.17197380 -14.39737063
v 22.24887721 14.18609824 -14.37629201
v 22.02161774 14.16094601 -14.35477566
v 21.79840207 14.09560628 -14.33211844
v 21.58972993 13.99197336 -14.30933736
v 21.40484937 13.85544240 -14.28748108
v 21.24851942 13.69163767 -14.26659804
v 21.12018876 13.49953469 -14.24439531
v 21.02652192 13.28593399 -14.22154438
v 20.97202651 13.06057256 -14.19909857
v 20.95759660 12.83388771 -14.17801343
v 20.98244056 12.60663848 -14.15650733
v 21.04747109 12.38335017 -14.13385384
v 21.15082555 12.17452716 -14.11107462
v 21.28713019 11.98943332 -14.08920623
v 21.45071700 11.83289383 -14.06832598
v 21.64262161 11.70432009 -14.04613536
v 21.85609192 11.61036361 -14.02328350
v 22.08140306 11.55555714 -14.00083117
v 22.30810374 11.54082362 -13.97973578
v 22.53534272 11.56535838 -13.95824458
v 22.75870182 11.63008157 -13.93559482
v 22.96767384 11.73315570 -13.91281001
v 23.15298095 11.86923310 -13.89093231
v 23.30973186 12.03260291 -13.87005486
v 23.43854681 12.22430822 -13.84787075
v 23.53279293 12.43764628 -13.82502355
v 23.58791046 12.66290620 -13.80256470
v 23.60294759 12.88962271 -13.78145721
v 23.57872017 13.11685052 -13.75997625
v 23.51430617 13.34028132 -13.73733394
v 23.41151237 13.54940236 -13.71454727
v 23.27566221 13.73492274 -13.69266026
v 23.11250940 13.89188319 -13.67178466
v 22.92100340 14.02094029 -13.64960801
v 22.70779759 14.11547512 -13.62676453
v 22.48258889 14.17090278 -13.60429637
v 22.25585654 14.18624539 -13.58317863
v 22.02864178 14.16232623 -13.56171351
v 21.80514112 14.09822050 -13.53907399
v 21.59586921 13.99570610 -13.51628639
v 21.41013741 13.86008412 -13.49438541
v 21.25296742 13.69714830 -13.47351260
v 21.12367004 13.50584347 -13.45134713
v 21.02884464 13.29276897 -13.42849992
v 20.97310685 13.06761429 -13.40602990
v 20.95745876 12.84086611 -13.38489912
v 20.98106965 12.61366159 -13.36344518
v 21.04486711 12.39009108 -13.34081497
v 21.14710025 12.18067296 -13.31802271
v 21.28249407 11.99472882 -13.29611149
v 21.44521475 11.83734741 -13.27524148
v 21.63631842 11.70780975 -13.25308438
v 21.84925787 11.61269657 -13.23024090
v 22.07436040 11.55664679 -13.20776157
v 22.90199883 14.03125841 -16.02875255
v 23.09587412 13.90512567 -16.05103351
v 23.40019308 13.56773451 -16.09371416
v 23.26164767 13.75067513 -16.07195847
v 23.50632660 13.36044166 -16.11646079
v 23.57443608 13.13790400 -16.13916084
v 23.60236831 12.91058399 -16.16078801
v 23.59097637 12.68403605 -16.18178748
v 23.53959531 12.45820522 -16.20415971
v 23.44883978 12.24332768 -16.22701250
v 23.32295477 12.04925962 -16.24930277
v 23.16871099 11.88326441 -16.27023332
v 22.98598737 11.74449921 -16.29197970
v 22.77885191 11.63808908 -16.31472260
v 22.55639248 11.56967320 -16.33742638
v 22.32906967 11.54143177 -16.35906473
v 22.10253291 11.55251916 -16.38005488
v 21.87665924 11.60358917 -16.40241779
v 21.66165598 11.69405133 -16.42527618
v 21.46739513 11.81969047 -16.44757204
v 21.30118012 11.97372563 -16.46850817
v 21.16219327 12.15623040 -16.49024151
v 21.05550654 12.36321032 -16.51298068
v 20.98678425 12.58559059 -16.53569005
v 22.40977436 11.79261040 37.53754497
v 22.40977436 11.79261040 37.45816648
v 23.14288355 12.21587043 38.17622364
v 22.40977436 11.79261040 38.17254305
v 22.40977436 11.79261040 38.09316456
v 23.14288355 12.21587043 38.33497316
v 23.14288355 12.21587043 35.63622385
v 22.40977436 11.79261040 36.98191792
v 22.34471962 11.75505016 37.43392974
v 22.34481834 11.75510697 36.99417785
v 22.28023484 11.71782054 37.40810230
v 22.28023484 11.71782054 37.00920194
v 22.40977436 11.79261040 37.61691600
v 23.14288355 12.21587043 38.25559467
v 23.20784144 12.25337386 35.62396020
v 23.27242307 12.29066029 35.60893983
v 22.28023484 11.71782054 38.39818388
v 22.28023484 11.71782054 38.27920184
v 22.46358432 11.82367746 38.48800436
v 22.34481834 11.75510697 38.26417774
v 22.62481861 11.91676594 38.53637353
v 22.40977436 11.79261040 38.25191781
v 22.77632989 12.00424042 38.55167702
v 22.34471962 11.75505016 38.06893155
v 22.34481834 11.75510697 37.62917966
v 22.28023484 11.71782054 38.04310784
v 22.28023484 11.71782054 37.64420003
v 23.14288355 12.21587043 35.71559489
v 23.14288355 12.21587043 35.79496965
v 23.14288355 12.21587043 36.27122194
v 23.20794016 12.25343067 35.81921011
v 23.20784144 12.25337386 36.25896201
v 23.27242307 12.29066029 35.84503382
v 23.27242307 12.29066029 36.24393791
v 23.14288355 12.21587043 36.35059670
v 22.40977436 11.79261040 35.71191803
v 23.14288355 12.21587043 36.42997518
v 23.14288355 12.21587043 36.90622374
v 23.20794016 12.25343067 36.45420820
v 23.20784144 12.25337386 36.89396009
v 23.27242307 12.29066029 36.48003563
v 23.27242307 12.29066029 36.87893972
v 23.14288355 12.21587043 37.54122183
v 23.14288355 12.21587043 37.62059659
v 23.14288355 12.21587043 37.69997135
v 23.20794016 12.25343067 37.72420809
v 23.20784144 12.25337386 38.16395998
v 23.27242307 12.29066029 37.75003552
v 23.27242307 12.29066029 38.14893588
v 22.40977436 11.79261040 36.34691611
v 22.40977436 11.79261040 36.26754507
v 22.40977436 11.79261040 36.18816659
v 22.34471962 11.75505016 36.16392985
v 22.34481834 11.75510697 35.72417796
v 22.28023484 11.71782054 36.13810614
v 22.28023484 11.71782054 35.73920205
v 23.27242307 12.29066029 38.38503733
v 23.27242307 12.29066029 38.39818388
v 23.20794016 12.25343067 38.35920990
v 23.08907360 12.18480337 38.48800436
v 22.28023484 11.71782054 35.50310433
v 22.34471962 11.75505016 35.52893177
v 22.40977436 11.79261040 35.55316851
v 22.40977436 11.79261040 35.63254327
v 22.40977436 11.79261040 36.90254316
v 22.40977436 11.79261040 36.82316840
v 22.34471962 11.75505016 36.79893166
v 22.34481834 11.75510697 36.35917976
v 22.28023484 11.71782054 36.77310422
v 22.28023484 11.71782054 36.37420386
v 23.14288355 12.21587043 36.98559478
v 23.14288355 12.21587043 37.06497326
v 23.20794016 12.25343067 37.08921000
v 23.20784144 12.25337386 37.52896190
v 23.27242307 12.29066029 37.11503744
v 23.27242307 12.29066029 37.51393780
v 22.92783931 12.09171489 38.53637353
v 21.41758800 12.21587043 35.52671149
v 21.41758800 12.21587043 35.44733301
v 22.15069532 11.79261040 36.16539016
v 21.28804848 12.29066029 38.39818388
v 21.28804848 12.29066029 38.17336634
v 21.47139609 12.18480337 38.48800436
v 21.35263011 12.25337386 38.15834969
v 21.63263038 12.09171489 38.53637353
v 21.41758800 12.21587043 38.14608231
v 21.78414166 12.00424042 38.55167702
v 21.41758800 12.21587043 38.06671128
v 21.41758800 12.21587043 37.98733652
v 22.15069532 11.79261040 38.22913766
v 22.21565321 11.75510697 35.51812842
v 22.15069532 11.79261040 37.43539006
v 22.15069532 11.79261040 37.51476109
v 21.41758800 12.21587043 36.87608242
v 22.15069532 11.79261040 37.59413958
v 22.15069532 11.79261040 38.07038814
v 22.21575193 11.75505016 37.61837631
v 22.21565321 11.75510697 38.05812821
v 22.15069532 11.79261040 38.14976662
v 21.41758800 12.21587043 37.51108423
v 21.35263011 12.25337386 37.52334416
v 21.28804848 12.29066029 37.53836825
v 21.28804848 12.29066029 37.93727234
v 21.41758800 12.21587043 37.43170947
v 21.41758800 12.21587043 37.35233471
v 21.35253139 12.25343067 37.32809797
v 21.35263011 12.25337386 36.88834608
v 21.28804848 12.29066029 37.30227426
v 21.28804848 12.29066029 36.90336645
v 21.35253139 12.25343067 35.42309627
v 21.28804848 12.29066029 35.39727256
v 22.21575193 11.75505016 38.25337440
v 22.09688723 11.82367746 38.48800436
v 21.41758800 12.21587043 35.60608253
v 21.41758800 12.21587043 36.79671139
v 21.41758800 12.21587043 36.71733290
v 21.41758800 12.21587043 36.24108434
v 21.35253139 12.25343067 36.69309616
v 21.35263011 12.25337386 36.25334427
v 21.28804848 12.29066029 36.66727245
v 21.28804848 12.29066029 36.26836836
v 21.41758800 12.21587043 36.16170958
v 22.15069532 11.79261040 36.80038825
v 21.41758800 12.21587043 36.08233482
v 21.35253139 12.25343067 36.05809808
v 21.35263011 12.25337386 35.61834618
v 21.28804848 12.29066029 36.03227064
v 21.28804848 12.29066029 35.63337028
v 22.15069532 11.79261040 36.87976301
v 22.15069532 11.79261040 36.95913777
v 22.21575193 11.75505016 36.98337451
v 22.21565321 11.75510697 37.42312640
v 21.93565294 11.91676594 38.53637353
v 22.15069532 11.79261040 35.53038836
v 22.15069532 11.79261040 35.60976312
v 22.15069532 11.79261040 35.68914160
v 22.21575193 11.75505016 35.71337461
v 22.21565321 11.75510697 36.15312651
v 22.15069532 11.79261040 36.24476120
v 22.15069532 11.79261040 36.32413968
v 22.21575193 11.75505016 36.34837642
v 22.21565321 11.75510697 36.78812832
v 21.28804848 12.44024001 38.04393113
v 21.28804848 12.44024001 38.12330589
v 21.28804848 13.28676008 37.40524873
v 21.28804848 13.43633980 38.39818388
v 21.28804848 13.43633980 38.06753457
v 21.28804848 13.22462689 38.48800436
v 21.28804848 13.36176600 38.05251420
v 21.28804848 13.03844899 38.53637353
v 21.28804848 13.28676008 38.04025427
v 21.28804848 12.44024001 37.96455264
v 21.28804848 12.36523408 35.41229293
v 21.28804848 13.28676008 35.42087600
v 21.28804848 13.28676008 35.34150496
v 21.28804848 12.44024001 36.05955467
v 21.28804848 13.28676008 37.96087578
v 21.28804848 13.28676008 37.88150102
v 21.28804848 13.36188056 37.85726428
v 21.28804848 13.36176600 37.41751611
v 21.28804848 13.43633980 37.83144057
v 21.28804848 13.43633980 37.43253276
v 21.28804848 13.28676008 37.32587770
v 21.28804848 13.28676008 37.24650294
v 21.28804848 13.28676008 36.77025065
v 21.28804848 13.36188056 37.22226247
v 21.28804848 13.36176600 36.78251430
v 21.28804848 13.43633980 37.19643876
v 21.28804848 13.43633980 36.79753467
v 21.28804848 13.36188056 35.31726450
v 21.28804848 13.43633980 35.29144078
v 21.28804848 12.36511953 37.51254454
v 21.28804848 12.44024001 37.48830408
v 21.28804848 12.44024001 37.40893304
v 21.28804848 12.44024001 37.32955456
v 21.28804848 13.28676008 36.13524884
v 21.28804848 13.28676008 36.05587780
v 21.28804848 12.44024001 36.69455647
v 21.28804848 13.28676008 35.97650304
v 21.28804848 13.28676008 35.50025076
v 21.28804848 13.36188056 35.95226258
v 21.28804848 13.36176600 35.51251069
v 21.28804848 13.43633980 35.92643887
v 21.28804848 13.43633980 35.52753478
v 21.28804848 13.28676008 36.69087589
v 21.28804848 13.28676008 36.61150113
v 21.28804848 13.36188056 36.58726439
v 21.28804848 13.36176600 36.14751250
v 21.28804848 13.43633980 36.56144068
v 21.28804848 13.43633980 36.16253287
v 21.28804848 12.36511953 38.14754635
v 21.28804848 12.50237320 38.48800436
v 21.28804848 12.68855017 38.53637353
v 21.28804848 12.86350004 38.55167702
v 21.28804848 12.44024001 36.13892943
v 21.28804848 12.44024001 36.21830419
v 21.28804848 12.36511953 36.24254093
v 21.28804848 12.36523408 36.68229282
v 21.28804848 12.44024001 36.77393124
v 21.28804848 12.44024001 36.85330600
v 21.28804848 12.36511953 36.87754273
v 21.28804848 12.36523408 37.31729463
v 21.28804848 12.44024001 35.42455658
v 21.28804848 12.44024001 35.50392762
v 21.28804848 12.44024001 35.58330610
v 21.28804848 12.36511953 35.60754284
v 21.28804848 12.36523408 36.04729474
v 22.09688723 13.90332263 38.48800436
v 22.15069532 13.93438969 38.46516833
v 22.15069532 13.93438969 38.41066733
v 22.15069532 13.93438969 37.77566925
v 22.21575193 13.97194993 37.75142878
v 22.15069532 13.93438969 37.29942068
v 22.15069532 13.93438969 37.93441877
v 22.21575193 13.97194993 38.38643059
v 22.21565321 13.97189312 37.94667870
v 22.28023484 14.00917955 38.36060688
v 22.28023484 14.00917955 37.96169907
v 22.21565321 13.97189312 37.31168061
v 22.28023484 14.00917955 37.72560507
v 22.28023484 14.00917955 37.32670099
v 22.15069532 13.93438969 35.31504422
v 22.15069532 13.93438969 35.23566946
v 21.41758800 13.51112965 35.95372289
v 21.63263038 13.63528520 38.53637353
v 21.78414166 13.72275967 38.55167702
v 21.93565294 13.81023414 38.53637353
v 22.15069532 13.93438969 37.85504028
v 21.41758800 13.51112965 38.01747039
v 21.35263011 13.47362623 35.30646116
v 21.41758800 13.51112965 37.93809935
v 21.41758800 13.51112965 37.85872087
v 22.15069532 13.93438969 36.02942079
v 22.15069532 13.93438969 35.95004231
v 21.41758800 13.51112965 36.58872098
v 22.15069532 13.93438969 35.87066755
v 22.15069532 13.93438969 35.39441526
v 22.21575193 13.97194993 35.84643081
v 22.21565321 13.97189312 35.40668264
v 22.28023484 14.00917955 35.82060710
v 22.28023484 14.00917955 35.42169929
v 22.21575193 13.97194993 35.21142900
v 22.28023484 14.00917955 35.18560529
v 21.41758800 13.51112965 37.22371906
v 21.41758800 13.51112965 37.30309755
v 22.15069532 13.93438969 36.66441888
v 21.41758800 13.51112965 37.38247231
v 21.35253139 13.47356942 37.40671277
v 21.35263011 13.47362623 37.84645721
v 21.35253139 13.47356942 38.04171085
v 21.47139609 13.54219578 38.48800436
v 21.41758800 13.51112965 36.03309765
v 21.41758800 13.51112965 36.11247241
v 21.35253139 13.47356942 36.13671288
v 21.35263011 13.47362623 36.57646105
v 22.15069532 13.93438969 36.58504412
v 22.15069532 13.93438969 36.50566936
v 22.21575193 13.97194993 36.48142889
v 22.21565321 13.97189312 36.04168072
v 22.28023484 14.00917955 36.45560518
v 22.28023484 14.00917955 36.05670109
v 22.15069532 13.93438969 37.22004220
v 22.15069532 13.93438969 37.14066744
v 22.21575193 13.97194993 37.11642697
v 22.21565321 13.97189312 36.67668253
v 22.28023484 14.00917955 37.09060699
v 22.28023484 14.00917955 36.69169918
v 21.41758800 13.51112965 36.66809946
v 21.41758800 13.51112965 36.74747050
v 21.35253139 13.47356942 36.77171096
v 21.35263011 13.47362623 37.21145913
v 21.41758800 13.51112965 35.31872109
v 21.41758800 13.51112965 35.39809957
v 21.41758800 13.51112965 35.47747061
v 21.35253139 13.47356942 35.50170735
v 21.35263011 13.47362623 35.94145924
v 23.14288355 13.51112965 35.20920873
v 23.14288355 13.51112965 35.12983397
v 22.40977436 13.93438969 35.84788740
v 23.27242307 13.43633980 38.25477138
v 23.27242307 13.43633980 37.85587102
v 23.20784144 13.47362623 37.84084693
v 23.14543538 13.50965630 38.46400976
v 23.14288355 13.51112965 38.46358508
v 23.08907360 13.54219578 38.48800436
v 23.14288355 13.51112965 38.38421032
v 22.92783931 13.63528520 38.53637353
v 22.77632989 13.72275967 38.55167702
v 22.34481834 13.97189312 35.20062566
v 22.40977436 13.93438969 35.21288931
v 23.14288355 13.51112965 35.28858721
v 22.40977436 13.93438969 38.46516833
v 22.46358432 13.90332263 38.48800436
v 22.40977436 13.93438969 38.42676058
v 23.14288355 13.51112965 37.82858700
v 22.40977436 13.93438969 38.38789091
v 23.20794016 13.47356942 38.28059882
v 23.14288355 13.51112965 38.30483556
v 22.62481861 13.81023414 38.53637353
v 22.40977436 13.93438969 35.37163883
v 22.34471962 13.97194993 35.39587930
v 22.34481834 13.97189312 35.83562747
v 23.14288355 13.51112965 35.92358530
v 23.14288355 13.51112965 35.84420681
v 22.40977436 13.93438969 36.48288548
v 23.14288355 13.51112965 35.76483577
v 23.20794016 13.47356942 35.74059531
v 23.20784144 13.47362623 35.30084714
v 23.27242307 13.43633980 35.71477160
v 23.27242307 13.43633980 35.31586751
v 23.27242307 13.43633980 35.07977352
v 23.20794016 13.47356942 35.10559723
v 22.40977436 13.93438969 35.29226407
v 22.40977436 13.93438969 35.92726588
v 22.40977436 13.93438969 36.00663692
v 22.34471962 13.97194993 36.03087738
v 22.34481834 13.97189312 36.47062555
v 22.40977436 13.93438969 36.56226397
v 22.40977436 13.93438969 36.64163873
v 22.40977436 13.93438969 37.11789101
v 22.34471962 13.97194993 36.66587919
v 22.34481834 13.97189312 37.10562363
v 23.14288355 13.51112965 36.55858710
v 23.14288355 13.51112965 36.47920862
v 23.14288355 13.51112965 36.39983386
v 23.20794016 13.47356942 36.37559339
v 23.20784144 13.47362623 35.93584895
v 23.27242307 13.43633980 36.34977341
v 23.27242307 13.43633980 35.95086560
v 22.40977436 13.93438969 37.19726577
v 22.40977436 13.93438969 37.27663681
v 22.40977436 13.93438969 37.75288910
v 22.34471962 13.97194993 37.30087727
v 22.34481834 13.97189312 37.74062544
v 23.14288355 13.51112965 37.19358519
v 23.14288355 13.51112965 37.11420670
v 23.14288355 13.51112965 37.03483567
v 23.20794016 13.47356942 37.01059893
v 23.20784144 13.47362623 36.57084703
v 23.27242307 13.43633980 36.98477149
v 23.27242307 13.43633980 36.58586740
v 22.40977436 13.93438969 37.83226386
v 22.40977436 13.93438969 37.91163862
v 22.34471962 13.97194993 37.93587536
v 22.34481834 13.97189312 38.37562725
v 23.14288355 13.51112965 37.74920851
v 23.14288355 13.51112965 37.66983375
v 23.20794016 13.47356942 37.64559701
v 23.20784144 13.47362623 37.20584512
v 23.27242307 13.43633980 37.61977330
v 23.27242307 13.43633980 37.22086549
v 23.27242307 13.28676008 36.37705743
v 23.27242307 13.28676008 36.45642847
v 23.27242307 12.44024001 35.81775352
v 23.27242307 13.28676008 36.53580323
v 23.27242307 13.28676008 37.01205552
v 23.27242307 13.36188056 36.56004369
v 23.27242307 13.36176600 36.99979559
v 23.27242307 13.28676008 38.36143017
v 23.27242307 13.28676008 38.44080865
v 23.27242307 12.44024001 37.72275150
v 23.27242307 12.44024001 36.45275161
v 23.27242307 12.44024001 36.37337312
v 23.27242307 12.44024001 36.29400209
v 23.27242307 12.36511953 36.26976535
v 23.27242307 12.36523408 35.83001345
v 23.27242307 12.44024001 35.73837504
v 23.27242307 12.44024001 35.65900028
v 23.27242307 12.36511953 35.63476354
v 23.27242307 13.28676008 35.10705382
v 23.27242307 13.36176600 35.09479389
v 23.27242307 13.28676008 35.74205562
v 23.27242307 13.28676008 37.09143028
v 23.27242307 13.28676008 37.17080504
v 23.27242307 13.28676008 37.64705732
v 23.27242307 13.36188056 37.19504178
v 23.27242307 13.36176600 37.63479367
v 23.27242307 13.30375206 38.44611719
v 23.27242307 13.32055125 38.45147043
v 23.27242307 13.22462689 38.48800436
v 23.27242307 13.28676008 35.82143039
v 23.27242307 13.28676008 35.90080515
v 23.27242307 13.36188056 35.92504188
v 23.27242307 13.36176600 36.36479005
v 23.27242307 13.28676008 35.18643230
v 23.27242307 13.28676008 35.26580334
v 23.27242307 13.36188056 35.29004380
v 23.27242307 13.36176600 35.72979197
v 23.27242307 13.28676008 38.28205541
v 23.27242307 12.44024001 37.08774969
v 23.27242307 12.44024001 37.00837865
v 23.27242307 12.44024001 36.92900017
v 23.27242307 12.36511953 36.90476343
v 23.27242307 12.36523408 36.46501154
v 23.27242307 12.44024001 38.27837855
v 23.27242307 12.44024001 38.19900006
v 23.27242307 12.36511953 38.17476332
v 23.27242307 12.36523408 37.73501143
v 23.27242307 12.44024001 37.64337674
v 23.27242307 12.44024001 37.56400198
v 23.27242307 12.36511953 37.53976524
v 23.27242307 12.36523408 37.10001335
v 23.27242307 13.28676008 37.72642836
v 23.27242307 13.28676008 37.80580685
v 23.27242307 13.36188056 37.83004358
v 23.27242307 13.36176600 38.26979548
v 23.27242307 12.50237320 38.48800436
v 23.27242307 12.36523408 38.37001324
v 23.27242307 12.68855017 38.53637353
v 23.27242307 12.44024001 38.35774958
v 23.27242307 12.86350004 38.55167702
v 23.27242307 13.03844899 38.53637353
v 23.24359305 12.30730675 36.26316041
v 23.21441472 12.32415158 36.28261015
v 23.21441472 12.32415158 36.36198863
v 23.21441472 12.32415158 36.44135967
v 23.24359305 12.30730675 36.46081686
v 23.24359305 12.30730675 36.89815849
v 23.21441472 12.32415158 36.91761196
v 23.21441472 12.32415158 36.99698672
v 23.21441472 12.32415158 37.07636148
v 23.24359305 12.30730675 37.09581494
v 23.24359305 12.30730675 37.53315657
v 23.21441472 12.32415158 37.55261377
v 23.21441472 12.32415158 37.63198853
v 23.21441472 12.32415158 37.71135956
v 23.24359305 12.30730675 37.73081675
v 23.24359305 12.30730675 38.16815838
v 23.21441472 12.32415158 38.18761185
v 23.21441472 12.32415158 38.26698661
v 23.21441472 12.32415158 38.34636137
v 23.24359305 12.30730675 38.36581483
v 23.24359305 13.41969427 35.09899229
v 23.21441472 13.40284850 35.11844575
v 23.21441472 13.40284850 35.19782051
v 23.21441472 13.40284850 35.27719527
v 23.24359305 13.41969427 35.29664502
v 23.24359305 13.41969427 35.73399410
v 23.21441472 13.40284850 35.75344384
v 23.21441472 13.40284850 35.83282232
v 23.21441472 13.40284850 35.91219336
v 23.24359305 13.41969427 35.93164682
v 23.24359305 13.41969427 36.36899218
v 23.21441472 13.40284850 36.38844565
v 23.21441472 13.40284850 36.46782041
v 23.21441472 13.40284850 36.54719517
v 23.24359305 13.41969427 36.56664491
v 23.24359305 13.41969427 37.00399399
v 23.21441472 13.40284850 37.02344373
v 23.21441472 13.40284850 37.10282221
v 23.21441472 13.40284850 37.18219325
v 23.24359305 13.41969427 37.20165044
v 23.24359305 13.41969427 37.63899207
v 23.21441472 13.40284850 37.65844181
v 23.21441472 13.40284850 37.73782030
v 23.21441472 13.40284850 37.81719506
v 23.24359305 13.41969427 37.83664852
v 21.65966295 13.08936998 38.88346627
v 21.62986808 12.97817752 38.88346627
v 22.28023484 12.86350004 38.88346627
v 21.61983773 12.86350004 38.88346627
v 21.62986808 12.74882257 38.88346627
v 21.85573801 13.36939540 38.88346627
v 21.77434042 13.28799687 38.88346627
v 21.70831151 13.19370046 38.88346627
v 22.16555923 13.51386681 38.88346627
v 22.05436490 13.48407287 38.88346627
v 21.95003629 13.43542244 38.88346627
v 22.50610478 13.48407287 38.88346627
v 22.39491232 13.51386681 38.88346627
v 22.28023484 13.52389995 38.88346627
v 22.78613113 13.28799687 38.88346627
v 22.70473167 13.36939540 38.88346627
v 22.61043526 13.43542244 38.88346627
v 22.93060347 12.97817752 38.88346627
v 22.90080860 13.08936998 38.88346627
v 22.85215817 13.19370046 38.88346627
v 22.90080860 12.63763011 38.88346627
v 22.93060347 12.74882257 38.88346627
v 22.94063568 12.86350004 38.88346627
v 22.70473167 12.35760469 38.88346627
v 22.78613113 12.43900321 38.88346627
v 22.85215817 12.53329962 38.88346627
v 22.39491232 12.21313328 38.88346627
v 22.50610478 12.24292722 38.88346627
v 22.61043526 12.29157671 38.88346627
v 22.05436490 12.24292722 38.88346627
v 22.16555923 12.21313328 38.88346627
v 22.28023484 12.20310014 38.88346627
v 21.77434042 12.43900321 38.88346627
v 21.85573801 12.35760469 38.88346627
v 21.95003629 12.29157671 38.88346627
v 21.65966295 12.63763011 38.88346627
v 21.70831151 12.53329962 38.88346627
v 22.28023484 13.97588849 38.37982565
v 22.28023484 13.94219603 38.39927539
v 22.28023484 13.94219603 38.46516833
v 22.28023484 13.94219603 38.43815252
v 23.24359305 13.41969427 38.27399015
v 23.21441472 13.40284850 38.29344735
v 23.21441472 13.40284850 38.37282211
v 23.21441472 13.40284850 38.45219314
v 23.22153747 13.40696029 38.45694289
v 23.20783213 13.42748571 38.45827281
v 23.18139747 13.46435584 38.46075758
v 22.28023484 13.97588849 35.20482779
v 22.28023484 13.94219603 35.22427753
v 22.28023484 13.94219603 35.30365229
v 22.28023484 13.94219603 35.38303077
v 22.28023484 13.97588849 35.40248051
v 22.28023484 13.97588849 35.83982587
v 22.28023484 13.94219603 35.85927933
v 22.28023484 13.94219603 35.93865037
v 22.28023484 13.94219603 36.01802886
v 22.28023484 13.97588849 36.03747860
v 22.28023484 13.97588849 36.47482768
v 22.28023484 13.94219603 36.49427742
v 22.28023484 13.94219603 36.57365590
v 22.28023484 13.94219603 36.65302694
v 22.28023484 13.97588849 36.67248040
v 22.28023484 13.97588849 37.10982576
v 22.28023484 13.94219603 37.12927923
v 22.28023484 13.94219603 37.20865399
v 22.28023484 13.94219603 37.28802875
v 22.28023484 13.97588849 37.30747849
v 22.28023484 13.97588849 37.74482757
v 22.28023484 13.94219603 37.76427731
v 22.28023484 13.94219603 37.84365579
v 22.28023484 13.94219603 37.92302683
v 22.28023484 13.97588849 37.94248030
v 21.31687850 13.41969427 35.31065583
v 21.34605683 13.40284850 35.33011302
v 21.34605683 13.40284850 35.40948406
v 21.34605683 13.40284850 35.48886254
v 21.31687850 13.41969427 35.50831228
v 21.31687850 13.41969427 35.94566137
v 21.34605683 13.40284850 35.96511111
v 21.34605683 13.40284850 36.04448587
v 21.34605683 13.40284850 36.12386435
v 21.31687850 13.41969427 36.14331409
v 21.31687850 13.41969427 36.58065945
v 21.34605683 13.40284850 36.60011292
v 21.34605683 13.40284850 36.67948395
v 21.34605683 13.40284850 36.75886244
v 21.31687850 13.41969427 36.77831218
v 21.31687850 13.41969427 37.21566126
v 21.34605683 13.40284850 37.23511100
v 21.34605683 13.40284850 37.31448576
v 21.34605683 13.40284850 37.39386052
v 21.31687850 13.41969427 37.41331398
v 21.31687850 13.41969427 37.85065934
v 21.34605683 13.40284850 37.87011281
v 21.34605683 13.40284850 37.94948757
v 21.34605683 13.40284850 38.02886233
v 21.31687850 13.41969427 38.04831207
v 21.31687850 12.30730675 35.41649133
v 21.34605683 12.32415158 35.43594480
v 21.34605683 12.32415158 35.51531956
v 21.34605683 12.32415158 35.59469432
v 21.31687850 12.30730675 35.61414778
v 21.31687850 12.30730675 36.05148941
v 21.34605683 12.32415158 36.07094660
v 21.34605683 12.32415158 36.15031764
v 21.34605683 12.32415158 36.22969612
v 21.31687850 12.30730675 36.24914959
v 21.31687850 12.30730675 36.68649122
v 21.34605683 12.32415158 36.70594469
v 21.34605683 12.32415158 36.78531945
v 21.34605683 12.32415158 36.86469793
v 21.31687850 12.30730675 36.88414767
v 21.31687850 12.30730675 37.32149303
v 21.34605683 12.32415158 37.34094650
v 21.34605683 12.32415158 37.42031753
v 21.34605683 12.32415158 37.49969602
v 21.31687850 12.30730675 37.51914576
v 21.31687850 12.30730675 37.95649484
v 21.34605683 12.32415158 37.97594458
v 21.34605683 12.32415158 38.05531934
v 21.34605683 12.32415158 38.13469782
v 21.31687850 12.30730675 38.15414757
v 22.28023484 11.75111160 35.52232683
v 22.28023484 11.78480405 35.54178029
v 22.28023484 11.78480405 35.62115505
v 22.28023484 11.78480405 35.70052609
v 22.28023484 11.75111160 35.71998328
v 22.28023484 11.75111160 36.15732491
v 22.28023484 11.78480405 36.17677838
v 22.28023484 11.78480405 36.25615314
v 22.28023484 11.78480405 36.33552790
v 22.28023484 11.75111160 36.35498136
v 22.28023484 11.75111160 36.79232299
v 22.28023484 11.78480405 36.81178018
v 22.28023484 11.78480405 36.89115494
v 22.28023484 11.78480405 36.97052598
v 22.28023484 11.75111160 36.98997945
v 22.28023484 11.75111160 37.42732480
v 22.28023484 11.78480405 37.44677827
v 22.28023484 11.78480405 37.52615303
v 22.28023484 11.78480405 37.60553151
v 22.28023484 11.75111160 37.62498125
v 22.28023484 11.75111160 38.06232288
v 22.28023484 11.78480405 38.08178008
v 22.28023484 11.78480405 38.16115111
v 22.28023484 11.78480405 38.24052960
v 22.28023484 11.75111160 38.25997934
v 23.24359305 12.30730675 35.62815860
v 23.21441472 12.32415158 35.64761207
v 23.21441472 12.32415158 35.72698683
v 23.21441472 12.32415158 35.80636159
v 23.24359305 12.30730675 35.82581505
f 1 2 3
f 4 5 6
f 7 8 9
f 10 11 12
f 12 11 13
f 8 7 14
f 14 7 15
f 14 15 10
f 10 15 16
f 10 16 11
f 17 18 9
f 9 18 19
f 9 19 7
f 20 21 22
f 22 21 23
f 22 23 17
f 17 23 24
f 17 24 18
f 25 26 22
f 22 26 27
f 22 27 20
f 28 29 30
f 30 29 31
f 30 31 25
f 25 31 32
f 25 32 26
f 33 34 35
f 35 34 28
f 35 28 36
f 36 28 30
f 37 38 39
f 39 38 40
f 39 40 33
f 33 40 41
f 33 41 34
f 37 39 42
f 42 39 43
f 42 43 44
f 44 43 45
f 45 43 46
f 45 46 47
f 47 46 48
f 48 46 49
f 48 49 50
f 50 49 51
f 50 51 52
f 52 51 53
f 53 51 54
f 53 54 55
f 55 54 56
f 55 56 57
f 58 59 60
f 60 61 58
f 58 61 62
f 58 62 56
f 56 62 63
f 56 63 57
f 64 65 66
f 66 65 67
f 66 67 59
f 59 67 68
f 59 68 60
f 69 70 64
f 64 70 71
f 64 71 65
f 72 73 74
f 74 73 75
f 74 75 69
f 69 75 76
f 69 76 70
f 72 74 77
f 77 74 78
f 77 78 79
f 79 78 80
f 80 78 81
f 80 81 82
f 82 81 83
f 83 81 84
f 83 84 85
f 85 84 86
f 85 86 87
f 87 86 88
f 88 86 89
f 88 89 90
f 90 89 91
f 91 89 92
f 91 92 93
f 94 95 96
f 96 97 94
f 94 97 98
f 94 98 92
f 92 98 99
f 92 99 93
f 100 101 102
f 102 101 103
f 102 103 95
f 95 103 104
f 95 104 96
f 6 5 105
f 13 105 12
f 12 105 5
f 12 5 106
f 106 5 107
f 106 107 100
f 100 107 108
f 100 108 101
f 109 110 111
f 111 110 112
f 111 112 113
f 113 112 114
f 113 114 115
f 115 114 116
f 115 116 117
f 117 116 118
f 117 118 119
f 119 118 120
f 119 120 121
f 121 120 122
f 121 122 123
f 123 122 124
f 123 124 125
f 125 124 126
f 125 126 127
f 127 126 128
f 127 128 129
f 129 128 130
f 129 130 131
f 131 130 132
f 131 132 133
f 133 132 134
f 133 134 135
f 135 134 136
f 135 136 137
f 135 137 138
f 138 137 139
f 138 139 140
f 140 139 141
f 140 141 142
f 142 141 143
f 142 143 144
f 144 143 145
f 144 145 6
f 6 145 146
f 6 146 4
f 147 148 109
f 109 148 149
f 109 149 110
f 150 151 152
f 152 151 153
f 152 153 154
f 154 153 155
f 154 155 156
f 156 155 157
f 156 157 158
f 158 157 159
f 158 159 160
f 160 159 161
f 160 161 162
f 162 161 163
f 162 163 164
f 164 163 165
f 164 165 166
f 166 165 167
f 166 167 168
f 168 167 169
f 168 169 170
f 170 169 171
f 170 171 172
f 172 171 173
f 172 173 174
f 174 173 175
f 174 175 176
f 176 175 177
f 176 177 178
f 178 177 179
f 178 179 180
f 180 179 181
f 180 181 182
f 182 181 183
f 182 183 184
f 184 183 185
f 184 185 186
f 186 185 187
f 186 187 188
f 188 187 189
f 188 189 190
f 190 189 191
f 190 191 192
f 192 191 193
f 192 193 194
f 194 193 195
f 194 195 196
f 196 195 197
f 196 197 198
f 198 197 199
f 198 199 200
f 200 199 201
f 200 201 202
f 202 201 203
f 202 203 204
f 204 203 205
f 204 205 206
f 206 205 207
f 206 207 208
f 208 207 209
f 208 209 210
f 210 209 211
f 210 211 212
f 212 211 213
f 212 213 214
f 214 213 215
f 214 215 216
f 216 215 217
f 216 217 218
f 218 217 219
f 218 219 220
f 220 219 221
f 220 221 222
f 222 221 223
f 222 223 224
f 224 223 225
f 224 225 226
f 226 225 227
f 226 227 228
f 228 227 229
f 228 229 230
f 230 229 231
f 230 231 232
f 232 231 233
f 232 233 234
f 234 233 235
f 234 235 236
f 236 235 237
f 236 237 238
f 238 237 239
f 238 239 240
f 240 239 241
f 240 241 242
f 242 241 243
f 242 243 244
f 244 243 245
f 244 245 246
f 246 245 247
f 246 247 248
f 248 247 249
f 248 249 250
f 250 249 251
f 250 251 252
f 252 251 253
f 252 253 254
f 254 253 255
f 254 255 256
f 256 255 257
f 256 257 258
f 258 257 259
f 258 259 260
f 260 259 261
f 260 261 262
f 262 261 263
f 262 263 264
f 264 263 265
f 264 265 266
f 266 265 267
f 266 267 268
f 268 267 269
f 268 269 270
f 270 269 271
f 270 271 272
f 272 271 273
f 272 273 274
f 274 273 275
f 274 275 276
f 276 275 277
f 276 277 278
f 278 277 279
f 278 279 280
f 280 279 281
f 280 281 282
f 282 281 283
f 282 283 284
f 284 283 285
f 284 285 286
f 286 285 287
f 286 287 288
f 288 287 289
f 288 289 290
f 290 289 291
f 290 291 292
f 292 291 293
f 292 293 294
f 294 293 295
f 294 295 296
f 296 295 297
f 296 297 298
f 298 297 299
f 298 299 300
f 300 299 301
f 300 301 302
f 302 301 303
f 302 303 304
f 304 303 305
f 304 305 306
f 306 305 307
f 306 307 308
f 308 307 309
f 308 309 310
f 310 309 311
f 310 311 312
f 312 311 313
f 312 313 314
f 314 313 315
f 314 315 316
f 316 315 317
f 316 317 318
f 318 317 319
f 318 319 320
f 320 319 321
f 320 321 322
f 322 321 323
f 322 323 324
f 324 323 325
f 324 325 326
f 326 325 327
f 326 327 328
f 328 327 329
f 328 329 330
f 330 329 331
f 330 331 332
f 332 331 333
f 332 333 334
f 334 333 335
f 334 335 336
f 336 335 337
f 336 337 338
f 336 338 339
f 339 338 340
f 339 340 341
f 341 340 342
f 341 342 343
f 343 342 344
f 343 344 345
f 345 344 346
f 345 346 347
f 347 346 348
f 347 348 349
f 349 348 350
f 349 350 351
f 351 350 352
f 351 352 353
f 353 352 354
f 353 354 355
f 355 354 356
f 355 356 357
f 357 356 358
f 357 358 147
f 147 358 359
f 147 359 148
f 360 361 362
f 362 361 363
f 362 363 364
f 364 363 365
f 364 365 366
f 366 365 367
f 366 367 368
f 368 367 369
f 368 369 370
f 370 369 371
f 370 371 372
f 372 371 373
f 372 373 374
f 374 373 375
f 374 375 376
f 376 375 377
f 376 377 378
f 378 377 379
f 378 379 380
f 380 379 381
f 380 381 382
f 382 381 383
f 382 383 384
f 384 383 385
f 384 385 386
f 386 385 387
f 386 387 388
f 388 387 389
f 388 389 390
f 390 389 391
f 390 391 392
f 392 391 393
f 392 393 394
f 394 393 395
f 394 395 396
f 396 395 397
f 396 397 398
f 398 397 399
f 398 399 400
f 400 399 401
f 400 401 402
f 402 401 403
f 402 403 404
f 404 403 405
f 404 405 406
f 406 405 407
f 406 407 408
f 408 407 409
f 408 409 410
f 410 409 411
f 410 411 412
f 412 411 413
f 412 413 414
f 414 413 415
f 414 415 416
f 416 415 417
f 416 417 418
f 418 417 419
f 418 419 420
f 420 419 421
f 420 421 422
f 422 421 423
f 422 423 424
f 424 423 425
f 424 425 426
f 426 425 427
f 426 427 428
f 428 427 429
f 428 429 430
f 430 429 431
f 430 431 432
f 432 431 433
f 432 433 434
f 434 433 435
f 434 435 436
f 436 435 437
f 436 437 438
f 438 437 439
f 438 439 440
f 440 439 441
f 440 441 442
f 442 441 443
f 442 443 444
f 444 443 445
f 444 445 446
f 446 445 447
f 446 447 448
f 448 447 449
f 448 449 450
f 450 449 451
f 450 451 452
f 452 451 453
f 452 453 454
f 454 453 455
f 454 455 456
f 456 455 457
f 456 457 458
f 458 457 459
f 458 459 460
f 460 459 461
f 460 461 462
f 462 461 463
f 462 463 464
f 464 463 465
f 464 465 466
f 466 465 467
f 466 467 468
f 468 467 469
f 468 469 470
f 470 469 471
f 470 471 472
f 472 471 473
f 472 473 474
f 474 473 475
f 474 475 476
f 476 475 477
f 476 477 478
f 478 477 479
f 478 479 480
f 480 479 481
f 480 481 482
f 482 481 483
f 482 483 484
f 484 483 485
f 484 485 486
f 486 485 487
f 486 487 488
f 488 487 489
f 488 489 490
f 490 489 491
f 490 491 492
f 492 491 493
f 492 493 494
f 494 493 495
f 494 495 496
f 496 495 497
f 496 497 498
f 498 497 499
f 498 499 500
f 500 499 501
f 500 501 502
f 502 501 503
f 502 503 504
f 504 503 505
f 504 505 506
f 506 505 507
f 506 507 508
f 508 507 509
f 508 509 510
f 510 509 511
f 510 511 512
f 512 511 513
f 512 513 514
f 514 513 515
f 514 515 516
f 516 515 517
f 516 517 518
f 518 517 519
f 518 519 520
f 520 519 521
f 520 521 522
f 522 521 523
f 522 523 524
f 524 523 525
f 524 525 526
f 526 525 527
f 526 527 528
f 528 527 529
f 528 529 530
f 530 529 531
f 530 531 532
f 532 531 533
f 532 533 534
f 534 533 535
f 534 535 536
f 536 535 537
f 536 537 538
f 538 537 539
f 538 539 540
f 540 539 541
f 540 541 542
f 542 541 543
f 542 543 544
f 544 543 545
f 544 545 546
f 546 545 547
f 546 547 548
f 548 547 549
f 548 549 550
f 550 549 551
f 550 551 552
f 552 551 553
f 552 553 554
f 554 553 555
f 554 555 556
f 556 555 557
f 556 557 558
f 558 557 559
f 558 559 560
f 560 559 561
f 560 561 562
f 562 561 563
f 562 563 564
f 564 563 565
f 564 565 566
f 566 565 567
f 566 567 568
f 568 567 569
f 568 569 570
f 570 569 571
f 570 571 572
f 572 571 573
f 572 573 574
f 574 573 575
f 574 575 576
f 576 575 577
f 576 577 578
f 578 577 579
f 578 579 580
f 580 579 581
f 580 581 582
f 582 581 583
f 582 583 584
f 584 583 585
f 584 585 586
f 586 585 587
f 586 587 588
f 588 587 589
f 588 589 590
f 590 589 591
f 590 591 592
f 592 591 593
f 592 593 594
f 594 593 595
f 594 595 596
f 596 595 597
f 596 597 598
f 598 597 599
f 598 599 600
f 600 599 601
f 600 601 602
f 602 601 603
f 602 603 604
f 604 603 605
f 604 605 606
f 606 605 607
f 606 607 608
f 608 607 609
f 608 609 610
f 610 609 611
f 610 611 612
f 612 611 613
f 612 613 614
f 614 613 615
f 614 615 150
f 150 615 151
f 616 617 618
f 618 617 619
f 618 619 620
f 620 619 621
f 620 621 622
f 622 621 623
f 622 623 624
f 624 623 625
f 624 625 626
f 626 625 627
f 626 627 628
f 628 627 629
f 628 629 630
f 630 629 631
f 630 631 632
f 632 631 633
f 632 633 634
f 634 633 635
f 634 635 636
f 636 635 637
f 636 637 638
f 638 637 639
f 638 639 640
f 640 639 641
f 640 641 642
f 642 641 643
f 642 643 644
f 644 643 645
f 644 645 646
f 646 645 647
f 646 647 648
f 648 647 649
f 648 649 650
f 650 649 651
f 650 651 652
f 652 651 653
f 652 653 654
f 654 653 655
f 654 655 656
f 656 655 657
f 656 657 658
f 658 657 659
f 658 659 660
f 660 659 661
f 660 661 662
f 662 661 663
f 662 663 664
f 664 663 665
f 664 665 666
f 666 665 667
f 666 667 668
f 668 667 669
f 668 669 670
f 670 669 671
f 670 671 672
f 672 671 673
f 672 673 674
f 674 673 675
f 674 675 676
f 676 675 677
f 676 677 678
f 678 677 679
f 678 679 680
f 680 679 681
f 680 681 682
f 682 681 683
f 682 683 684
f 684 683 685
f 684 685 686
f 686 685 687
f 686 687 688
f 688 687 689
f 688 689 690
f 690 689 691
f 690 691 692
f 692 691 693
f 692 693 694
f 694 693 695
f 694 695 696
f 696 695 697
f 696 697 698
f 698 697 699
f 698 699 700
f 700 699 701
f 700 701 702
f 702 701 703
f 702 703 704
f 704 703 705
f 704 705 706
f 706 705 707
f 706 707 708
f 708 707 709
f 708 709 710
f 710 709 711
f 710 711 712
f 712 711 713
f 712 713 714
f 714 713 715
f 714 715 716
f 716 715 717
f 716 717 718
f 718 717 719
f 718 719 720
f 720 719 721
f 720 721 722
f 722 721 723
f 722 723 724
f 724 723 725
f 724 725 726
f 726 725 727
f 726 727 728
f 728 727 729
f 728 729 730
f 730 729 731
f 730 731 732
f 732 731 733
f 732 733 734
f 734 733 735
f 734 735 736
f 736 735 737
f 736 737 738
f 738 737 739
f 738 739 740
f 740 739 741
f 740 741 742
f 742 741 743
f 742 743 744
f 744 743 745
f 744 745 746
f 746 745 747
f 746 747 748
f 748 747 749
f 748 749 750
f 750 749 751
f 750 751 752
f 752 751 753
f 752 753 754
f 754 753 755
f 754 755 756
f 756 755 757
f 756 757 758
f 758 757 759
f 758 759 760
f 760 759 761
f 760 761 762
f 762 761 763
f 762 763 764
f 764 763 765
f 764 765 766
f 766 765 767
f 766 767 768
f 768 767 769
f 768 769 770
f 770 769 771
f 770 771 772
f 772 771 773
f 772 773 774
f 774 773 775
f 774 775 776
f 776 775 777
f 776 777 778
f 778 777 779
f 778 779 780
f 780 779 781
f 780 781 782
f 782 781 783
f 782 783 784
f 784 783 785
f 784 785 786
f 786 785 787
f 786 787 788
f 788 787 789
f 788 789 790
f 790 789 791
f 790 791 792
f 792 791 793
f 792 793 794
f 794 793 795
f 794 795 796
f 796 795 797
f 796 797 798
f 798 797 799
f 798 799 800
f 800 799 801
f 800 801 802
f 802 801 803
f 802 803 804
f 804 803 805
f 804 805 806
f 806 805 807
f 806 807 808
f 808 807 809
f 808 809 810
f 810 809 811
f 810 811 812
f 812 811 813
f 812 813 814
f 814 813 815
f 814 815 816
f 816 815 817
f 816 817 818
f 818 817 819
f 818 819 820
f 820 819 821
f 820 821 822
f 822 821 823
f 822 823 824
f 824 823 825
f 824 825 826
f 826 825 827
f 826 827 828
f 828 827 829
f 828 829 830
f 830 829 831
f 830 831 832
f 832 831 833
f 832 833 834
f 834 833 835
f 834 835 836
f 836 835 837
f 836 837 838
f 838 837 839
f 838 839 840
f 840 839 841
f 840 841 842
f 842 841 843
f 842 843 844
f 844 843 845
f 844 845 846
f 846 845 847
f 846 847 848
f 848 847 849
f 848 849 850
f 850 849 851
f 850 851 852
f 852 851 853
f 852 853 854
f 854 853 855
f 854 855 856
f 856 855 857
f 856 857 858
f 858 857 859
f 858 859 860
f 860 859 861
f 860 861 862
f 862 861 863
f 862 863 864
f 864 863 865
f 864 865 866
f 866 865 867
f 866 867 868
f 868 867 869
f 868 869 870
f 870 869 871
f 870 871 360
f 360 871 361
f 872 873 874
f 874 873 875
f 874 875 876
f 876 875 877
f 876 877 878
f 878 877 879
f 878 879 880
f 880 879 881
f 880 881 882
f 882 881 883
f 882 883 884
f 884 883 885
f 884 885 886
f 886 885 887
f 886 887 888
f 888 887 889
f 888 889 890
f 890 889 891
f 890 891 892
f 892 891 893
f 892 893 894
f 894 893 895
f 894 895 896
f 896 895 897
f 896 897 898
f 898 897 899
f 898 899 900
f 900 899 901
f 900 901 902
f 902 901 903
f 902 903 904
f 904 903 905
f 904 905 906
f 906 905 907
f 906 907 908
f 908 907 909
f 908 909 910
f 910 909 911
f 910 911 912
f 912 911 913
f 912 913 914
f 914 913 915
f 914 915 916
f 916 915 917
f 916 917 918
f 918 917 919
f 918 919 920
f 920 919 921
f 920 921 922
f 922 921 923
f 922 923 924
f 924 923 925
f 924 925 926
f 926 925 927
f 926 927 928
f 928 927 929
f 928 929 930
f 930 929 931
f 930 931 932
f 932 931 933
f 932 933 934
f 934 933 935
f 934 935 936
f 936 935 937
f 936 937 938
f 938 937 939
f 938 939 940
f 940 939 941
f 940 941 942
f 942 941 943
f 942 943 944
f 944 943 945
f 944 945 946
f 946 945 947
f 946 947 948
f 948 947 949
f 948 949 950
f 950 949 951
f 950 951 952
f 952 951 953
f 952 953 954
f 954 953 955
f 954 955 956
f 956 955 957
f 956 957 958
f 958 957 959
f 958 959 960
f 960 959 961
f 960 961 962
f 962 961 963
f 962 963 964
f 964 963 965
f 964 965 966
f 966 965 967
f 966 967 968
f 968 967 969
f 968 969 970
f 970 969 971
f 970 971 972
f 972 971 973
f 972 973 974
f 974 973 975
f 974 975 976
f 976 975 977
f 976 977 978
f 978 977 979
f 978 979 980
f 980 979 981
f 980 981 982
f 982 981 983
f 982 983 984
f 984 983 985
f 984 985 986
f 986 985 987
f 986 987 988
f 988 987 989
f 988 989 990
f 990 989 991
f 990 991 992
f 992 991 993
f 992 993 994
f 994 993 995
f 994 995 996
f 996 995 997
f 996 997 998
f 998 997 999
f 998 999 1000
f 1000 999 1001
f 1000 1001 1002
f 1002 1001 1003
f 1002 1003 1004
f 1004 1003 1005
f 1004 1005 1006
f 1006 1005 1007
f 1006 1007 1008
f 1008 1007 1009
f 1008 1009 1010
f 1010 1009 1011
f 1010 1011 1012
f 1012 1011 1013
f 1012 1013 1014
f 1014 1013 1015
f 1014 1015 1016
f 1016 1015 1017
f 1016 1017 1018
f 1018 1017 1019
f 1018 1019 1020
f 1020 1019 1021
f 1020 1021 1022
f 1022 1021 1023
f 1022 1023 1024
f 1024 1023 1025
f 1024 1025 1026
f 1026 1025 1027
f 1026 1027 1028
f 1028 1027 1029
f 1028 1029 1030
f 1030 1029 1031
f 1030 1031 1032
f 1032 1031 1033
f 1032 1033 1034
f 1034 1033 1035
f 1034 1035 1036
f 1036 1035 1037
f 1036 1037 1038
f 1038 1037 1039
f 1038 1039 1040
f 1040 1039 1041
f 1040 1041 1042
f 1042 1041 1043
f 1042 1043 1044
f 1044 1043 1045
f 1044 1045 1046
f 1046 1045 1047
f 1046 1047 1048
f 1048 1047 1049
f 1048 1049 1050
f 1050 1049 1051
f 1050 1051 1052
f 1052 1051 1053
f 1052 1053 1054
f 1054 1053 1055
f 1054 1055 1056
f 1056 1055 1057
f 1056 1057 1058
f 1058 1057 1059
f 1058 1059 1060
f 1060 1059 1061
f 1060 1061 1062
f 1062 1061 1063
f 1062 1063 1064
f 1064 1063 1065
f 1064 1065 1066
f 1066 1065 1067
f 1066 1067 1068
f 1068 1067 1069
f 1068 1069 1070
f 1070 1069 1071
f 1070 1071 1072
f 1072 1071 1073
f 1072 1073 1074
f 1074 1073 1075
f 1074 1075 1076
f 1076 1075 1077
f 1076 1077 1078
f 1078 1077 1079
f 1078 1079 1080
f 1080 1079 1081
f 1080 1081 1082
f 1082 1081 1083
f 1082 1083 1084
f 1084 1083 1085
f 1084 1085 1086
f 1086 1085 1087
f 1086 1087 1088
f 1088 1087 1089
f 1088 1089 1090
f 1090 1089 1091
f 1090 1091 1092
f 1092 1091 1093
f 1092 1093 1094
f 1094 1093 1095
f 1094 1095 1096
f 1096 1095 1097
f 1096 1097 1098
f 1098 1097 1099
f 1098 1099 1100
f 1100 1099 1101
f 1100 1101 1102
f 1102 1101 1103
f 1102 1103 1104
f 1104 1103 1105
f 1104 1105 1106
f 1106 1105 1107
f 1106 1107 1108
f 1108 1107 1109
f 1108 1109 1110
f 1110 1109 1111
f 1110 1111 1112
f 1112 1111 1113
f 1112 1113 1114
f 1114 1113 1115
f 1114 1115 1116
f 1116 1115 1117
f 1116 1117 1118
f 1118 1117 1119
f 1118 1119 1120
f 1120 1119 1121
f 1120 1121 1122
f 1122 1121 1123
f 1122 1123 1124
f 1124 1123 1125
f 1124 1125 1126
f 1126 1125 1127
f 1126 1127 616
f 616 1127 617
f 1128 1129 1130
f 1130 1129 1131
f 1130 1131 1132
f 1132 1131 1133
f 1132 1133 1134
f 1134 1133 1135
f 1134 1135 1136
f 1136 1135 1137
f 1136 1137 1138
f 1138 1137 1139
f 1138 1139 1140
f 1140 1139 1141
f 1140 1141 1142
f 1142 1141 1143
f 1142 1143 1144
f 1144 1143 1145
f 1144 1145 1146
f 1146 1145 1147
f 1146 1147 1148
f 1148 1147 1149
f 1148 1149 1150
f 1150 1149 1151
f 1150 1151 1152
f 1152 1151 1153
f 1152 1153 1154
f 1154 1153 1155
f 1154 1155 1156
f 1156 1155 1157
f 1156 1157 1158
f 1158 1157 1159
f 1158 1159 1160
f 1160 1159 1161
f 1160 1161 1162
f 1162 1161 1163
f 1162 1163 1164
f 1164 1163 1165
f 1164 1165 1166
f 1166 1165 1167
f 1166 1167 1168
f 1168 1167 1169
f 1168 1169 1170
f 1170 1169 1171
f 1170 1171 1172
f 1172 1171 1173
f 1172 1173 1174
f 1174 1173 1175
f 1174 1175 1176
f 1176 1175 1177
f 1176 1177 1178
f 1178 1177 1179
f 1178 1179 1180
f 1180 1179 1181
f 1180 1181 1182
f 1182 1181 1183
f 1182 1183 1184
f 1184 1183 1185
f 1184 1185 1186
f 1186 1185 1187
f 1186 1187 1188
f 1188 1187 1189
f 1188 1189 1190
f 1190 1189 1191
f 1190 1191 1192
f 1192 1191 1193
f 1192 1193 1194
f 1194 1193 1195
f 1194 1195 1196
f 1196 1195 1197
f 1196 1197 1198
f 1198 1197 1199
f 1198 1199 1200
f 1200 1199 1201
f 1200 1201 1202
f 1202 1201 1203
f 1202 1203 1204
f 1204 1203 1205
f 1204 1205 1206
f 1206 1205 1207
f 1206 1207 1208
f 1208 1207 1209
f 1208 1209 1210
f 1210 1209 1211
f 1210 1211 1212
f 1212 1211 1213
f 1212 1213 1214
f 1214 1213 1215
f 1214 1215 1216
f 1216 1215 1217
f 1216 1217 1218
f 1218 1217 1219
f 1218 1219 1220
f 1220 1219 1221
f 1220 1221 1222
f 1222 1221 1223
f 1222 1223 1224
f 1224 1223 1225
f 1224 1225 1226
f 1226 1225 1227
f 1226 1227 1228
f 1228 1227 1229
f 1228 1229 1230
f 1230 1229 1231
f 1230 1231 1232
f 1232 1231 1233
f 1232 1233 1234
f 1234 1233 1235
f 1234 1235 1236
f 1236 1235 1237
f 1236 1237 1238
f 1238 1237 1239
f 1238 1239 1240
f 1240 1239 1241
f 1240 1241 1242
f 1242 1241 1243
f 1242 1243 1244
f 1244 1243 1245
f 1244 1245 1246
f 1246 1245 1247
f 1246 1247 1248
f 1248 1247 1249
f 1248 1249 1250
f 1250 1249 1251
f 1250 1251 1252
f 1252 1251 1253
f 1252 1253 1254
f 1254 1253 1255
f 1254 1255 1256
f 1256 1255 1257
f 1256 1257 1258
f 1258 1257 1259
f 1258 1259 1260
f 1260 1259 1261
f 1260 1261 1262
f 1262 1261 1263
f 1262 1263 1264
f 1264 1263 1265
f 1264 1265 1266
f 1266 1265 1267
f 1266 1267 1268
f 1268 1267 1269
f 1268 1269 1270
f 1270 1269 1271
f 1270 1271 1272
f 1272 1271 1273
f 1272 1273 1274
f 1274 1273 1275
f 1274 1275 1276
f 1276 1275 1277
f 1276 1277 1278
f 1278 1277 1279
f 1278 1279 1280
f 1280 1279 1281
f 1280 1281 1282
f 1282 1281 1283
f 1282 1283 1284
f 1284 1283 1285
f 1284 1285 1286
f 1286 1285 1287
f 1286 1287 1288
f 1288 1287 1289
f 1288 1289 1290
f 1290 1289 1291
f 1290 1291 1292
f 1292 1291 1293
f 1292 1293 1294
f 1294 1293 1295
f 1294 1295 1296
f 1296 1295 1297
f 1296 1297 1298
f 1298 1297 1299
f 1298 1299 1300
f 1300 1299 1301
f 1300 1301 1302
f 1302 1301 1303
f 1302 1303 1304
f 1304 1303 1305
f 1304 1305 1306
f 1306 1305 1307
f 1306 1307 1308
f 1308 1307 1309
f 1308 1309 1310
f 1310 1309 1311
f 1310 1311 1312
f 1312 1311 1313
f 1312 1313 1314
f 1314 1313 1315
f 1314 1315 1316
f 1316 1315 1317
f 1316 1317 1318
f 1318 1317 1319
f 1318 1319 1320
f 1320 1319 1321
f 1320 1321 1322
f 1322 1321 1323
f 1322 1323 1324
f 1324 1323 1325
f 1324 1325 1326
f 1326 1325 1327
f 1326 1327 1328
f 1328 1327 1329
f 1328 1329 1330
f 1330 1329 1331
f 1330 1331 1332
f 1332 1331 1333
f 1332 1333 1334
f 1334 1333 1335
f 1334 1335 1336
f 1336 1335 1337
f 1336 1337 1338
f 1338 1337 1339
f 1338 1339 1340
f 1340 1339 1341
f 1340 1341 1342
f 1342 1341 1343
f 1342 1343 1344
f 1344 1343 1345
f 1344 1345 1346
f 1346 1345 1347
f 1346 1347 1348
f 1348 1347 1349
f 1348 1349 1350
f 1350 1349 1351
f 1350 1351 1352
f 1352 1351 1353
f 1352 1353 1354
f 1354 1353 1355
f 1354 1355 1356
f 1356 1355 1357
f 1356 1357 1358
f 1358 1357 1359
f 1358 1359 1360
f 1360 1359 1361
f 1360 1361 1362
f 1362 1361 1363
f 1362 1363 1364
f 1364 1363 1365
f 1364 1365 1366
f 1366 1365 1367
f 1366 1367 1368
f 1368 1367 1369
f 1368 1369 1370
f 1370 1369 1371
f 1370 1371 1372
f 1372 1371 1373
f 1372 1373 1374
f 1374 1373 1375
f 1374 1375 1376
f 1376 1375 1377
f 1376 1377 1378
f 1378 1377 1379
f 1378 1379 1380
f 1380 1379 1381
f 1380 1381 1382
f 1382 1381 1383
f 1382 1383 872
f 872 1383 873
f 1384 1385 3
f 3 1385 1386
f 3 1386 1
f 1387 1388 1384
f 1384 1388 1389
f 1384 1389 1385
f 1390 1391 1387
f 1387 1391 1392
f 1387 1392 1388
f 1393 1394 1390
f 1390 1394 1395
f 1390 1395 1391
f 1129 1128 1396
f 1396 1128 1397
f 1396 1397 1398
f 1398 1397 1399
f 1398 1399 1400
f 1400 1399 1401
f 1400 1401 1402
f 1402 1401 1403
f 1402 1403 1404
f 1404 1403 1405
f 1404 1405 1406
f 1406 1405 1407
f 1406 1407 1408
f 1408 1407 1409
f 1408 1409 1410
f 1410 1409 1411
f 1410 1411 1412
f 1412 1411 1413
f 1412 1413 1414
f 1414 1413 1415
f 1414 1415 1416
f 1416 1415 1417
f 1416 1417 1418
f 1418 1417 1419
f 1418 1419 1420
f 1420 1419 1421
f 1420 1421 1422
f 1422 1421 1423
f 1422 1423 1424
f 1424 1423 1425
f 1424 1425 1426
f 1426 1425 1427
f 1426 1427 1428
f 1428 1427 1429
f 1428 1429 1430
f 1430 1429 1431
f 1430 1431 1432
f 1432 1431 1433
f 1432 1433 1434
f 1434 1433 1435
f 1434 1435 1436
f 1436 1435 1437
f 1436 1437 1438
f 1438 1437 1439
f 1438 1439 1440
f 1440 1439 1441
f 1440 1441 1442
f 1442 1441 1443
f 1442 1443 1444
f 1444 1443 1445
f 1444 1445 1446
f 1446 1445 1447
f 1446 1447 1448
f 1448 1447 1449
f 1448 1449 1450
f 1450 1449 1451
f 1450 1451 1452
f 1452 1451 1453
f 1452 1453 1454
f 1454 1453 1455
f 1454 1455 1456
f 1456 1455 1457
f 1456 1457 1458
f 1458 1457 1459
f 1458 1459 1460
f 1460 1459 1461
f 1460 1461 1462
f 1462 1461 1463
f 1462 1463 1464
f 1464 1463 1465
f 1464 1465 1466
f 1466 1465 1467
f 1466 1467 1468
f 1468 1467 1469
f 1468 1469 1470
f 1470 1469 1471
f 1470 1471 1472
f 1472 1471 1473
f 1472 1473 1474
f 1474 1473 1475
f 1474 1475 1476
f 1476 1475 1477
f 1476 1477 1478
f 1478 1477 1479
f 1478 1479 1480
f 1480 1479 1481
f 1480 1481 1482
f 1482 1481 1483
f 1482 1483 1484
f 1484 1483 1485
f 1484 1485 1486
f 1486 1485 1487
f 1486 1487 1488
f 1488 1487 1489
f 1488 1489 1490
f 1490 1489 1491
f 1490 1491 1492
f 1492 1491 1493
f 1492 1493 1494
f 1494 1493 1495
f 1494 1495 1496
f 1496 1495 1497
f 1496 1497 1498
f 1498 1497 1499
f 1498 1499 1500
f 1500 1499 1501
f 1500 1501 1502
f 1502 1501 1503
f 1502 1503 1504
f 1504 1503 1505
f 1504 1505 1506
f 1506 1505 1507
f 1506 1507 1508
f 1508 1507 1509
f 1508 1509 1510
f 1510 1509 1511
f 1510 1511 1512
f 1512 1511 1513
f 1512 1513 1514
f 1514 1513 1515
f 1514 1515 1516
f 1516 1515 1517
f 1516 1517 1518
f 1518 1517 1519
f 1518 1519 1520
f 1520 1519 1521
f 1520 1521 1522
f 1522 1521 1523
f 1522 1523 1524
f 1524 1523 1525
f 1524 1525 1526
f 1526 1525 1527
f 1526 1527 1528
f 1528 1527 1529
f 1528 1529 1530
f 1530 1529 1531
f 1530 1531 1532
f 1532 1531 1533
f 1532 1533 1534
f 1534 1533 1535
f 1534 1535 1536
f 1536 1535 1537
f 1536 1537 1538
f 1538 1537 1539
f 1538 1539 1540
f 1540 1539 1541
f 1540 1541 1542
f 1542 1541 1543
f 1542 1543 1544
f 1544 1543 1545
f 1544 1545 1546
f 1546 1545 1547
f 1546 1547 1548
f 1548 1547 1549
f 1548 1549 1550
f 1550 1549 1551
f 1550 1551 1552
f 1552 1551 1553
f 1552 1553 1554
f 1554 1553 1555
f 1554 1555 1556
f 1556 1555 1557
f 1556 1557 1558
f 1558 1557 1559
f 1558 1559 1560
f 1560 1559 1561
f 1560 1561 1562
f 1562 1561 1563
f 1562 1563 1564
f 1564 1563 1565
f 1564 1565 1566
f 1566 1565 1567
f 1566 1567 1568
f 1568 1567 1569
f 1568 1569 1570
f 1570 1569 1571
f 1570 1571 1572
f 1572 1571 1573
f 1572 1573 1574
f 1574 1573 1575
f 1574 1575 1576
f 1576 1575 1577
f 1576 1577 1578
f 1578 1577 1579
f 1578 1579 1580
f 1580 1579 1581
f 1580 1581 1582
f 1582 1581 1583
f 1582 1583 1584
f 1584 1583 1585
f 1584 1585 1586
f 1586 1585 1587
f 1586 1587 1588
f 1588 1587 1589
f 1588 1589 1590
f 1590 1589 1591
f 1590 1591 1592
f 1592 1591 1593
f 1592 1593 1594
f 1594 1593 1595
f 1594 1595 1596
f 1596 1595 1597
f 1596 1597 1598
f 1598 1597 1599
f 1598 1599 1600
f 1600 1599 1601
f 1600 1601 1602
f 1602 1601 1603
f 1602 1603 1604
f 1604 1603 1605
f 1604 1605 1606
f 1606 1605 1607
f 1606 1607 1608
f 1608 1607 1609
f 1608 1609 1610
f 1610 1609 1611
f 1610 1611 1612
f 1612 1611 1613
f 1612 1613 1614
f 1614 1613 1615
f 1614 1615 1616
f 1616 1615 1617
f 1616 1617 1618
f 1618 1617 1619
f 1618 1619 1620
f 1620 1619 1621
f 1620 1621 1622
f 1622 1621 1623
f 1622 1623 1624
f 1624 1623 1625
f 1624 1625 1626
f 1626 1625 1627
f 1626 1627 1628
f 1628 1627 1629
f 1628 1629 1630
f 1630 1629 1631
f 1630 1631 1632
f 1632 1631 1633
f 1632 1633 1634
f 1634 1633 1635
f 1634 1635 1636
f 1636 1635 1637
f 1636 1637 1638
f 1638 1637 1639
f 1638 1639 1640
f 1640 1639 1641
f 1640 1641 1642
f 1642 1641 1643
f 1642 1643 1644
f 1644 1643 1645
f 1644 1645 1646
f 1646 1645 1647
f 1646 1647 1648
f 1648 1647 1649
f 1648 1649 1393
f 1393 1649 1394
f 142 144 1650
f 1651 1652 1653
f 1653 1652 1654
f 1653 1654 1655
f 1656 1657 1658
f 1658 1657 1659
f 1658 1659 1660
f 1660 1659 1661
f 1660 1661 1662
f 1663 1664 1665
f 1665 1664 1666
f 1665 1666 1667
f 1668 1669 1670
f 1670 1669 1671
f 1672 1673 1674
f 1674 1673 1675
f 1676 1677 1678
f 1678 1677 1679
f 1678 1679 1680
f 1681 1682 1683
f 1683 1682 1684
f 1685 1686 1687
f 1687 1686 1688
f 1687 1688 1689
f 1690 1691 1692
f 1693 1694 1695
f 1695 1696 1693
f 1693 1696 1697
f 1693 1697 1698
f 1697 1699 1698
f 1698 1699 1700
f 1698 1700 1701
f 1701 1700 1702
f 1701 1702 1703
f 1703 1702 1704
f 1703 1704 1705
f 1704 1706 1705
f 1705 1706 1707
f 1705 1707 1708
f 1708 1707 1709
f 1708 1709 1710
f 1710 1709 1711
f 1710 1711 1712
f 1712 1711 1713
f 1712 1713 1714
f 1713 1715 1714
f 1714 1715 1716
f 1714 1716 1717
f 1717 1716 1718
f 1716 1719 1718
f 1718 1719 1720
f 1718 1720 1721
f 1720 1722 1721
f 1721 1722 1723
f 1721 1723 1724
f 1724 1723 1725
f 1724 1725 1651
f 1651 1725 1726
f 1651 1726 1652
f 140 1727 138
f 138 1727 1728
f 138 1728 135
f 1729 133 1728
f 1728 133 135
f 1730 129 1729
f 1729 129 131
f 1729 131 133
f 1731 123 1732
f 1732 123 125
f 1732 125 1730
f 1730 125 127
f 1730 127 129
f 1733 119 1731
f 1731 119 121
f 1731 121 123
f 1734 115 1733
f 1733 115 117
f 1733 117 119
f 1735 111 1734
f 1734 111 113
f 1734 113 115
f 1736 355 1737
f 1737 355 357
f 1737 357 1738
f 1738 357 147
f 1738 147 1735
f 1735 147 109
f 1735 109 111
f 1739 351 1736
f 1736 351 353
f 1736 353 355
f 1740 347 1739
f 1739 347 349
f 1739 349 351
f 1741 343 1740
f 1740 343 345
f 1740 345 347
f 1742 339 1741
f 1741 339 341
f 1741 341 343
f 1743 336 1742
f 1742 336 339
f 1744 332 1743
f 1743 332 334
f 1743 334 336
f 1745 328 1744
f 1744 328 330
f 1744 330 332
f 1746 324 1745
f 1745 324 326
f 1745 326 328
f 1747 320 1746
f 1746 320 322
f 1746 322 324
f 1748 316 1747
f 1747 316 318
f 1747 318 320
f 1749 312 1748
f 1748 312 314
f 1748 314 316
f 1750 308 1749
f 1749 308 310
f 1749 310 312
f 1751 304 1750
f 1750 304 306
f 1750 306 308
f 1752 300 1751
f 1751 300 302
f 1751 302 304
f 1753 296 1752
f 1752 296 298
f 1752 298 300
f 1754 292 1753
f 1753 292 294
f 1753 294 296
f 1755 288 1754
f 1754 288 290
f 1754 290 292
f 1756 284 1755
f 1755 284 286
f 1755 286 288
f 1757 280 1756
f 1756 280 282
f 1756 282 284
f 1758 276 1757
f 1757 276 278
f 1757 278 280
f 1759 272 1758
f 1758 272 274
f 1758 274 276
f 1760 268 1759
f 1759 268 270
f 1759 270 272
f 1761 264 1760
f 1760 264 266
f 1760 266 268
f 1762 260 1761
f 1761 260 262
f 1761 262 264
f 1763 256 1762
f 1762 256 258
f 1762 258 260
f 248 250 1764
f 1764 250 252
f 1764 252 1763
f 1763 252 254
f 1763 254 256
f 246 1765 244
f 244 1765 1766
f 244 1766 242
f 242 1766 240
f 238 1767 236
f 236 1767 1768
f 236 1768 234
f 234 1768 232
f 230 1769 228
f 228 1769 1770
f 228 1770 226
f 226 1770 224
f 222 1771 220
f 220 1771 1772
f 220 1772 218
f 218 1772 216
f 214 1773 212
f 212 1773 1774
f 212 1774 210
f 210 1774 208
f 206 1775 204
f 204 1775 1776
f 204 1776 202
f 202 1776 200
f 198 1777 196
f 196 1777 1778
f 196 1778 194
f 194 1778 192
f 190 1779 188
f 188 1779 1780
f 188 1780 186
f 186 1780 184
f 182 1781 180
f 180 1781 1782
f 180 1782 178
f 178 1782 176
f 174 1783 172
f 172 1783 1784
f 172 1784 170
f 170 1784 168
f 166 1785 164
f 164 1785 1786
f 164 1786 162
f 162 1786 160
f 158 1787 156
f 156 1787 1788
f 156 1788 154
f 154 1788 152
f 150 1789 614
f 614 1789 1790
f 614 1790 612
f 612 1790 610
f 608 1791 606
f 606 1791 1792
f 606 1792 604
f 604 1792 602
f 600 1793 598
f 598 1793 1794
f 598 1794 596
f 596 1794 594
f 592 1795 590
f 590 1795 1796
f 590 1796 588
f 588 1796 586
f 584 1797 582
f 582 1797 1798
f 582 1798 580
f 580 1798 578
f 576 1799 574
f 574 1799 1800
f 574 1800 572
f 572 1800 570
f 568 1801 566
f 566 1801 1802
f 566 1802 564
f 564 1802 562
f 560 1803 558
f 558 1803 1804
f 558 1804 556
f 556 1804 554
f 552 1805 550
f 550 1805 1806
f 550 1806 548
f 548 1806 546
f 544 1807 542
f 542 1807 1808
f 542 1808 540
f 540 1808 538
f 536 1809 534
f 534 1809 1810
f 534 1810 532
f 532 1810 530
f 528 1811 526
f 526 1811 1812
f 526 1812 524
f 524 1812 522
f 520 1813 518
f 518 1813 1814
f 518 1814 516
f 516 1814 514
f 512 1815 510
f 510 1815 1816
f 510 1816 508
f 508 1816 506
f 504 1817 502
f 502 1817 1818
f 502 1818 500
f 500 1818 498
f 496 1819 494
f 494 1819 1820
f 494 1820 492
f 492 1820 490
f 488 1821 486
f 486 1821 1822
f 486 1822 484
f 484 1822 482
f 480 1823 478
f 478 1823 1824
f 478 1824 476
f 476 1824 474
f 472 1825 470
f 470 1825 1826
f 470 1826 468
f 468 1826 466
f 464 1827 462
f 462 1827 1828
f 462 1828 460
f 460 1828 458
f 456 1829 454
f 454 1829 1830
f 454 1830 452
f 452 1830 450
f 448 1831 446
f 446 1831 1832
f 446 1832 444
f 444 1832 442
f 440 1833 438
f 438 1833 1834
f 438 1834 436
f 436 1834 434
f 432 1835 430
f 430 1835 1836
f 430 1836 428
f 428 1836 426
f 424 1837 422
f 422 1837 1838
f 422 1838 420
f 420 1838 418
f 416 1839 414
f 414 1839 1840
f 414 1840 412
f 412 1840 410
f 408 1841 406
f 406 1841 1842
f 406 1842 404
f 404 1842 402
f 400 1843 398
f 398 1843 1844
f 398 1844 396
f 396 1844 394
f 392 1845 390
f 390 1845 1846
f 390 1846 388
f 388 1846 386
f 384 1847 382
f 382 1847 1848
f 382 1848 380
f 380 1848 378
f 376 1849 374
f 374 1849 1850
f 374 1850 372
f 372 1850 370
f 368 1851 366
f 366 1851 1852
f 366 1852 364
f 364 1852 362
f 360 1853 870
f 870 1853 1854
f 870 1854 868
f 868 1854 866
f 864 1855 862
f 862 1855 1856
f 862 1856 860
f 860 1856 858
f 856 1857 854
f 854 1857 1858
f 854 1858 852
f 852 1858 850
f 848 1859 846
f 846 1859 1860
f 846 1860 844
f 844 1860 842
f 840 1861 838
f 838 1861 1862
f 838 1862 836
f 836 1862 834
f 832 1863 830
f 830 1863 1864
f 830 1864 828
f 828 1864 826
f 824 1865 822
f 822 1865 1866
f 822 1866 820
f 820 1866 818
f 816 1867 814
f 814 1867 1868
f 814 1868 812
f 812 1868 810
f 808 1869 806
f 806 1869 1870
f 806 1870 804
f 804 1870 802
f 800 1871 798
f 798 1871 1872
f 798 1872 796
f 796 1872 794
f 792 1873 790
f 790 1873 1874
f 790 1874 788
f 788 1874 786
f 784 1875 782
f 782 1875 1876
f 782 1876 780
f 780 1876 778
f 776 1877 774
f 774 1877 1878
f 774 1878 772
f 772 1878 770
f 768 1879 766
f 766 1879 1880
f 766 1880 764
f 764 1880 762
f 760 1881 758
f 758 1881 1882
f 758 1882 756
f 756 1882 754
f 752 1883 750
f 750 1883 1884
f 750 1884 748
f 748 1884 746
f 744 1885 742
f 742 1885 1886
f 742 1886 740
f 740 1886 738
f 736 1887 734
f 734 1887 1888
f 734 1888 732
f 732 1888 730
f 728 1889 726
f 726 1889 1890
f 726 1890 724
f 724 1890 722
f 720 1891 718
f 718 1891 1892
f 718 1892 716
f 716 1892 714
f 712 1893 710
f 710 1893 1894
f 710 1894 708
f 708 1894 706
f 704 1895 702
f 702 1895 1896
f 702 1896 700
f 700 1896 698
f 696 1897 694
f 694 1897 1898
f 694 1898 692
f 692 1898 690
f 688 1899 686
f 686 1899 1900
f 686 1900 684
f 684 1900 682
f 680 1901 678
f 678 1901 1902
f 678 1902 676
f 676 1902 674
f 672 1903 670
f 670 1903 1904
f 670 1904 668
f 668 1904 666
f 664 1905 662
f 662 1905 1906
f 662 1906 660
f 660 1906 658
f 656 1907 654
f 654 1907 1908
f 654 1908 652
f 652 1908 650
f 648 1909 646
f 646 1909 1910
f 646 1910 644
f 644 1910 642
f 640 1911 638
f 638 1911 1912
f 638 1912 636
f 636 1912 634
f 632 1913 630
f 630 1913 1914
f 630 1914 628
f 628 1914 626
f 624 1915 622
f 622 1915 1916
f 622 1916 620
f 620 1916 618
f 616 1917 1126
f 1126 1917 1918
f 1126 1918 1124
f 1124 1918 1122
f 1120 1919 1118
f 1118 1919 1920
f 1118 1920 1116
f 1116 1920 1114
f 1112 1921 1110
f 1110 1921 1922
f 1110 1922 1108
f 1108 1922 1106
f 1104 1923 1102
f 1102 1923 1924
f 1102 1924 1100
f 1100 1924 1098
f 1096 1925 1094
f 1094 1925 1926
f 1094 1926 1092
f 1092 1926 1090
f 1088 1927 1086
f 1086 1927 1928
f 1086 1928 1084
f 1084 1928 1082
f 1080 1929 1078
f 1078 1929 1930
f 1078 1930 1076
f 1076 1930 1074
f 1072 1931 1070
f 1070 1931 1932
f 1070 1932 1068
f 1068 1932 1066
f 1064 1933 1062
f 1062 1933 1934
f 1062 1934 1060
f 1060 1934 1058
f 1056 1935 1054
f 1054 1935 1936
f 1054 1936 1052
f 1052 1936 1050
f 1048 1937 1046
f 1046 1937 1938
f 1046 1938 1044
f 1044 1938 1042
f 1040 1939 1038
f 1038 1939 1940
f 1038 1940 1036
f 1036 1940 1034
f 1032 1941 1030
f 1030 1941 1942
f 1030 1942 1028
f 1028 1942 1026
f 1024 1943 1022
f 1022 1943 1944
f 1022 1944 1020
f 1020 1944 1018
f 1016 1945 1014
f 1014 1945 1946
f 1014 1946 1012
f 1012 1946 1010
f 1008 1947 1006
f 1006 1947 1948
f 1006 1948 1004
f 1004 1948 1002
f 1000 1949 998
f 998 1949 1950
f 998 1950 996
f 996 1950 994
f 992 1951 990
f 990 1951 1952
f 990 1952 988
f 988 1952 986
f 984 1953 982
f 982 1953 1954
f 982 1954 980
f 980 1954 978
f 976 1955 974
f 974 1955 1956
f 974 1956 972
f 972 1956 970
f 968 1957 966
f 966 1957 1958
f 966 1958 964
f 964 1958 962
f 960 1959 958
f 958 1959 1960
f 958 1960 956
f 956 1960 954
f 952 1961 950
f 950 1961 1962
f 950 1962 948
f 948 1962 946
f 944 1963 942
f 942 1963 1964
f 942 1964 940
f 940 1964 938
f 936 1965 934
f 934 1965 1966
f 934 1966 932
f 932 1966 930
f 928 1967 926
f 926 1967 1968
f 926 1968 924
f 924 1968 922
f 920 1969 918
f 918 1969 1970
f 918 1970 916
f 916 1970 914
f 912 1971 910
f 910 1971 1972
f 910 1972 908
f 908 1972 906
f 904 1973 902
f 902 1973 1974
f 902 1974 900
f 900 1974 898
f 896 1975 894
f 894 1975 1976
f 894 1976 892
f 892 1976 890
f 888 1977 886
f 886 1977 1978
f 886 1978 884
f 884 1978 882
f 880 1979 878
f 878 1979 1980
f 878 1980 876
f 876 1980 874
f 872 1981 1382
f 1382 1981 1982
f 1382 1982 1380
f 1380 1982 1378
f 1376 1983 1374
f 1374 1983 1984
f 1374 1984 1372
f 1372 1984 1370
f 1368 1985 1366
f 1366 1985 1986
f 1366 1986 1364
f 1364 1986 1362
f 1360 1987 1358
f 1358 1987 1988
f 1358 1988 1356
f 1356 1988 1354
f 1352 1989 1350
f 1350 1989 1990
f 1350 1990 1348
f 1348 1990 1346
f 1344 1991 1342
f 1342 1991 1992
f 1342 1992 1340
f 1340 1992 1338
f 1336 1993 1334
f 1334 1993 1994
f 1334 1994 1332
f 1332 1994 1330
f 1328 1995 1326
f 1326 1995 1996
f 1326 1996 1324
f 1324 1996 1322
f 1320 1997 1318
f 1318 1997 1998
f 1318 1998 1316
f 1316 1998 1314
f 1312 1999 1310
f 1310 1999 2000
f 1310 2000 1308
f 1308 2000 1306
f 1304 2001 1302
f 1302 2001 2002
f 1302 2002 1300
f 1300 2002 1298
f 1296 2003 1294
f 1294 2003 2004
f 1294 2004 1292
f 1292 2004 1290
f 1288 2005 1286
f 1286 2005 2006
f 1286 2006 1284
f 1284 2006 1282
f 1280 2007 1278
f 1278 2007 2008
f 1278 2008 1276
f 1276 2008 1274
f 1272 2009 1270
f 1270 2009 2010
f 1270 2010 1268
f 1268 2010 1266
f 1264 2011 1262
f 1262 2011 2012
f 1262 2012 1260
f 1260 2012 1258
f 1256 2013 1254
f 1254 2013 2014
f 1254 2014 1252
f 1252 2014 1250
f 1248 2015 1246
f 1246 2015 2016
f 1246 2016 1244
f 1244 2016 1242
f 1240 2017 1238
f 1238 2017 2018
f 1238 2018 1236
f 1236 2018 1234
f 1232 2019 1230
f 1230 2019 2020
f 1230 2020 1228
f 1228 2020 1226
f 1224 2021 1222
f 1222 2021 2022
f 1222 2022 1220
f 1220 2022 1218
f 1216 2023 1214
f 1214 2023 2024
f 2025 1210 2024
f 2024 1210 1212
f 2024 1212 1214
f 2026 1206 2025
f 2025 1206 1208
f 2025 1208 1210
f 2027 1202 2026
f 2026 1202 1204
f 2026 1204 1206
f 2028 1198 2027
f 2027 1198 1200
f 2027 1200 1202
f 1190 1192 2029
f 2029 1192 1194
f 2029 1194 2028
f 2028 1194 1196
f 2028 1196 1198
f 1188 2030 1186
f 1186 2030 2031
f 1186 2031 1184
f 1184 2031 1182
f 1180 2032 1178
f 1178 2032 2033
f 1178 2033 1176
f 1176 2033 1174
f 1172 2034 1170
f 1170 2034 2035
f 1170 2035 1168
f 1168 2035 1166
f 1164 2036 1162
f 1162 2036 2037
f 1162 2037 1160
f 1160 2037 1158
f 1156 2038 1154
f 1154 2038 2039
f 1154 2039 1152
f 1152 2039 1150
f 1148 2040 1146
f 1146 2040 2041
f 1146 2041 1144
f 1144 2041 1142
f 1140 2042 1138
f 1138 2042 2043
f 1138 2043 1136
f 1136 2043 1134
f 1132 2044 1130
f 1130 2044 2045
f 1130 2045 1128
f 1128 2045 1397
f 1399 2046 1401
f 1401 2046 2047
f 1401 2047 1403
f 1403 2047 1405
f 1407 2048 1409
f 1409 2048 2049
f 1409 2049 1411
f 1411 2049 1413
f 1415 2050 1417
f 1417 2050 2051
f 1417 2051 1419
f 1419 2051 1421
f 1423 2052 1425
f 1425 2052 2053
f 1425 2053 1427
f 1427 2053 1429
f 1431 2054 1433
f 1433 2054 2055
f 1433 2055 1435
f 1435 2055 1437
f 1439 2056 1441
f 1441 2056 2057
f 1441 2057 1443
f 1443 2057 1445
f 1447 2058 1449
f 1449 2058 2059
f 1449 2059 1451
f 1451 2059 1453
f 1455 2060 1457
f 1457 2060 2061
f 1457 2061 1459
f 1459 2061 1461
f 1463 2062 1465
f 1465 2062 2063
f 1465 2063 1467
f 1467 2063 1469
f 1471 2064 1473
f 1473 2064 2065
f 1473 2065 1475
f 1475 2065 1477
f 1479 2066 1481
f 1481 2066 2067
f 1481 2067 1483
f 1483 2067 1485
f 1487 2068 1489
f 1489 2068 2069
f 1489 2069 1491
f 1491 2069 1493
f 1495 2070 1497
f 1497 2070 2071
f 1497 2071 1499
f 1499 2071 1501
f 1503 2072 1505
f 1505 2072 2073
f 1505 2073 1507
f 1507 2073 1509
f 1511 2074 1513
f 1513 2074 2075
f 1513 2075 1515
f 1515 2075 1517
f 1519 2076 1521
f 1521 2076 2077
f 1521 2077 1523
f 1523 2077 1525
f 1527 2078 1529
f 1529 2078 2079
f 1529 2079 1531
f 1531 2079 1533
f 1535 2080 1537
f 1537 2080 2081
f 1537 2081 1539
f 1539 2081 1541
f 1543 2082 1545
f 1545 2082 2083
f 1545 2083 1547
f 1547 2083 1549
f 1551 2084 1553
f 1553 2084 2085
f 1553 2085 1555
f 1555 2085 1557
f 1559 2086 1561
f 1561 2086 2087
f 1561 2087 1563
f 1563 2087 1565
f 1567 2088 1569
f 1569 2088 2089
f 1569 2089 1571
f 1571 2089 1573
f 1575 2090 1577
f 1577 2090 2091
f 1577 2091 1579
f 1579 2091 1581
f 1583 2092 1585
f 1585 2092 2093
f 1585 2093 1587
f 1587 2093 1589
f 1591 2094 1593
f 1593 2094 2095
f 1593 2095 1595
f 1595 2095 1597
f 1599 2096 1601
f 1601 2096 2097
f 1601 2097 1603
f 1603 2097 1605
f 1607 2098 1609
f 1609 2098 2099
f 1609 2099 1611
f 1611 2099 1613
f 1615 2100 1617
f 1617 2100 2101
f 1617 2101 1619
f 1619 2101 1621
f 1623 2102 1625
f 1625 2102 2103
f 1625 2103 1627
f 1627 2103 1629
f 1631 2104 1633
f 1633 2104 2105
f 1633 2105 1635
f 1635 2105 1637
f 1639 2106 1641
f 1641 2106 2107
f 1641 2107 1643
f 1643 2107 1645
f 1647 2108 1649
f 1649 2108 2109
f 1649 2109 1394
f 1394 2109 1395
f 1391 2110 1392
f 1392 2110 2111
f 1392 2111 1388
f 1388 2111 1389
f 1385 2112 1386
f 1386 2112 2113
f 1386 2113 1
f 1 2113 2
f 2114 1650 2115
f 2115 1650 144
f 2115 144 6
f 2114 2116 1650
f 1650 2116 1727
f 1650 1727 142
f 142 1727 140
f 1727 2116 2117
f 1727 2117 1728
f 1728 2117 2118
f 1728 2118 1729
f 1729 2118 2119
f 1729 2119 1730
f 1730 2119 2120
f 1730 2120 1732
f 1732 2120 2121
f 1732 2121 1731
f 2121 2122 1731
f 1731 2122 2123
f 1731 2123 1733
f 1733 2123 2124
f 1733 2124 1734
f 1734 2124 2125
f 1734 2125 1735
f 1735 2125 2126
f 1735 2126 1738
f 1738 2126 2127
f 1738 2127 1737
f 1737 2127 2128
f 1737 2128 1736
f 2128 2129 1736
f 1736 2129 2130
f 1736 2130 1739
f 1739 2130 2131
f 1739 2131 1740
f 1740 2131 2132
f 1740 2132 1741
f 1741 2132 2133
f 1741 2133 1742
f 1742 2133 2134
f 1742 2134 1743
f 2134 2135 1743
f 1743 2135 2136
f 1743 2136 1744
f 1744 2136 2137
f 1744 2137 1745
f 1745 2137 2138
f 1745 2138 1746
f 1746 2138 2139
f 1746 2139 1747
f 1747 2139 2140
f 1747 2140 1748
f 1748 2140 2141
f 1748 2141 1749
f 1749 2141 2142
f 1749 2142 1750
f 1750 2142 2143
f 1750 2143 1751
f 1751 2143 2144
f 1751 2144 1752
f 1752 2144 2145
f 1752 2145 1753
f 1753 2145 2146
f 1753 2146 1754
f 1754 2146 2147
f 1754 2147 1755
f 1755 2147 2148
f 1755 2148 1756
f 1756 2148 2149
f 1756 2149 1757
f 1757 2149 2150
f 1757 2150 1758
f 1758 2150 2151
f 1758 2151 1759
f 1759 2151 2152
f 1759 2152 1760
f 1760 2152 2153
f 1760 2153 1761
f 1761 2153 2154
f 1761 2154 1762
f 1762 2154 2155
f 1762 2155 1763
f 2156 1764 2157
f 2157 1764 1763
f 2157 1763 2158
f 2158 1763 2155
f 2156 2159 1764
f 1764 2159 1765
f 1764 1765 248
f 248 1765 246
f 2160 1766 2161
f 2161 1766 1765
f 2161 1765 2162
f 2162 1765 2159
f 2160 2163 1766
f 1766 2163 1767
f 1766 1767 240
f 240 1767 238
f 2164 1768 2165
f 2165 1768 1767
f 2165 1767 2166
f 2166 1767 2163
f 2164 2167 1768
f 1768 2167 1769
f 1768 1769 232
f 232 1769 230
f 2168 1770 2169
f 2169 1770 1769
f 2169 1769 2170
f 2170 1769 2167
f 2168 2171 1770
f 1770 2171 1771
f 1770 1771 224
f 224 1771 222
f 2172 1772 2173
f 2173 1772 1771
f 2173 1771 2174
f 2174 1771 2171
f 2172 2175 1772
f 1772 2175 1773
f 1772 1773 216
f 216 1773 214
f 2176 1774 2177
f 2177 1774 1773
f 2177 1773 2178
f 2178 1773 2175
f 2176 2179 1774
f 1774 2179 1775
f 1774 1775 208
f 208 1775 206
f 2180 1776 2181
f 2181 1776 1775
f 2181 1775 2182
f 2182 1775 2179
f 2180 2183 1776
f 1776 2183 1777
f 1776 1777 200
f 200 1777 198
f 2184 1778 2185
f 2185 1778 1777
f 2185 1777 2186
f 2186 1777 2183
f 2184 2187 1778
f 1778 2187 1779
f 1778 1779 192
f 192 1779 190
f 2188 1780 2189
f 2189 1780 1779
f 2189 1779 2190
f 2190 1779 2187
f 2188 2191 1780
f 1780 2191 1781
f 1780 1781 184
f 184 1781 182
f 2192 1782 2193
f 2193 1782 1781
f 2193 1781 2194
f 2194 1781 2191
f 2192 2195 1782
f 1782 2195 1783
f 1782 1783 176
f 176 1783 174
f 2196 1784 2197
f 2197 1784 1783
f 2197 1783 2198
f 2198 1783 2195
f 2196 2199 1784
f 1784 2199 1785
f 1784 1785 168
f 168 1785 166
f 2200 1786 2201
f 2201 1786 1785
f 2201 1785 2202
f 2202 1785 2199
f 2200 2203 1786
f 1786 2203 1787
f 1786 1787 160
f 160 1787 158
f 2204 1788 2205
f 2205 1788 1787
f 2205 1787 2206
f 2206 1787 2203
f 2204 2207 1788
f 1788 2207 1789
f 1788 1789 152
f 152 1789 150
f 2208 1790 2209
f 2209 1790 1789
f 2209 1789 2210
f 2210 1789 2207
f 2208 2211 1790
f 1790 2211 1791
f 1790 1791 610
f 610 1791 608
f 2212 1792 2213
f 2213 1792 1791
f 2213 1791 2214
f 2214 1791 2211
f 2212 2215 1792
f 1792 2215 1793
f 1792 1793 602
f 602 1793 600
f 2216 1794 2217
f 2217 1794 1793
f 2217 1793 2218
f 2218 1793 2215
f 2216 2219 1794
f 1794 2219 1795
f 1794 1795 594
f 594 1795 592
f 2220 1796 2221
f 2221 1796 1795
f 2221 1795 2222
f 2222 1795 2219
f 2220 2223 1796
f 1796 2223 1797
f 1796 1797 586
f 586 1797 584
f 2224 1798 2225
f 2225 1798 1797
f 2225 1797 2226
f 2226 1797 2223
f 2224 2227 1798
f 1798 2227 1799
f 1798 1799 578
f 578 1799 576
f 2228 1800 2229
f 2229 1800 1799
f 2229 1799 2230
f 2230 1799 2227
f 2228 2231 1800
f 1800 2231 1801
f 1800 1801 570
f 570 1801 568
f 2232 1802 2233
f 2233 1802 1801
f 2233 1801 2234
f 2234 1801 2231
f 2232 2235 1802
f 1802 2235 1803
f 1802 1803 562
f 562 1803 560
f 2236 1804 2237
f 2237 1804 1803
f 2237 1803 2238
f 2238 1803 2235
f 2236 2239 1804
f 1804 2239 1805
f 1804 1805 554
f 554 1805 552
f 2240 1806 2241
f 2241 1806 1805
f 2241 1805 2242
f 2242 1805 2239
f 2240 2243 1806
f 1806 2243 1807
f 1806 1807 546
f 546 1807 544
f 2244 1808 2245
f 2245 1808 1807
f 2245 1807 2246
f 2246 1807 2243
f 2244 2247 1808
f 1808 2247 1809
f 1808 1809 538
f 538 1809 536
f 2248 1810 2249
f 2249 1810 1809
f 2249 1809 2250
f 2250 1809 2247
f 2248 2251 1810
f 1810 2251 1811
f 1810 1811 530
f 530 1811 528
f 2252 1812 2253
f 2253 1812 1811
f 2253 1811 2254
f 2254 1811 2251
f 2252 2255 1812
f 1812 2255 1813
f 1812 1813 522
f 522 1813 520
f 2256 1814 2257
f 2257 1814 1813
f 2257 1813 2258
f 2258 1813 2255
f 2256 2259 1814
f 1814 2259 1815
f 1814 1815 514
f 514 1815 512
f 2260 1816 2261
f 2261 1816 1815
f 2261 1815 2262
f 2262 1815 2259
f 2260 2263 1816
f 1816 2263 1817
f 1816 1817 506
f 506 1817 504
f 2264 1818 2265
f 2265 1818 1817
f 2265 1817 2266
f 2266 1817 2263
f 2264 2267 1818
f 1818 2267 1819
f 1818 1819 498
f 498 1819 496
f 2268 1820 2269
f 2269 1820 1819
f 2269 1819 2270
f 2270 1819 2267
f 2268 2271 1820
f 1820 2271 1821
f 1820 1821 490
f 490 1821 488
f 2272 1822 2273
f 2273 1822 1821
f 2273 1821 2274
f 2274 1821 2271
f 2272 2275 1822
f 1822 2275 1823
f 1822 1823 482
f 482 1823 480
f 2276 1824 2277
f 2277 1824 1823
f 2277 1823 2278
f 2278 1823 2275
f 2276 2279 1824
f 1824 2279 1825
f 1824 1825 474
f 474 1825 472
f 2280 1826 2281
f 2281 1826 1825
f 2281 1825 2282
f 2282 1825 2279
f 2280 2283 1826
f 1826 2283 1827
f 1826 1827 466
f 466 1827 464
f 2284 1828 2285
f 2285 1828 1827
f 2285 1827 2286
f 2286 1827 2283
f 2284 2287 1828
f 1828 2287 1829
f 1828 1829 458
f 458 1829 456
f 2288 1830 2289
f 2289 1830 1829
f 2289 1829 2290
f 2290 1829 2287
f 2288 2291 1830
f 1830 2291 1831
f 1830 1831 450
f 450 1831 448
f 2292 1832 2293
f 2293 1832 1831
f 2293 1831 2294
f 2294 1831 2291
f 2292 2295 1832
f 1832 2295 1833
f 1832 1833 442
f 442 1833 440
f 2296 1834 2297
f 2297 1834 1833
f 2297 1833 2298
f 2298 1833 2295
f 2296 2299 1834
f 1834 2299 1835
f 1834 1835 434
f 434 1835 432
f 2300 1836 2301
f 2301 1836 1835
f 2301 1835 2302
f 2302 1835 2299
f 2300 2303 1836
f 1836 2303 1837
f 1836 1837 426
f 426 1837 424
f 2304 1838 2305
f 2305 1838 1837
f 2305 1837 2306
f 2306 1837 2303
f 2304 2307 1838
f 1838 2307 1839
f 1838 1839 418
f 418 1839 416
f 2308 1840 2309
f 2309 1840 1839
f 2309 1839 2310
f 2310 1839 2307
f 2308 2311 1840
f 1840 2311 1841
f 1840 1841 410
f 410 1841 408
f 2312 1842 2313
f 2313 1842 1841
f 2313 1841 2314
f 2314 1841 2311
f 2312 2315 1842
f 1842 2315 1843
f 1842 1843 402
f 402 1843 400
f 2316 1844 2317
f 2317 1844 1843
f 2317 1843 2318
f 2318 1843 2315
f 2316 2319 1844
f 1844 2319 1845
f 1844 1845 394
f 394 1845 392
f 2320 1846 2321
f 2321 1846 1845
f 2321 1845 2322
f 2322 1845 2319
f 2320 2323 1846
f 1846 2323 1847
f 1846 1847 386
f 386 1847 384
f 2324 1848 2325
f 2325 1848 1847
f 2325 1847 2326
f 2326 1847 2323
f 2324 2327 1848
f 1848 2327 1849
f 1848 1849 378
f 378 1849 376
f 2328 1850 2329
f 2329 1850 1849
f 2329 1849 2330
f 2330 1849 2327
f 2328 2331 1850
f 1850 2331 1851
f 1850 1851 370
f 370 1851 368
f 2332 1852 2333
f 2333 1852 1851
f 2333 1851 2334
f 2334 1851 2331
f 2332 2335 1852
f 1852 2335 1853
f 1852 1853 362
f 362 1853 360
f 2336 1854 2337
f 2337 1854 1853
f 2337 1853 2338
f 2338 1853 2335
f 2336 2339 1854
f 1854 2339 1855
f 1854 1855 866
f 866 1855 864
f 2340 1856 2341
f 2341 1856 1855
f 2341 1855 2342
f 2342 1855 2339
f 2340 2343 1856
f 1856 2343 1857
f 1856 1857 858
f 858 1857 856
f 2344 1858 2345
f 2345 1858 1857
f 2345 1857 2346
f 2346 1857 2343
f 2344 2347 1858
f 1858 2347 1859
f 1858 1859 850
f 850 1859 848
f 2348 1860 2349
f 2349 1860 1859
f 2349 1859 2350
f 2350 1859 2347
f 2348 2351 1860
f 1860 2351 1861
f 1860 1861 842
f 842 1861 840
f 2352 1862 2353
f 2353 1862 1861
f 2353 1861 2354
f 2354 1861 2351
f 2352 2355 1862
f 1862 2355 1863
f 1862 1863 834
f 834 1863 832
f 2356 1864 2357
f 2357 1864 1863
f 2357 1863 2358
f 2358 1863 2355
f 2356 2359 1864
f 1864 2359 1865
f 1864 1865 826
f 826 1865 824
f 2360 1866 2361
f 2361 1866 1865
f 2361 1865 2362
f 2362 1865 2359
f 2360 2363 1866
f 1866 2363 1867
f 1866 1867 818
f 818 1867 816
f 2364 1868 2365
f 2365 1868 1867
f 2365 1867 2366
f 2366 1867 2363
f 2364 2367 1868
f 1868 2367 1869
f 1868 1869 810
f 810 1869 808
f 2368 1870 2369
f 2369 1870 1869
f 2369 1869 2370
f 2370 1869 2367
f 2368 2371 1870
f 1870 2371 1871
f 1870 1871 802
f 802 1871 800
f 2372 1872 2373
f 2373 1872 1871
f 2373 1871 2374
f 2374 1871 2371
f 2372 2375 1872
f 1872 2375 1873
f 1872 1873 794
f 794 1873 792
f 2376 1874 2377
f 2377 1874 1873
f 2377 1873 2378
f 2378 1873 2375
f 2376 2379 1874
f 1874 2379 1875
f 1874 1875 786
f 786 1875 784
f 2380 1876 2381
f 2381 1876 1875
f 2381 1875 2382
f 2382 1875 2379
f 2380 2383 1876
f 1876 2383 1877
f 1876 1877 778
f 778 1877 776
f 2384 1878 2385
f 2385 1878 1877
f 2385 1877 2386
f 2386 1877 2383
f 2384 2387 1878
f 1878 2387 1879
f 1878 1879 770
f 770 1879 768
f 2388 1880 2389
f 2389 1880 1879
f 2389 1879 2390
f 2390 1879 2387
f 2388 2391 1880
f 1880 2391 1881
f 1880 1881 762
f 762 1881 760
f 2392 1882 2393
f 2393 1882 1881
f 2393 1881 2394
f 2394 1881 2391
f 2392 2395 1882
f 1882 2395 1883
f 1882 1883 754
f 754 1883 752
f 2396 1884 2397
f 2397 1884 1883
f 2397 1883 2398
f 2398 1883 2395
f 2396 2399 1884
f 1884 2399 1885
f 1884 1885 746
f 746 1885 744
f 2400 1886 2401
f 2401 1886 1885
f 2401 1885 2402
f 2402 1885 2399
f 2400 2403 1886
f 1886 2403 1887
f 1886 1887 738
f 738 1887 736
f 2404 1888 2405
f 2405 1888 1887
f 2405 1887 2406
f 2406 1887 2403
f 2404 2407 1888
f 1888 2407 1889
f 1888 1889 730
f 730 1889 728
f 2408 1890 2409
f 2409 1890 1889
f 2409 1889 2410
f 2410 1889 2407
f 2408 2411 1890
f 1890 2411 1891
f 1890 1891 722
f 722 1891 720
f 2412 1892 2413
f 2413 1892 1891
f 2413 1891 2414
f 2414 1891 2411
f 2412 2415 1892
f 1892 2415 1893
f 1892 1893 714
f 714 1893 712
f 2416 1894 2417
f 2417 1894 1893
f 2417 1893 2418
f 2418 1893 2415
f 2416 2419 1894
f 1894 2419 1895
f 1894 1895 706
f 706 1895 704
f 2420 1896 2421
f 2421 1896 1895
f 2421 1895 2422
f 2422 1895 2419
f 2420 2423 1896
f 1896 2423 1897
f 1896 1897 698
f 698 1897 696
f 2424 1898 2425
f 2425 1898 1897
f 2425 1897 2426
f 2426 1897 2423
f 2424 2427 1898
f 1898 2427 1899
f 1898 1899 690
f 690 1899 688
f 2428 1900 2429
f 2429 1900 1899
f 2429 1899 2430
f 2430 1899 2427
f 2428 2431 1900
f 1900 2431 1901
f 1900 1901 682
f 682 1901 680
f 2432 1902 2433
f 2433 1902 1901
f 2433 1901 2434
f 2434 1901 2431
f 2432 2435 1902
f 1902 2435 1903
f 1902 1903 674
f 674 1903 672
f 2436 1904 2437
f 2437 1904 1903
f 2437 1903 2438
f 2438 1903 2435
f 2436 2439 1904
f 1904 2439 1905
f 1904 1905 666
f 666 1905 664
f 2440 1906 2441
f 2441 1906 1905
f 2441 1905 2442
f 2442 1905 2439
f 2440 2443 1906
f 1906 2443 1907
f 1906 1907 658
f 658 1907 656
f 2444 1908 2445
f 2445 1908 1907
f 2445 1907 2446
f 2446 1907 2443
f 2444 2447 1908
f 1908 2447 1909
f 1908 1909 650
f 650 1909 648
f 2448 1910 2449
f 2449 1910 1909
f 2449 1909 2450
f 2450 1909 2447
f 2448 2451 1910
f 1910 2451 1911
f 1910 1911 642
f 642 1911 640
f 2452 1912 2453
f 2453 1912 1911
f 2453 1911 2454
f 2454 1911 2451
f 2452 2455 1912
f 1912 2455 1913
f 1912 1913 634
f 634 1913 632
f 2456 1914 2457
f 2457 1914 1913
f 2457 1913 2458
f 2458 1913 2455
f 2456 2459 1914
f 1914 2459 1915
f 1914 1915 626
f 626 1915 624
f 2460 1916 2461
f 2461 1916 1915
f 2461 1915 2462
f 2462 1915 2459
f 2460 2463 1916
f 1916 2463 1917
f 1916 1917 618
f 618 1917 616
f 2464 1918 2465
f 2465 1918 1917
f 2465 1917 2466
f 2466 1917 2463
f 2464 2467 1918
f 1918 2467 1919
f 1918 1919 1122
f 1122 1919 1120
f 2468 1920 2469
f 2469 1920 1919
f 2469 1919 2470
f 2470 1919 2467
f 2468 2471 1920
f 1920 2471 1921
f 1920 1921 1114
f 1114 1921 1112
f 2472 1922 2473
f 2473 1922 1921
f 2473 1921 2474
f 2474 1921 2471
f 2472 2475 1922
f 1922 2475 1923
f 1922 1923 1106
f 1106 1923 1104
f 2476 1924 2477
f 2477 1924 1923
f 2477 1923 2478
f 2478 1923 2475
f 2476 2479 1924
f 1924 2479 1925
f 1924 1925 1098
f 1098 1925 1096
f 2480 1926 2481
f 2481 1926 1925
f 2481 1925 2482
f 2482 1925 2479
f 2480 2483 1926
f 1926 2483 1927
f 1926 1927 1090
f 1090 1927 1088
f 2484 1928 2485
f 2485 1928 1927
f 2485 1927 2486
f 2486 1927 2483
f 2484 2487 1928
f 1928 2487 1929
f 1928 1929 1082
f 1082 1929 1080
f 2488 1930 2489
f 2489 1930 1929
f 2489 1929 2490
f 2490 1929 2487
f 2488 2491 1930
f 1930 2491 1931
f 1930 1931 1074
f 1074 1931 1072
f 2492 1932 2493
f 2493 1932 1931
f 2493 1931 2494
f 2494 1931 2491
f 2492 2495 1932
f 1932 2495 1933
f 1932 1933 1066
f 1066 1933 1064
f 2496 1934 2497
f 2497 1934 1933
f 2497 1933 2498
f 2498 1933 2495
f 2496 2499 1934
f 1934 2499 1935
f 1934 1935 1058
f 1058 1935 1056
f 2500 1936 2501
f 2501 1936 1935
f 2501 1935 2502
f 2502 1935 2499
f 2500 2503 1936
f 1936 2503 1937
f 1936 1937 1050
f 1050 1937 1048
f 2504 1938 2505
f 2505 1938 1937
f 2505 1937 2506
f 2506 1937 2503
f 2504 2507 1938
f 1938 2507 1939
f 1938 1939 1042
f 1042 1939 1040
f 2508 1940 2509
f 2509 1940 1939
f 2509 1939 2510
f 2510 1939 2507
f 2508 2511 1940
f 1940 2511 1941
f 1940 1941 1034
f 1034 1941 1032
f 2512 1942 2513
f 2513 1942 1941
f 2513 1941 2514
f 2514 1941 2511
f 2512 2515 1942
f 1942 2515 1943
f 1942 1943 1026
f 1026 1943 1024
f 2516 1944 2517
f 2517 1944 1943
f 2517 1943 2518
f 2518 1943 2515
f 2516 2519 1944
f 1944 2519 1945
f 1944 1945 1018
f 1018 1945 1016
f 2520 1946 2521
f 2521 1946 1945
f 2521 1945 2522
f 2522 1945 2519
f 2520 2523 1946
f 1946 2523 1947
f 1946 1947 1010
f 1010 1947 1008
f 2524 1948 2525
f 2525 1948 1947
f 2525 1947 2526
f 2526 1947 2523
f 2524 2527 1948
f 1948 2527 1949
f 1948 1949 1002
f 1002 1949 1000
f 2528 1950 2529
f 2529 1950 1949
f 2529 1949 2530
f 2530 1949 2527
f 2528 2531 1950
f 1950 2531 1951
f 1950 1951 994
f 994 1951 992
f 2532 1952 2533
f 2533 1952 1951
f 2533 1951 2534
f 2534 1951 2531
f 2532 2535 1952
f 1952 2535 1953
f 1952 1953 986
f 986 1953 984
f 2536 1954 2537
f 2537 1954 1953
f 2537 1953 2538
f 2538 1953 2535
f 2536 2539 1954
f 1954 2539 1955
f 1954 1955 978
f 978 1955 976
f 2540 1956 2541
f 2541 1956 1955
f 2541 1955 2542
f 2542 1955 2539
f 2540 2543 1956
f 1956 2543 1957
f 1956 1957 970
f 970 1957 968
f 2544 1958 2545
f 2545 1958 1957
f 2545 1957 2546
f 2546 1957 2543
f 2544 2547 1958
f 1958 2547 1959
f 1958 1959 962
f 962 1959 960
f 2548 1960 2549
f 2549 1960 1959
f 2549 1959 2550
f 2550 1959 2547
f 2548 2551 1960
f 1960 2551 1961
f 1960 1961 954
f 954 1961 952
f 2552 1962 2553
f 2553 1962 1961
f 2553 1961 2554
f 2554 1961 2551
f 2552 2555 1962
f 1962 2555 1963
f 1962 1963 946
f 946 1963 944
f 2556 1964 2557
f 2557 1964 1963
f 2557 1963 2558
f 2558 1963 2555
f 2556 2559 1964
f 1964 2559 1965
f 1964 1965 938
f 938 1965 936
f 2560 1966 2561
f 2561 1966 1965
f 2561 1965 2562
f 2562 1965 2559
f 2560 2563 1966
f 1966 2563 1967
f 1966 1967 930
f 930 1967 928
f 2564 1968 2565
f 2565 1968 1967
f 2565 1967 2566
f 2566 1967 2563
f 2564 2567 1968
f 1968 2567 1969
f 1968 1969 922
f 922 1969 920
f 2568 1970 2569
f 2569 1970 1969
f 2569 1969 2570
f 2570 1969 2567
f 2568 2571 1970
f 1970 2571 1971
f 1970 1971 914
f 914 1971 912
f 2572 1972 2573
f 2573 1972 1971
f 2573 1971 2574
f 2574 1971 2571
f 2572 2575 1972
f 1972 2575 1973
f 1972 1973 906
f 906 1973 904
f 2576 1974 2577
f 2577 1974 1973
f 2577 1973 2578
f 2578 1973 2575
f 2576 2579 1974
f 1974 2579 1975
f 1974 1975 898
f 898 1975 896
f 2580 1976 2581
f 2581 1976 1975
f 2581 1975 2582
f 2582 1975 2579
f 2580 2583 1976
f 1976 2583 1977
f 1976 1977 890
f 890 1977 888
f 2584 1978 2585
f 2585 1978 1977
f 2585 1977 2586
f 2586 1977 2583
f 2584 2587 1978
f 1978 2587 1979
f 1978 1979 882
f 882 1979 880
f 2588 1980 2589
f 2589 1980 1979
f 2589 1979 2590
f 2590 1979 2587
f 2588 2591 1980
f 1980 2591 1981
f 1980 1981 874
f 874 1981 872
f 2592 1982 2593
f 2593 1982 1981
f 2593 1981 2594
f 2594 1981 2591
f 2592 2595 1982
f 1982 2595 1983
f 1982 1983 1378
f 1378 1983 1376
f 2596 1984 2597
f 2597 1984 1983
f 2597 1983 2598
f 2598 1983 2595
f 2596 2599 1984
f 1984 2599 1985
f 1984 1985 1370
f 1370 1985 1368
f 2600 1986 2601
f 2601 1986 1985
f 2601 1985 2602
f 2602 1985 2599
f 2600 2603 1986
f 1986 2603 1987
f 1986 1987 1362
f 1362 1987 1360
f 2604 1988 2605
f 2605 1988 1987
f 2605 1987 2606
f 2606 1987 2603
f 2604 2607 1988
f 1988 2607 1989
f 1988 1989 1354
f 1354 1989 1352
f 2608 1990 2609
f 2609 1990 1989
f 2609 1989 2610
f 2610 1989 2607
f 2608 2611 1990
f 1990 2611 1991
f 1990 1991 1346
f 1346 1991 1344
f 2612 1992 2613
f 2613 1992 1991
f 2613 1991 2614
f 2614 1991 2611
f 2612 2615 1992
f 1992 2615 1993
f 1992 1993 1338
f 1338 1993 1336
f 2616 1994 2617
f 2617 1994 1993
f 2617 1993 2618
f 2618 1993 2615
f 2616 2619 1994
f 1994 2619 1995
f 1994 1995 1330
f 1330 1995 1328
f 2620 1996 2621
f 2621 1996 1995
f 2621 1995 2622
f 2622 1995 2619
f 2620 2623 1996
f 1996 2623 1997
f 1996 1997 1322
f 1322 1997 1320
f 2624 1998 2625
f 2625 1998 1997
f 2625 1997 2626
f 2626 1997 2623
f 2624 2627 1998
f 1998 2627 1999
f 1998 1999 1314
f 1314 1999 1312
f 2628 2000 2629
f 2629 2000 1999
f 2629 1999 2630
f 2630 1999 2627
f 2628 2631 2000
f 2000 2631 2001
f 2000 2001 1306
f 1306 2001 1304
f 2632 2002 2633
f 2633 2002 2001
f 2633 2001 2634
f 2634 2001 2631
f 2632 2635 2002
f 2002 2635 2003
f 2002 2003 1298
f 1298 2003 1296
f 2636 2004 2637
f 2637 2004 2003
f 2637 2003 2638
f 2638 2003 2635
f 2636 2639 2004
f 2004 2639 2005
f 2004 2005 1290
f 1290 2005 1288
f 2640 2006 2641
f 2641 2006 2005
f 2641 2005 2642
f 2642 2005 2639
f 2640 2643 2006
f 2006 2643 2007
f 2006 2007 1282
f 1282 2007 1280
f 2644 2008 2645
f 2645 2008 2007
f 2645 2007 2646
f 2646 2007 2643
f 2644 2647 2008
f 2008 2647 2009
f 2008 2009 1274
f 1274 2009 1272
f 2648 2010 2649
f 2649 2010 2009
f 2649 2009 2650
f 2650 2009 2647
f 2648 2651 2010
f 2010 2651 2011
f 2010 2011 1266
f 1266 2011 1264
f 2652 2012 2653
f 2653 2012 2011
f 2653 2011 2654
f 2654 2011 2651
f 2652 2655 2012
f 2012 2655 2013
f 2012 2013 1258
f 1258 2013 1256
f 2656 2014 2657
f 2657 2014 2013
f 2657 2013 2658
f 2658 2013 2655
f 2656 2659 2014
f 2014 2659 2015
f 2014 2015 1250
f 1250 2015 1248
f 2660 2016 2661
f 2661 2016 2015
f 2661 2015 2662
f 2662 2015 2659
f 2660 2663 2016
f 2016 2663 2017
f 2016 2017 1242
f 1242 2017 1240
f 2664 2018 2665
f 2665 2018 2017
f 2665 2017 2666
f 2666 2017 2663
f 2664 2667 2018
f 2018 2667 2019
f 2018 2019 1234
f 1234 2019 1232
f 2668 2020 2669
f 2669 2020 2019
f 2669 2019 2670
f 2670 2019 2667
f 2668 2671 2020
f 2020 2671 2021
f 2020 2021 1226
f 1226 2021 1224
f 2672 2022 2673
f 2673 2022 2021
f 2673 2021 2674
f 2674 2021 2671
f 2672 2675 2022
f 2022 2675 2023
f 2022 2023 1218
f 1218 2023 1216
f 2675 2676 2023
f 2023 2676 2677
f 2023 2677 2024
f 2024 2677 2678
f 2024 2678 2025
f 2678 2679 2025
f 2025 2679 2680
f 2025 2680 2026
f 2026 2680 2681
f 2681 2682 2026
f 2026 2682 2683
f 2026 2683 2027
f 2027 2683 2684
f 2027 2684 2028
f 2684 2685 2028
f 2028 2685 2686
f 2028 2686 2029
f 2029 2686 2687
f 2687 2688 2029
f 2029 2688 2030
f 2029 2030 1190
f 1190 2030 1188
f 2688 2689 2030
f 2030 2689 2690
f 2030 2690 2031
f 2031 2690 2691
f 2691 2692 2031
f 2031 2692 2032
f 2031 2032 1182
f 1182 2032 1180
f 2692 2693 2032
f 2032 2693 2694
f 2032 2694 2033
f 2033 2694 2695
f 2695 2696 2033
f 2033 2696 2034
f 2033 2034 1174
f 1174 2034 1172
f 2696 2697 2034
f 2034 2697 2698
f 2034 2698 2035
f 2035 2698 2699
f 2699 2700 2035
f 2035 2700 2036
f 2035 2036 1166
f 1166 2036 1164
f 2700 2701 2036
f 2036 2701 2702
f 2036 2702 2037
f 2037 2702 2703
f 2703 2704 2037
f 2037 2704 2038
f 2037 2038 1158
f 1158 2038 1156
f 2704 2705 2038
f 2038 2705 2706
f 2038 2706 2039
f 2039 2706 2707
f 2707 2708 2039
f 2039 2708 2040
f 2039 2040 1150
f 1150 2040 1148
f 2708 2709 2040
f 2040 2709 2710
f 2040 2710 2041
f 2041 2710 2711
f 2711 2712 2041
f 2041 2712 2042
f 2041 2042 1142
f 1142 2042 1140
f 2712 2713 2042
f 2042 2713 2714
f 2042 2714 2043
f 2043 2714 2715
f 2715 2716 2043
f 2043 2716 2044
f 2043 2044 1134
f 1134 2044 1132
f 2716 2717 2044
f 2044 2717 2718
f 2044 2718 2045
f 2045 2718 2719
f 2719 2720 2045
f 2045 2720 2046
f 2045 2046 1397
f 1397 2046 1399
f 2720 2721 2046
f 2046 2721 2722
f 2046 2722 2047
f 2047 2722 2723
f 2723 2724 2047
f 2047 2724 2048
f 2047 2048 1405
f 1405 2048 1407
f 2724 2725 2048
f 2048 2725 2726
f 2048 2726 2049
f 2049 2726 2727
f 2727 2728 2049
f 2049 2728 2050
f 2049 2050 1413
f 1413 2050 1415
f 2728 2729 2050
f 2050 2729 2730
f 2050 2730 2051
f 2051 2730 2731
f 2731 2732 2051
f 2051 2732 2052
f 2051 2052 1421
f 1421 2052 1423
f 2732 2733 2052
f 2052 2733 2734
f 2052 2734 2053
f 2053 2734 2735
f 2735 2736 2053
f 2053 2736 2054
f 2053 2054 1429
f 1429 2054 1431
f 2736 2737 2054
f 2054 2737 2738
f 2054 2738 2055
f 2055 2738 2739
f 2739 2740 2055
f 2055 2740 2056
f 2055 2056 1437
f 1437 2056 1439
f 2740 2741 2056
f 2056 2741 2742
f 2056 2742 2057
f 2057 2742 2743
f 2743 2744 2057
f 2057 2744 2058
f 2057 2058 1445
f 1445 2058 1447
f 2744 2745 2058
f 2058 2745 2746
f 2058 2746 2059
f 2059 2746 2747
f 2747 2748 2059
f 2059 2748 2060
f 2059 2060 1453
f 1453 2060 1455
f 2748 2749 2060
f 2060 2749 2750
f 2060 2750 2061
f 2061 2750 2751
f 2751 2752 2061
f 2061 2752 2062
f 2061 2062 1461
f 1461 2062 1463
f 2752 2753 2062
f 2062 2753 2754
f 2062 2754 2063
f 2063 2754 2755
f 2755 2756 2063
f 2063 2756 2064
f 2063 2064 1469
f 1469 2064 1471
f 2756 2757 2064
f 2064 2757 2758
f 2064 2758 2065
f 2065 2758 2759
f 2759 2760 2065
f 2065 2760 2066
f 2065 2066 1477
f 1477 2066 1479
f 2760 2761 2066
f 2066 2761 2762
f 2066 2762 2067
f 2067 2762 2763
f 2763 2764 2067
f 2067 2764 2068
f 2067 2068 1485
f 1485 2068 1487
f 2764 2765 2068
f 2068 2765 2766
f 2068 2766 2069
f 2069 2766 2767
f 2767 2768 2069
f 2069 2768 2070
f 2069 2070 1493
f 1493 2070 1495
f 2768 2769 2070
f 2070 2769 2770
f 2070 2770 2071
f 2071 2770 2771
f 2771 2772 2071
f 2071 2772 2072
f 2071 2072 1501
f 1501 2072 1503
f 2772 2773 2072
f 2072 2773 2774
f 2072 2774 2073
f 2073 2774 2775
f 2775 2776 2073
f 2073 2776 2074
f 2073 2074 1509
f 1509 2074 1511
f 2776 2777 2074
f 2074 2777 2778
f 2074 2778 2075
f 2075 2778 2779
f 2779 2780 2075
f 2075 2780 2076
f 2075 2076 1517
f 1517 2076 1519
f 2780 2781 2076
f 2076 2781 2782
f 2076 2782 2077
f 2077 2782 2783
f 2783 2784 2077
f 2077 2784 2078
f 2077 2078 1525
f 1525 2078 1527
f 2784 2785 2078
f 2078 2785 2786
f 2078 2786 2079
f 2079 2786 2787
f 2787 2788 2079
f 2079 2788 2080
f 2079 2080 1533
f 1533 2080 1535
f 2788 2789 2080
f 2080 2789 2790
f 2080 2790 2081
f 2081 2790 2791
f 2791 2792 2081
f 2081 2792 2082
f 2081 2082 1541
f 1541 2082 1543
f 2792 2793 2082
f 2082 2793 2794
f 2082 2794 2083
f 2083 2794 2795
f 2795 2796 2083
f 2083 2796 2084
f 2083 2084 1549
f 1549 2084 1551
f 2796 2797 2084
f 2084 2797 2798
f 2084 2798 2085
f 2085 2798 2799
f 2799 2800 2085
f 2085 2800 2086
f 2085 2086 1557
f 1557 2086 1559
f 2800 2801 2086
f 2086 2801 2802
f 2086 2802 2087
f 2087 2802 2803
f 2803 2804 2087
f 2087 2804 2088
f 2087 2088 1565
f 1565 2088 1567
f 2804 2805 2088
f 2088 2805 2806
f 2088 2806 2089
f 2089 2806 2807
f 2807 2808 2089
f 2089 2808 2090
f 2089 2090 1573
f 1573 2090 1575
f 2808 2809 2090
f 2090 2809 2810
f 2090 2810 2091
f 2091 2810 2811
f 2811 2812 2091
f 2091 2812 2092
f 2091 2092 1581
f 1581 2092 1583
f 2812 2813 2092
f 2092 2813 2814
f 2092 2814 2093
f 2093 2814 2815
f 2815 2816 2093
f 2093 2816 2094
f 2093 2094 1589
f 1589 2094 1591
f 2816 2817 2094
f 2094 2817 2818
f 2094 2818 2095
f 2095 2818 2819
f 2819 2820 2095
f 2095 2820 2096
f 2095 2096 1597
f 1597 2096 1599
f 2820 2821 2096
f 2096 2821 2822
f 2096 2822 2097
f 2097 2822 2823
f 2823 2824 2097
f 2097 2824 2098
f 2097 2098 1605
f 1605 2098 1607
f 2824 2825 2098
f 2098 2825 2826
f 2098 2826 2099
f 2099 2826 2827
f 2827 2828 2099
f 2099 2828 2100
f 2099 2100 1613
f 1613 2100 1615
f 2828 2829 2100
f 2100 2829 2830
f 2100 2830 2101
f 2101 2830 2831
f 2831 2832 2101
f 2101 2832 2102
f 2101 2102 1621
f 1621 2102 1623
f 2832 2833 2102
f 2102 2833 2834
f 2102 2834 2103
f 2103 2834 2835
f 2835 2836 2103
f 2103 2836 2104
f 2103 2104 1629
f 1629 2104 1631
f 2836 2837 2104
f 2104 2837 2838
f 2104 2838 2105
f 2105 2838 2839
f 2839 2840 2105
f 2105 2840 2106
f 2105 2106 1637
f 1637 2106 1639
f 2840 2841 2106
f 2106 2841 2842
f 2106 2842 2107
f 2107 2842 2843
f 2843 2844 2107
f 2107 2844 2108
f 2107 2108 1645
f 1645 2108 1647
f 2844 2845 2108
f 2108 2845 2846
f 2108 2846 2109
f 2109 2846 2847
f 2847 2848 2109
f 2109 2848 2110
f 2109 2110 1395
f 1395 2110 1391
f 2848 2849 2110
f 2110 2849 2850
f 2110 2850 2111
f 2111 2850 2851
f 2851 2852 2111
f 2111 2852 2112
f 2111 2112 1389
f 1389 2112 1385
f 2852 2853 2112
f 2112 2853 2854
f 2112 2854 2113
f 2113 2854 2855
f 2855 2856 2113
f 2113 2856 1660
f 2113 1660 2
f 2 1660 1662
f 2856 2857 1660
f 1660 2857 2858
f 1660 2858 1658
f 1658 2858 2859
f 2859 2860 1658
f 1658 2860 1667
f 1658 1667 1656
f 1656 1667 1666
f 2860 2861 1667
f 1667 2861 2862
f 1667 2862 1665
f 1665 2862 2863
f 2863 2864 1665
f 1665 2864 1668
f 1665 1668 1663
f 1663 1668 1670
f 2864 2865 1668
f 1668 2865 2866
f 1668 2866 1669
f 1669 2866 2867
f 2867 2868 1669
f 1669 2868 1672
f 1669 1672 1671
f 1671 1672 1674
f 2868 2869 1672
f 1672 2869 2870
f 1672 2870 1673
f 1673 2870 2871
f 2871 2872 1673
f 1673 2872 1677
f 1673 1677 1675
f 1675 1677 1676
f 2872 2873 1677
f 1677 2873 2874
f 1677 2874 1679
f 1679 2874 2875
f 2875 2876 1679
f 1679 2876 1681
f 1679 1681 1680
f 1680 1681 1683
f 2876 2877 1681
f 1681 2877 2878
f 1681 2878 1682
f 1682 2878 2879
f 2879 2880 1682
f 1682 2880 1686
f 1682 1686 1684
f 1684 1686 1685
f 2880 2881 1686
f 1686 2881 2882
f 1686 2882 1688
f 1688 2882 2883
f 2883 2884 1688
f 1688 2884 1690
f 1688 1690 1689
f 1689 1690 1692
f 2884 2885 1690
f 1690 2885 2886
f 1690 2886 1691
f 1691 2886 2887
f 1691 2887 1694
f 1694 2887 2888
f 1694 2888 1695
f 1636 1638 2889
f 1632 1634 2890
f 1628 1630 2891
f 1624 1626 2892
f 1620 1622 2893
f 1616 1618 2894
f 1612 1614 2895
f 1608 1610 2896
f 1604 1606 2897
f 1600 1602 2898
f 1596 1598 2899
f 1592 1594 2900
f 1588 1590 2901
f 1584 1586 2902
f 1580 1582 2903
f 1576 1578 2904
f 1572 1574 2905
f 1568 1570 2906
f 1564 1566 2907
f 1560 1562 2908
f 1556 1558 2909
f 1552 1554 2910
f 1548 1550 2911
f 1544 1546 2912
f 1540 1542 2913
f 1536 1538 2914
f 1532 1534 2915
f 1528 1530 2916
f 1524 1526 2917
f 1520 1522 2918
f 1516 1518 2919
f 1512 1514 2920
f 1508 1510 2921
f 1504 1506 2922
f 1500 1502 2923
f 1496 1498 2924
f 1492 1494 2925
f 1488 1490 2926
f 1484 1486 2927
f 1480 1482 2928
f 1476 1478 2929
f 1472 1474 2930
f 1468 1470 2931
f 1464 1466 2932
f 1460 1462 2933
f 1456 1458 2934
f 1452 1454 2935
f 1448 1450 2936
f 1444 1446 2937
f 1440 1442 2938
f 1436 1438 2939
f 1432 1434 2940
f 1428 1430 2941
f 1424 1426 2942
f 1420 1422 2943
f 1416 1418 2944
f 1412 1414 2945
f 1408 1410 2946
f 1404 1406 2947
f 1400 1402 2948
f 1396 1398 2949
f 1131 1129 2950
f 1135 1133 2951
f 1139 1137 2952
f 1143 1141 2953
f 1147 1145 2954
f 1151 1149 2955
f 1155 1153 2956
f 1159 1157 2957
f 1163 1161 2958
f 1167 1165 2959
f 1171 1169 2960
f 1175 1173 2961
f 1179 1177 2962
f 1183 1181 2963
f 1187 1185 2964
f 1191 1189 2965
f 1195 1193 2966
f 1199 1197 2967
f 1203 1201 2968
f 1207 1205 2969
f 1211 1209 2970
f 1215 1213 2971
f 1219 1217 2972
f 1223 1221 2973
f 1227 1225 2974
f 1231 1229 2975
f 1235 1233 2976
f 1239 1237 2977
f 1243 1241 2978
f 1247 1245 2979
f 1251 1249 2980
f 1255 1253 2981
f 1259 1257 2982
f 1263 1261 2983
f 1267 1265 2984
f 1271 1269 2985
f 1275 1273 2986
f 1279 1277 2987
f 1283 1281 2988
f 1287 1285 2989
f 1291 1289 2990
f 1295 1293 2991
f 1299 1297 2992
f 1303 1301 2993
f 1307 1305 2994
f 1311 1309 2995
f 1315 1313 2996
f 1319 1317 2997
f 1323 1321 2998
f 1327 1325 2999
f 1331 1329 3000
f 1335 1333 3001
f 1339 1337 3002
f 1343 1341 3003
f 1347 1345 3004
f 1351 1349 3005
f 1355 1353 3006
f 1359 1357 3007
f 1363 1361 3008
f 1367 1365 3009
f 1371 1369 3010
f 1375 1373 3011
f 1379 1377 3012
f 1383 1381 3013
f 875 873 3014
f 879 877 3015
f 883 881 3016
f 887 885 3017
f 891 889 3018
f 895 893 3019
f 899 897 3020
f 903 901 3021
f 907 905 3022
f 911 909 3023
f 915 913 3024
f 919 917 3025
f 923 921 3026
f 927 925 3027
f 931 929 3028
f 935 933 3029
f 947 945 3030
f 951 949 3031
f 955 953 3032
f 959 957 3033
f 979 977 3034
f 983 981 3035
f 3036 3037 3038
f 3039 3040 3041
f 3042 3043 3044
f 3045 3046 3047
f 3048 3049 3050
f 3051 3052 3053
f 3054 3055 3056
f 3057 3058 3059
f 3060 3061 3062
f 3063 3064 3065
f 3066 3067 3068
f 3069 3070 3071
f 3072 3073 3074
f 3075 3076 3077
f 3078 3079 3080
f 3081 3082 3083
f 3084 3085 3086
f 3087 3088 3089
f 3090 3091 3092
f 3093 3094 3095
f 3096 3097 3098
f 3099 3100 3101
f 3102 3103 3104
f 3105 3106 3107
f 3108 3109 3110
f 3111 3112 3113
f 3114 3115 3116
f 3117 3118 3119
f 3120 3121 3122
f 3123 3124 3125
f 3126 3127 3128
f 3129 3130 3131
f 3132 3133 3134
f 3135 3136 3137
f 3138 3139 3140
f 3141 3142 3143
f 3144 3145 3146
f 3147 3148 3149
f 3150 3151 3152
f 3153 3154 3155
f 3156 3157 3158
f 3159 3160 3161
f 3162 3163 3164
f 3165 3166 3167
f 3168 3169 3170
f 3171 3172 3173
f 3174 3175 3176
f 3177 3178 3179
f 3180 3181 3182
f 3183 3184 3185
f 3186 3187 3188
f 3189 3190 3191
f 3192 3193 3194
f 3195 3196 3197
f 3198 3199 3200
f 3201 3202 3203
f 3204 3205 3206
f 3207 3208 3209
f 3210 3211 3212
f 3213 3214 3215
f 3216 3217 3218
f 3219 3220 3221
f 3222 3223 3224
f 3225 3226 3227
f 3228 3229 3230
f 3231 3232 3233
f 3234 3235 3236
f 3237 3238 3239
f 3240 3241 3242
f 3243 3244 3245
f 3245 3244 3246
f 3245 3246 3247
f 3247 3246 3248
f 3247 3248 3249
f 3250 1648 3251
f 3251 1648 3252
f 3251 3252 3253
f 3253 3252 3254
f 3253 3254 3255
f 3255 3254 3256
f 3255 3256 3257
f 3257 3256 3258
f 3257 3258 3259
f 3260 3261 3262
f 3263 3260 3264
f 3242 3241 3265
f 3239 3238 3266
f 3266 3238 3267
f 3266 3267 3268
f 3236 3235 3269
f 3233 3232 3270
f 3270 3232 3271
f 3270 3271 3272
f 3272 3271 3273
f 3272 3273 3274
f 3274 3273 3275
f 3274 3275 3276
f 3230 3229 3277
f 3227 3226 3278
f 3224 3223 3279
f 3221 3220 3280
f 3218 3217 3281
f 3215 3214 3282
f 3212 3211 3283
f 3209 3208 3284
f 3206 3205 3285
f 3203 3202 3286
f 3200 3199 3287
f 3197 3196 3288
f 3194 3193 3289
f 3191 3190 3290
f 3188 3187 3291
f 3185 3184 3292
f 3182 3181 3293
f 3179 3178 3294
f 3176 3175 3295
f 3173 3172 3296
f 3170 3169 3297
f 3167 3166 3298
f 3164 3163 3299
f 3161 3160 3300
f 3158 3157 3301
f 3155 3154 3302
f 3152 3151 3303
f 3149 3148 3304
f 3146 3145 3305
f 3143 3142 3306
f 3140 3139 3307
f 3137 3136 3308
f 3134 3133 3309
f 3131 3130 3310
f 3128 3127 3311
f 3125 3124 3312
f 3122 3121 3313
f 3119 3118 3314
f 3116 3115 3315
f 3113 3112 3316
f 3110 3109 3317
f 3107 3106 3318
f 3104 3103 3319
f 3101 3100 3320
f 3098 3097 3321
f 3095 3094 3322
f 3092 3091 3323
f 3089 3088 3324
f 3086 3085 3325
f 3083 3082 3326
f 3080 3079 3327
f 3077 3076 3328
f 3074 3073 3329
f 3071 3070 3330
f 3068 3067 3331
f 3065 3064 3332
f 3062 3061 3333
f 3059 3058 3334
f 3056 3055 3335
f 3053 3052 3336
f 3050 3049 3337
f 3338 3339 3035
f 3044 3043 3340
f 3041 3040 3341
f 3038 3037 3342
f 3249 3248 3259
f 3259 3248 3343
f 3259 3343 3257
f 3257 3343 3344
f 3257 3344 3255
f 3255 3344 3345
f 3255 3345 3253
f 3253 3345 3346
f 3253 3346 3251
f 3251 3346 3347
f 3251 3347 3250
f 3250 3347 3348
f 3250 3348 3349
f 3260 3262 3264
f 3264 3262 105
f 3264 105 13
f 13 11 3264
f 3264 11 3240
f 3264 3240 3263
f 3263 3240 3242
f 11 16 3240
f 3240 16 15
f 3240 15 3241
f 3241 15 7
f 7 19 3241
f 3241 19 3237
f 3241 3237 3265
f 3265 3237 3239
f 21 3267 23
f 23 3267 3238
f 23 3238 24
f 24 3238 3237
f 24 3237 18
f 18 3237 19
f 21 20 3267
f 3267 20 3234
f 3267 3234 3268
f 3268 3234 3236
f 32 3235 26
f 26 3235 3234
f 26 3234 27
f 27 3234 20
f 32 31 3235
f 3235 31 3231
f 3235 3231 3269
f 3269 3231 3233
f 31 29 3231
f 3231 29 28
f 3231 28 3232
f 3232 28 34
f 3232 34 3271
f 3271 34 41
f 3271 41 3273
f 37 3275 38
f 38 3275 3273
f 38 3273 40
f 40 3273 41
f 37 42 3275
f 3275 42 3228
f 3275 3228 3276
f 3276 3228 3230
f 47 3229 45
f 45 3229 3228
f 45 3228 44
f 44 3228 42
f 47 48 3229
f 3229 48 3225
f 3229 3225 3277
f 3277 3225 3227
f 53 3226 52
f 52 3226 3225
f 52 3225 50
f 50 3225 48
f 3226 53 3222
f 3226 3222 3278
f 3278 3222 3224
f 63 3223 57
f 57 3223 3222
f 57 3222 55
f 55 3222 53
f 63 62 3223
f 3223 62 3219
f 3223 3219 3279
f 3279 3219 3221
f 68 3220 60
f 60 3220 3219
f 60 3219 61
f 61 3219 62
f 68 67 3220
f 3220 67 3216
f 3220 3216 3280
f 3280 3216 3218
f 70 3217 71
f 71 3217 3216
f 71 3216 65
f 65 3216 67
f 70 76 3217
f 3217 76 3213
f 3217 3213 3281
f 3281 3213 3215
f 72 3214 73
f 73 3214 3213
f 73 3213 75
f 75 3213 76
f 72 77 3214
f 3214 77 3210
f 3214 3210 3282
f 3282 3210 3212
f 82 3211 80
f 80 3211 3210
f 80 3210 79
f 79 3210 77
f 82 83 3211
f 3211 83 3207
f 3211 3207 3283
f 3283 3207 3209
f 88 3208 87
f 87 3208 3207
f 87 3207 85
f 85 3207 83
f 88 90 3208
f 3208 90 3204
f 3208 3204 3284
f 3284 3204 3206
f 99 3205 93
f 93 3205 3204
f 93 3204 91
f 91 3204 90
f 99 98 3205
f 3205 98 3201
f 3205 3201 3285
f 3285 3201 3203
f 104 3202 96
f 96 3202 3201
f 96 3201 97
f 97 3201 98
f 104 103 3202
f 3202 103 3198
f 3202 3198 3286
f 3286 3198 3200
f 107 3199 108
f 108 3199 3198
f 108 3198 101
f 101 3198 103
f 107 5 3199
f 3199 5 3195
f 3199 3195 3287
f 3287 3195 3197
f 145 3196 146
f 146 3196 3195
f 146 3195 4
f 4 3195 5
f 145 143 3196
f 3196 143 3192
f 3196 3192 3288
f 3288 3192 3194
f 137 3193 139
f 139 3193 3192
f 139 3192 141
f 141 3192 143
f 137 136 3193
f 3193 136 3189
f 3193 3189 3289
f 3289 3189 3191
f 130 3190 132
f 132 3190 3189
f 132 3189 134
f 134 3189 136
f 130 128 3190
f 3190 128 3186
f 3190 3186 3290
f 3290 3186 3188
f 122 3187 124
f 124 3187 3186
f 124 3186 126
f 126 3186 128
f 122 120 3187
f 3187 120 3183
f 3187 3183 3291
f 3291 3183 3185
f 114 3184 116
f 116 3184 3183
f 116 3183 118
f 118 3183 120
f 114 112 3184
f 3184 112 3180
f 3184 3180 3292
f 3292 3180 3182
f 148 3181 149
f 149 3181 3180
f 149 3180 110
f 110 3180 112
f 148 359 3181
f 3181 359 3177
f 3181 3177 3293
f 3293 3177 3179
f 354 3178 356
f 356 3178 3177
f 356 3177 358
f 358 3177 359
f 354 352 3178
f 3178 352 3174
f 3178 3174 3294
f 3294 3174 3176
f 346 3175 348
f 348 3175 3174
f 348 3174 350
f 350 3174 352
f 346 344 3175
f 3175 344 3171
f 3175 3171 3295
f 3295 3171 3173
f 338 3172 340
f 340 3172 3171
f 340 3171 342
f 342 3171 344
f 338 337 3172
f 3172 337 3168
f 3172 3168 3296
f 3296 3168 3170
f 331 3169 333
f 333 3169 3168
f 333 3168 335
f 335 3168 337
f 331 329 3169
f 3169 329 3165
f 3169 3165 3297
f 3297 3165 3167
f 323 3166 325
f 325 3166 3165
f 325 3165 327
f 327 3165 329
f 323 321 3166
f 3166 321 3162
f 3166 3162 3298
f 3298 3162 3164
f 315 3163 317
f 317 3163 3162
f 317 3162 319
f 319 3162 321
f 315 313 3163
f 3163 313 3159
f 3163 3159 3299
f 3299 3159 3161
f 307 3160 309
f 309 3160 3159
f 309 3159 311
f 311 3159 313
f 307 305 3160
f 3160 305 3156
f 3160 3156 3300
f 3300 3156 3158
f 299 3157 301
f 301 3157 3156
f 301 3156 303
f 303 3156 305
f 299 297 3157
f 3157 297 3153
f 3157 3153 3301
f 3301 3153 3155
f 291 3154 293
f 293 3154 3153
f 293 3153 295
f 295 3153 297
f 291 289 3154
f 3154 289 3150
f 3154 3150 3302
f 3302 3150 3152
f 283 3151 285
f 285 3151 3150
f 285 3150 287
f 287 3150 289
f 283 281 3151
f 3151 281 3147
f 3151 3147 3303
f 3303 3147 3149
f 275 3148 277
f 277 3148 3147
f 277 3147 279
f 279 3147 281
f 275 273 3148
f 3148 273 3144
f 3148 3144 3304
f 3304 3144 3146
f 267 3145 269
f 269 3145 3144
f 269 3144 271
f 271 3144 273
f 267 265 3145
f 3145 265 3141
f 3145 3141 3305
f 3305 3141 3143
f 259 3142 261
f 261 3142 3141
f 261 3141 263
f 263 3141 265
f 259 257 3142
f 3142 257 3138
f 3142 3138 3306
f 3306 3138 3140
f 251 3139 253
f 253 3139 3138
f 253 3138 255
f 255 3138 257
f 251 249 3139
f 3139 249 3135
f 3139 3135 3307
f 3307 3135 3137
f 243 3136 245
f 245 3136 3135
f 245 3135 247
f 247 3135 249
f 243 241 3136
f 3136 241 3132
f 3136 3132 3308
f 3308 3132 3134
f 235 3133 237
f 237 3133 3132
f 237 3132 239
f 239 3132 241
f 235 233 3133
f 3133 233 3129
f 3133 3129 3309
f 3309 3129 3131
f 227 3130 229
f 229 3130 3129
f 229 3129 231
f 231 3129 233
f 227 225 3130
f 3130 225 3126
f 3130 3126 3310
f 3310 3126 3128
f 219 3127 221
f 221 3127 3126
f 221 3126 223
f 223 3126 225
f 219 217 3127
f 3127 217 3123
f 3127 3123 3311
f 3311 3123 3125
f 211 3124 213
f 213 3124 3123
f 213 3123 215
f 215 3123 217
f 211 209 3124
f 3124 209 3120
f 3124 3120 3312
f 3312 3120 3122
f 203 3121 205
f 205 3121 3120
f 205 3120 207
f 207 3120 209
f 203 201 3121
f 3121 201 3117
f 3121 3117 3313
f 3313 3117 3119
f 195 3118 197
f 197 3118 3117
f 197 3117 199
f 199 3117 201
f 195 193 3118
f 3118 193 3114
f 3118 3114 3314
f 3314 3114 3116
f 187 3115 189
f 189 3115 3114
f 189 3114 191
f 191 3114 193
f 187 185 3115
f 3115 185 3111
f 3115 3111 3315
f 3315 3111 3113
f 179 3112 181
f 181 3112 3111
f 181 3111 183
f 183 3111 185
f 179 177 3112
f 3112 177 3108
f 3112 3108 3316
f 3316 3108 3110
f 171 3109 173
f 173 3109 3108
f 173 3108 175
f 175 3108 177
f 171 169 3109
f 3109 169 3105
f 3109 3105 3317
f 3317 3105 3107
f 163 3106 165
f 165 3106 3105
f 165 3105 167
f 167 3105 169
f 163 161 3106
f 3106 161 3102
f 3106 3102 3318
f 3318 3102 3104
f 155 3103 157
f 157 3103 3102
f 157 3102 159
f 159 3102 161
f 155 153 3103
f 3103 153 3099
f 3103 3099 3319
f 3319 3099 3101
f 613 3100 615
f 615 3100 3099
f 615 3099 151
f 151 3099 153
f 613 611 3100
f 3100 611 3096
f 3100 3096 3320
f 3320 3096 3098
f 605 3097 607
f 607 3097 3096
f 607 3096 609
f 609 3096 611
f 605 603 3097
f 3097 603 3093
f 3097 3093 3321
f 3321 3093 3095
f 597 3094 599
f 599 3094 3093
f 599 3093 601
f 601 3093 603
f 597 595 3094
f 3094 595 3090
f 3094 3090 3322
f 3322 3090 3092
f 589 3091 591
f 591 3091 3090
f 591 3090 593
f 593 3090 595
f 589 587 3091
f 3091 587 3087
f 3091 3087 3323
f 3323 3087 3089
f 581 3088 583
f 583 3088 3087
f 583 3087 585
f 585 3087 587
f 581 579 3088
f 3088 579 3084
f 3088 3084 3324
f 3324 3084 3086
f 573 3085 575
f 575 3085 3084
f 575 3084 577
f 577 3084 579
f 573 571 3085
f 3085 571 3081
f 3085 3081 3325
f 3325 3081 3083
f 565 3082 567
f 567 3082 3081
f 567 3081 569
f 569 3081 571
f 565 563 3082
f 3082 563 3078
f 3082 3078 3326
f 3326 3078 3080
f 557 3079 559
f 559 3079 3078
f 559 3078 561
f 561 3078 563
f 557 555 3079
f 3079 555 3075
f 3079 3075 3327
f 3327 3075 3077
f 549 3076 551
f 551 3076 3075
f 551 3075 553
f 553 3075 555
f 549 547 3076
f 3076 547 3072
f 3076 3072 3328
f 3328 3072 3074
f 541 3073 543
f 543 3073 3072
f 543 3072 545
f 545 3072 547
f 541 539 3073
f 3073 539 3069
f 3073 3069 3329
f 3329 3069 3071
f 533 3070 535
f 535 3070 3069
f 535 3069 537
f 537 3069 539
f 533 531 3070
f 3070 531 3066
f 3070 3066 3330
f 3330 3066 3068
f 525 3067 527
f 527 3067 3066
f 527 3066 529
f 529 3066 531
f 525 523 3067
f 3067 523 3063
f 3067 3063 3331
f 3331 3063 3065
f 517 3064 519
f 519 3064 3063
f 519 3063 521
f 521 3063 523
f 517 515 3064
f 3064 515 3060
f 3064 3060 3332
f 3332 3060 3062
f 509 3061 511
f 511 3061 3060
f 511 3060 513
f 513 3060 515
f 509 507 3061
f 3061 507 3057
f 3061 3057 3333
f 3333 3057 3059
f 501 3058 503
f 503 3058 3057
f 503 3057 505
f 505 3057 507
f 501 499 3058
f 3058 499 3054
f 3058 3054 3334
f 3334 3054 3056
f 493 3055 495
f 495 3055 3054
f 495 3054 497
f 497 3054 499
f 493 491 3055
f 3055 491 3051
f 3055 3051 3335
f 3335 3051 3053
f 485 3052 487
f 487 3052 3051
f 487 3051 489
f 489 3051 491
f 485 483 3052
f 3052 483 3048
f 3052 3048 3336
f 3336 3048 3050
f 477 3049 479
f 479 3049 3048
f 479 3048 481
f 481 3048 483
f 477 475 3049
f 3049 475 3045
f 3049 3045 3337
f 3337 3045 3047
f 475 473 3045
f 3045 473 471
f 3045 471 3046
f 471 469 3046
f 3046 469 467
f 3046 467 3350
f 467 465 3350
f 3350 465 463
f 3350 463 3351
f 463 461 3351
f 3351 461 459
f 3351 459 3352
f 459 457 3352
f 3352 457 455
f 3352 455 3353
f 455 453 3353
f 3353 453 451
f 3353 451 3354
f 451 449 3354
f 3354 449 447
f 3354 447 3355
f 447 445 3355
f 3355 445 443
f 3355 443 3356
f 443 441 3356
f 3356 441 439
f 3356 439 3357
f 439 437 3357
f 3357 437 435
f 3357 435 3358
f 435 433 3358
f 3358 433 431
f 3358 431 3359
f 431 429 3359
f 3359 429 427
f 3359 427 3360
f 427 425 3360
f 3360 425 423
f 3360 423 3361
f 423 421 3361
f 3361 421 419
f 3361 419 3362
f 419 417 3362
f 3362 417 415
f 3362 415 3363
f 415 413 3363
f 3363 413 411
f 3363 411 3364
f 411 409 3364
f 3364 409 407
f 3364 407 3365
f 407 405 3365
f 3365 405 403
f 3365 403 3366
f 403 401 3366
f 3366 401 399
f 3366 399 3367
f 399 397 3367
f 3367 397 395
f 3367 395 3368
f 395 393 3368
f 3368 393 391
f 3368 391 3369
f 391 389 3369
f 3369 389 387
f 3369 387 3370
f 387 385 3370
f 3370 385 383
f 3370 383 3371
f 383 381 3371
f 3371 381 379
f 3371 379 3372
f 379 377 3372
f 3372 377 375
f 3372 375 3373
f 375 373 3373
f 3373 373 371
f 3373 371 3374
f 371 369 3374
f 3374 369 367
f 3374 367 3375
f 367 365 3375
f 3375 365 363
f 3375 363 3376
f 363 361 3376
f 3376 361 871
f 3376 871 3377
f 871 869 3377
f 3377 869 867
f 3377 867 3378
f 867 865 3378
f 3378 865 863
f 3378 863 3379
f 863 861 3379
f 3379 861 859
f 3379 859 3380
f 859 857 3380
f 3380 857 855
f 3380 855 3381
f 855 853 3381
f 3381 853 851
f 3381 851 3382
f 851 849 3382
f 3382 849 847
f 3382 847 3383
f 847 845 3383
f 3383 845 843
f 3383 843 3384
f 843 841 3384
f 3384 841 839
f 3384 839 3385
f 839 837 3385
f 3385 837 835
f 3385 835 3386
f 835 833 3386
f 3386 833 831
f 3386 831 3387
f 831 829 3387
f 3387 829 827
f 3387 827 3388
f 827 825 3388
f 3388 825 823
f 3388 823 3389
f 823 821 3389
f 3389 821 819
f 3389 819 3390
f 819 817 3390
f 3390 817 815
f 3390 815 3391
f 815 813 3391
f 3391 813 811
f 3391 811 3392
f 811 809 3392
f 3392 809 807
f 3392 807 3393
f 807 805 3393
f 3393 805 803
f 3393 803 3394
f 803 801 3394
f 3394 801 799
f 3394 799 3395
f 799 797 3395
f 3395 797 795
f 3395 795 3396
f 795 793 3396
f 3396 793 791
f 3396 791 3397
f 791 789 3397
f 3397 789 787
f 3397 787 3398
f 787 785 3398
f 3398 785 783
f 3398 783 3399
f 783 781 3399
f 3399 781 779
f 3399 779 3400
f 779 777 3400
f 3400 777 775
f 3400 775 3401
f 775 773 3401
f 3401 773 771
f 3401 771 3402
f 771 769 3402
f 3402 769 767
f 3402 767 3403
f 767 765 3403
f 3403 765 763
f 3403 763 3404
f 763 761 3404
f 3404 761 759
f 3404 759 3405
f 759 757 3405
f 3405 757 755
f 3405 755 3406
f 755 753 3406
f 3406 753 751
f 3406 751 3407
f 751 749 3407
f 3407 749 747
f 3407 747 3408
f 747 745 3408
f 3408 745 743
f 3408 743 3409
f 743 741 3409
f 3409 741 739
f 3409 739 3410
f 739 737 3410
f 3410 737 735
f 3410 735 3411
f 735 733 3411
f 3411 733 731
f 3411 731 3412
f 731 729 3412
f 3412 729 727
f 3412 727 3413
f 727 725 3413
f 3413 725 723
f 3413 723 3414
f 723 721 3414
f 3414 721 719
f 3414 719 3415
f 719 717 3415
f 3415 717 715
f 3415 715 3416
f 715 713 3416
f 3416 713 711
f 3416 711 3417
f 711 709 3417
f 3417 709 707
f 3417 707 3418
f 707 705 3418
f 3418 705 703
f 3418 703 3419
f 703 701 3419
f 3419 701 699
f 3419 699 3420
f 699 697 3420
f 3420 697 695
f 3420 695 3421
f 695 693 3421
f 3421 693 691
f 3421 691 3422
f 691 689 3422
f 3422 689 687
f 3422 687 3423
f 687 685 3423
f 3423 685 683
f 3423 683 3424
f 683 681 3424
f 3424 681 679
f 3424 679 3425
f 679 677 3425
f 3425 677 675
f 3425 675 3426
f 675 673 3426
f 3426 673 671
f 3426 671 3427
f 671 669 3427
f 3427 669 667
f 3427 667 3428
f 667 665 3428
f 3428 665 663
f 3428 663 3429
f 663 661 3429
f 3429 661 659
f 3429 659 3430
f 659 657 3430
f 3430 657 655
f 3430 655 3431
f 655 653 3431
f 3431 653 651
f 3431 651 3432
f 651 649 3432
f 3432 649 647
f 3432 647 3433
f 647 645 3433
f 3433 645 643
f 3433 643 3434
f 643 641 3434
f 3434 641 639
f 3434 639 3435
f 639 637 3435
f 3435 637 635
f 3435 635 3436
f 635 633 3436
f 3436 633 631
f 3436 631 3437
f 631 629 3437
f 3437 629 627
f 3437 627 3438
f 627 625 3438
f 3438 625 623
f 3438 623 3439
f 623 621 3439
f 3439 621 619
f 3439 619 3440
f 619 617 3440
f 3440 617 1127
f 3440 1127 3441
f 1127 1125 3441
f 3441 1125 1123
f 3441 1123 3442
f 1123 1121 3442
f 3442 1121 1119
f 3442 1119 3443
f 1119 1117 3443
f 3443 1117 1115
f 3443 1115 3444
f 1115 1113 3444
f 3444 1113 1111
f 3444 1111 3445
f 1111 1109 3445
f 3445 1109 1107
f 3445 1107 3446
f 1107 1105 3446
f 3446 1105 1103
f 3446 1103 3447
f 1103 1101 3447
f 3447 1101 1099
f 3447 1099 3448
f 1099 1097 3448
f 3448 1097 1095
f 3448 1095 3449
f 1095 1093 3449
f 3449 1093 1091
f 3449 1091 3450
f 1091 1089 3450
f 3450 1089 1087
f 3450 1087 3451
f 1087 1085 3451
f 3451 1085 1083
f 3451 1083 3452
f 1083 1081 3452
f 3452 1081 1079
f 3452 1079 3453
f 1079 1077 3453
f 3453 1077 1075
f 3453 1075 3454
f 1075 1073 3454
f 3454 1073 1071
f 3454 1071 3455
f 1071 1069 3455
f 3455 1069 1067
f 3455 1067 3456
f 1067 1065 3456
f 3456 1065 1063
f 3456 1063 3457
f 1063 1061 3457
f 3457 1061 1059
f 3457 1059 3458
f 1059 1057 3458
f 3458 1057 1055
f 3458 1055 3459
f 1055 1053 3459
f 3459 1053 1051
f 3459 1051 3460
f 1051 1049 3460
f 3460 1049 1047
f 3460 1047 3461
f 1047 1045 3461
f 3461 1045 1043
f 3461 1043 3462
f 1043 1041 3462
f 3462 1041 1039
f 3462 1039 3463
f 1039 1037 3463
f 3463 1037 1035
f 3463 1035 3464
f 1035 1033 3464
f 3464 1033 1031
f 3464 1031 3465
f 1031 1029 3465
f 3465 1029 1027
f 3465 1027 3466
f 1027 1025 3466
f 3466 1025 1023
f 3466 1023 3467
f 1023 1021 3467
f 3467 1021 1019
f 3467 1019 3468
f 1019 1017 3468
f 3468 1017 1015
f 3468 1015 3469
f 1015 1013 3469
f 3469 1013 1011
f 3469 1011 3470
f 1011 1009 3470
f 3470 1009 1007
f 3470 1007 3471
f 1007 1005 3471
f 3471 1005 1003
f 3471 1003 3472
f 1003 1001 3472
f 3472 1001 999
f 3472 999 3473
f 999 997 3473
f 3473 997 995
f 3473 995 3474
f 995 993 3474
f 3474 993 991
f 3474 991 3475
f 991 989 3475
f 3475 989 987
f 3475 987 3476
f 3476 987 985
f 3476 985 983
f 3047 3046 3477
f 3477 3046 3350
f 3477 3350 3478
f 3478 3350 3351
f 3478 3351 3479
f 3479 3351 3352
f 3479 3352 3480
f 3480 3352 3353
f 3480 3353 3481
f 3481 3353 3354
f 3481 3354 3482
f 3482 3354 3355
f 3482 3355 3483
f 3483 3355 3356
f 3483 3356 3484
f 3484 3356 3357
f 3484 3357 3485
f 3485 3357 3358
f 3485 3358 3486
f 3486 3358 3359
f 3486 3359 3487
f 3487 3359 3360
f 3487 3360 3488
f 3488 3360 3361
f 3488 3361 3489
f 3489 3361 3362
f 3489 3362 3490
f 3490 3362 3363
f 3490 3363 3491
f 3491 3363 3364
f 3491 3364 3492
f 3492 3364 3365
f 3492 3365 3493
f 3493 3365 3366
f 3493 3366 3494
f 3494 3366 3367
f 3494 3367 3495
f 3495 3367 3368
f 3495 3368 3496
f 3496 3368 3369
f 3496 3369 3497
f 3497 3369 3370
f 3497 3370 3498
f 3498 3370 3371
f 3498 3371 3499
f 3499 3371 3372
f 3499 3372 3500
f 3500 3372 3373
f 3500 3373 3501
f 3501 3373 3374
f 3501 3374 3502
f 3502 3374 3375
f 3502 3375 3503
f 3503 3375 3376
f 3503 3376 3504
f 3504 3376 3377
f 3504 3377 3505
f 3505 3377 3378
f 3505 3378 3506
f 3506 3378 3379
f 3506 3379 3507
f 3507 3379 3380
f 3507 3380 3508
f 3508 3380 3381
f 3508 3381 3509
f 3509 3381 3382
f 3509 3382 3510
f 3510 3382 3383
f 3510 3383 3511
f 3511 3383 3384
f 3511 3384 3512
f 3512 3384 3385
f 3512 3385 3513
f 3513 3385 3386
f 3513 3386 3514
f 3514 3386 3387
f 3514 3387 3515
f 3515 3387 3388
f 3515 3388 3516
f 3516 3388 3389
f 3516 3389 3517
f 3517 3389 3390
f 3517 3390 3518
f 3518 3390 3391
f 3518 3391 3519
f 3519 3391 3392
f 3519 3392 3520
f 3520 3392 3393
f 3520 3393 3521
f 3521 3393 3394
f 3521 3394 3522
f 3522 3394 3395
f 3522 3395 3523
f 3523 3395 3396
f 3523 3396 3524
f 3524 3396 3397
f 3524 3397 3525
f 3525 3397 3398
f 3525 3398 3526
f 3526 3398 3399
f 3526 3399 3527
f 3527 3399 3400
f 3527 3400 3528
f 3528 3400 3401
f 3528 3401 3529
f 3529 3401 3402
f 3529 3402 3530
f 3530 3402 3403
f 3530 3403 3531
f 3531 3403 3404
f 3531 3404 3532
f 3532 3404 3405
f 3532 3405 3533
f 3533 3405 3406
f 3533 3406 3534
f 3534 3406 3407
f 3534 3407 3535
f 3535 3407 3408
f 3535 3408 3536
f 3536 3408 3409
f 3536 3409 3537
f 3537 3409 3410
f 3537 3410 3538
f 3538 3410 3411
f 3538 3411 3539
f 3539 3411 3412
f 3539 3412 3540
f 3540 3412 3413
f 3540 3413 3541
f 3541 3413 3414
f 3541 3414 3542
f 3542 3414 3415
f 3542 3415 3543
f 3543 3415 3416
f 3543 3416 3544
f 3544 3416 3417
f 3544 3417 3545
f 3545 3417 3418
f 3545 3418 3546
f 3546 3418 3419
f 3546 3419 3547
f 3547 3419 3420
f 3547 3420 3548
f 3548 3420 3421
f 3548 3421 3549
f 3549 3421 3422
f 3549 3422 3550
f 3550 3422 3423
f 3550 3423 3551
f 3551 3423 3424
f 3551 3424 3552
f 3552 3424 3425
f 3552 3425 3553
f 3553 3425 3426
f 3553 3426 3554
f 3554 3426 3427
f 3554 3427 3555
f 3555 3427 3428
f 3555 3428 3556
f 3556 3428 3429
f 3556 3429 3557
f 3557 3429 3430
f 3557 3430 3558
f 3558 3430 3431
f 3558 3431 3559
f 3559 3431 3432
f 3559 3432 3560
f 3560 3432 3433
f 3560 3433 3561
f 3561 3433 3434
f 3561 3434 3562
f 3562 3434 3435
f 3562 3435 3563
f 3563 3435 3436
f 3563 3436 3564
f 3564 3436 3437
f 3564 3437 3565
f 3565 3437 3438
f 3565 3438 3566
f 3566 3438 3439
f 3566 3439 3567
f 3567 3439 3440
f 3567 3440 3568
f 3568 3440 3441
f 3568 3441 3569
f 3569 3441 3442
f 3569 3442 3570
f 3570 3442 3443
f 3570 3443 3571
f 3571 3443 3444
f 3571 3444 3572
f 3572 3444 3445
f 3572 3445 3573
f 3573 3445 3446
f 3573 3446 3574
f 3574 3446 3447
f 3574 3447 3575
f 3575 3447 3448
f 3575 3448 3576
f 3576 3448 3449
f 3576 3449 3577
f 3577 3449 3450
f 3577 3450 3578
f 3578 3450 3451
f 3578 3451 3579
f 3579 3451 3452
f 3579 3452 3580
f 3580 3452 3453
f 3580 3453 3581
f 3581 3453 3454
f 3581 3454 3582
f 3582 3454 3455
f 3582 3455 3583
f 3583 3455 3456
f 3583 3456 3584
f 3584 3456 3457
f 3584 3457 3585
f 3585 3457 3458
f 3585 3458 3586
f 3586 3458 3459
f 3586 3459 3587
f 3587 3459 3460
f 3587 3460 3588
f 3588 3460 3461
f 3588 3461 3589
f 3589 3461 3462
f 3589 3462 3590
f 3590 3462 3463
f 3590 3463 3591
f 3591 3463 3464
f 3591 3464 3592
f 3592 3464 3465
f 3592 3465 3593
f 3593 3465 3466
f 3593 3466 3594
f 3594 3466 3467
f 3594 3467 3595
f 3595 3467 3468
f 3595 3468 3596
f 3596 3468 3469
f 3596 3469 3597
f 3597 3469 3470
f 3597 3470 3598
f 3598 3470 3471
f 3598 3471 3599
f 3599 3471 3472
f 3599 3472 3600
f 3600 3472 3473
f 3600 3473 3601
f 3601 3473 3474
f 3601 3474 3602
f 3602 3474 3475
f 3602 3475 3339
f 3339 3475 3476
f 3339 3476 3035
f 3035 3476 983
f 981 979 3035
f 3035 979 3034
f 3035 3034 3338
f 3338 3034 3603
f 977 975 3034
f 3034 975 3042
f 3034 3042 3603
f 3603 3042 3044
f 969 3043 971
f 971 3043 3042
f 971 3042 973
f 973 3042 975
f 969 967 3043
f 3043 967 3039
f 3043 3039 3340
f 3340 3039 3041
f 961 3040 963
f 963 3040 3039
f 963 3039 965
f 965 3039 967
f 961 959 3040
f 3040 959 3033
f 3040 3033 3341
f 3341 3033 3604
f 957 955 3033
f 3033 955 3032
f 3033 3032 3604
f 3604 3032 3605
f 953 951 3032
f 3032 951 3031
f 3032 3031 3605
f 3605 3031 3606
f 949 947 3031
f 3031 947 3030
f 3031 3030 3606
f 3606 3030 3607
f 945 943 3030
f 3030 943 3036
f 3030 3036 3607
f 3607 3036 3038
f 937 3037 939
f 939 3037 3036
f 939 3036 941
f 941 3036 943
f 937 935 3037
f 3037 935 3029
f 3037 3029 3342
f 3342 3029 3608
f 933 931 3029
f 3029 931 3028
f 3029 3028 3608
f 3608 3028 3609
f 929 927 3028
f 3028 927 3027
f 3028 3027 3609
f 3609 3027 3610
f 925 923 3027
f 3027 923 3026
f 3027 3026 3610
f 3610 3026 3611
f 921 919 3026
f 3026 919 3025
f 3026 3025 3611
f 3611 3025 3612
f 917 915 3025
f 3025 915 3024
f 3025 3024 3612
f 3612 3024 3613
f 913 911 3024
f 3024 911 3023
f 3024 3023 3613
f 3613 3023 3614
f 909 907 3023
f 3023 907 3022
f 3023 3022 3614
f 3614 3022 3615
f 905 903 3022
f 3022 903 3021
f 3022 3021 3615
f 3615 3021 3616
f 901 899 3021
f 3021 899 3020
f 3021 3020 3616
f 3616 3020 3617
f 897 895 3020
f 3020 895 3019
f 3020 3019 3617
f 3617 3019 3618
f 893 891 3019
f 3019 891 3018
f 3019 3018 3618
f 3618 3018 3619
f 889 887 3018
f 3018 887 3017
f 3018 3017 3619
f 3619 3017 3620
f 885 883 3017
f 3017 883 3016
f 3017 3016 3620
f 3620 3016 3621
f 881 879 3016
f 3016 879 3015
f 3016 3015 3621
f 3621 3015 3622
f 877 875 3015
f 3015 875 3014
f 3015 3014 3622
f 3622 3014 3623
f 873 1383 3014
f 3014 1383 3013
f 3014 3013 3623
f 3623 3013 3624
f 1381 1379 3013
f 3013 1379 3012
f 3013 3012 3624
f 3624 3012 3625
f 1377 1375 3012
f 3012 1375 3011
f 3012 3011 3625
f 3625 3011 3626
f 1373 1371 3011
f 3011 1371 3010
f 3011 3010 3626
f 3626 3010 3627
f 1369 1367 3010
f 3010 1367 3009
f 3010 3009 3627
f 3627 3009 3628
f 1365 1363 3009
f 3009 1363 3008
f 3009 3008 3628
f 3628 3008 3629
f 1361 1359 3008
f 3008 1359 3007
f 3008 3007 3629
f 3629 3007 3630
f 1357 1355 3007
f 3007 1355 3006
f 3007 3006 3630
f 3630 3006 3631
f 1353 1351 3006
f 3006 1351 3005
f 3006 3005 3631
f 3631 3005 3632
f 1349 1347 3005
f 3005 1347 3004
f 3005 3004 3632
f 3632 3004 3633
f 1345 1343 3004
f 3004 1343 3003
f 3004 3003 3633
f 3633 3003 3634
f 1341 1339 3003
f 3003 1339 3002
f 3003 3002 3634
f 3634 3002 3635
f 1337 1335 3002
f 3002 1335 3001
f 3002 3001 3635
f 3635 3001 3636
f 1333 1331 3001
f 3001 1331 3000
f 3001 3000 3636
f 3636 3000 3637
f 1329 1327 3000
f 3000 1327 2999
f 3000 2999 3637
f 3637 2999 3638
f 1325 1323 2999
f 2999 1323 2998
f 2999 2998 3638
f 3638 2998 3639
f 1321 1319 2998
f 2998 1319 2997
f 2998 2997 3639
f 3639 2997 3640
f 1317 1315 2997
f 2997 1315 2996
f 2997 2996 3640
f 3640 2996 3641
f 1313 1311 2996
f 2996 1311 2995
f 2996 2995 3641
f 3641 2995 3642
f 1309 1307 2995
f 2995 1307 2994
f 2995 2994 3642
f 3642 2994 3643
f 1305 1303 2994
f 2994 1303 2993
f 2994 2993 3643
f 3643 2993 3644
f 1301 1299 2993
f 2993 1299 2992
f 2993 2992 3644
f 3644 2992 3645
f 1297 1295 2992
f 2992 1295 2991
f 2992 2991 3645
f 3645 2991 3646
f 1293 1291 2991
f 2991 1291 2990
f 2991 2990 3646
f 3646 2990 3647
f 1289 1287 2990
f 2990 1287 2989
f 2990 2989 3647
f 3647 2989 3648
f 1285 1283 2989
f 2989 1283 2988
f 2989 2988 3648
f 3648 2988 3649
f 1281 1279 2988
f 2988 1279 2987
f 2988 2987 3649
f 3649 2987 3650
f 1277 1275 2987
f 2987 1275 2986
f 2987 2986 3650
f 3650 2986 3651
f 1273 1271 2986
f 2986 1271 2985
f 2986 2985 3651
f 3651 2985 3652
f 1269 1267 2985
f 2985 1267 2984
f 2985 2984 3652
f 3652 2984 3653
f 1265 1263 2984
f 2984 1263 2983
f 2984 2983 3653
f 3653 2983 3654
f 1261 1259 2983
f 2983 1259 2982
f 2983 2982 3654
f 3654 2982 3655
f 1257 1255 2982
f 2982 1255 2981
f 2982 2981 3655
f 3655 2981 3656
f 1253 1251 2981
f 2981 1251 2980
f 2981 2980 3656
f 3656 2980 3657
f 1249 1247 2980
f 2980 1247 2979
f 2980 2979 3657
f 3657 2979 3658
f 1245 1243 2979
f 2979 1243 2978
f 2979 2978 3658
f 3658 2978 3659
f 1241 1239 2978
f 2978 1239 2977
f 2978 2977 3659
f 3659 2977 3660
f 1237 1235 2977
f 2977 1235 2976
f 2977 2976 3660
f 3660 2976 3661
f 1233 1231 2976
f 2976 1231 2975
f 2976 2975 3661
f 3661 2975 3662
f 1229 1227 2975
f 2975 1227 2974
f 2975 2974 3662
f 3662 2974 3663
f 1225 1223 2974
f 2974 1223 2973
f 2974 2973 3663
f 3663 2973 3664
f 1221 1219 2973
f 2973 1219 2972
f 2973 2972 3664
f 3664 2972 3665
f 1217 1215 2972
f 2972 1215 2971
f 2972 2971 3665
f 3665 2971 3666
f 1213 1211 2971
f 2971 1211 2970
f 2971 2970 3666
f 3666 2970 3667
f 1209 1207 2970
f 2970 1207 2969
f 2970 2969 3667
f 3667 2969 3668
f 1205 1203 2969
f 2969 1203 2968
f 2969 2968 3668
f 3668 2968 3669
f 1201 1199 2968
f 2968 1199 2967
f 2968 2967 3669
f 3669 2967 3670
f 1197 1195 2967
f 2967 1195 2966
f 2967 2966 3670
f 3670 2966 3671
f 1193 1191 2966
f 2966 1191 2965
f 2966 2965 3671
f 3671 2965 3672
f 1189 1187 2965
f 2965 1187 2964
f 2965 2964 3672
f 3672 2964 3673
f 1185 1183 2964
f 2964 1183 2963
f 2964 2963 3673
f 3673 2963 3674
f 1181 1179 2963
f 2963 1179 2962
f 2963 2962 3674
f 3674 2962 3675
f 1177 1175 2962
f 2962 1175 2961
f 2962 2961 3675
f 3675 2961 3676
f 1173 1171 2961
f 2961 1171 2960
f 2961 2960 3676
f 3676 2960 3677
f 1169 1167 2960
f 2960 1167 2959
f 2960 2959 3677
f 3677 2959 3678
f 1165 1163 2959
f 2959 1163 2958
f 2959 2958 3678
f 3678 2958 3679
f 1161 1159 2958
f 2958 1159 2957
f 2958 2957 3679
f 3679 2957 3680
f 1157 1155 2957
f 2957 1155 2956
f 2957 2956 3680
f 3680 2956 3681
f 1153 1151 2956
f 2956 1151 2955
f 2956 2955 3681
f 3681 2955 3682
f 1149 1147 2955
f 2955 1147 2954
f 2955 2954 3682
f 3682 2954 3683
f 1145 1143 2954
f 2954 1143 2953
f 2954 2953 3683
f 3683 2953 3684
f 1141 1139 2953
f 2953 1139 2952
f 2953 2952 3684
f 3684 2952 3685
f 1137 1135 2952
f 2952 1135 2951
f 2952 2951 3685
f 3685 2951 3686
f 1133 1131 2951
f 2951 1131 2950
f 2951 2950 3686
f 3686 2950 3687
f 1129 1396 2950
f 2950 1396 2949
f 2950 2949 3687
f 3687 2949 3688
f 1398 1400 2949
f 2949 1400 2948
f 2949 2948 3688
f 3688 2948 3689
f 1402 1404 2948
f 2948 1404 2947
f 2948 2947 3689
f 3689 2947 3690
f 1406 1408 2947
f 2947 1408 2946
f 2947 2946 3690
f 3690 2946 3691
f 1410 1412 2946
f 2946 1412 2945
f 2946 2945 3691
f 3691 2945 3692
f 1414 1416 2945
f 2945 1416 2944
f 2945 2944 3692
f 3692 2944 3693
f 1418 1420 2944
f 2944 1420 2943
f 2944 2943 3693
f 3693 2943 3694
f 1422 1424 2943
f 2943 1424 2942
f 2943 2942 3694
f 3694 2942 3695
f 1426 1428 2942
f 2942 1428 2941
f 2942 2941 3695
f 3695 2941 3696
f 1430 1432 2941
f 2941 1432 2940
f 2941 2940 3696
f 3696 2940 3697
f 1434 1436 2940
f 2940 1436 2939
f 2940 2939 3697
f 3697 2939 3698
f 1438 1440 2939
f 2939 1440 2938
f 2939 2938 3698
f 3698 2938 3699
f 1442 1444 2938
f 2938 1444 2937
f 2938 2937 3699
f 3699 2937 3700
f 1446 1448 2937
f 2937 1448 2936
f 2937 2936 3700
f 3700 2936 3701
f 1450 1452 2936
f 2936 1452 2935
f 2936 2935 3701
f 3701 2935 3702
f 1454 1456 2935
f 2935 1456 2934
f 2935 2934 3702
f 3702 2934 3703
f 1458 1460 2934
f 2934 1460 2933
f 2934 2933 3703
f 3703 2933 3704
f 1462 1464 2933
f 2933 1464 2932
f 2933 2932 3704
f 3704 2932 3705
f 1466 1468 2932
f 2932 1468 2931
f 2932 2931 3705
f 3705 2931 3706
f 1470 1472 2931
f 2931 1472 2930
f 2931 2930 3706
f 3706 2930 3707
f 1474 1476 2930
f 2930 1476 2929
f 2930 2929 3707
f 3707 2929 3708
f 1478 1480 2929
f 2929 1480 2928
f 2929 2928 3708
f 3708 2928 3709
f 1482 1484 2928
f 2928 1484 2927
f 2928 2927 3709
f 3709 2927 3710
f 1486 1488 2927
f 2927 1488 2926
f 2927 2926 3710
f 3710 2926 3711
f 1490 1492 2926
f 2926 1492 2925
f 2926 2925 3711
f 3711 2925 3712
f 1494 1496 2925
f 2925 1496 2924
f 2925 2924 3712
f 3712 2924 3713
f 1498 1500 2924
f 2924 1500 2923
f 2924 2923 3713
f 3713 2923 3714
f 1502 1504 2923
f 2923 1504 2922
f 2923 2922 3714
f 3714 2922 3715
f 1506 1508 2922
f 2922 1508 2921
f 2922 2921 3715
f 3715 2921 3716
f 1510 1512 2921
f 2921 1512 2920
f 2921 2920 3716
f 3716 2920 3717
f 1514 1516 2920
f 2920 1516 2919
f 2920 2919 3717
f 3717 2919 3718
f 1518 1520 2919
f 2919 1520 2918
f 2919 2918 3718
f 3718 2918 3719
f 1522 1524 2918
f 2918 1524 2917
f 2918 2917 3719
f 3719 2917 3720
f 1526 1528 2917
f 2917 1528 2916
f 2917 2916 3720
f 3720 2916 3721
f 1530 1532 2916
f 2916 1532 2915
f 2916 2915 3721
f 3721 2915 3722
f 1534 1536 2915
f 2915 1536 2914
f 2915 2914 3722
f 3722 2914 3723
f 1538 1540 2914
f 2914 1540 2913
f 2914 2913 3723
f 3723 2913 3724
f 1542 1544 2913
f 2913 1544 2912
f 2913 2912 3724
f 3724 2912 3725
f 1546 1548 2912
f 2912 1548 2911
f 2912 2911 3725
f 3725 2911 3726
f 1550 1552 2911
f 2911 1552 2910
f 2911 2910 3726
f 3726 2910 3727
f 1554 1556 2910
f 2910 1556 2909
f 2910 2909 3727
f 3727 2909 3728
f 1558 1560 2909
f 2909 1560 2908
f 2909 2908 3728
f 3728 2908 3729
f 1562 1564 2908
f 2908 1564 2907
f 2908 2907 3729
f 3729 2907 3730
f 1566 1568 2907
f 2907 1568 2906
f 2907 2906 3730
f 3730 2906 3731
f 1570 1572 2906
f 2906 1572 2905
f 2906 2905 3731
f 3731 2905 3732
f 1574 1576 2905
f 2905 1576 2904
f 2905 2904 3732
f 3732 2904 3733
f 1578 1580 2904
f 2904 1580 2903
f 2904 2903 3733
f 3733 2903 3734
f 1582 1584 2903
f 2903 1584 2902
f 2903 2902 3734
f 3734 2902 3735
f 1586 1588 2902
f 2902 1588 2901
f 2902 2901 3735
f 3735 2901 3736
f 1590 1592 2901
f 2901 1592 2900
f 2901 2900 3736
f 3736 2900 3737
f 1594 1596 2900
f 2900 1596 2899
f 2900 2899 3737
f 3737 2899 3738
f 1598 1600 2899
f 2899 1600 2898
f 2899 2898 3738
f 3738 2898 3739
f 1602 1604 2898
f 2898 1604 2897
f 2898 2897 3739
f 3739 2897 3740
f 1606 1608 2897
f 2897 1608 2896
f 2897 2896 3740
f 3740 2896 3741
f 1610 1612 2896
f 2896 1612 2895
f 2896 2895 3741
f 3741 2895 3742
f 1614 1616 2895
f 2895 1616 2894
f 2895 2894 3742
f 3742 2894 3743
f 1618 1620 2894
f 2894 1620 2893
f 2894 2893 3743
f 3743 2893 3744
f 1622 1624 2893
f 2893 1624 2892
f 2893 2892 3744
f 3744 2892 3745
f 1626 1628 2892
f 2892 1628 2891
f 2892 2891 3745
f 3745 2891 3746
f 1630 1632 2891
f 2891 1632 2890
f 2891 2890 3746
f 3746 2890 3747
f 1634 1636 2890
f 2890 1636 2889
f 2890 2889 3747
f 3747 2889 3748
f 1638 1640 2889
f 2889 1640 3349
f 2889 3349 3748
f 3748 3349 3348
f 1640 1642 3349
f 3349 1642 1644
f 3349 1644 3250
f 3250 1644 1646
f 3250 1646 1648
f 3749 3750 3751
f 3751 3750 3752
f 3751 3752 3753
f 3753 1721 3751
f 3751 1721 1724
f 3751 1724 1651
f 3754 3248 3755
f 3248 3246 3755
f 3755 3246 3244
f 3755 3244 3243
f 3756 3757 3755
f 3755 3757 3758
f 3758 3759 3755
f 3755 3759 3760
f 3755 3760 3754
f 3761 3755 3762
f 3762 3755 3763
f 3764 3765 3755
f 3755 3765 3766
f 3755 3766 3763
f 3767 3761 3768
f 3768 3769 3767
f 3767 3769 3770
f 3767 3770 3771
f 3771 3770 3772
f 3773 3774 3775
f 3767 3776 3751
f 3751 3776 3773
f 3751 3773 3777
f 3777 3773 3775
f 3778 3779 3780
f 3779 3778 3781
f 3781 3782 3779
f 3779 3782 3783
f 3779 3783 3780
f 3780 3783 3784
f 3785 3786 3787
f 3758 3345 3759
f 3759 3345 3344
f 3759 3344 3760
f 3760 3344 3754
f 3754 3344 3343
f 3754 3343 3248
f 3787 3786 3788
f 3786 3789 3788
f 3788 3789 3790
f 3788 3790 3791
f 3791 3790 3792
f 3791 3792 1655
f 3793 3794 3795
f 3795 3796 3793
f 3793 3796 3797
f 3793 3797 3787
f 3787 3797 3798
f 3787 3798 3785
f 3799 3800 3794
f 3794 3800 3801
f 3794 3801 3795
f 3758 3757 3345
f 3345 3757 3756
f 3345 3756 3346
f 3346 3756 3802
f 3346 3802 3347
f 3347 3802 3803
f 3756 3784 3802
f 3802 3784 3783
f 3802 3783 3803
f 3803 3783 3782
f 2116 2114 3804
f 2116 3804 3805
f 2116 3805 2117
f 2117 3805 3806
f 2117 3806 2118
f 2118 3806 3807
f 2118 3807 2119
f 2119 3807 3808
f 2119 3808 2120
f 2120 3808 3809
f 2120 3809 2121
f 2121 3809 3810
f 2121 3810 2122
f 2122 3810 3811
f 2122 3811 2123
f 2123 3811 2124
f 2124 3811 3812
f 2124 3812 2125
f 2125 3812 3813
f 2125 3813 2126
f 2126 3813 3814
f 2126 3814 2127
f 2127 3814 3815
f 2127 3815 2128
f 2128 3815 3816
f 2128 3816 2129
f 2129 3816 3817
f 2129 3817 2130
f 2130 3817 2131
f 2131 3817 3818
f 2131 3818 2132
f 2132 3818 3819
f 2132 3819 2133
f 2133 3819 3820
f 2133 3820 2134
f 2134 3820 3821
f 2134 3821 2135
f 2135 3821 3822
f 2135 3822 2136
f 2136 3822 2137
f 2137 3822 3823
f 2137 3823 2138
f 2138 3823 3824
f 2138 3824 2139
f 2139 3824 3825
f 2139 3825 2140
f 2140 3825 3826
f 2140 3826 2141
f 2141 3826 3827
f 2141 3827 2142
f 2142 3827 3828
f 2142 3828 2143
f 2143 3828 3829
f 2143 3829 2144
f 2144 3829 3830
f 2144 3830 2145
f 2145 3830 3831
f 2145 3831 2146
f 2146 3831 3832
f 2146 3832 2147
f 2147 3832 3833
f 2147 3833 2148
f 2148 3833 3834
f 2148 3834 2149
f 2149 3834 3835
f 2149 3835 2150
f 2150 3835 3836
f 2150 3836 2151
f 2151 3836 3837
f 2151 3837 2152
f 2152 3837 3838
f 2152 3838 2153
f 2153 3838 3839
f 2153 3839 2154
f 2154 3839 3840
f 2154 3840 2155
f 2155 3840 3841
f 2155 3841 2158
f 2158 3841 3842
f 2158 3842 2157
f 2157 3842 2156
f 2156 3842 3843
f 2156 3843 2159
f 2159 3843 2162
f 2162 3843 3844
f 2162 3844 2161
f 2161 3844 2160
f 2160 3844 3845
f 2160 3845 2163
f 2163 3845 2166
f 2166 3845 3846
f 2166 3846 2165
f 2165 3846 2164
f 2164 3846 3847
f 2164 3847 2167
f 2167 3847 2170
f 2170 3847 3848
f 2170 3848 2169
f 2169 3848 2168
f 2168 3848 3849
f 2168 3849 2171
f 2171 3849 2174
f 2174 3849 3850
f 2174 3850 2173
f 2173 3850 2172
f 2172 3850 3851
f 2172 3851 2175
f 2175 3851 2178
f 2178 3851 3852
f 2178 3852 2177
f 2177 3852 2176
f 2176 3852 3853
f 2176 3853 2179
f 2179 3853 2182
f 2182 3853 3854
f 2182 3854 2181
f 2181 3854 2180
f 2180 3854 3855
f 2180 3855 2183
f 2183 3855 2186
f 2186 3855 3856
f 2186 3856 2185
f 2185 3856 2184
f 2184 3856 3857
f 2184 3857 2187
f 2187 3857 2190
f 2190 3857 3858
f 2190 3858 2189
f 2189 3858 2188
f 2188 3858 3859
f 2188 3859 2191
f 2191 3859 2194
f 2194 3859 3860
f 2194 3860 2193
f 2193 3860 2192
f 2192 3860 3861
f 2192 3861 2195
f 2195 3861 2198
f 2198 3861 3862
f 2198 3862 2197
f 2197 3862 2196
f 2196 3862 3863
f 2196 3863 2199
f 2199 3863 2202
f 2202 3863 3864
f 2202 3864 2201
f 2201 3864 2200
f 2200 3864 3865
f 2200 3865 2203
f 2203 3865 2206
f 2206 3865 3866
f 2206 3866 2205
f 2205 3866 2204
f 2204 3866 3867
f 2204 3867 2207
f 2207 3867 2210
f 2210 3867 3868
f 2210 3868 2209
f 2209 3868 2208
f 2208 3868 3869
f 2208 3869 2211
f 2211 3869 2214
f 2214 3869 3870
f 2214 3870 2213
f 2213 3870 2212
f 2212 3870 3871
f 2212 3871 2215
f 2215 3871 2218
f 2218 3871 3872
f 2218 3872 2217
f 2217 3872 2216
f 2216 3872 3873
f 2216 3873 2219
f 2219 3873 2222
f 2222 3873 3874
f 2222 3874 2221
f 2221 3874 2220
f 2220 3874 3875
f 2220 3875 2223
f 2223 3875 2226
f 2226 3875 3876
f 2226 3876 2225
f 2225 3876 2224
f 2224 3876 3877
f 2224 3877 2227
f 2227 3877 2230
f 2230 3877 3878
f 2230 3878 2229
f 2229 3878 2228
f 2228 3878 3879
f 2228 3879 2231
f 2231 3879 2234
f 2234 3879 3880
f 2234 3880 2233
f 2233 3880 2232
f 2232 3880 3881
f 2232 3881 2235
f 2235 3881 2238
f 2238 3881 3882
f 2238 3882 2237
f 2237 3882 2236
f 2236 3882 3883
f 2236 3883 2239
f 2239 3883 2242
f 2242 3883 3884
f 2242 3884 2241
f 2241 3884 2240
f 2240 3884 3885
f 2240 3885 2243
f 2243 3885 2246
f 2246 3885 3886
f 2246 3886 2245
f 2245 3886 2244
f 2244 3886 3887
f 2244 3887 2247
f 2247 3887 2250
f 2250 3887 3888
f 2250 3888 2249
f 2249 3888 2248
f 2248 3888 3889
f 2248 3889 2251
f 2251 3889 2254
f 2254 3889 3890
f 2254 3890 2253
f 2253 3890 2252
f 2252 3890 3891
f 2252 3891 2255
f 2255 3891 2258
f 2258 3891 3892
f 2258 3892 2257
f 2257 3892 2256
f 2256 3892 3893
f 2256 3893 2259
f 2259 3893 2262
f 2262 3893 3894
f 2262 3894 2261
f 2261 3894 2260
f 2260 3894 3895
f 2260 3895 2263
f 2263 3895 2266
f 2266 3895 3896
f 2266 3896 2265
f 2265 3896 2264
f 2264 3896 3897
f 2264 3897 2267
f 2267 3897 2270
f 2270 3897 3898
f 2270 3898 2269
f 2269 3898 2268
f 2268 3898 3899
f 2268 3899 2271
f 2271 3899 2274
f 2274 3899 3900
f 2274 3900 2273
f 2273 3900 2272
f 2272 3900 3901
f 2272 3901 2275
f 2275 3901 2278
f 2278 3901 3902
f 2278 3902 2277
f 2277 3902 2276
f 2276 3902 3903
f 2276 3903 2279
f 2279 3903 2282
f 2282 3903 3904
f 2282 3904 2281
f 2281 3904 2280
f 2280 3904 3905
f 2280 3905 2283
f 2283 3905 2286
f 2286 3905 3906
f 2286 3906 2285
f 2285 3906 2284
f 2284 3906 3907
f 2284 3907 2287
f 2287 3907 2290
f 2290 3907 3908
f 2290 3908 2289
f 2289 3908 2288
f 2288 3908 3909
f 2288 3909 2291
f 2291 3909 2294
f 2294 3909 3910
f 2294 3910 2293
f 2293 3910 2292
f 2292 3910 3911
f 2292 3911 2295
f 2295 3911 2298
f 2298 3911 3912
f 2298 3912 2297
f 2297 3912 2296
f 2296 3912 3913
f 2296 3913 2299
f 2299 3913 2302
f 2302 3913 3914
f 2302 3914 2301
f 2301 3914 2300
f 2300 3914 3915
f 2300 3915 2303
f 2303 3915 2306
f 2306 3915 3916
f 2306 3916 2305
f 2305 3916 2304
f 2304 3916 3917
f 2304 3917 2307
f 2307 3917 2310
f 2310 3917 3918
f 2310 3918 2309
f 2309 3918 2308
f 2308 3918 3919
f 2308 3919 2311
f 2311 3919 2314
f 2314 3919 3920
f 2314 3920 2313
f 2313 3920 2312
f 2312 3920 3921
f 2312 3921 2315
f 2315 3921 2318
f 2318 3921 3922
f 2318 3922 2317
f 2317 3922 2316
f 2316 3922 3923
f 2316 3923 2319
f 2319 3923 2322
f 2322 3923 3924
f 2322 3924 2321
f 2321 3924 2320
f 2320 3924 3925
f 2320 3925 2323
f 2323 3925 2326
f 2326 3925 3926
f 2326 3926 2325
f 2325 3926 2324
f 2324 3926 3927
f 2324 3927 2327
f 2327 3927 2330
f 2330 3927 3928
f 2330 3928 2329
f 2329 3928 2328
f 2328 3928 3929
f 2328 3929 2331
f 2331 3929 2334
f 2334 3929 3930
f 2334 3930 2333
f 2333 3930 2332
f 2332 3930 3931
f 2332 3931 2335
f 2335 3931 2338
f 2338 3931 3932
f 2338 3932 2337
f 2337 3932 2336
f 2336 3932 3933
f 2336 3933 2339
f 2339 3933 2342
f 2342 3933 3934
f 2342 3934 2341
f 2341 3934 2340
f 2340 3934 3935
f 2340 3935 2343
f 2343 3935 2346
f 2346 3935 3936
f 2346 3936 2345
f 2345 3936 2344
f 2344 3936 3937
f 2344 3937 2347
f 2347 3937 2350
f 2350 3937 3938
f 2350 3938 2349
f 2349 3938 2348
f 2348 3938 3939
f 2348 3939 2351
f 2351 3939 2354
f 2354 3939 3940
f 2354 3940 2353
f 2353 3940 2352
f 2352 3940 3941
f 2352 3941 2355
f 2355 3941 2358
f 2358 3941 3942
f 2358 3942 2357
f 2357 3942 2356
f 2356 3942 3943
f 2356 3943 2359
f 2359 3943 2362
f 2362 3943 3944
f 2362 3944 2361
f 2361 3944 2360
f 2360 3944 3945
f 2360 3945 2363
f 2363 3945 2366
f 2366 3945 3946
f 2366 3946 2365
f 2365 3946 2364
f 2364 3946 3947
f 2364 3947 2367
f 2367 3947 2370
f 2370 3947 3948
f 2370 3948 2369
f 2369 3948 2368
f 2368 3948 3949
f 2368 3949 2371
f 2371 3949 2374
f 2374 3949 3950
f 2374 3950 2373
f 2373 3950 2372
f 2372 3950 3951
f 2372 3951 2375
f 2375 3951 2378
f 2378 3951 3952
f 2378 3952 2377
f 2377 3952 2376
f 2376 3952 3953
f 2376 3953 2379
f 2379 3953 2382
f 2382 3953 3954
f 2382 3954 2381
f 2381 3954 2380
f 2380 3954 3955
f 2380 3955 2383
f 2383 3955 2386
f 2386 3955 3956
f 2386 3956 2385
f 2385 3956 2384
f 2384 3956 3957
f 2384 3957 2387
f 2387 3957 2390
f 2390 3957 3958
f 2390 3958 2389
f 2389 3958 2388
f 2388 3958 3959
f 2388 3959 2391
f 2391 3959 2394
f 2394 3959 3960
f 2394 3960 2393
f 2393 3960 2392
f 2392 3960 3961
f 2392 3961 2395
f 2395 3961 2398
f 2398 3961 3962
f 2398 3962 2397
f 2397 3962 2396
f 2396 3962 3963
f 2396 3963 2399
f 2399 3963 2402
f 2402 3963 3964
f 2402 3964 2401
f 2401 3964 2400
f 2400 3964 3965
f 2400 3965 2403
f 2403 3965 2406
f 2406 3965 3966
f 2406 3966 2405
f 2405 3966 2404
f 2404 3966 3967
f 2404 3967 2407
f 2407 3967 2410
f 2410 3967 3968
f 2410 3968 2409
f 2409 3968 2408
f 2408 3968 3969
f 2408 3969 2411
f 2411 3969 2414
f 2414 3969 3970
f 2414 3970 2413
f 2413 3970 2412
f 2412 3970 3971
f 2412 3971 2415
f 2415 3971 2418
f 2418 3971 3972
f 2418 3972 2417
f 2417 3972 2416
f 2416 3972 3973
f 2416 3973 2419
f 2419 3973 2422
f 2422 3973 3974
f 2422 3974 2421
f 2421 3974 2420
f 2420 3974 3975
f 2420 3975 2423
f 2423 3975 2426
f 2426 3975 3976
f 2426 3976 2425
f 2425 3976 2424
f 2424 3976 3977
f 2424 3977 2427
f 2427 3977 2430
f 2430 3977 3978
f 2430 3978 2429
f 2429 3978 2428
f 2428 3978 3979
f 2428 3979 2431
f 2431 3979 2434
f 2434 3979 3980
f 2434 3980 2433
f 2433 3980 2432
f 2432 3980 3981
f 2432 3981 2435
f 2435 3981 2438
f 2438 3981 3982
f 2438 3982 2437
f 2437 3982 2436
f 2436 3982 3983
f 2436 3983 2439
f 2439 3983 2442
f 2442 3983 3984
f 2442 3984 2441
f 2441 3984 2440
f 2440 3984 3985
f 2440 3985 2443
f 2443 3985 2446
f 2446 3985 3986
f 2446 3986 2445
f 2445 3986 2444
f 2444 3986 3987
f 2444 3987 2447
f 2447 3987 2450
f 2450 3987 3988
f 2450 3988 2449
f 2449 3988 2448
f 2448 3988 3989
f 2448 3989 2451
f 2451 3989 2454
f 2454 3989 3990
f 2454 3990 2453
f 2453 3990 2452
f 2452 3990 3991
f 2452 3991 2455
f 2455 3991 2458
f 2458 3991 3992
f 2458 3992 2457
f 2457 3992 2456
f 2456 3992 3993
f 2456 3993 2459
f 2459 3993 2462
f 2462 3993 3994
f 2462 3994 2461
f 2461 3994 2460
f 2460 3994 3995
f 2460 3995 2463
f 2463 3995 2466
f 2466 3995 3996
f 2466 3996 2465
f 2465 3996 2464
f 2464 3996 3997
f 2464 3997 2467
f 2467 3997 2470
f 2470 3997 3998
f 2470 3998 2469
f 2469 3998 2468
f 2468 3998 3999
f 2468 3999 2471
f 2471 3999 2474
f 2474 3999 4000
f 2474 4000 2473
f 2473 4000 2472
f 2472 4000 4001
f 2472 4001 2475
f 2475 4001 2478
f 2478 4001 4002
f 2478 4002 2477
f 2477 4002 2476
f 2476 4002 4003
f 2476 4003 2479
f 2479 4003 2482
f 2482 4003 4004
f 2482 4004 2481
f 2481 4004 2480
f 2480 4004 4005
f 2480 4005 2483
f 2483 4005 2486
f 2486 4005 4006
f 2486 4006 2485
f 2485 4006 2484
f 2484 4006 4007
f 2484 4007 2487
f 2487 4007 2490
f 2490 4007 4008
f 2490 4008 2489
f 2489 4008 2488
f 2488 4008 4009
f 2488 4009 2491
f 2491 4009 2494
f 2494 4009 4010
f 2494 4010 2493
f 2493 4010 2492
f 2492 4010 4011
f 2492 4011 2495
f 2495 4011 2498
f 2498 4011 4012
f 2498 4012 2497
f 2497 4012 2496
f 2496 4012 4013
f 2496 4013 2499
f 2499 4013 2502
f 2502 4013 4014
f 2502 4014 2501
f 2501 4014 2500
f 2500 4014 4015
f 2500 4015 2503
f 2503 4015 2506
f 2506 4015 4016
f 2506 4016 2505
f 2505 4016 2504
f 2504 4016 4017
f 2504 4017 2507
f 2507 4017 2510
f 2510 4017 4018
f 2510 4018 2509
f 2509 4018 2508
f 2508 4018 4019
f 2508 4019 2511
f 2511 4019 2514
f 2514 4019 4020
f 2514 4020 2513
f 2513 4020 2512
f 2512 4020 4021
f 2512 4021 2515
f 2515 4021 2518
f 2518 4021 4022
f 2518 4022 2517
f 2517 4022 2516
f 2516 4022 4023
f 2516 4023 2519
f 2519 4023 2522
f 2522 4023 4024
f 2522 4024 2521
f 2521 4024 2520
f 2520 4024 4025
f 2520 4025 2523
f 2523 4025 2526
f 2526 4025 4026
f 2526 4026 2525
f 2525 4026 2524
f 2524 4026 4027
f 2524 4027 2527
f 2527 4027 2530
f 2530 4027 4028
f 2530 4028 2529
f 2529 4028 2528
f 2528 4028 4029
f 2528 4029 2531
f 2531 4029 2534
f 2534 4029 4030
f 2534 4030 2533
f 2533 4030 2532
f 2532 4030 4031
f 2532 4031 2535
f 2535 4031 2538
f 2538 4031 4032
f 2538 4032 2537
f 2537 4032 2536
f 2536 4032 4033
f 2536 4033 2539
f 2539 4033 2542
f 2542 4033 4034
f 2542 4034 2541
f 2541 4034 2540
f 2540 4034 4035
f 2540 4035 2543
f 2543 4035 2546
f 2546 4035 4036
f 2546 4036 2545
f 2545 4036 2544
f 2544 4036 4037
f 2544 4037 2547
f 2547 4037 2550
f 2550 4037 4038
f 2550 4038 2549
f 2549 4038 2548
f 2548 4038 4039
f 2548 4039 2551
f 2551 4039 2554
f 2554 4039 4040
f 2554 4040 2553
f 2553 4040 2552
f 2552 4040 4041
f 2552 4041 2555
f 2555 4041 2558
f 2558 4041 4042
f 2558 4042 2557
f 2557 4042 2556
f 2556 4042 4043
f 2556 4043 2559
f 2559 4043 2562
f 2562 4043 4044
f 2562 4044 2561
f 2561 4044 2560
f 2560 4044 4045
f 2560 4045 2563
f 2563 4045 2566
f 2566 4045 4046
f 2566 4046 2565
f 2565 4046 2564
f 2564 4046 4047
f 2564 4047 2567
f 2567 4047 2570
f 2570 4047 4048
f 2570 4048 2569
f 2569 4048 2568
f 2568 4048 4049
f 2568 4049 2571
f 2571 4049 2574
f 2574 4049 4050
f 2574 4050 2573
f 2573 4050 2572
f 2572 4050 4051
f 2572 4051 2575
f 2575 4051 2578
f 2578 4051 4052
f 2578 4052 2577
f 2577 4052 2576
f 2576 4052 4053
f 2576 4053 2579
f 2579 4053 2582
f 2582 4053 4054
f 2582 4054 2581
f 2581 4054 2580
f 2580 4054 4055
f 2580 4055 2583
f 2583 4055 2586
f 2586 4055 4056
f 2586 4056 2585
f 2585 4056 2584
f 2584 4056 4057
f 2584 4057 2587
f 2587 4057 2590
f 2590 4057 4058
f 2590 4058 2589
f 2589 4058 2588
f 2588 4058 4059
f 2588 4059 2591
f 2591 4059 2594
f 2594 4059 4060
f 2594 4060 2593
f 2593 4060 2592
f 2592 4060 4061
f 2592 4061 2595
f 2595 4061 2598
f 2598 4061 4062
f 2598 4062 2597
f 2597 4062 2596
f 2596 4062 4063
f 2596 4063 2599
f 2599 4063 2602
f 2602 4063 4064
f 2602 4064 2601
f 2601 4064 2600
f 2600 4064 4065
f 2600 4065 2603
f 2603 4065 2606
f 2606 4065 4066
f 2606 4066 2605
f 2605 4066 2604
f 2604 4066 4067
f 2604 4067 2607
f 2607 4067 2610
f 2610 4067 4068
f 2610 4068 2609
f 2609 4068 2608
f 2608 4068 4069
f 2608 4069 2611
f 2611 4069 2614
f 2614 4069 4070
f 2614 4070 2613
f 2613 4070 2612
f 2612 4070 4071
f 2612 4071 2615
f 2615 4071 2618
f 2618 4071 4072
f 2618 4072 2617
f 2617 4072 2616
f 2616 4072 4073
f 2616 4073 2619
f 2619 4073 2622
f 2622 4073 4074
f 2622 4074 2621
f 2621 4074 2620
f 2620 4074 4075
f 2620 4075 2623
f 2623 4075 2626
f 2626 4075 4076
f 2626 4076 2625
f 2625 4076 2624
f 2624 4076 4077
f 2624 4077 2627
f 2627 4077 2630
f 2630 4077 4078
f 2630 4078 2629
f 2629 4078 2628
f 2628 4078 4079
f 2628 4079 2631
f 2631 4079 2634
f 2634 4079 4080
f 2634 4080 2633
f 2633 4080 2632
f 2632 4080 4081
f 2632 4081 2635
f 2635 4081 2638
f 2638 4081 4082
f 2638 4082 2637
f 2637 4082 2636
f 2636 4082 4083
f 2636 4083 2639
f 2639 4083 2642
f 2642 4083 4084
f 2642 4084 2641
f 2641 4084 2640
f 2640 4084 4085
f 2640 4085 2643
f 2643 4085 2646
f 2646 4085 4086
f 2646 4086 2645
f 2645 4086 2644
f 2644 4086 4087
f 2644 4087 2647
f 2647 4087 2650
f 2650 4087 4088
f 2650 4088 2649
f 2649 4088 2648
f 2648 4088 4089
f 2648 4089 2651
f 2651 4089 2654
f 2654 4089 4090
f 2654 4090 2653
f 2653 4090 2652
f 2652 4090 4091
f 2652 4091 2655
f 2655 4091 2658
f 2658 4091 4092
f 2658 4092 2657
f 2657 4092 2656
f 2656 4092 4093
f 2656 4093 2659
f 2659 4093 2662
f 2662 4093 4094
f 2662 4094 2661
f 2661 4094 2660
f 2660 4094 4095
f 2660 4095 2663
f 2663 4095 2666
f 2666 4095 4096
f 2666 4096 2665
f 2665 4096 2664
f 2664 4096 4097
f 2664 4097 2667
f 2667 4097 2670
f 2670 4097 4098
f 2670 4098 2669
f 4099 2671 4098
f 4098 2671 2668
f 4098 2668 2669
f 4100 4101 2675
f 2675 2672 4100
f 4100 2672 2673
f 4100 2673 4099
f 4099 2673 2674
f 4099 2674 2671
f 4102 4103 2679
f 2679 2678 4102
f 4102 2678 2677
f 4102 2677 4101
f 4101 2677 2676
f 4101 2676 2675
f 4104 4105 2683
f 2683 2682 4104
f 4104 2682 2681
f 4104 2681 4103
f 4103 2681 2680
f 4103 2680 2679
f 4106 4107 2687
f 2687 2686 4106
f 4106 2686 2685
f 4106 2685 4105
f 4105 2685 2684
f 4105 2684 2683
f 4108 4109 2691
f 2691 2690 4108
f 4108 2690 2689
f 4108 2689 4107
f 4107 2689 2688
f 4107 2688 2687
f 4110 4111 2695
f 2695 2694 4110
f 4110 2694 2693
f 4110 2693 4109
f 4109 2693 2692
f 4109 2692 2691
f 4112 4113 2699
f 2699 2698 4112
f 4112 2698 2697
f 4112 2697 4111
f 4111 2697 2696
f 4111 2696 2695
f 4114 4115 2703
f 2703 2702 4114
f 4114 2702 2701
f 4114 2701 4113
f 4113 2701 2700
f 4113 2700 2699
f 4116 4117 2707
f 2707 2706 4116
f 4116 2706 2705
f 4116 2705 4115
f 4115 2705 2704
f 4115 2704 2703
f 4118 4119 2711
f 2711 2710 4118
f 4118 2710 2709
f 4118 2709 4117
f 4117 2709 2708
f 4117 2708 2707
f 4120 4121 2715
f 2715 2714 4120
f 4120 2714 2713
f 4120 2713 4119
f 4119 2713 2712
f 4119 2712 2711
f 4122 4123 2719
f 2719 2718 4122
f 4122 2718 2717
f 4122 2717 4121
f 4121 2717 2716
f 4121 2716 2715
f 4124 4125 2723
f 2723 2722 4124
f 4124 2722 2721
f 4124 2721 4123
f 4123 2721 2720
f 4123 2720 2719
f 4126 4127 2727
f 2727 2726 4126
f 4126 2726 2725
f 4126 2725 4125
f 4125 2725 2724
f 4125 2724 2723
f 4128 4129 2731
f 2731 2730 4128
f 4128 2730 2729
f 4128 2729 4127
f 4127 2729 2728
f 4127 2728 2727
f 4130 4131 2735
f 2735 2734 4130
f 4130 2734 2733
f 4130 2733 4129
f 4129 2733 2732
f 4129 2732 2731
f 4132 4133 2739
f 2739 2738 4132
f 4132 2738 2737
f 4132 2737 4131
f 4131 2737 2736
f 4131 2736 2735
f 4134 4135 2743
f 2743 2742 4134
f 4134 2742 2741
f 4134 2741 4133
f 4133 2741 2740
f 4133 2740 2739
f 4136 4137 2747
f 2747 2746 4136
f 4136 2746 2745
f 4136 2745 4135
f 4135 2745 2744
f 4135 2744 2743
f 4138 4139 2751
f 2751 2750 4138
f 4138 2750 2749
f 4138 2749 4137
f 4137 2749 2748
f 4137 2748 2747
f 4140 4141 2755
f 2755 2754 4140
f 4140 2754 2753
f 4140 2753 4139
f 4139 2753 2752
f 4139 2752 2751
f 4142 4143 2759
f 2759 2758 4142
f 4142 2758 2757
f 4142 2757 4141
f 4141 2757 2756
f 4141 2756 2755
f 4144 4145 2763
f 2763 2762 4144
f 4144 2762 2761
f 4144 2761 4143
f 4143 2761 2760
f 4143 2760 2759
f 4146 4147 2767
f 2767 2766 4146
f 4146 2766 2765
f 4146 2765 4145
f 4145 2765 2764
f 4145 2764 2763
f 4148 4149 2771
f 2771 2770 4148
f 4148 2770 2769
f 4148 2769 4147
f 4147 2769 2768
f 4147 2768 2767
f 4150 4151 2775
f 2775 2774 4150
f 4150 2774 2773
f 4150 2773 4149
f 4149 2773 2772
f 4149 2772 2771
f 4152 4153 2779
f 2779 2778 4152
f 4152 2778 2777
f 4152 2777 4151
f 4151 2777 2776
f 4151 2776 2775
f 4154 4155 2783
f 2783 2782 4154
f 4154 2782 2781
f 4154 2781 4153
f 4153 2781 2780
f 4153 2780 2779
f 4156 4157 2787
f 2787 2786 4156
f 4156 2786 2785
f 4156 2785 4155
f 4155 2785 2784
f 4155 2784 2783
f 4158 4159 2791
f 2791 2790 4158
f 4158 2790 2789
f 4158 2789 4157
f 4157 2789 2788
f 4157 2788 2787
f 4160 4161 2795
f 2795 2794 4160
f 4160 2794 2793
f 4160 2793 4159
f 4159 2793 2792
f 4159 2792 2791
f 4162 4163 2799
f 2799 2798 4162
f 4162 2798 2797
f 4162 2797 4161
f 4161 2797 2796
f 4161 2796 2795
f 4164 4165 2803
f 2803 2802 4164
f 4164 2802 2801
f 4164 2801 4163
f 4163 2801 2800
f 4163 2800 2799
f 4166 4167 2807
f 2807 2806 4166
f 4166 2806 2805
f 4166 2805 4165
f 4165 2805 2804
f 4165 2804 2803
f 4168 4169 2811
f 2811 2810 4168
f 4168 2810 2809
f 4168 2809 4167
f 4167 2809 2808
f 4167 2808 2807
f 4170 4171 2815
f 2815 2814 4170
f 4170 2814 2813
f 4170 2813 4169
f 4169 2813 2812
f 4169 2812 2811
f 4172 4173 2819
f 2819 2818 4172
f 4172 2818 2817
f 4172 2817 4171
f 4171 2817 2816
f 4171 2816 2815
f 4174 4175 2823
f 2823 2822 4174
f 4174 2822 2821
f 4174 2821 4173
f 4173 2821 2820
f 4173 2820 2819
f 4176 4177 2827
f 2827 2826 4176
f 4176 2826 2825
f 4176 2825 4175
f 4175 2825 2824
f 4175 2824 2823
f 4178 4179 2831
f 2831 2830 4178
f 4178 2830 2829
f 4178 2829 4177
f 4177 2829 2828
f 4177 2828 2827
f 4180 4181 2835
f 2835 2834 4180
f 4180 2834 2833
f 4180 2833 4179
f 4179 2833 2832
f 4179 2832 2831
f 4182 4183 2839
f 2839 2838 4182
f 4182 2838 2837
f 4182 2837 4181
f 4181 2837 2836
f 4181 2836 2835
f 4184 4185 2843
f 2843 2842 4184
f 4184 2842 2841
f 4184 2841 4183
f 4183 2841 2840
f 4183 2840 2839
f 4186 4187 2847
f 2847 2846 4186
f 4186 2846 2845
f 4186 2845 4185
f 4185 2845 2844
f 4185 2844 2843
f 4188 4189 2851
f 2851 2850 4188
f 4188 2850 2849
f 4188 2849 4187
f 4187 2849 2848
f 4187 2848 2847
f 4190 4191 2855
f 2855 2854 4190
f 4190 2854 2853
f 4190 2853 4189
f 4189 2853 2852
f 4189 2852 2851
f 4192 4193 2859
f 2859 2858 4192
f 4192 2858 2857
f 4192 2857 4191
f 4191 2857 2856
f 4191 2856 2855
f 4194 4195 2863
f 2863 2862 4194
f 4194 2862 2861
f 4194 2861 4193
f 4193 2861 2860
f 4193 2860 2859
f 4196 4197 2867
f 2867 2866 4196
f 4196 2866 2865
f 4196 2865 4195
f 4195 2865 2864
f 4195 2864 2863
f 4198 4199 2871
f 2871 2870 4198
f 4198 2870 2869
f 4198 2869 4197
f 4197 2869 2868
f 4197 2868 2867
f 4200 4201 2875
f 2875 2874 4200
f 4200 2874 2873
f 4200 2873 4199
f 4199 2873 2872
f 4199 2872 2871
f 4202 4203 2879
f 2879 2878 4202
f 4202 2878 2877
f 4202 2877 4201
f 4201 2877 2876
f 4201 2876 2875
f 4204 4205 2883
f 2883 2882 4204
f 4204 2882 2881
f 4204 2881 4203
f 4203 2881 2880
f 4203 2880 2879
f 4206 4207 2887
f 2887 2886 4206
f 4206 2886 2885
f 4206 2885 4205
f 4205 2885 2884
f 4205 2884 2883
f 4208 4209 1697
f 1697 1696 4208
f 4208 1696 1695
f 4208 1695 4207
f 4207 1695 2888
f 4207 2888 2887
f 4210 4211 1704
f 1704 1702 4210
f 4210 1702 1700
f 4210 1700 4209
f 4209 1700 1699
f 4209 1699 1697
f 4212 4213 1711
f 1711 1709 4212
f 4212 1709 1707
f 4212 1707 4211
f 4211 1707 1706
f 4211 1706 1704
f 4214 4215 1719
f 1719 1716 4214
f 4214 1716 1715
f 4214 1715 4213
f 4213 1715 1713
f 4213 1713 1711
f 4216 4217 1725
f 1725 1723 4216
f 4216 1723 1722
f 4216 1722 4215
f 4215 1722 1720
f 4215 1720 1719
f 1655 1654 3791
f 3791 1654 1652
f 3791 1652 4217
f 4217 1652 1726
f 4217 1726 1725
f 3287 3840 3200
f 3200 3840 3839
f 3200 3839 3286
f 3286 3839 3838
f 3286 3838 3203
f 3203 3838 3837
f 3203 3837 3285
f 3285 3837 3836
f 3285 3836 3206
f 3206 3836 3835
f 3206 3835 3284
f 3284 3835 3834
f 3284 3834 3209
f 3209 3834 3833
f 3209 3833 3283
f 3283 3833 3832
f 3283 3832 3212
f 3212 3832 3831
f 3212 3831 3282
f 3282 3831 3830
f 3282 3830 3215
f 3215 3830 3829
f 3215 3829 3281
f 3281 3829 3828
f 3281 3828 3218
f 3218 3828 3827
f 3218 3827 3280
f 3280 3827 3826
f 3280 3826 3221
f 3221 3826 3825
f 3221 3825 3279
f 3279 3825 3824
f 3279 3824 3224
f 3224 3824 3823
f 3224 3823 3278
f 3278 3823 3822
f 3278 3822 3227
f 3227 3822 3821
f 3227 3821 3277
f 3277 3821 3820
f 3277 3820 3230
f 3230 3820 3819
f 3230 3819 3276
f 3276 3819 3818
f 3276 3818 3274
f 3274 3818 3817
f 3274 3817 3272
f 3272 3817 3816
f 3272 3816 3270
f 3270 3816 3815
f 3270 3815 3233
f 3233 3815 3814
f 3233 3814 3269
f 3269 3814 3813
f 3269 3813 3236
f 3236 3813 3812
f 3236 3812 3268
f 3268 3812 3811
f 3268 3811 3266
f 3266 3811 3810
f 3266 3810 3239
f 3239 3810 3809
f 3239 3809 3265
f 3265 3809 3808
f 3265 3808 3242
f 3242 3808 3807
f 3242 3807 3263
f 3263 3807 3806
f 3263 3806 3260
f 3260 3806 3805
f 3260 3805 3261
f 3261 3805 3804
f 3503 3968 3502
f 3502 3968 3967
f 3502 3967 3501
f 3501 3967 3966
f 3501 3966 3500
f 3500 3966 3965
f 3500 3965 3499
f 3499 3965 3964
f 3499 3964 3498
f 3498 3964 3963
f 3498 3963 3497
f 3497 3963 3962
f 3497 3962 3496
f 3496 3962 3961
f 3496 3961 3495
f 3495 3961 3960
f 3495 3960 3494
f 3494 3960 3959
f 3494 3959 3493
f 3493 3959 3958
f 3493 3958 3492
f 3492 3958 3957
f 3492 3957 3491
f 3491 3957 3956
f 3491 3956 3490
f 3490 3956 3955
f 3490 3955 3489
f 3489 3955 3954
f 3489 3954 3488
f 3488 3954 3953
f 3488 3953 3487
f 3487 3953 3952
f 3487 3952 3486
f 3486 3952 3951
f 3486 3951 3485
f 3485 3951 3950
f 3485 3950 3484
f 3484 3950 3949
f 3484 3949 3483
f 3483 3949 3948
f 3483 3948 3482
f 3482 3948 3947
f 3482 3947 3481
f 3481 3947 3946
f 3481 3946 3480
f 3480 3946 3945
f 3480 3945 3479
f 3479 3945 3944
f 3479 3944 3478
f 3478 3944 3943
f 3478 3943 3477
f 3477 3943 3942
f 3477 3942 3047
f 3047 3942 3941
f 3047 3941 3337
f 3337 3941 3940
f 3337 3940 3050
f 3050 3940 3939
f 3050 3939 3336
f 3336 3939 3938
f 3336 3938 3053
f 3053 3938 3937
f 3053 3937 3335
f 3335 3937 3936
f 3335 3936 3056
f 3056 3936 3935
f 3056 3935 3334
f 3334 3935 3934
f 3334 3934 3059
f 3059 3934 3933
f 3059 3933 3333
f 3333 3933 3932
f 3333 3932 3062
f 3062 3932 3931
f 3062 3931 3332
f 3332 3931 3930
f 3332 3930 3065
f 3065 3930 3929
f 3065 3929 3331
f 3331 3929 3928
f 3331 3928 3068
f 3068 3928 3927
f 3068 3927 3330
f 3330 3927 3926
f 3330 3926 3071
f 3071 3926 3925
f 3071 3925 3329
f 3329 3925 3924
f 3329 3924 3074
f 3074 3924 3923
f 3074 3923 3328
f 3328 3923 3922
f 3328 3922 3077
f 3077 3922 3921
f 3077 3921 3327
f 3327 3921 3920
f 3327 3920 3080
f 3080 3920 3919
f 3080 3919 3326
f 3326 3919 3918
f 3326 3918 3083
f 3083 3918 3917
f 3083 3917 3325
f 3325 3917 3916
f 3325 3916 3086
f 3086 3916 3915
f 3086 3915 3324
f 3324 3915 3914
f 3324 3914 3089
f 3089 3914 3913
f 3089 3913 3323
f 3323 3913 3912
f 3323 3912 3092
f 3092 3912 3911
f 3092 3911 3322
f 3322 3911 3910
f 3322 3910 3095
f 3095 3910 3909
f 3095 3909 3321
f 3321 3909 3908
f 3321 3908 3098
f 3098 3908 3907
f 3098 3907 3320
f 3320 3907 3906
f 3320 3906 3101
f 3101 3906 3905
f 3101 3905 3319
f 3319 3905 3904
f 3319 3904 3104
f 3104 3904 3903
f 3104 3903 3318
f 3318 3903 3902
f 3318 3902 3107
f 3107 3902 3901
f 3107 3901 3317
f 3317 3901 3900
f 3317 3900 3110
f 3110 3900 3899
f 3110 3899 3316
f 3316 3899 3898
f 3316 3898 3113
f 3113 3898 3897
f 3113 3897 3315
f 3315 3897 3896
f 3315 3896 3116
f 3116 3896 3895
f 3116 3895 3314
f 3314 3895 3894
f 3314 3894 3119
f 3119 3894 3893
f 3119 3893 3313
f 3313 3893 3892
f 3313 3892 3122
f 3122 3892 3891
f 3122 3891 3312
f 3312 3891 3890
f 3312 3890 3125
f 3125 3890 3889
f 3125 3889 3311
f 3311 3889 3888
f 3311 3888 3128
f 3128 3888 3887
f 3128 3887 3310
f 3310 3887 3886
f 3310 3886 3131
f 3131 3886 3885
f 3131 3885 3309
f 3309 3885 3884
f 3309 3884 3134
f 3134 3884 3883
f 3134 3883 3308
f 3308 3883 3882
f 3308 3882 3137
f 3137 3882 3881
f 3137 3881 3307
f 3307 3881 3880
f 3307 3880 3140
f 3140 3880 3879
f 3140 3879 3306
f 3306 3879 3878
f 3306 3878 3143
f 3143 3878 3877
f 3143 3877 3305
f 3305 3877 3876
f 3305 3876 3146
f 3146 3876 3875
f 3146 3875 3304
f 3304 3875 3874
f 3304 3874 3149
f 3149 3874 3873
f 3149 3873 3303
f 3303 3873 3872
f 3303 3872 3152
f 3152 3872 3871
f 3152 3871 3302
f 3302 3871 3870
f 3302 3870 3155
f 3155 3870 3869
f 3155 3869 3301
f 3301 3869 3868
f 3301 3868 3158
f 3158 3868 3867
f 3158 3867 3300
f 3300 3867 3866
f 3300 3866 3161
f 3161 3866 3865
f 3161 3865 3299
f 3299 3865 3864
f 3299 3864 3164
f 3164 3864 3863
f 3164 3863 3298
f 3298 3863 3862
f 3298 3862 3167
f 3167 3862 3861
f 3167 3861 3297
f 3297 3861 3860
f 3297 3860 3170
f 3170 3860 3859
f 3170 3859 3296
f 3296 3859 3858
f 3296 3858 3173
f 3173 3858 3857
f 3173 3857 3295
f 3295 3857 3856
f 3295 3856 3176
f 3176 3856 3855
f 3176 3855 3294
f 3294 3855 3854
f 3294 3854 3179
f 3179 3854 3853
f 3179 3853 3293
f 3293 3853 3852
f 3293 3852 3182
f 3182 3852 3851
f 3182 3851 3292
f 3292 3851 3850
f 3292 3850 3185
f 3185 3850 3849
f 3185 3849 3291
f 3291 3849 3848
f 3291 3848 3188
f 3188 3848 3847
f 3188 3847 3290
f 3290 3847 3846
f 3290 3846 3191
f 3191 3846 3845
f 3191 3845 3289
f 3289 3845 3844
f 3289 3844 3194
f 3194 3844 3843
f 3194 3843 3288
f 3288 3843 3842
f 3288 3842 3197
f 3197 3842 3841
f 3197 3841 3287
f 3287 3841 3840
f 3623 4096 3622
f 3622 4096 4095
f 3622 4095 3621
f 3621 4095 4094
f 3621 4094 3620
f 3620 4094 4093
f 3620 4093 3619
f 3619 4093 4092
f 3619 4092 3618
f 3618 4092 4091
f 3618 4091 3617
f 3617 4091 4090
f 3617 4090 3616
f 3616 4090 4089
f 3616 4089 3615
f 3615 4089 4088
f 3615 4088 3614
f 3614 4088 4087
f 3614 4087 3613
f 3613 4087 4086
f 3613 4086 3612
f 3612 4086 4085
f 3612 4085 3611
f 3611 4085 4084
f 3611 4084 3610
f 3610 4084 4083
f 3610 4083 3609
f 3609 4083 4082
f 3609 4082 3608
f 3608 4082 4081
f 3608 4081 3342
f 3342 4081 4080
f 3342 4080 3038
f 3038 4080 4079
f 3038 4079 3607
f 3607 4079 4078
f 3607 4078 3606
f 3606 4078 4077
f 3606 4077 3605
f 3605 4077 4076
f 3605 4076 3604
f 3604 4076 4075
f 3604 4075 3341
f 3341 4075 4074
f 3341 4074 3041
f 3041 4074 4073
f 3041 4073 3340
f 3340 4073 4072
f 3340 4072 3044
f 3044 4072 4071
f 3044 4071 3603
f 3603 4071 4070
f 3603 4070 3338
f 3338 4070 4069
f 3338 4069 3339
f 3339 4069 4068
f 3339 4068 3602
f 3602 4068 4067
f 3602 4067 3601
f 3601 4067 4066
f 3601 4066 3600
f 3600 4066 4065
f 3600 4065 3599
f 3599 4065 4064
f 3599 4064 3598
f 3598 4064 4063
f 3598 4063 3597
f 3597 4063 4062
f 3597 4062 3596
f 3596 4062 4061
f 3596 4061 3595
f 3595 4061 4060
f 3595 4060 3594
f 3594 4060 4059
f 3594 4059 3593
f 3593 4059 4058
f 3593 4058 3592
f 3592 4058 4057
f 3592 4057 3591
f 3591 4057 4056
f 3591 4056 3590
f 3590 4056 4055
f 3590 4055 3589
f 3589 4055 4054
f 3589 4054 3588
f 3588 4054 4053
f 3588 4053 3587
f 3587 4053 4052
f 3587 4052 3586
f 3586 4052 4051
f 3586 4051 3585
f 3585 4051 4050
f 3585 4050 3584
f 3584 4050 4049
f 3584 4049 3583
f 3583 4049 4048
f 3583 4048 3582
f 3582 4048 4047
f 3582 4047 3581
f 3581 4047 4046
f 3581 4046 3580
f 3580 4046 4045
f 3580 4045 3579
f 3579 4045 4044
f 3579 4044 3578
f 3578 4044 4043
f 3578 4043 3577
f 3577 4043 4042
f 3577 4042 3576
f 3576 4042 4041
f 3576 4041 3575
f 3575 4041 4040
f 3575 4040 3574
f 3574 4040 4039
f 3574 4039 3573
f 3573 4039 4038
f 3573 4038 3572
f 3572 4038 4037
f 3572 4037 3571
f 3571 4037 4036
f 3571 4036 3570
f 3570 4036 4035
f 3570 4035 3569
f 3569 4035 4034
f 3569 4034 3568
f 3568 4034 4033
f 3568 4033 3567
f 3567 4033 4032
f 3567 4032 3566
f 3566 4032 4031
f 3566 4031 3565
f 3565 4031 4030
f 3565 4030 3564
f 3564 4030 4029
f 3564 4029 3563
f 3563 4029 4028
f 3563 4028 3562
f 3562 4028 4027
f 3562 4027 3561
f 3561 4027 4026
f 3561 4026 3560
f 3560 4026 4025
f 3560 4025 3559
f 3559 4025 4024
f 3559 4024 3558
f 3558 4024 4023
f 3558 4023 3557
f 3557 4023 4022
f 3557 4022 3556
f 3556 4022 4021
f 3556 4021 3555
f 3555 4021 4020
f 3555 4020 3554
f 3554 4020 4019
f 3554 4019 3553
f 3553 4019 4018
f 3553 4018 3552
f 3552 4018 4017
f 3552 4017 3551
f 3551 4017 4016
f 3551 4016 3550
f 3550 4016 4015
f 3550 4015 3549
f 3549 4015 4014
f 3549 4014 3548
f 3548 4014 4013
f 3548 4013 3547
f 3547 4013 4012
f 3547 4012 3546
f 3546 4012 4011
f 3546 4011 3545
f 3545 4011 4010
f 3545 4010 3544
f 3544 4010 4009
f 3544 4009 3543
f 3543 4009 4008
f 3543 4008 3542
f 3542 4008 4007
f 3542 4007 3541
f 3541 4007 4006
f 3541 4006 3540
f 3540 4006 4005
f 3540 4005 3539
f 3539 4005 4004
f 3539 4004 3538
f 3538 4004 4003
f 3538 4003 3537
f 3537 4003 4002
f 3537 4002 3536
f 3536 4002 4001
f 3536 4001 3535
f 3535 4001 4000
f 3535 4000 3534
f 3534 4000 3999
f 3534 3999 3533
f 3533 3999 3998
f 3533 3998 3532
f 3532 3998 3997
f 3532 3997 3531
f 3531 3997 3996
f 3531 3996 3530
f 3530 3996 3995
f 3530 3995 3529
f 3529 3995 3994
f 3529 3994 3528
f 3528 3994 3993
f 3528 3993 3527
f 3527 3993 3992
f 3527 3992 3526
f 3526 3992 3991
f 3526 3991 3525
f 3525 3991 3990
f 3525 3990 3524
f 3524 3990 3989
f 3524 3989 3523
f 3523 3989 3988
f 3523 3988 3522
f 3522 3988 3987
f 3522 3987 3521
f 3521 3987 3986
f 3521 3986 3520
f 3520 3986 3985
f 3520 3985 3519
f 3519 3985 3984
f 3519 3984 3518
f 3518 3984 3983
f 3518 3983 3517
f 3517 3983 3982
f 3517 3982 3516
f 3516 3982 3981
f 3516 3981 3515
f 3515 3981 3980
f 3515 3980 3514
f 3514 3980 3979
f 3514 3979 3513
f 3513 3979 3978
f 3513 3978 3512
f 3512 3978 3977
f 3512 3977 3511
f 3511 3977 3976
f 3511 3976 3510
f 3510 3976 3975
f 3510 3975 3509
f 3509 3975 3974
f 3509 3974 3508
f 3508 3974 3973
f 3508 3973 3507
f 3507 3973 3972
f 3507 3972 3506
f 3506 3972 3971
f 3506 3971 3505
f 3505 3971 3970
f 3505 3970 3504
f 3504 3970 3969
f 3504 3969 3503
f 3503 3969 3968
f 3803 4218 3347
f 3347 4218 3799
f 3347 3799 3348
f 3348 3799 3794
f 3348 3794 3748
f 3748 3794 3793
f 3748 3793 3747
f 3747 3793 3787
f 3747 3787 3746
f 3746 3787 3788
f 3746 3788 3745
f 3745 3788 3791
f 3745 3791 3744
f 3744 3791 4217
f 3744 4217 3743
f 3743 4217 4216
f 3743 4216 3742
f 3742 4216 4215
f 3742 4215 3741
f 3741 4215 4214
f 3741 4214 3740
f 3740 4214 4213
f 3740 4213 3739
f 3739 4213 4212
f 3739 4212 3738
f 3738 4212 4211
f 3738 4211 3737
f 3737 4211 4210
f 3737 4210 3736
f 3736 4210 4209
f 3736 4209 3735
f 3735 4209 4208
f 3735 4208 3734
f 3734 4208 4207
f 3734 4207 3733
f 3733 4207 4206
f 3733 4206 3732
f 3732 4206 4205
f 3732 4205 3731
f 3731 4205 4204
f 3731 4204 3730
f 3730 4204 4203
f 3730 4203 3729
f 3729 4203 4202
f 3729 4202 3728
f 3728 4202 4201
f 3728 4201 3727
f 3727 4201 4200
f 3727 4200 3726
f 3726 4200 4199
f 3726 4199 3725
f 3725 4199 4198
f 3725 4198 3724
f 3724 4198 4197
f 3724 4197 3723
f 3723 4197 4196
f 3723 4196 3722
f 3722 4196 4195
f 3722 4195 3721
f 3721 4195 4194
f 3721 4194 3720
f 3720 4194 4193
f 3720 4193 3719
f 3719 4193 4192
f 3719 4192 3718
f 3718 4192 4191
f 3718 4191 3717
f 3717 4191 4190
f 3717 4190 3716
f 3716 4190 4189
f 3716 4189 3715
f 3715 4189 4188
f 3715 4188 3714
f 3714 4188 4187
f 3714 4187 3713
f 3713 4187 4186
f 3713 4186 3712
f 3712 4186 4185
f 3712 4185 3711
f 3711 4185 4184
f 3711 4184 3710
f 3710 4184 4183
f 3710 4183 3709
f 3709 4183 4182
f 3709 4182 3708
f 3708 4182 4181
f 3708 4181 3707
f 3707 4181 4180
f 3707 4180 3706
f 3706 4180 4179
f 3706 4179 3705
f 3705 4179 4178
f 3705 4178 3704
f 3704 4178 4177
f 3704 4177 3703
f 3703 4177 4176
f 3703 4176 3702
f 3702 4176 4175
f 3702 4175 3701
f 3701 4175 4174
f 3701 4174 3700
f 3700 4174 4173
f 3700 4173 3699
f 3699 4173 4172
f 3699 4172 3698
f 3698 4172 4171
f 3698 4171 3697
f 3697 4171 4170
f 3697 4170 3696
f 3696 4170 4169
f 3696 4169 3695
f 3695 4169 4168
f 3695 4168 3694
f 3694 4168 4167
f 3694 4167 3693
f 3693 4167 4166
f 3693 4166 3692
f 3692 4166 4165
f 3692 4165 3691
f 3691 4165 4164
f 3691 4164 3690
f 3690 4164 4163
f 3690 4163 3689
f 3689 4163 4162
f 3689 4162 3688
f 3688 4162 4161
f 3688 4161 3687
f 3687 4161 4160
f 3687 4160 3686
f 3686 4160 4159
f 3686 4159 3685
f 3685 4159 4158
f 3685 4158 3684
f 3684 4158 4157
f 3684 4157 3683
f 3683 4157 4156
f 3683 4156 3682
f 3682 4156 4155
f 3682 4155 3681
f 3681 4155 4154
f 3681 4154 3680
f 3680 4154 4153
f 3680 4153 3679
f 3679 4153 4152
f 3679 4152 3678
f 3678 4152 4151
f 3678 4151 3677
f 3677 4151 4150
f 3677 4150 3676
f 3676 4150 4149
f 3676 4149 3675
f 3675 4149 4148
f 3675 4148 3674
f 3674 4148 4147
f 3674 4147 3673
f 3673 4147 4146
f 3673 4146 3672
f 3672 4146 4145
f 3672 4145 3671
f 3671 4145 4144
f 3671 4144 3670
f 3670 4144 4143
f 3670 4143 3669
f 3669 4143 4142
f 3669 4142 3668
f 3668 4142 4141
f 3668 4141 3667
f 3667 4141 4140
f 3667 4140 3666
f 3666 4140 4139
f 3666 4139 3665
f 3665 4139 4138
f 3665 4138 3664
f 3664 4138 4137
f 3664 4137 3663
f 3663 4137 4136
f 3663 4136 3662
f 3662 4136 4135
f 3662 4135 3661
f 3661 4135 4134
f 3661 4134 3660
f 3660 4134 4133
f 3660 4133 3659
f 3659 4133 4132
f 3659 4132 3658
f 3658 4132 4131
f 3658 4131 3657
f 3657 4131 4130
f 3657 4130 3656
f 3656 4130 4129
f 3656 4129 3655
f 3655 4129 4128
f 3655 4128 3654
f 3654 4128 4127
f 3654 4127 3653
f 3653 4127 4126
f 3653 4126 3652
f 3652 4126 4125
f 3652 4125 3651
f 3651 4125 4124
f 3651 4124 3650
f 3650 4124 4123
f 3650 4123 3649
f 3649 4123 4122
f 3649 4122 3648
f 3648 4122 4121
f 3648 4121 3647
f 3647 4121 4120
f 3647 4120 3646
f 3646 4120 4119
f 3646 4119 3645
f 3645 4119 4118
f 3645 4118 3644
f 3644 4118 4117
f 3644 4117 3643
f 3643 4117 4116
f 3643 4116 3642
f 3642 4116 4115
f 3642 4115 3641
f 3641 4115 4114
f 3641 4114 3640
f 3640 4114 4113
f 3640 4113 3639
f 3639 4113 4112
f 3639 4112 3638
f 3638 4112 4111
f 3638 4111 3637
f 3637 4111 4110
f 3637 4110 3636
f 3636 4110 4109
f 3636 4109 3635
f 3635 4109 4108
f 3635 4108 3634
f 3634 4108 4107
f 3634 4107 3633
f 3633 4107 4106
f 3633 4106 3632
f 3632 4106 4105
f 3632 4105 3631
f 3631 4105 4104
f 3631 4104 3630
f 3630 4104 4103
f 3630 4103 3629
f 3629 4103 4102
f 3629 4102 3628
f 3628 4102 4101
f 3628 4101 3627
f 3627 4101 4100
f 3627 4100 3626
f 3626 4100 4099
f 3626 4099 3625
f 3625 4099 4098
f 3625 4098 3624
f 3624 4098 4097
f 3624 4097 3623
f 3623 4097 4096
f 4219 4220 4221
f 4222 4223 4224
f 4224 4223 4225
f 4225 4223 4226
f 4226 4223 4227
f 4226 4227 4228
f 4228 4227 4229
f 4229 4227 4230
f 4229 4230 4231
f 4231 4230 4232
f 4232 4230 4233
f 4232 4233 4234
f 4234 4233 4235
f 4235 4233 4236
f 4235 4236 4237
f 4237 4236 4238
f 4238 4236 4239
f 4238 4239 4240
f 4240 4239 4241
f 4241 4239 4242
f 4241 4242 4243
f 4243 4242 4244
f 4244 4242 4245
f 4244 4245 4246
f 4246 4245 4247
f 4247 4245 4248
f 4247 4248 4249
f 4249 4248 4250
f 4250 4248 4251
f 4250 4251 4252
f 4252 4251 4253
f 4253 4251 4254
f 4253 4254 4255
f 4255 4254 4256
f 4256 4254 4257
f 4256 4257 4220
f 4220 4257 4258
f 4220 4258 4221
f 4259 4260 4261
f 4261 4260 4262
f 4261 4262 4263
f 4261 4263 4264
f 4264 4263 4265
f 4264 4265 4266
f 4264 4266 4267
f 4267 4266 4268
f 4267 4268 4269
f 4269 4268 4270
f 4269 4270 4221
f 4221 4270 4271
f 4221 4271 4219
f 4272 4273 4274
f 4274 4273 4275
f 4274 4275 4276
f 4274 4276 4277
f 4277 4276 4278
f 4277 4278 4279
f 4279 4278 4280
f 4279 4280 4281
f 4281 4280 4282
f 4281 4282 4283
f 4283 4282 4284
f 4283 4284 4259
f 4259 4284 4285
f 4259 4285 4260
f 4286 4287 4288
f 4288 4287 4289
f 4288 4289 4290
f 4290 4289 4291
f 4290 4291 4292
f 4292 4291 4293
f 4292 4293 4294
f 4294 4293 4295
f 4294 4295 4296
f 4296 4295 4297
f 4296 4297 4298
f 4298 4297 4299
f 4298 4299 4272
f 4272 4299 4300
f 4272 4300 4273
f 4301 4302 4303
f 4303 4302 4304
f 4303 4304 4305
f 4305 4304 4306
f 4305 4306 4307
f 4307 4306 4308
f 4307 4308 4309
f 4309 4308 4310
f 4309 4310 4311
f 4311 4310 4312
f 4311 4312 4313
f 4313 4312 4314
f 4313 4314 4315
f 4315 4314 4316
f 4315 4316 4317
f 4317 4316 4318
f 4317 4318 4319
f 4319 4318 4320
f 4319 4320 4321
f 4321 4320 4322
f 4321 4322 4323
f 4323 4322 4324
f 4323 4324 4325
f 4325 4324 4326
f 4325 4326 4327
f 4327 4326 4328
f 4327 4328 4329
f 4329 4328 4330
f 4329 4330 4331
f 4331 4330 4332
f 4331 4332 4333
f 4333 4332 4334
f 4333 4334 4335
f 4335 4334 4336
f 4335 4336 4337
f 4337 4336 4338
f 4337 4338 4339
f 4339 4338 4340
f 4339 4340 4341
f 4341 4340 4342
f 4341 4342 4343
f 4343 4342 4344
f 4343 4344 4345
f 4345 4344 4346
f 4345 4346 4347
f 4347 4346 4348
f 4347 4348 4349
f 4349 4348 4350
f 4349 4350 4351
f 4351 4350 4352
f 4351 4352 4353
f 4353 4352 4354
f 4353 4354 4355
f 4355 4354 4356
f 4355 4356 4357
f 4357 4356 4358
f 4357 4358 4359
f 4359 4358 4360
f 4359 4360 4361
f 4361 4360 4362
f 4361 4362 4363
f 4363 4362 4364
f 4363 4364 4365
f 4365 4364 4366
f 4365 4366 4367
f 4367 4366 4368
f 4367 4368 4369
f 4369 4368 4370
f 4369 4370 4371
f 4371 4370 4372
f 4371 4372 4373
f 4373 4372 4374
f 4373 4374 4375
f 4375 4374 4376
f 4375 4376 4377
f 4377 4376 4378
f 4377 4378 4379
f 4379 4378 4380
f 4379 4380 4381
f 4381 4380 4382
f 4381 4382 4383
f 4383 4382 4384
f 4383 4384 4385
f 4385 4384 4386
f 4385 4386 4387
f 4387 4386 4388
f 4387 4388 4389
f 4387 4389 4286
f 4286 4389 4390
f 4286 4390 4287
f 4391 4392 4393
f 4393 4392 4394
f 4393 4394 4395
f 4395 4394 4396
f 4395 4396 4397
f 4397 4396 4398
f 4397 4398 4399
f 4399 4398 4400
f 4399 4400 4401
f 4401 4400 4402
f 4401 4402 4403
f 4403 4402 4404
f 4403 4404 4405
f 4405 4404 4406
f 4405 4406 4407
f 4407 4406 4408
f 4407 4408 4409
f 4409 4408 4410
f 4409 4410 4411
f 4411 4410 4412
f 4411 4412 4413
f 4413 4412 4414
f 4413 4414 4415
f 4415 4414 4416
f 4415 4416 4417
f 4417 4416 4418
f 4417 4418 4419
f 4419 4418 4420
f 4419 4420 4421
f 4421 4420 4422
f 4421 4422 4423
f 4423 4422 4424
f 4423 4424 4425
f 4425 4424 4426
f 4425 4426 4427
f 4427 4426 4428
f 4427 4428 4429
f 4429 4428 4430
f 4429 4430 4431
f 4431 4430 4432
f 4431 4432 4433
f 4433 4432 4434
f 4433 4434 4435
f 4435 4434 4436
f 4435 4436 4437
f 4437 4436 4438
f 4437 4438 4439
f 4439 4438 4440
f 4439 4440 4441
f 4441 4440 4442
f 4441 4442 4443
f 4443 4442 4444
f 4443 4444 4445
f 4445 4444 4446
f 4445 4446 4447
f 4447 4446 4448
f 4447 4448 4449
f 4449 4448 4450
f 4449 4450 4451
f 4451 4450 4452
f 4451 4452 4453
f 4453 4452 4454
f 4453 4454 4455
f 4455 4454 4456
f 4455 4456 4457
f 4457 4456 4458
f 4457 4458 4459
f 4459 4458 4460
f 4459 4460 4461
f 4461 4460 4462
f 4461 4462 4463
f 4463 4462 4464
f 4463 4464 4465
f 4465 4464 4466
f 4465 4466 4467
f 4467 4466 4468
f 4467 4468 4469
f 4469 4468 4470
f 4469 4470 4471
f 4471 4470 4472
f 4471 4472 4473
f 4473 4472 4474
f 4473 4474 4475
f 4475 4474 4476
f 4475 4476 4477
f 4477 4476 4478
f 4477 4478 4479
f 4479 4478 4480
f 4479 4480 4481
f 4481 4480 4482
f 4481 4482 4483
f 4483 4482 4484
f 4483 4484 4485
f 4485 4484 4486
f 4485 4486 4487
f 4487 4486 4488
f 4487 4488 4489
f 4489 4488 4490
f 4489 4490 4491
f 4491 4490 4492
f 4491 4492 4493
f 4493 4492 4494
f 4493 4494 4495
f 4495 4494 4496
f 4495 4496 4497
f 4497 4496 4498
f 4497 4498 4499
f 4499 4498 4500
f 4499 4500 4501
f 4501 4500 4502
f 4501 4502 4503
f 4503 4502 4504
f 4503 4504 4505
f 4505 4504 4506
f 4505 4506 4507
f 4507 4506 4508
f 4507 4508 4509
f 4509 4508 4510
f 4509 4510 4511
f 4511 4510 4512
f 4511 4512 4513
f 4513 4512 4514
f 4513 4514 4515
f 4515 4514 4516
f 4515 4516 4517
f 4517 4516 4518
f 4517 4518 4519
f 4519 4518 4520
f 4519 4520 4521
f 4521 4520 4522
f 4521 4522 4523
f 4523 4522 4524
f 4523 4524 4525
f 4525 4524 4526
f 4525 4526 4527
f 4527 4526 4528
f 4527 4528 4529
f 4529 4528 4530
f 4529 4530 4531
f 4531 4530 4532
f 4531 4532 4533
f 4533 4532 4534
f 4533 4534 4535
f 4535 4534 4536
f 4535 4536 4537
f 4537 4536 4538
f 4537 4538 4539
f 4539 4538 4540
f 4539 4540 4541
f 4541 4540 4542
f 4541 4542 4543
f 4543 4542 4544
f 4543 4544 4545
f 4545 4544 4546
f 4545 4546 4547
f 4547 4546 4548
f 4547 4548 4549
f 4549 4548 4550
f 4549 4550 4551
f 4551 4550 4552
f 4551 4552 4553
f 4553 4552 4554
f 4553 4554 4555
f 4555 4554 4556
f 4555 4556 4557
f 4557 4556 4558
f 4557 4558 4559
f 4559 4558 4560
f 4559 4560 4561
f 4561 4560 4562
f 4561 4562 4563
f 4563 4562 4564
f 4563 4564 4565
f 4565 4564 4566
f 4565 4566 4567
f 4567 4566 4568
f 4567 4568 4569
f 4569 4568 4570
f 4569 4570 4571
f 4571 4570 4572
f 4571 4572 4573
f 4573 4572 4574
f 4573 4574 4575
f 4575 4574 4576
f 4575 4576 4577
f 4577 4576 4578
f 4577 4578 4579
f 4579 4578 4580
f 4579 4580 4581
f 4581 4580 4582
f 4581 4582 4583
f 4583 4582 4584
f 4583 4584 4585
f 4585 4584 4586
f 4585 4586 4587
f 4587 4586 4588
f 4587 4588 4589
f 4589 4588 4590
f 4589 4590 4591
f 4591 4590 4592
f 4591 4592 4593
f 4593 4592 4594
f 4593 4594 4595
f 4595 4594 4596
f 4595 4596 4597
f 4597 4596 4598
f 4597 4598 4599
f 4599 4598 4600
f 4599 4600 4601
f 4601 4600 4602
f 4601 4602 4603
f 4603 4602 4604
f 4603 4604 4605
f 4605 4604 4606
f 4605 4606 4607
f 4607 4606 4608
f 4607 4608 4609
f 4609 4608 4610
f 4609 4610 4611
f 4611 4610 4612
f 4611 4612 4613
f 4613 4612 4614
f 4613 4614 4615
f 4615 4614 4616
f 4615 4616 4617
f 4617 4616 4618
f 4617 4618 4619
f 4619 4618 4620
f 4619 4620 4621
f 4621 4620 4622
f 4621 4622 4623
f 4623 4622 4624
f 4623 4624 4625
f 4625 4624 4626
f 4625 4626 4627
f 4627 4626 4628
f 4627 4628 4629
f 4629 4628 4630
f 4629 4630 4631
f 4631 4630 4632
f 4631 4632 4633
f 4633 4632 4634
f 4633 4634 4635
f 4635 4634 4636
f 4635 4636 4637
f 4637 4636 4638
f 4637 4638 4639
f 4639 4638 4640
f 4639 4640 4641
f 4641 4640 4642
f 4641 4642 4643
f 4643 4642 4644
f 4643 4644 4645
f 4645 4644 4646
f 4645 4646 4301
f 4301 4646 4302
f 4647 4648 4649
f 4649 4648 4650
f 4649 4650 4651
f 4651 4650 4652
f 4651 4652 4653
f 4653 4652 4654
f 4653 4654 4655
f 4655 4654 4656
f 4655 4656 4657
f 4657 4656 4658
f 4657 4658 4659
f 4659 4658 4660
f 4659 4660 4661
f 4661 4660 4662
f 4661 4662 4663
f 4663 4662 4664
f 4663 4664 4665
f 4665 4664 4666
f 4665 4666 4667
f 4667 4666 4668
f 4667 4668 4669
f 4669 4668 4670
f 4669 4670 4671
f 4671 4670 4672
f 4671 4672 4673
f 4673 4672 4674
f 4673 4674 4675
f 4675 4674 4676
f 4675 4676 4677
f 4677 4676 4678
f 4677 4678 4679
f 4679 4678 4680
f 4679 4680 4681
f 4681 4680 4682
f 4681 4682 4683
f 4683 4682 4684
f 4683 4684 4685
f 4685 4684 4686
f 4685 4686 4687
f 4687 4686 4688
f 4687 4688 4689
f 4689 4688 4690
f 4689 4690 4691
f 4691 4690 4692
f 4691 4692 4693
f 4693 4692 4694
f 4693 4694 4695
f 4695 4694 4696
f 4695 4696 4697
f 4697 4696 4698
f 4697 4698 4699
f 4699 4698 4700
f 4699 4700 4701
f 4701 4700 4702
f 4701 4702 4703
f 4703 4702 4704
f 4703 4704 4705
f 4705 4704 4706
f 4705 4706 4707
f 4707 4706 4708
f 4707 4708 4709
f 4709 4708 4710
f 4709 4710 4711
f 4711 4710 4712
f 4711 4712 4713
f 4713 4712 4714
f 4713 4714 4715
f 4715 4714 4716
f 4715 4716 4717
f 4717 4716 4718
f 4717 4718 4719
f 4719 4718 4720
f 4719 4720 4721
f 4721 4720 4722
f 4721 4722 4723
f 4723 4722 4724
f 4723 4724 4725
f 4725 4724 4726
f 4725 4726 4727
f 4727 4726 4728
f 4727 4728 4729
f 4729 4728 4730
f 4729 4730 4731
f 4731 4730 4732
f 4731 4732 4733
f 4733 4732 4734
f 4733 4734 4735
f 4735 4734 4736
f 4735 4736 4737
f 4737 4736 4738
f 4737 4738 4739
f 4739 4738 4740
f 4739 4740 4741
f 4741 4740 4742
f 4741 4742 4743
f 4743 4742 4744
f 4743 4744 4745
f 4745 4744 4746
f 4745 4746 4747
f 4747 4746 4748
f 4747 4748 4749
f 4749 4748 4750
f 4749 4750 4751
f 4751 4750 4752
f 4751 4752 4753
f 4753 4752 4754
f 4753 4754 4755
f 4755 4754 4756
f 4755 4756 4757
f 4757 4756 4758
f 4757 4758 4759
f 4759 4758 4760
f 4759 4760 4761
f 4761 4760 4762
f 4761 4762 4763
f 4763 4762 4764
f 4763 4764 4765
f 4765 4764 4766
f 4765 4766 4767
f 4767 4766 4768
f 4767 4768 4769
f 4769 4768 4770
f 4769 4770 4771
f 4771 4770 4772
f 4771 4772 4773
f 4773 4772 4774
f 4773 4774 4775
f 4775 4774 4776
f 4775 4776 4777
f 4777 4776 4778
f 4777 4778 4779
f 4779 4778 4780
f 4779 4780 4781
f 4781 4780 4782
f 4781 4782 4783
f 4783 4782 4784
f 4783 4784 4785
f 4785 4784 4786
f 4785 4786 4787
f 4787 4786 4788
f 4787 4788 4789
f 4789 4788 4790
f 4789 4790 4791
f 4791 4790 4792
f 4791 4792 4793
f 4793 4792 4794
f 4793 4794 4795
f 4795 4794 4796
f 4795 4796 4797
f 4797 4796 4798
f 4797 4798 4799
f 4799 4798 4800
f 4799 4800 4801
f 4801 4800 4802
f 4801 4802 4803
f 4803 4802 4804
f 4803 4804 4805
f 4805 4804 4806
f 4805 4806 4807
f 4807 4806 4808
f 4807 4808 4809
f 4809 4808 4810
f 4809 4810 4811
f 4811 4810 4812
f 4811 4812 4813
f 4813 4812 4814
f 4813 4814 4815
f 4815 4814 4816
f 4815 4816 4817
f 4817 4816 4818
f 4817 4818 4819
f 4819 4818 4820
f 4819 4820 4821
f 4821 4820 4822
f 4821 4822 4823
f 4823 4822 4824
f 4823 4824 4825
f 4825 4824 4826
f 4825 4826 4827
f 4827 4826 4828
f 4827 4828 4829
f 4829 4828 4830
f 4829 4830 4831
f 4831 4830 4832
f 4831 4832 4833
f 4833 4832 4834
f 4833 4834 4835
f 4835 4834 4836
f 4835 4836 4837
f 4837 4836 4838
f 4837 4838 4839
f 4839 4838 4840
f 4839 4840 4841
f 4841 4840 4842
f 4841 4842 4843
f 4843 4842 4844
f 4843 4844 4845
f 4845 4844 4846
f 4845 4846 4847
f 4847 4846 4848
f 4847 4848 4849
f 4849 4848 4850
f 4849 4850 4851
f 4851 4850 4852
f 4851 4852 4853
f 4853 4852 4854
f 4853 4854 4855
f 4855 4854 4856
f 4855 4856 4857
f 4857 4856 4858
f 4857 4858 4859
f 4859 4858 4860
f 4859 4860 4861
f 4861 4860 4862
f 4861 4862 4863
f 4863 4862 4864
f 4863 4864 4865
f 4865 4864 4866
f 4865 4866 4867
f 4867 4866 4868
f 4867 4868 4869
f 4869 4868 4870
f 4869 4870 4871
f 4871 4870 4872
f 4871 4872 4873
f 4873 4872 4874
f 4873 4874 4875
f 4875 4874 4876
f 4875 4876 4877
f 4877 4876 4878
f 4877 4878 4879
f 4879 4878 4880
f 4879 4880 4881
f 4881 4880 4882
f 4881 4882 4883
f 4883 4882 4884
f 4883 4884 4885
f 4885 4884 4886
f 4885 4886 4887
f 4887 4886 4888
f 4887 4888 4889
f 4889 4888 4890
f 4889 4890 4891
f 4891 4890 4892
f 4891 4892 4893
f 4893 4892 4894
f 4893 4894 4895
f 4895 4894 4896
f 4895 4896 4897
f 4897 4896 4898
f 4897 4898 4899
f 4899 4898 4900
f 4899 4900 4901
f 4901 4900 4902
f 4901 4902 4391
f 4391 4902 4392
f 4903 4904 4905
f 4905 4904 4906
f 4905 4906 4907
f 4908 4909 4906
f 4906 4909 4910
f 4906 4910 4907
f 4911 4912 4913
f 4913 4912 4914
f 4913 4914 4915
f 4915 4914 4916
f 4915 4916 4917
f 4917 4916 4918
f 4917 4918 4919
f 4919 4918 4920
f 4919 4920 4921
f 4921 4920 4922
f 4921 4922 4923
f 4923 4922 4924
f 4923 4924 4925
f 4925 4924 4926
f 4925 4926 4927
f 4927 4926 4928
f 4927 4928 4929
f 4929 4928 4930
f 4929 4930 4931
f 4931 4930 4932
f 4931 4932 4933
f 4933 4932 4934
f 4933 4934 4935
f 4935 4934 4936
f 4935 4936 4937
f 4937 4936 4938
f 4937 4938 4939
f 4939 4938 4940
f 4939 4940 4941
f 4941 4940 4942
f 4941 4942 4943
f 4943 4942 4944
f 4943 4944 4945
f 4945 4944 4946
f 4945 4946 4947
f 4947 4946 4948
f 4947 4948 4949
f 4949 4948 4950
f 4949 4950 4951
f 4951 4950 4952
f 4951 4952 4953
f 4953 4952 4954
f 4953 4954 4955
f 4955 4954 4956
f 4955 4956 4957
f 4957 4956 4958
f 4957 4958 4959
f 4959 4958 4960
f 4959 4960 4961
f 4961 4960 4962
f 4961 4962 4963
f 4963 4962 4964
f 4963 4964 4965
f 4965 4964 4966
f 4965 4966 4967
f 4967 4966 4968
f 4967 4968 4969
f 4969 4968 4970
f 4969 4970 4971
f 4971 4970 4972
f 4971 4972 4973
f 4973 4972 4974
f 4973 4974 4975
f 4975 4974 4976
f 4975 4976 4977
f 4977 4976 4978
f 4977 4978 4979
f 4979 4978 4980
f 4979 4980 4981
f 4981 4980 4982
f 4981 4982 4983
f 4983 4982 4984
f 4983 4984 4985
f 4985 4984 4986
f 4985 4986 4987
f 4987 4986 4988
f 4987 4988 4989
f 4989 4988 4990
f 4989 4990 4991
f 4991 4990 4992
f 4991 4992 4993
f 4993 4992 4994
f 4993 4994 4995
f 4995 4994 4996
f 4995 4996 4997
f 4997 4996 4998
f 4997 4998 4999
f 4999 4998 5000
f 4999 5000 5001
f 5001 5000 5002
f 5001 5002 5003
f 5003 5002 5004
f 5003 5004 5005
f 5005 5004 5006
f 5005 5006 5007
f 5007 5006 5008
f 5007 5008 5009
f 5009 5008 5010
f 5009 5010 5011
f 5011 5010 5012
f 5011 5012 5013
f 5013 5012 5014
f 5013 5014 5015
f 5015 5014 5016
f 5015 5016 5017
f 5017 5016 5018
f 5017 5018 5019
f 5019 5018 5020
f 5019 5020 5021
f 5021 5020 5022
f 5021 5022 5023
f 5023 5022 5024
f 5023 5024 5025
f 5025 5024 5026
f 5025 5026 5027
f 5027 5026 5028
f 5027 5028 5029
f 5029 5028 5030
f 5029 5030 5031
f 5031 5030 5032
f 5031 5032 5033
f 5033 5032 5034
f 5033 5034 5035
f 5035 5034 5036
f 5035 5036 5037
f 5037 5036 5038
f 5037 5038 5039
f 5039 5038 5040
f 5039 5040 5041
f 5041 5040 5042
f 5041 5042 5043
f 5043 5042 5044
f 5043 5044 5045
f 5045 5044 5046
f 5045 5046 5047
f 5047 5046 5048
f 5047 5048 5049
f 5049 5048 5050
f 5049 5050 5051
f 5051 5050 5052
f 5051 5052 5053
f 5053 5052 5054
f 5053 5054 5055
f 5055 5054 5056
f 5055 5056 5057
f 5057 5056 5058
f 5057 5058 5059
f 5059 5058 5060
f 5059 5060 5061
f 5061 5060 5062
f 5061 5062 5063
f 5063 5062 5064
f 5063 5064 5065
f 5065 5064 5066
f 5065 5066 5067
f 5067 5066 5068
f 5067 5068 5069
f 5069 5068 5070
f 5069 5070 5071
f 5071 5070 5072
f 5071 5072 5073
f 5073 5072 5074
f 5073 5074 5075
f 5075 5074 5076
f 5075 5076 5077
f 5077 5076 5078
f 5077 5078 5079
f 5079 5078 5080
f 5079 5080 5081
f 5081 5080 5082
f 5081 5082 5083
f 5083 5082 5084
f 5083 5084 5085
f 5085 5084 5086
f 5085 5086 5087
f 5087 5086 5088
f 5087 5088 5089
f 5089 5088 5090
f 5089 5090 5091
f 5091 5090 5092
f 5091 5092 5093
f 5093 5092 5094
f 5093 5094 5095
f 5095 5094 5096
f 5095 5096 5097
f 5097 5096 5098
f 5097 5098 5099
f 5099 5098 5100
f 5099 5100 5101
f 5101 5100 5102
f 5101 5102 5103
f 5103 5102 5104
f 5103 5104 5105
f 5105 5104 5106
f 5105 5106 5107
f 5107 5106 5108
f 5107 5108 5109
f 5109 5108 5110
f 5109 5110 5111
f 5111 5110 5112
f 5111 5112 5113
f 5113 5112 5114
f 5113 5114 5115
f 5115 5114 5116
f 5115 5116 5117
f 5117 5116 5118
f 5117 5118 5119
f 5119 5118 5120
f 5119 5120 5121
f 5121 5120 5122
f 5121 5122 5123
f 5123 5122 5124
f 5123 5124 5125
f 5125 5124 5126
f 5125 5126 5127
f 5127 5126 5128
f 5127 5128 5129
f 5129 5128 5130
f 5129 5130 5131
f 5131 5130 5132
f 5131 5132 5133
f 5133 5132 5134
f 5133 5134 5135
f 5135 5134 5136
f 5135 5136 5137
f 5137 5136 5138
f 5137 5138 5139
f 5139 5138 5140
f 5139 5140 5141
f 5141 5140 5142
f 5141 5142 5143
f 5143 5142 5144
f 5143 5144 5145
f 5145 5144 5146
f 5145 5146 5147
f 5147 5146 5148
f 5147 5148 5149
f 5149 5148 5150
f 5149 5150 5151
f 5151 5150 5152
f 5151 5152 5153
f 5153 5152 5154
f 5153 5154 5155
f 5155 5154 5156
f 5155 5156 5157
f 5157 5156 5158
f 5157 5158 5159
f 5159 5158 5160
f 5159 5160 5161
f 5161 5160 5162
f 5161 5162 5163
f 5163 5162 5164
f 5163 5164 5165
f 5165 5164 5166
f 5165 5166 4647
f 4647 5166 4648
f 4913 5167 4911
f 4911 5167 5168
f 4911 5168 4908
f 4908 5168 5169
f 4908 5169 4909
f 5170 5171 4258
f 4258 5171 5172
f 5172 5173 4258
f 4258 5173 5174
f 4258 5174 4221
f 5175 5176 5177
f 5178 5179 5180
f 5181 5182 5183
f 5184 5185 5186
f 5187 5188 5189
f 5190 5191 5192
f 5193 5194 5195
f 5196 5197 5198
f 5199 5200 5201
f 5202 5203 5204
f 5205 5206 5207
f 5208 5209 5210
f 5211 5212 5213
f 5214 5215 5216
f 5217 5218 5219
f 5220 5221 5222
f 5223 5224 5225
f 5226 5227 5228
f 5229 5230 5231
f 5232 5233 5234
f 5235 5236 5237
f 5238 5239 5240
f 5241 5242 5243
f 5244 5245 5246
f 5247 5248 5249
f 5250 5251 5252
f 5253 5254 5255
f 5256 5257 5258
f 5259 5260 5261
f 5262 5263 5264
f 5265 5266 5267
f 5268 5269 5270
f 5271 5272 5273
f 5274 5275 5276
f 5277 5278 5279
f 5280 5281 5282
f 5283 5284 5285
f 5286 5287 5288
f 5289 5290 5291
f 5292 5293 5294
f 5295 5296 5297
f 5298 5299 5300
f 5301 5302 5303
f 5304 5305 5306
f 5307 5308 5309
f 5310 5311 5312
f 5313 5314 5315
f 5316 5317 5318
f 5319 5320 5321
f 5322 5323 5324
f 5325 5326 5327
f 5328 5329 5330
f 5331 5332 5333
f 5334 5335 5336
f 5337 5338 5339
f 5340 5341 5342
f 5343 5344 5345
f 5346 5347 5348
f 5349 5350 5351
f 5352 5353 5354
f 5355 5356 5357
f 5358 5359 5360
f 5361 5362 5363
f 5364 5365 5366
f 5367 5368 5369
f 5370 5371 5372
f 5373 5374 5375
f 5376 5377 5378
f 5379 5380 5381
f 5382 5383 5384
f 5385 5386 5387
f 5388 5389 5390
f 5391 5392 5393
f 5394 5395 5396
f 5397 5398 5399
f 5400 5401 5402
f 5403 5404 5405
f 5406 5407 5408
f 5409 5410 5411
f 5412 5413 5414
f 5415 5416 5417
f 5418 5419 5420
f 5421 5422 5423
f 5424 5425 5426
f 5427 5428 5429
f 5430 5431 5432
f 5433 5434 5435
f 5436 5437 5438
f 5439 5440 5441
f 5442 5443 5444
f 5445 5446 5447
f 5448 5449 5450
f 5451 5452 5453
f 5454 5455 5456
f 5457 5458 5459
f 5460 5461 5462
f 5463 5464 5465
f 5466 5467 5468
f 5469 5470 5471
f 5472 5473 5474
f 5475 5476 5477
f 5478 5479 5480
f 5481 5482 5483
f 5484 5485 5486
f 5487 5488 5489
f 5490 5491 5492
f 5493 5494 5495
f 5496 5497 5498
f 5499 5500 5501
f 5502 5503 5504
f 5505 5506 5507
f 5508 5509 5510
f 5511 5512 5513
f 5514 5515 5516
f 5517 5518 5519
f 5520 5521 5522
f 5523 5524 5525
f 5526 5527 5528
f 5529 5530 5531
f 5532 5533 5534
f 5535 5536 5537
f 5536 5535 5538
f 5538 5535 5539
f 5538 5539 5540
f 5541 5542 5537
f 5537 5542 5543
f 5537 5543 5535
f 5544 5545 5541
f 5541 5545 5546
f 5541 5546 5542
f 5547 5548 5549
f 5549 5548 5550
f 5549 5550 5534
f 5534 5550 5551
f 5534 5551 5532
f 5552 4914 5547
f 5547 4914 5553
f 5547 5553 5548
f 4224 5554 4222
f 4222 5554 5555
f 4222 5555 5556
f 5556 5555 5557
f 5556 5557 5558
f 5558 5557 5559
f 5558 5559 5560
f 5560 5559 5561
f 5561 5559 5562
f 5561 5562 5563
f 5563 5562 5564
f 5563 5564 5565
f 5565 5564 5566
f 5565 5566 5567
f 5567 5566 5568
f 5568 5566 5569
f 5568 5569 5570
f 5570 5569 5571
f 5570 5571 5572
f 5572 5571 5573
f 5572 5573 5574
f 5574 5573 5575
f 5574 5575 5576
f 5576 5575 5577
f 5577 5575 5578
f 5577 5578 5579
f 5579 5578 5580
f 5579 5580 5581
f 5582 5583 5584
f 5584 5585 5582
f 5582 5585 5586
f 5582 5586 5580
f 5580 5586 5587
f 5580 5587 5581
f 5529 5588 5589
f 5589 5588 5590
f 5589 5590 5583
f 5583 5590 5591
f 5583 5591 5584
f 5529 5531 5592
f 5592 5531 5593
f 5592 5593 5594
f 5594 5593 5595
f 5594 5595 5596
f 5596 5595 5597
f 5596 5597 5598
f 5598 5597 5599
f 5599 5597 5600
f 5599 5600 5601
f 5601 5600 5602
f 5601 5602 5603
f 5603 5602 5604
f 5604 5602 5605
f 5604 5605 5606
f 5606 5605 5171
f 5606 5171 5170
f 5530 5529 5607
f 5607 5529 5589
f 5607 5589 5608
f 5608 5589 5583
f 5608 5583 5609
f 5609 5583 5582
f 5609 5582 5610
f 5610 5582 5580
f 5610 5580 5611
f 5611 5580 5578
f 5611 5578 5612
f 5612 5578 5575
f 5612 5575 5613
f 5613 5575 5573
f 5613 5573 5614
f 5614 5573 5571
f 5614 5571 5615
f 5615 5571 5569
f 5615 5569 5616
f 5616 5569 5566
f 5616 5566 5617
f 5617 5566 5564
f 5617 5564 5618
f 5618 5564 5562
f 5618 5562 5619
f 5619 5562 5559
f 5619 5559 5620
f 5620 5559 5557
f 5620 5557 5621
f 5621 5557 5555
f 5621 5555 5622
f 5622 5555 5554
f 5622 5554 5623
f 5528 5527 5624
f 5525 5524 5625
f 5522 5521 5626
f 5519 5518 5627
f 5516 5515 5628
f 5513 5512 5629
f 5510 5509 5630
f 5507 5506 5631
f 5504 5503 5632
f 5501 5500 5633
f 5498 5497 5634
f 5495 5494 5635
f 5492 5491 5636
f 5489 5488 5637
f 5486 5485 5638
f 5483 5482 5639
f 5480 5479 5640
f 5477 5476 5641
f 5474 5473 5642
f 5471 5470 5643
f 5468 5467 5644
f 5465 5464 5645
f 5462 5461 5646
f 5459 5458 5647
f 5456 5455 5648
f 5453 5452 5649
f 5450 5449 5650
f 5447 5446 5651
f 5444 5443 5652
f 5441 5440 5653
f 5438 5437 5654
f 5435 5434 5655
f 5432 5431 5656
f 5429 5428 5657
f 5426 5425 5658
f 5423 5422 5659
f 5420 5419 5660
f 5417 5416 5661
f 5414 5413 5662
f 5411 5410 5663
f 5408 5407 5664
f 5405 5404 5665
f 5402 5401 5666
f 5399 5398 5667
f 5396 5395 5668
f 5393 5392 5669
f 5390 5389 5670
f 5387 5386 5671
f 5384 5383 5672
f 5381 5380 5673
f 5378 5377 5674
f 5375 5374 5675
f 5372 5371 5676
f 5369 5368 5677
f 5366 5365 5678
f 5363 5362 5679
f 5360 5359 5680
f 5357 5356 5681
f 5354 5353 5682
f 5351 5350 5683
f 5348 5347 5684
f 5345 5344 5685
f 5342 5341 5686
f 5339 5338 5687
f 5336 5335 5688
f 5333 5332 5689
f 5330 5329 5690
f 5327 5326 5691
f 5324 5323 5692
f 5321 5320 5693
f 5318 5317 5694
f 5315 5314 5695
f 5312 5311 5696
f 5309 5308 5697
f 5306 5305 5698
f 5303 5302 5699
f 5300 5299 5700
f 5297 5296 5701
f 5294 5293 5702
f 5291 5290 5703
f 5288 5287 5704
f 5285 5284 5705
f 5282 5281 5706
f 5279 5278 5707
f 5276 5275 5708
f 5273 5272 5709
f 5270 5269 5710
f 5267 5266 5711
f 5264 5263 5712
f 5261 5260 5713
f 5258 5257 5714
f 5255 5254 5715
f 5252 5251 5716
f 5249 5248 5717
f 5246 5245 5718
f 5243 5242 5719
f 5240 5239 5720
f 5237 5236 5721
f 5234 5233 5722
f 5231 5230 5723
f 5228 5227 5724
f 5225 5224 5725
f 5222 5221 5726
f 5219 5218 5727
f 5216 5215 5728
f 5213 5212 5729
f 5210 5209 5730
f 5207 5206 5731
f 5204 5203 5732
f 5201 5200 5733
f 5198 5197 5734
f 5195 5194 5735
f 5192 5191 5736
f 5189 5188 5737
f 5186 5185 5738
f 5183 5182 5739
f 5180 5179 5740
f 5177 5176 5741
f 5532 5545 5533
f 5533 5545 5544
f 5533 5544 5534
f 5534 5544 5742
f 5534 5742 5549
f 5549 5742 5743
f 5549 5743 5547
f 5547 5743 5744
f 5547 5744 5552
f 5552 5744 5745
f 5552 5745 5746
f 4224 4225 5554
f 5554 4225 5526
f 5554 5526 5623
f 5623 5526 5528
f 4229 5527 4228
f 4228 5527 5526
f 4228 5526 4226
f 4226 5526 4225
f 4229 4231 5527
f 5527 4231 5523
f 5527 5523 5624
f 5624 5523 5525
f 4235 5524 4234
f 4234 5524 5523
f 4234 5523 4232
f 4232 5523 4231
f 4235 4237 5524
f 5524 4237 5520
f 5524 5520 5625
f 5625 5520 5522
f 4241 5521 4240
f 4240 5521 5520
f 4240 5520 4238
f 4238 5520 4237
f 4241 4243 5521
f 5521 4243 5517
f 5521 5517 5626
f 5626 5517 5519
f 4247 5518 4246
f 4246 5518 5517
f 4246 5517 4244
f 4244 5517 4243
f 4247 4249 5518
f 5518 4249 5514
f 5518 5514 5627
f 5627 5514 5516
f 4253 5515 4252
f 4252 5515 5514
f 4252 5514 4250
f 4250 5514 4249
f 4253 4255 5515
f 5515 4255 5511
f 5515 5511 5628
f 5628 5511 5513
f 4219 5512 4220
f 4220 5512 5511
f 4220 5511 4256
f 4256 5511 4255
f 4219 4271 5512
f 5512 4271 5508
f 5512 5508 5629
f 5629 5508 5510
f 4266 5509 4268
f 4268 5509 5508
f 4268 5508 4270
f 4270 5508 4271
f 4266 4265 5509
f 5509 4265 5505
f 5509 5505 5630
f 5630 5505 5507
f 4260 5506 4262
f 4262 5506 5505
f 4262 5505 4263
f 4263 5505 4265
f 4260 4285 5506
f 5506 4285 5502
f 5506 5502 5631
f 5631 5502 5504
f 4280 5503 4282
f 4282 5503 5502
f 4282 5502 4284
f 4284 5502 4285
f 4280 4278 5503
f 5503 4278 5499
f 5503 5499 5632
f 5632 5499 5501
f 4273 5500 4275
f 4275 5500 5499
f 4275 5499 4276
f 4276 5499 4278
f 4273 4300 5500
f 5500 4300 5496
f 5500 5496 5633
f 5633 5496 5498
f 4295 5497 4297
f 4297 5497 5496
f 4297 5496 4299
f 4299 5496 4300
f 4295 4293 5497
f 5497 4293 5493
f 5497 5493 5634
f 5634 5493 5495
f 4287 5494 4289
f 4289 5494 5493
f 4289 5493 4291
f 4291 5493 4293
f 4287 4390 5494
f 5494 4390 5490
f 5494 5490 5635
f 5635 5490 5492
f 4386 5491 4388
f 4388 5491 5490
f 4388 5490 4389
f 4389 5490 4390
f 4386 4384 5491
f 5491 4384 5487
f 5491 5487 5636
f 5636 5487 5489
f 4378 5488 4380
f 4380 5488 5487
f 4380 5487 4382
f 4382 5487 4384
f 4378 4376 5488
f 5488 4376 5484
f 5488 5484 5637
f 5637 5484 5486
f 4370 5485 4372
f 4372 5485 5484
f 4372 5484 4374
f 4374 5484 4376
f 4370 4368 5485
f 5485 4368 5481
f 5485 5481 5638
f 5638 5481 5483
f 4362 5482 4364
f 4364 5482 5481
f 4364 5481 4366
f 4366 5481 4368
f 4362 4360 5482
f 5482 4360 5478
f 5482 5478 5639
f 5639 5478 5480
f 4354 5479 4356
f 4356 5479 5478
f 4356 5478 4358
f 4358 5478 4360
f 4354 4352 5479
f 5479 4352 5475
f 5479 5475 5640
f 5640 5475 5477
f 4346 5476 4348
f 4348 5476 5475
f 4348 5475 4350
f 4350 5475 4352
f 4346 4344 5476
f 5476 4344 5472
f 5476 5472 5641
f 5641 5472 5474
f 4338 5473 4340
f 4340 5473 5472
f 4340 5472 4342
f 4342 5472 4344
f 4338 4336 5473
f 5473 4336 5469
f 5473 5469 5642
f 5642 5469 5471
f 4330 5470 4332
f 4332 5470 5469
f 4332 5469 4334
f 4334 5469 4336
f 4330 4328 5470
f 5470 4328 5466
f 5470 5466 5643
f 5643 5466 5468
f 4322 5467 4324
f 4324 5467 5466
f 4324 5466 4326
f 4326 5466 4328
f 4322 4320 5467
f 5467 4320 5463
f 5467 5463 5644
f 5644 5463 5465
f 4314 5464 4316
f 4316 5464 5463
f 4316 5463 4318
f 4318 5463 4320
f 4314 4312 5464
f 5464 4312 5460
f 5464 5460 5645
f 5645 5460 5462
f 4306 5461 4308
f 4308 5461 5460
f 4308 5460 4310
f 4310 5460 4312
f 4306 4304 5461
f 5461 4304 5457
f 5461 5457 5646
f 5646 5457 5459
f 4644 5458 4646
f 4646 5458 5457
f 4646 5457 4302
f 4302 5457 4304
f 4644 4642 5458
f 5458 4642 5454
f 5458 5454 5647
f 5647 5454 5456
f 4636 5455 4638
f 4638 5455 5454
f 4638 5454 4640
f 4640 5454 4642
f 4636 4634 5455
f 5455 4634 5451
f 5455 5451 5648
f 5648 5451 5453
f 4628 5452 4630
f 4630 5452 5451
f 4630 5451 4632
f 4632 5451 4634
f 4628 4626 5452
f 5452 4626 5448
f 5452 5448 5649
f 5649 5448 5450
f 4620 5449 4622
f 4622 5449 5448
f 4622 5448 4624
f 4624 5448 4626
f 4620 4618 5449
f 5449 4618 5445
f 5449 5445 5650
f 5650 5445 5447
f 4612 5446 4614
f 4614 5446 5445
f 4614 5445 4616
f 4616 5445 4618
f 4612 4610 5446
f 5446 4610 5442
f 5446 5442 5651
f 5651 5442 5444
f 4604 5443 4606
f 4606 5443 5442
f 4606 5442 4608
f 4608 5442 4610
f 4604 4602 5443
f 5443 4602 5439
f 5443 5439 5652
f 5652 5439 5441
f 4596 5440 4598
f 4598 5440 5439
f 4598 5439 4600
f 4600 5439 4602
f 4596 4594 5440
f 5440 4594 5436
f 5440 5436 5653
f 5653 5436 5438
f 4588 5437 4590
f 4590 5437 5436
f 4590 5436 4592
f 4592 5436 4594
f 4588 4586 5437
f 5437 4586 5433
f 5437 5433 5654
f 5654 5433 5435
f 4580 5434 4582
f 4582 5434 5433
f 4582 5433 4584
f 4584 5433 4586
f 4580 4578 5434
f 5434 4578 5430
f 5434 5430 5655
f 5655 5430 5432
f 4572 5431 4574
f 4574 5431 5430
f 4574 5430 4576
f 4576 5430 4578
f 4572 4570 5431
f 5431 4570 5427
f 5431 5427 5656
f 5656 5427 5429
f 4564 5428 4566
f 4566 5428 5427
f 4566 5427 4568
f 4568 5427 4570
f 4564 4562 5428
f 5428 4562 5424
f 5428 5424 5657
f 5657 5424 5426
f 4556 5425 4558
f 4558 5425 5424
f 4558 5424 4560
f 4560 5424 4562
f 4556 4554 5425
f 5425 4554 5421
f 5425 5421 5658
f 5658 5421 5423
f 4548 5422 4550
f 4550 5422 5421
f 4550 5421 4552
f 4552 5421 4554
f 4548 4546 5422
f 5422 4546 5418
f 5422 5418 5659
f 5659 5418 5420
f 4540 5419 4542
f 4542 5419 5418
f 4542 5418 4544
f 4544 5418 4546
f 4540 4538 5419
f 5419 4538 5415
f 5419 5415 5660
f 5660 5415 5417
f 4532 5416 4534
f 4534 5416 5415
f 4534 5415 4536
f 4536 5415 4538
f 4532 4530 5416
f 5416 4530 5412
f 5416 5412 5661
f 5661 5412 5414
f 4524 5413 4526
f 4526 5413 5412
f 4526 5412 4528
f 4528 5412 4530
f 4524 4522 5413
f 5413 4522 5409
f 5413 5409 5662
f 5662 5409 5411
f 4516 5410 4518
f 4518 5410 5409
f 4518 5409 4520
f 4520 5409 4522
f 4516 4514 5410
f 5410 4514 5406
f 5410 5406 5663
f 5663 5406 5408
f 4508 5407 4510
f 4510 5407 5406
f 4510 5406 4512
f 4512 5406 4514
f 4508 4506 5407
f 5407 4506 5403
f 5407 5403 5664
f 5664 5403 5405
f 4500 5404 4502
f 4502 5404 5403
f 4502 5403 4504
f 4504 5403 4506
f 4500 4498 5404
f 5404 4498 5400
f 5404 5400 5665
f 5665 5400 5402
f 4492 5401 4494
f 4494 5401 5400
f 4494 5400 4496
f 4496 5400 4498
f 4492 4490 5401
f 5401 4490 5397
f 5401 5397 5666
f 5666 5397 5399
f 4484 5398 4486
f 4486 5398 5397
f 4486 5397 4488
f 4488 5397 4490
f 4484 4482 5398
f 5398 4482 5394
f 5398 5394 5667
f 5667 5394 5396
f 4476 5395 4478
f 4478 5395 5394
f 4478 5394 4480
f 4480 5394 4482
f 4476 4474 5395
f 5395 4474 5391
f 5395 5391 5668
f 5668 5391 5393
f 4468 5392 4470
f 4470 5392 5391
f 4470 5391 4472
f 4472 5391 4474
f 4468 4466 5392
f 5392 4466 5388
f 5392 5388 5669
f 5669 5388 5390
f 4460 5389 4462
f 4462 5389 5388
f 4462 5388 4464
f 4464 5388 4466
f 4460 4458 5389
f 5389 4458 5385
f 5389 5385 5670
f 5670 5385 5387
f 4452 5386 4454
f 4454 5386 5385
f 4454 5385 4456
f 4456 5385 4458
f 4452 4450 5386
f 5386 4450 5382
f 5386 5382 5671
f 5671 5382 5384
f 4444 5383 4446
f 4446 5383 5382
f 4446 5382 4448
f 4448 5382 4450
f 4444 4442 5383
f 5383 4442 5379
f 5383 5379 5672
f 5672 5379 5381
f 4436 5380 4438
f 4438 5380 5379
f 4438 5379 4440
f 4440 5379 4442
f 4436 4434 5380
f 5380 4434 5376
f 5380 5376 5673
f 5673 5376 5378
f 4428 5377 4430
f 4430 5377 5376
f 4430 5376 4432
f 4432 5376 4434
f 4428 4426 5377
f 5377 4426 5373
f 5377 5373 5674
f 5674 5373 5375
f 4420 5374 4422
f 4422 5374 5373
f 4422 5373 4424
f 4424 5373 4426
f 4420 4418 5374
f 5374 4418 5370
f 5374 5370 5675
f 5675 5370 5372
f 4412 5371 4414
f 4414 5371 5370
f 4414 5370 4416
f 4416 5370 4418
f 4412 4410 5371
f 5371 4410 5367
f 5371 5367 5676
f 5676 5367 5369
f 4404 5368 4406
f 4406 5368 5367
f 4406 5367 4408
f 4408 5367 4410
f 4404 4402 5368
f 5368 4402 5364
f 5368 5364 5677
f 5677 5364 5366
f 4396 5365 4398
f 4398 5365 5364
f 4398 5364 4400
f 4400 5364 4402
f 4396 4394 5365
f 5365 4394 5361
f 5365 5361 5678
f 5678 5361 5363
f 4900 5362 4902
f 4902 5362 5361
f 4902 5361 4392
f 4392 5361 4394
f 4900 4898 5362
f 5362 4898 5358
f 5362 5358 5679
f 5679 5358 5360
f 4892 5359 4894
f 4894 5359 5358
f 4894 5358 4896
f 4896 5358 4898
f 4892 4890 5359
f 5359 4890 5355
f 5359 5355 5680
f 5680 5355 5357
f 4884 5356 4886
f 4886 5356 5355
f 4886 5355 4888
f 4888 5355 4890
f 4884 4882 5356
f 5356 4882 5352
f 5356 5352 5681
f 5681 5352 5354
f 4876 5353 4878
f 4878 5353 5352
f 4878 5352 4880
f 4880 5352 4882
f 4876 4874 5353
f 5353 4874 5349
f 5353 5349 5682
f 5682 5349 5351
f 4868 5350 4870
f 4870 5350 5349
f 4870 5349 4872
f 4872 5349 4874
f 4868 4866 5350
f 5350 4866 5346
f 5350 5346 5683
f 5683 5346 5348
f 4860 5347 4862
f 4862 5347 5346
f 4862 5346 4864
f 4864 5346 4866
f 4860 4858 5347
f 5347 4858 5343
f 5347 5343 5684
f 5684 5343 5345
f 4852 5344 4854
f 4854 5344 5343
f 4854 5343 4856
f 4856 5343 4858
f 4852 4850 5344
f 5344 4850 5340
f 5344 5340 5685
f 5685 5340 5342
f 4844 5341 4846
f 4846 5341 5340
f 4846 5340 4848
f 4848 5340 4850
f 4844 4842 5341
f 5341 4842 5337
f 5341 5337 5686
f 5686 5337 5339
f 4836 5338 4838
f 4838 5338 5337
f 4838 5337 4840
f 4840 5337 4842
f 4836 4834 5338
f 5338 4834 5334
f 5338 5334 5687
f 5687 5334 5336
f 4828 5335 4830
f 4830 5335 5334
f 4830 5334 4832
f 4832 5334 4834
f 4828 4826 5335
f 5335 4826 5331
f 5335 5331 5688
f 5688 5331 5333
f 4820 5332 4822
f 4822 5332 5331
f 4822 5331 4824
f 4824 5331 4826
f 4820 4818 5332
f 5332 4818 5328
f 5332 5328 5689
f 5689 5328 5330
f 4812 5329 4814
f 4814 5329 5328
f 4814 5328 4816
f 4816 5328 4818
f 4812 4810 5329
f 5329 4810 5325
f 5329 5325 5690
f 5690 5325 5327
f 4804 5326 4806
f 4806 5326 5325
f 4806 5325 4808
f 4808 5325 4810
f 4804 4802 5326
f 5326 4802 5322
f 5326 5322 5691
f 5691 5322 5324
f 4796 5323 4798
f 4798 5323 5322
f 4798 5322 4800
f 4800 5322 4802
f 4796 4794 5323
f 5323 4794 5319
f 5323 5319 5692
f 5692 5319 5321
f 4788 5320 4790
f 4790 5320 5319
f 4790 5319 4792
f 4792 5319 4794
f 4788 4786 5320
f 5320 4786 5316
f 5320 5316 5693
f 5693 5316 5318
f 4780 5317 4782
f 4782 5317 5316
f 4782 5316 4784
f 4784 5316 4786
f 4780 4778 5317
f 5317 4778 5313
f 5317 5313 5694
f 5694 5313 5315
f 4772 5314 4774
f 4774 5314 5313
f 4774 5313 4776
f 4776 5313 4778
f 4772 4770 5314
f 5314 4770 5310
f 5314 5310 5695
f 5695 5310 5312
f 4764 5311 4766
f 4766 5311 5310
f 4766 5310 4768
f 4768 5310 4770
f 4764 4762 5311
f 5311 4762 5307
f 5311 5307 5696
f 5696 5307 5309
f 4756 5308 4758
f 4758 5308 5307
f 4758 5307 4760
f 4760 5307 4762
f 4756 4754 5308
f 5308 4754 5304
f 5308 5304 5697
f 5697 5304 5306
f 4748 5305 4750
f 4750 5305 5304
f 4750 5304 4752
f 4752 5304 4754
f 4748 4746 5305
f 5305 4746 5301
f 5305 5301 5698
f 5698 5301 5303
f 4740 5302 4742
f 4742 5302 5301
f 4742 5301 4744
f 4744 5301 4746
f 4740 4738 5302
f 5302 4738 5298
f 5302 5298 5699
f 5699 5298 5300
f 4732 5299 4734
f 4734 5299 5298
f 4734 5298 4736
f 4736 5298 4738
f 4732 4730 5299
f 5299 4730 5295
f 5299 5295 5700
f 5700 5295 5297
f 4724 5296 4726
f 4726 5296 5295
f 4726 5295 4728
f 4728 5295 4730
f 4724 4722 5296
f 5296 4722 5292
f 5296 5292 5701
f 5701 5292 5294
f 4716 5293 4718
f 4718 5293 5292
f 4718 5292 4720
f 4720 5292 4722
f 4716 4714 5293
f 5293 4714 5289
f 5293 5289 5702
f 5702 5289 5291
f 4708 5290 4710
f 4710 5290 5289
f 4710 5289 4712
f 4712 5289 4714
f 4708 4706 5290
f 5290 4706 5286
f 5290 5286 5703
f 5703 5286 5288
f 4700 5287 4702
f 4702 5287 5286
f 4702 5286 4704
f 4704 5286 4706
f 4700 4698 5287
f 5287 4698 5283
f 5287 5283 5704
f 5704 5283 5285
f 4692 5284 4694
f 4694 5284 5283
f 4694 5283 4696
f 4696 5283 4698
f 4692 4690 5284
f 5284 4690 5280
f 5284 5280 5705
f 5705 5280 5282
f 4684 5281 4686
f 4686 5281 5280
f 4686 5280 4688
f 4688 5280 4690
f 4684 4682 5281
f 5281 4682 5277
f 5281 5277 5706
f 5706 5277 5279
f 4676 5278 4678
f 4678 5278 5277
f 4678 5277 4680
f 4680 5277 4682
f 4676 4674 5278
f 5278 4674 5274
f 5278 5274 5707
f 5707 5274 5276
f 4668 5275 4670
f 4670 5275 5274
f 4670 5274 4672
f 4672 5274 4674
f 4668 4666 5275
f 5275 4666 5271
f 5275 5271 5708
f 5708 5271 5273
f 4660 5272 4662
f 4662 5272 5271
f 4662 5271 4664
f 4664 5271 4666
f 4660 4658 5272
f 5272 4658 5268
f 5272 5268 5709
f 5709 5268 5270
f 4652 5269 4654
f 4654 5269 5268
f 4654 5268 4656
f 4656 5268 4658
f 4652 4650 5269
f 5269 4650 5265
f 5269 5265 5710
f 5710 5265 5267
f 5164 5266 5166
f 5166 5266 5265
f 5166 5265 4648
f 4648 5265 4650
f 5164 5162 5266
f 5266 5162 5262
f 5266 5262 5711
f 5711 5262 5264
f 5156 5263 5158
f 5158 5263 5262
f 5158 5262 5160
f 5160 5262 5162
f 5156 5154 5263
f 5263 5154 5259
f 5263 5259 5712
f 5712 5259 5261
f 5148 5260 5150
f 5150 5260 5259
f 5150 5259 5152
f 5152 5259 5154
f 5148 5146 5260
f 5260 5146 5256
f 5260 5256 5713
f 5713 5256 5258
f 5140 5257 5142
f 5142 5257 5256
f 5142 5256 5144
f 5144 5256 5146
f 5140 5138 5257
f 5257 5138 5253
f 5257 5253 5714
f 5714 5253 5255
f 5132 5254 5134
f 5134 5254 5253
f 5134 5253 5136
f 5136 5253 5138
f 5132 5130 5254
f 5254 5130 5250
f 5254 5250 5715
f 5715 5250 5252
f 5124 5251 5126
f 5126 5251 5250
f 5126 5250 5128
f 5128 5250 5130
f 5124 5122 5251
f 5251 5122 5247
f 5251 5247 5716
f 5716 5247 5249
f 5116 5248 5118
f 5118 5248 5247
f 5118 5247 5120
f 5120 5247 5122
f 5116 5114 5248
f 5248 5114 5244
f 5248 5244 5717
f 5717 5244 5246
f 5108 5245 5110
f 5110 5245 5244
f 5110 5244 5112
f 5112 5244 5114
f 5108 5106 5245
f 5245 5106 5241
f 5245 5241 5718
f 5718 5241 5243
f 5100 5242 5102
f 5102 5242 5241
f 5102 5241 5104
f 5104 5241 5106
f 5100 5098 5242
f 5242 5098 5238
f 5242 5238 5719
f 5719 5238 5240
f 5092 5239 5094
f 5094 5239 5238
f 5094 5238 5096
f 5096 5238 5098
f 5092 5090 5239
f 5239 5090 5235
f 5239 5235 5720
f 5720 5235 5237
f 5084 5236 5086
f 5086 5236 5235
f 5086 5235 5088
f 5088 5235 5090
f 5084 5082 5236
f 5236 5082 5232
f 5236 5232 5721
f 5721 5232 5234
f 5076 5233 5078
f 5078 5233 5232
f 5078 5232 5080
f 5080 5232 5082
f 5076 5074 5233
f 5233 5074 5229
f 5233 5229 5722
f 5722 5229 5231
f 5068 5230 5070
f 5070 5230 5229
f 5070 5229 5072
f 5072 5229 5074
f 5068 5066 5230
f 5230 5066 5226
f 5230 5226 5723
f 5723 5226 5228
f 5060 5227 5062
f 5062 5227 5226
f 5062 5226 5064
f 5064 5226 5066
f 5060 5058 5227
f 5227 5058 5223
f 5227 5223 5724
f 5724 5223 5225
f 5052 5224 5054
f 5054 5224 5223
f 5054 5223 5056
f 5056 5223 5058
f 5052 5050 5224
f 5224 5050 5220
f 5224 5220 5725
f 5725 5220 5222
f 5044 5221 5046
f 5046 5221 5220
f 5046 5220 5048
f 5048 5220 5050
f 5044 5042 5221
f 5221 5042 5217
f 5221 5217 5726
f 5726 5217 5219
f 5036 5218 5038
f 5038 5218 5217
f 5038 5217 5040
f 5040 5217 5042
f 5036 5034 5218
f 5218 5034 5214
f 5218 5214 5727
f 5727 5214 5216
f 5028 5215 5030
f 5030 5215 5214
f 5030 5214 5032
f 5032 5214 5034
f 5028 5026 5215
f 5215 5026 5211
f 5215 5211 5728
f 5728 5211 5213
f 5020 5212 5022
f 5022 5212 5211
f 5022 5211 5024
f 5024 5211 5026
f 5020 5018 5212
f 5212 5018 5208
f 5212 5208 5729
f 5729 5208 5210
f 5012 5209 5014
f 5014 5209 5208
f 5014 5208 5016
f 5016 5208 5018
f 5012 5010 5209
f 5209 5010 5205
f 5209 5205 5730
f 5730 5205 5207
f 5004 5206 5006
f 5006 5206 5205
f 5006 5205 5008
f 5008 5205 5010
f 5004 5002 5206
f 5206 5002 5202
f 5206 5202 5731
f 5731 5202 5204
f 4996 5203 4998
f 4998 5203 5202
f 4998 5202 5000
f 5000 5202 5002
f 4996 4994 5203
f 5203 4994 5199
f 5203 5199 5732
f 5732 5199 5201
f 4988 5200 4990
f 4990 5200 5199
f 4990 5199 4992
f 4992 5199 4994
f 4988 4986 5200
f 5200 4986 5196
f 5200 5196 5733
f 5733 5196 5198
f 4980 5197 4982
f 4982 5197 5196
f 4982 5196 4984
f 4984 5196 4986
f 4980 4978 5197
f 5197 4978 5193
f 5197 5193 5734
f 5734 5193 5195
f 4972 5194 4974
f 4974 5194 5193
f 4974 5193 4976
f 4976 5193 4978
f 4972 4970 5194
f 5194 4970 5190
f 5194 5190 5735
f 5735 5190 5192
f 4964 5191 4966
f 4966 5191 5190
f 4966 5190 4968
f 4968 5190 4970
f 4964 4962 5191
f 5191 4962 5187
f 5191 5187 5736
f 5736 5187 5189
f 4956 5188 4958
f 4958 5188 5187
f 4958 5187 4960
f 4960 5187 4962
f 4956 4954 5188
f 5188 4954 5184
f 5188 5184 5737
f 5737 5184 5186
f 4948 5185 4950
f 4950 5185 5184
f 4950 5184 4952
f 4952 5184 4954
f 4948 4946 5185
f 5185 4946 5181
f 5185 5181 5738
f 5738 5181 5183
f 4940 5182 4942
f 4942 5182 5181
f 4942 5181 4944
f 4944 5181 4946
f 4940 4938 5182
f 5182 4938 5178
f 5182 5178 5739
f 5739 5178 5180
f 4932 5179 4934
f 4934 5179 5178
f 4934 5178 4936
f 4936 5178 4938
f 4932 4930 5179
f 5179 4930 5175
f 5179 5175 5740
f 5740 5175 5177
f 4924 5176 4926
f 4926 5176 5175
f 4926 5175 4928
f 4928 5175 4930
f 4924 4922 5176
f 5176 4922 5746
f 5176 5746 5741
f 5741 5746 5745
f 4922 4920 5746
f 5746 4920 4918
f 5746 4918 5552
f 5552 4918 4916
f 5552 4916 4914
f 5747 5748 5749
f 4914 4912 5553
f 4912 4911 5553
f 5553 4911 4908
f 5553 4908 5548
f 5548 4908 5550
f 5550 4908 4906
f 5550 4906 5551
f 5551 4906 5532
f 5532 4906 4904
f 5532 4904 5545
f 5545 4904 4903
f 5545 4903 5546
f 5546 4903 5750
f 5546 5750 5542
f 5542 5750 5751
f 5542 5751 5543
f 5540 5752 5753
f 5753 5752 5754
f 5753 5754 5755
f 5755 5754 5756
f 5757 5758 5756
f 5756 5758 5759
f 5756 5759 5755
f 5760 5761 5757
f 5757 5761 5762
f 5757 5762 5758
f 5763 5764 5760
f 5760 5764 5765
f 5760 5765 5761
f 5766 5767 5763
f 5763 5767 5768
f 5763 5768 5764
f 5769 5770 5766
f 5766 5770 5771
f 5766 5771 5767
f 5772 5773 5769
f 5769 5773 5774
f 5769 5774 5770
f 5775 5776 5772
f 5772 5776 5777
f 5772 5777 5773
f 5747 5778 5748
f 5748 5778 5779
f 5748 5779 5775
f 5775 5779 5780
f 5775 5780 5776
f 5781 5782 5783
f 5783 5782 5784
f 5783 5784 5749
f 5749 5784 5785
f 5749 5785 5747
f 5786 5787 5788
f 5788 5787 5789
f 5788 5789 5781
f 5781 5789 5790
f 5781 5790 5782
f 5791 5792 5793
f 5793 5792 5794
f 5793 5794 5786
f 5786 5794 5795
f 5786 5795 5787
f 5796 5797 5798
f 5798 5797 5799
f 5798 5799 5791
f 5791 5799 5800
f 5791 5800 5792
f 5801 5802 5803
f 5803 5802 5804
f 5803 5804 5796
f 5796 5804 5805
f 5796 5805 5797
f 5806 5807 5808
f 5808 5807 5809
f 5808 5809 5801
f 5801 5809 5810
f 5801 5810 5802
f 5811 5812 5813
f 5813 5812 5814
f 5813 5814 5806
f 5806 5814 5815
f 5806 5815 5807
f 5816 5817 5818
f 5818 5817 5819
f 5819 5820 5818
f 5818 5820 5821
f 5818 5821 5811
f 5811 5821 5822
f 5811 5822 5812
f 5823 5824 5825
f 5825 5824 5826
f 5825 5826 5816
f 5816 5826 5827
f 5816 5827 5817
f 5828 5829 5830
f 5830 5829 5831
f 5830 5831 5823
f 5823 5831 5832
f 5823 5832 5824
f 5833 5834 5835
f 5835 5834 5836
f 5835 5836 5828
f 5828 5836 5837
f 5828 5837 5829
f 5838 5839 5833
f 5833 5839 5840
f 5833 5840 5834
f 5751 5841 5543
f 5543 5841 5842
f 5543 5842 5535
f 5535 5842 5843
f 5535 5843 5539
f 5539 5843 5844
f 5539 5844 5540
f 5540 5844 5845
f 5540 5845 5752
f 5752 5845 5846
f 5752 5846 5847
f 5847 5846 5848
f 5847 5848 5838
f 5838 5848 5849
f 5838 5849 5839
f 5783 5749 5850
f 5850 5749 5748
f 5850 5748 5775
f 5786 5788 5850
f 5850 5788 5781
f 5850 5781 5783
f 5798 5791 5850
f 5850 5791 5793
f 5850 5793 5786
f 5801 5803 5850
f 5850 5803 5796
f 5850 5796 5798
f 5813 5806 5850
f 5850 5806 5808
f 5850 5808 5801
f 5816 5818 5850
f 5850 5818 5811
f 5850 5811 5813
f 5830 5823 5850
f 5850 5823 5825
f 5850 5825 5816
f 5833 5835 5850
f 5850 5835 5828
f 5850 5828 5830
f 5752 5847 5850
f 5850 5847 5838
f 5850 5838 5833
f 5757 5756 5850
f 5850 5756 5754
f 5850 5754 5752
f 5766 5763 5850
f 5850 5763 5760
f 5850 5760 5757
f 5775 5772 5850
f 5850 5772 5769
f 5850 5769 5766
f 4267 4269 5851
f 5852 5778 5747
f 5817 5853 5819
f 5854 5750 5855
f 5855 5750 4903
f 5855 4903 5856
f 5842 5841 5854
f 5854 5841 5751
f 5854 5751 5750
f 5854 5857 5842
f 5842 5857 5858
f 5842 5858 5843
f 5859 5846 5845
f 5834 5840 5860
f 5860 5840 5839
f 5860 5839 5849
f 5860 5861 5834
f 5834 5861 5862
f 5834 5862 5836
f 5832 5831 5863
f 5863 5831 5829
f 5827 5826 5864
f 5864 5826 5824
f 5822 5865 5866
f 5822 5866 5812
f 5812 5866 5867
f 5812 5867 5814
f 5867 5868 5814
f 5814 5868 5869
f 5814 5869 5815
f 5815 5869 5870
f 5815 5870 5807
f 5807 5870 5871
f 5807 5871 5809
f 5871 5872 5809
f 5809 5872 5873
f 5809 5873 5810
f 5810 5873 5874
f 5810 5874 5802
f 5802 5874 5875
f 5802 5875 5804
f 5804 5875 5876
f 5804 5876 5805
f 5805 5876 5877
f 5805 5877 5797
f 5877 5878 5797
f 5797 5878 5879
f 5797 5879 5799
f 5799 5879 5880
f 5799 5880 5800
f 5800 5880 5881
f 5800 5881 5792
f 5881 5882 5792
f 5792 5882 5883
f 5792 5883 5794
f 5794 5883 5884
f 5794 5884 5795
f 5795 5884 5885
f 5795 5885 5787
f 5885 5886 5787
f 5787 5886 5887
f 5787 5887 5789
f 5789 5887 5888
f 5789 5888 5790
f 5790 5888 5889
f 5790 5889 5782
f 5889 5890 5782
f 5782 5890 5891
f 5782 5891 5784
f 5784 5891 5892
f 5784 5892 5785
f 5785 5892 5893
f 5785 5893 5747
f 5747 5893 5894
f 5747 5894 5852
f 4264 5895 5896
f 4264 5896 4261
f 5897 4281 5898
f 5898 4281 4283
f 5898 4283 5899
f 5899 4283 4259
f 5899 4259 5896
f 5896 4259 4261
f 5900 4277 5897
f 5897 4277 4279
f 5897 4279 4281
f 5901 4274 5900
f 5900 4274 4277
f 5902 4296 5903
f 5903 4296 4298
f 5903 4298 5901
f 5901 4298 4272
f 5901 4272 4274
f 5904 4292 5902
f 5902 4292 4294
f 5902 4294 4296
f 5905 4288 5904
f 5904 4288 4290
f 5904 4290 4292
f 5906 4387 5907
f 5907 4387 5905
f 5905 4387 4286
f 5905 4286 4288
f 5908 4383 5906
f 5906 4383 4385
f 5906 4385 4387
f 5909 4379 5908
f 5908 4379 4381
f 5908 4381 4383
f 5910 4375 5909
f 5909 4375 4377
f 5909 4377 4379
f 5911 4371 5910
f 5910 4371 4373
f 5910 4373 4375
f 5912 4367 5911
f 5911 4367 4369
f 5911 4369 4371
f 5913 4363 5912
f 5912 4363 4365
f 5912 4365 4367
f 5914 4359 5913
f 5913 4359 4361
f 5913 4361 4363
f 5915 4355 5914
f 5914 4355 4357
f 5914 4357 4359
f 5916 4351 5915
f 5915 4351 4353
f 5915 4353 4355
f 5917 4347 5916
f 5916 4347 4349
f 5916 4349 4351
f 5918 4343 5917
f 5917 4343 4345
f 5917 4345 4347
f 5919 4339 5918
f 5918 4339 4341
f 5918 4341 4343
f 5920 4335 5919
f 5919 4335 4337
f 5919 4337 4339
f 5921 4331 5920
f 5920 4331 4333
f 5920 4333 4335
f 5922 4327 5921
f 5921 4327 4329
f 5921 4329 4331
f 5923 4323 5922
f 5922 4323 4325
f 5922 4325 4327
f 5924 4319 5923
f 5923 4319 4321
f 5923 4321 4323
f 5925 4315 5924
f 5924 4315 4317
f 5924 4317 4319
f 5926 4311 5925
f 5925 4311 4313
f 5925 4313 4315
f 5927 4307 5926
f 5926 4307 4309
f 5926 4309 4311
f 5928 4303 5927
f 5927 4303 4305
f 5927 4305 4307
f 5929 4645 5928
f 5928 4645 4301
f 5928 4301 4303
f 5930 4641 5929
f 5929 4641 4643
f 5929 4643 4645
f 5931 4637 5930
f 5930 4637 4639
f 5930 4639 4641
f 5932 4633 5931
f 5931 4633 4635
f 5931 4635 4637
f 5933 4629 5932
f 5932 4629 4631
f 5932 4631 4633
f 5934 4625 5933
f 5933 4625 4627
f 5933 4627 4629
f 5935 4621 5934
f 5934 4621 4623
f 5934 4623 4625
f 5936 4617 5935
f 5935 4617 4619
f 5935 4619 4621
f 5937 4613 5936
f 5936 4613 4615
f 5936 4615 4617
f 5938 4609 5937
f 5937 4609 4611
f 5937 4611 4613
f 5939 4605 5938
f 5938 4605 4607
f 5938 4607 4609
f 5940 4601 5939
f 5939 4601 4603
f 5939 4603 4605
f 5941 4597 5940
f 5940 4597 4599
f 5940 4599 4601
f 5942 4593 5941
f 5941 4593 4595
f 5941 4595 4597
f 5943 4589 5942
f 5942 4589 4591
f 5942 4591 4593
f 5944 4585 5943
f 5943 4585 4587
f 5943 4587 4589
f 5945 4581 5944
f 5944 4581 4583
f 5944 4583 4585
f 5946 4577 5945
f 5945 4577 4579
f 5945 4579 4581
f 5947 4573 5946
f 5946 4573 4575
f 5946 4575 4577
f 5948 4569 5947
f 5947 4569 4571
f 5947 4571 4573
f 5949 4565 5948
f 5948 4565 4567
f 5948 4567 4569
f 5950 4561 5949
f 5949 4561 4563
f 5949 4563 4565
f 5951 4557 5950
f 5950 4557 4559
f 5950 4559 4561
f 5952 4553 5951
f 5951 4553 4555
f 5951 4555 4557
f 5953 4549 5952
f 5952 4549 4551
f 5952 4551 4553
f 5954 4545 5953
f 5953 4545 4547
f 5953 4547 4549
f 5955 4541 5954
f 5954 4541 4543
f 5954 4543 4545
f 5956 4537 5955
f 5955 4537 4539
f 5955 4539 4541
f 5957 4533 5956
f 5956 4533 4535
f 5956 4535 4537
f 5958 4529 5957
f 5957 4529 4531
f 5957 4531 4533
f 5959 4525 5958
f 5958 4525 4527
f 5958 4527 4529
f 5960 4521 5959
f 5959 4521 4523
f 5959 4523 4525
f 5961 4517 5960
f 5960 4517 4519
f 5960 4519 4521
f 5962 4513 5961
f 5961 4513 4515
f 5961 4515 4517
f 5963 4509 5962
f 5962 4509 4511
f 5962 4511 4513
f 5964 4505 5963
f 5963 4505 4507
f 5963 4507 4509
f 5965 4501 5964
f 5964 4501 4503
f 5964 4503 4505
f 5966 4497 5965
f 5965 4497 4499
f 5965 4499 4501
f 5967 4493 5966
f 5966 4493 4495
f 5966 4495 4497
f 5968 4489 5967
f 5967 4489 4491
f 5967 4491 4493
f 5969 4485 5968
f 5968 4485 4487
f 5968 4487 4489
f 5970 4481 5969
f 5969 4481 4483
f 5969 4483 4485
f 5971 4477 5970
f 5970 4477 4479
f 5970 4479 4481
f 5972 4473 5971
f 5971 4473 4475
f 5971 4475 4477
f 5973 4469 5972
f 5972 4469 4471
f 5972 4471 4473
f 5974 4465 5973
f 5973 4465 4467
f 5973 4467 4469
f 5975 4461 5974
f 5974 4461 4463
f 5974 4463 4465
f 5976 4457 5975
f 5975 4457 4459
f 5975 4459 4461
f 5977 4453 5976
f 5976 4453 4455
f 5976 4455 4457
f 5978 4449 5977
f 5977 4449 4451
f 5977 4451 4453
f 5979 4445 5978
f 5978 4445 4447
f 5978 4447 4449
f 5980 4441 5979
f 5979 4441 4443
f 5979 4443 4445
f 5981 4437 5980
f 5980 4437 4439
f 5980 4439 4441
f 5982 4433 5981
f 5981 4433 4435
f 5981 4435 4437
f 5983 4429 5982
f 5982 4429 4431
f 5982 4431 4433
f 5984 4425 5983
f 5983 4425 4427
f 5983 4427 4429
f 5985 4421 5984
f 5984 4421 4423
f 5984 4423 4425
f 5986 4417 5985
f 5985 4417 4419
f 5985 4419 4421
f 5987 4413 5986
f 5986 4413 4415
f 5986 4415 4417
f 5988 4409 5987
f 5987 4409 4411
f 5987 4411 4413
f 5989 4405 5988
f 5988 4405 4407
f 5988 4407 4409
f 5990 4401 5989
f 5989 4401 4403
f 5989 4403 4405
f 5991 4397 5990
f 5990 4397 4399
f 5990 4399 4401
f 5992 4393 5991
f 5991 4393 4395
f 5991 4395 4397
f 5993 4901 5992
f 5992 4901 4391
f 5992 4391 4393
f 5994 4897 5993
f 5993 4897 4899
f 5993 4899 4901
f 5995 4893 5994
f 5994 4893 4895
f 5994 4895 4897
f 5996 4889 5995
f 5995 4889 4891
f 5995 4891 4893
f 5997 4885 5996
f 5996 4885 4887
f 5996 4887 4889
f 5998 4881 5997
f 5997 4881 4883
f 5997 4883 4885
f 5999 4877 5998
f 5998 4877 4879
f 5998 4879 4881
f 6000 4873 5999
f 5999 4873 4875
f 5999 4875 4877
f 6001 4869 6000
f 6000 4869 4871
f 6000 4871 4873
f 6002 4865 6001
f 6001 4865 4867
f 6001 4867 4869
f 6003 4861 6002
f 6002 4861 4863
f 6002 4863 4865
f 6004 4857 6003
f 6003 4857 4859
f 6003 4859 4861
f 6005 4853 6004
f 6004 4853 4855
f 6004 4855 4857
f 6006 4849 6005
f 6005 4849 4851
f 6005 4851 4853
f 6007 4845 6006
f 6006 4845 4847
f 6006 4847 4849
f 6008 4841 6007
f 6007 4841 4843
f 6007 4843 4845
f 6009 4837 6008
f 6008 4837 4839
f 6008 4839 4841
f 6010 4833 6009
f 6009 4833 4835
f 6009 4835 4837
f 6011 4829 6010
f 6010 4829 4831
f 6010 4831 4833
f 6012 4825 6011
f 6011 4825 4827
f 6011 4827 4829
f 6013 4821 6012
f 6012 4821 4823
f 6012 4823 4825
f 6014 4817 6013
f 6013 4817 4819
f 6013 4819 4821
f 6015 4813 6014
f 6014 4813 4815
f 6014 4815 4817
f 6016 4809 6015
f 6015 4809 4811
f 6015 4811 4813
f 6017 4805 6016
f 6016 4805 4807
f 6016 4807 4809
f 6018 4801 6017
f 6017 4801 4803
f 6017 4803 4805
f 6019 4797 6018
f 6018 4797 4799
f 6018 4799 4801
f 6020 4793 6019
f 6019 4793 4795
f 6019 4795 4797
f 6021 4789 6020
f 6020 4789 4791
f 6020 4791 4793
f 6022 4785 6021
f 6021 4785 4787
f 6021 4787 4789
f 6023 4781 6022
f 6022 4781 4783
f 6022 4783 4785
f 6024 4777 6023
f 6023 4777 4779
f 6023 4779 4781
f 6025 4773 6024
f 6024 4773 4775
f 6024 4775 4777
f 6026 4769 6025
f 6025 4769 4771
f 6025 4771 4773
f 6027 4765 6026
f 6026 4765 4767
f 6026 4767 4769
f 6028 4761 6027
f 6027 4761 4763
f 6027 4763 4765
f 6029 4757 6028
f 6028 4757 4759
f 6028 4759 4761
f 6030 4753 6029
f 6029 4753 4755
f 6029 4755 4757
f 6031 4749 6030
f 6030 4749 4751
f 6030 4751 4753
f 6032 4745 6031
f 6031 4745 4747
f 6031 4747 4749
f 6033 4741 6032
f 6032 4741 4743
f 6032 4743 4745
f 6034 4737 6033
f 6033 4737 4739
f 6033 4739 4741
f 6035 4733 6034
f 6034 4733 4735
f 6034 4735 4737
f 6036 4729 6035
f 6035 4729 4731
f 6035 4731 4733
f 6037 4725 6036
f 6036 4725 4727
f 6036 4727 4729
f 6038 4721 6037
f 6037 4721 4723
f 6037 4723 4725
f 6039 4717 6038
f 6038 4717 4719
f 6038 4719 4721
f 6040 4713 6039
f 6039 4713 4715
f 6039 4715 4717
f 6041 4709 6040
f 6040 4709 4711
f 6040 4711 4713
f 6042 4705 6041
f 6041 4705 4707
f 6041 4707 4709
f 6043 4701 6042
f 6042 4701 4703
f 6042 4703 4705
f 6044 4697 6043
f 6043 4697 4699
f 6043 4699 4701
f 6045 4693 6044
f 6044 4693 4695
f 6044 4695 4697
f 6046 4689 6045
f 6045 4689 4691
f 6045 4691 4693
f 6047 4685 6046
f 6046 4685 4687
f 6046 4687 4689
f 6048 4681 6047
f 6047 4681 4683
f 6047 4683 4685
f 6049 4677 6048
f 6048 4677 4679
f 6048 4679 4681
f 6050 4673 6049
f 6049 4673 4675
f 6049 4675 4677
f 6051 4669 6050
f 6050 4669 4671
f 6050 4671 4673
f 6052 4665 6051
f 6051 4665 4667
f 6051 4667 4669
f 6053 4661 6052
f 6052 4661 4663
f 6052 4663 4665
f 6054 4657 6053
f 6053 4657 4659
f 6053 4659 4661
f 6055 4653 6054
f 6054 4653 4655
f 6054 4655 4657
f 6056 4649 6055
f 6055 4649 4651
f 6055 4651 4653
f 6057 5165 6056
f 6056 5165 4647
f 6056 4647 4649
f 6058 5161 6057
f 6057 5161 5163
f 6057 5163 5165
f 6059 5157 6058
f 6058 5157 5159
f 6058 5159 5161
f 6060 5153 6059
f 6059 5153 5155
f 6059 5155 5157
f 6061 5149 6060
f 6060 5149 5151
f 6060 5151 5153
f 6062 5145 6061
f 6061 5145 5147
f 6061 5147 5149
f 6063 5141 6062
f 6062 5141 5143
f 6062 5143 5145
f 6064 5137 6063
f 6063 5137 5139
f 6063 5139 5141
f 6065 5133 6064
f 6064 5133 5135
f 6064 5135 5137
f 6066 5129 6065
f 6065 5129 5131
f 6065 5131 5133
f 6067 5125 6066
f 6066 5125 5127
f 6066 5127 5129
f 6068 5121 6067
f 6067 5121 5123
f 6067 5123 5125
f 6069 5117 6068
f 6068 5117 5119
f 6068 5119 5121
f 6070 5113 6069
f 6069 5113 5115
f 6069 5115 5117
f 6071 5109 6070
f 6070 5109 5111
f 6070 5111 5113
f 6072 5105 6071
f 6071 5105 5107
f 6071 5107 5109
f 6073 5101 6072
f 6072 5101 5103
f 6072 5103 5105
f 6074 5097 6073
f 6073 5097 5099
f 6073 5099 5101
f 6075 5093 6074
f 6074 5093 5095
f 6074 5095 5097
f 6076 5089 6075
f 6075 5089 5091
f 6075 5091 5093
f 6077 5085 6076
f 6076 5085 5087
f 6076 5087 5089
f 6078 5081 6077
f 6077 5081 5083
f 6077 5083 5085
f 6079 5077 6078
f 6078 5077 5079
f 6078 5079 5081
f 6080 5073 6079
f 6079 5073 5075
f 6079 5075 5077
f 6081 5069 6080
f 6080 5069 5071
f 6080 5071 5073
f 6082 5065 6081
f 6081 5065 5067
f 6081 5067 5069
f 6083 5061 6082
f 6082 5061 5063
f 6082 5063 5065
f 6084 5057 6083
f 6083 5057 5059
f 6083 5059 5061
f 6085 5053 6084
f 6084 5053 5055
f 6084 5055 5057
f 6086 5049 6085
f 6085 5049 5051
f 6085 5051 5053
f 6087 5045 6086
f 6086 5045 5047
f 6086 5047 5049
f 6088 5041 6087
f 6087 5041 5043
f 6087 5043 5045
f 6089 5037 6088
f 6088 5037 5039
f 6088 5039 5041
f 6090 5033 6089
f 6089 5033 5035
f 6089 5035 5037
f 6091 5029 6090
f 6090 5029 5031
f 6090 5031 5033
f 6092 5025 6091
f 6091 5025 5027
f 6091 5027 5029
f 6093 5021 6092
f 6092 5021 5023
f 6092 5023 5025
f 6094 5017 6093
f 6093 5017 5019
f 6093 5019 5021
f 6095 5013 6094
f 6094 5013 5015
f 6094 5015 5017
f 6096 5009 6095
f 6095 5009 5011
f 6095 5011 5013
f 6097 5005 6096
f 6096 5005 5007
f 6096 5007 5009
f 6098 5001 6097
f 6097 5001 5003
f 6097 5003 5005
f 6099 4997 6098
f 6098 4997 4999
f 6098 4999 5001
f 6100 4993 6099
f 6099 4993 4995
f 6099 4995 4997
f 6101 4989 6100
f 6100 4989 4991
f 6100 4991 4993
f 6102 4985 6101
f 6101 4985 4987
f 6101 4987 4989
f 6103 4981 6102
f 6102 4981 4983
f 6102 4983 4985
f 6104 4977 6103
f 6103 4977 4979
f 6103 4979 4981
f 6105 4973 6104
f 6104 4973 4975
f 6104 4975 4977
f 6106 4969 6105
f 6105 4969 4971
f 6105 4971 4973
f 6107 4965 6106
f 6106 4965 4967
f 6106 4967 4969
f 6108 4961 6107
f 6107 4961 4963
f 6107 4963 4965
f 6109 4957 6108
f 6108 4957 4959
f 6108 4959 4961
f 6110 4953 6109
f 6109 4953 4955
f 6109 4955 4957
f 6111 4949 6110
f 6110 4949 4951
f 6110 4951 4953
f 6112 4945 6111
f 6111 4945 4947
f 6111 4947 4949
f 6113 4941 6112
f 6112 4941 4943
f 6112 4943 4945
f 6114 4937 6113
f 6113 4937 4939
f 6113 4939 4941
f 6115 4933 6114
f 6114 4933 4935
f 6114 4935 4937
f 6116 4929 6115
f 6115 4929 4931
f 6115 4931 4933
f 6117 4925 6116
f 6116 4925 4927
f 6116 4927 4929
f 6118 4921 6117
f 6117 4921 4923
f 6117 4923 4925
f 6119 4917 6118
f 6118 4917 4919
f 6118 4919 4921
f 6120 4913 6119
f 6119 4913 4915
f 6119 4915 4917
f 6121 5168 6120
f 6120 5168 5167
f 6120 5167 4913
f 6122 4909 6121
f 6121 4909 5169
f 6121 5169 5168
f 4903 4905 5856
f 5856 4905 4907
f 5856 4907 6122
f 6122 4907 4910
f 6122 4910 4909
f 5173 5851 5174
f 5174 5851 4269
f 5174 4269 4221
f 5173 6123 5851
f 5851 6123 5895
f 5851 5895 4267
f 4267 5895 4264
f 5895 6123 6124
f 5895 6124 5896
f 5896 6124 6125
f 5896 6125 5899
f 5899 6125 6126
f 5899 6126 5898
f 5898 6126 6127
f 5898 6127 5897
f 5897 6127 6128
f 5897 6128 5900
f 5900 6128 6129
f 5900 6129 5901
f 5901 6129 6130
f 5901 6130 5903
f 5903 6130 6131
f 5903 6131 5902
f 5902 6131 6132
f 5902 6132 5904
f 5904 6132 6133
f 5904 6133 5905
f 5905 6133 6134
f 5905 6134 5907
f 5907 6134 6135
f 5907 6135 5906
f 5906 6135 6136
f 5906 6136 5908
f 5908 6136 6137
f 5908 6137 5909
f 5909 6137 6138
f 5909 6138 5910
f 5910 6138 6139
f 5910 6139 5911
f 5911 6139 6140
f 5911 6140 5912
f 5912 6140 6141
f 5912 6141 5913
f 5913 6141 6142
f 5913 6142 5914
f 5914 6142 6143
f 5914 6143 5915
f 5915 6143 6144
f 5915 6144 5916
f 5916 6144 6145
f 5916 6145 5917
f 6145 6146 5917
f 5917 6146 5918
f 5918 6146 6147
f 5918 6147 5919
f 5919 6147 6148
f 5919 6148 5920
f 5920 6148 6149
f 5920 6149 5921
f 6149 6150 5921
f 5921 6150 5922
f 5922 6150 6151
f 5922 6151 5923
f 5923 6151 6152
f 5923 6152 5924
f 5924 6152 6153
f 5924 6153 5925
f 6153 6154 5925
f 5925 6154 5926
f 5926 6154 6155
f 5926 6155 5927
f 5927 6155 6156
f 5927 6156 5928
f 5928 6156 6157
f 5928 6157 5929
f 5929 6157 6158
f 5929 6158 5930
f 6158 6159 5930
f 5930 6159 6160
f 5930 6160 5931
f 5931 6160 6161
f 5931 6161 5932
f 5932 6161 6162
f 5932 6162 5933
f 5933 6162 6163
f 5933 6163 5934
f 6163 6164 5934
f 5934 6164 6165
f 5934 6165 5935
f 5935 6165 6166
f 5935 6166 5936
f 5936 6166 6167
f 5936 6167 5937
f 5937 6167 6168
f 5937 6168 5938
f 5938 6168 6169
f 5938 6169 5939
f 6169 6170 5939
f 5939 6170 6171
f 5939 6171 5940
f 5940 6171 6172
f 5940 6172 5941
f 5941 6172 6173
f 5941 6173 5942
f 5942 6173 6174
f 5942 6174 5943
f 6174 6175 5943
f 5943 6175 6176
f 5943 6176 5944
f 5944 6176 6177
f 5944 6177 5945
f 5945 6177 6178
f 5945 6178 5946
f 5946 6178 6179
f 5946 6179 5947
f 5947 6179 6180
f 5947 6180 5948
f 6180 6181 5948
f 5948 6181 6182
f 5948 6182 5949
f 5949 6182 6183
f 5949 6183 5950
f 5950 6183 6184
f 5950 6184 5951
f 5951 6184 6185
f 5951 6185 5952
f 6185 6186 5952
f 5952 6186 6187
f 5952 6187 5953
f 5953 6187 6188
f 5953 6188 5954
f 5954 6188 6189
f 5954 6189 5955
f 5955 6189 6190
f 5955 6190 5956
f 5956 6190 6191
f 5956 6191 5957
f 6191 6192 5957
f 5957 6192 6193
f 5957 6193 5958
f 5958 6193 6194
f 5958 6194 5959
f 5959 6194 6195
f 5959 6195 5960
f 5960 6195 6196
f 5960 6196 5961
f 6196 6197 5961
f 5961 6197 6198
f 5961 6198 5962
f 5962 6198 6199
f 5962 6199 5963
f 5963 6199 6200
f 5963 6200 5964
f 5964 6200 6201
f 5964 6201 5965
f 5965 6201 6202
f 5965 6202 5966
f 6202 6203 5966
f 5966 6203 6204
f 5966 6204 5967
f 5967 6204 6205
f 5967 6205 5968
f 5968 6205 6206
f 5968 6206 5969
f 5969 6206 6207
f 5969 6207 5970
f 6207 6208 5970
f 5970 6208 6209
f 5970 6209 5971
f 5971 6209 6210
f 5971 6210 5972
f 5972 6210 6211
f 5972 6211 5973
f 5973 6211 6212
f 5973 6212 5974
f 5974 6212 6213
f 5974 6213 5975
f 6213 6214 5975
f 5975 6214 6215
f 5975 6215 5976
f 5976 6215 6216
f 5976 6216 5977
f 5977 6216 6217
f 5977 6217 5978
f 5978 6217 6218
f 5978 6218 5979
f 6218 6219 5979
f 5979 6219 6220
f 5979 6220 5980
f 5980 6220 6221
f 5980 6221 5981
f 5981 6221 6222
f 5981 6222 5982
f 5982 6222 6223
f 5982 6223 5983
f 5983 6223 6224
f 5983 6224 5984
f 5984 6224 6225
f 5984 6225 5985
f 5985 6225 6226
f 5985 6226 5986
f 5986 6226 6227
f 5986 6227 5987
f 5987 6227 6228
f 5987 6228 5988
f 6229 6000 6230
f 6230 6000 5999
f 6230 5999 6231
f 6231 5999 5998
f 6231 5998 6232
f 6232 5998 5997
f 6232 5997 6233
f 6233 5997 5996
f 6233 5996 6234
f 6234 5996 5995
f 6234 5995 6235
f 6235 5995 5994
f 6235 5994 6236
f 6236 5994 5993
f 6236 5993 6237
f 6237 5993 5992
f 6237 5992 6238
f 6238 5992 5991
f 6238 5991 6239
f 6239 5991 5990
f 6239 5990 6240
f 6240 5990 5989
f 6240 5989 6241
f 6241 5989 5988
f 6241 5988 6242
f 6242 5988 6228
f 6243 5859 6244
f 6244 5859 5845
f 6244 5845 5858
f 5858 5845 5844
f 5858 5844 5843
f 6000 6229 6001
f 6001 6229 6245
f 6001 6245 6002
f 6002 6245 6246
f 6002 6246 6003
f 6003 6246 6247
f 6003 6247 6004
f 6004 6247 6248
f 6004 6248 6005
f 6005 6248 6249
f 6005 6249 6006
f 6006 6249 6250
f 6006 6250 6007
f 6007 6250 6251
f 6007 6251 6008
f 6008 6251 6252
f 6008 6252 6009
f 6009 6252 6253
f 6009 6253 6010
f 6010 6253 6254
f 6010 6254 6011
f 6011 6254 6255
f 6011 6255 6012
f 6012 6255 6256
f 6012 6256 6013
f 6013 6256 6257
f 6013 6257 6014
f 6014 6257 6258
f 6014 6258 6015
f 6015 6258 6259
f 6015 6259 6016
f 6016 6259 6260
f 6016 6260 6017
f 6017 6260 6261
f 6017 6261 6018
f 6018 6261 6262
f 6018 6262 6019
f 6019 6262 6263
f 6019 6263 6020
f 6020 6263 6264
f 6020 6264 6021
f 6021 6264 6265
f 6021 6265 6022
f 6022 6265 6266
f 6022 6266 6023
f 6023 6266 6267
f 6023 6267 6024
f 6024 6267 6268
f 6024 6268 6025
f 6025 6268 6269
f 6025 6269 6026
f 6026 6269 6270
f 6026 6270 6027
f 6027 6270 6271
f 6027 6271 6028
f 6028 6271 6272
f 6028 6272 6029
f 6029 6272 6273
f 6029 6273 6030
f 6030 6273 6274
f 6030 6274 6031
f 6031 6274 6275
f 6031 6275 6032
f 6032 6275 6276
f 6032 6276 6033
f 6033 6276 6277
f 6033 6277 6034
f 6034 6277 6278
f 6034 6278 6035
f 6035 6278 6279
f 6035 6279 6036
f 6036 6279 6280
f 6036 6280 6037
f 6037 6280 6281
f 6037 6281 6038
f 6038 6281 6282
f 6038 6282 6039
f 6039 6282 6283
f 6039 6283 6040
f 6040 6283 6284
f 6040 6284 6041
f 6041 6284 6285
f 6041 6285 6042
f 6042 6285 6286
f 6042 6286 6043
f 6043 6286 6287
f 6043 6287 6044
f 6044 6287 6288
f 6044 6288 6045
f 6045 6288 6289
f 6045 6289 6046
f 6046 6289 6290
f 6046 6290 6047
f 6047 6290 6291
f 6047 6291 6048
f 6048 6291 6292
f 6048 6292 6049
f 6049 6292 6293
f 6049 6293 6050
f 6050 6293 6294
f 6050 6294 6051
f 6051 6294 6295
f 6051 6295 6052
f 6052 6295 6296
f 6052 6296 6053
f 6053 6296 6297
f 6053 6297 6054
f 6054 6297 6298
f 6054 6298 6055
f 6055 6298 6299
f 6055 6299 6056
f 6056 6299 6300
f 6056 6300 6057
f 6057 6300 6301
f 6057 6301 6058
f 6058 6301 6302
f 6058 6302 6059
f 6059 6302 6303
f 6059 6303 6060
f 6060 6303 6304
f 6060 6304 6061
f 6061 6304 6305
f 6061 6305 6062
f 6062 6305 6306
f 6062 6306 6063
f 6063 6306 6307
f 6063 6307 6064
f 6064 6307 6308
f 6064 6308 6065
f 6065 6308 6309
f 6065 6309 6066
f 6066 6309 6310
f 6066 6310 6067
f 6067 6310 6311
f 6067 6311 6068
f 6068 6311 6312
f 6068 6312 6069
f 6069 6312 6313
f 6069 6313 6070
f 6070 6313 6314
f 6070 6314 6071
f 6071 6314 6315
f 6071 6315 6072
f 6072 6315 6316
f 6072 6316 6073
f 6073 6316 6317
f 6073 6317 6074
f 6074 6317 6318
f 6074 6318 6075
f 6075 6318 6319
f 6075 6319 6076
f 6076 6319 6320
f 6076 6320 6077
f 6077 6320 6321
f 6077 6321 6078
f 6078 6321 6322
f 6078 6322 6079
f 6079 6322 6323
f 6079 6323 6080
f 6080 6323 6324
f 6080 6324 6081
f 6081 6324 6325
f 6081 6325 6082
f 6082 6325 6326
f 6082 6326 6083
f 6083 6326 6327
f 6083 6327 6084
f 6084 6327 6328
f 6084 6328 6085
f 6085 6328 6329
f 6085 6329 6086
f 6086 6329 6330
f 6086 6330 6087
f 6087 6330 6331
f 6087 6331 6088
f 6088 6331 6332
f 6088 6332 6089
f 6089 6332 6333
f 6089 6333 6090
f 6090 6333 6334
f 6090 6334 6091
f 6091 6334 6335
f 6091 6335 6092
f 6092 6335 6336
f 6092 6336 6093
f 6093 6336 6337
f 6093 6337 6094
f 6094 6337 6338
f 6094 6338 6095
f 6095 6338 6339
f 6095 6339 6096
f 6096 6339 6340
f 6096 6340 6097
f 6097 6340 6341
f 6097 6341 6098
f 6098 6341 6342
f 6098 6342 6099
f 6099 6342 6343
f 6099 6343 6100
f 6100 6343 6344
f 6100 6344 6101
f 6101 6344 6345
f 6101 6345 6102
f 6102 6345 6346
f 6102 6346 6103
f 6103 6346 6347
f 6103 6347 6104
f 6104 6347 6348
f 6104 6348 6105
f 6105 6348 6349
f 6105 6349 6106
f 6106 6349 6350
f 6106 6350 6107
f 6107 6350 6351
f 6107 6351 6108
f 6108 6351 6352
f 6108 6352 6109
f 6109 6352 6353
f 6109 6353 6110
f 6110 6353 6354
f 6110 6354 6111
f 6111 6354 6355
f 6111 6355 6112
f 6112 6355 6356
f 6112 6356 6113
f 6113 6356 6357
f 6113 6357 6114
f 6114 6357 6358
f 6114 6358 6115
f 6115 6358 6359
f 6115 6359 6116
f 6116 6359 6360
f 6116 6360 6117
f 6117 6360 6361
f 6117 6361 6118
f 6118 6361 6362
f 6118 6362 6119
f 6119 6362 6363
f 6119 6363 6120
f 6120 6363 6364
f 6120 6364 6121
f 6121 6364 6365
f 6121 6365 6122
f 6122 6365 6366
f 6122 6366 5856
f 5856 6366 6367
f 5856 6367 5855
f 5855 6367 6368
f 5855 6368 5854
f 5854 6368 6369
f 5854 6369 5857
f 5857 6369 6370
f 5857 6370 5858
f 5858 6370 6371
f 5858 6371 6244
f 6244 6371 6243
f 6243 6372 5859
f 5859 6372 6373
f 5859 6373 6374
f 6374 6373 6375
f 6374 6375 6376
f 6376 5860 6374
f 6374 5860 5849
f 6374 5849 5859
f 5859 5849 5848
f 5859 5848 5846
f 6376 6377 5860
f 5860 6377 6378
f 5860 6378 5861
f 5861 6378 6379
f 5861 6379 5862
f 6379 6380 5862
f 5862 6380 6381
f 5862 6381 6382
f 6382 6381 6383
f 6382 6383 6384
f 6384 5863 6382
f 6382 5863 5829
f 6382 5829 5862
f 5862 5829 5837
f 5862 5837 5836
f 6384 6385 5863
f 5863 6385 6386
f 5863 6386 6387
f 6387 6386 6388
f 6387 6388 6389
f 5832 5863 5824
f 5824 5863 6387
f 5824 6387 5864
f 5864 6387 6389
f 5864 6389 6390
f 6390 6391 5864
f 5864 6391 5853
f 5864 5853 5827
f 5827 5853 5817
f 5822 5821 5865
f 5865 5821 5820
f 5865 5820 6392
f 6392 5820 5819
f 6392 5819 6393
f 6393 5819 5853
f 6393 5853 6394
f 6394 5853 6391
f 5770 6395 5771
f 6396 6397 5776
f 5778 6398 5779
f 5779 6398 6396
f 5779 6396 5780
f 5780 6396 5776
f 6395 5770 6399
f 5770 5774 6399
f 6399 5774 5773
f 6399 5773 6397
f 6397 5773 5777
f 6397 5777 5776
f 5764 5768 5541
f 5541 5768 5544
f 5537 5536 5758
f 5758 5762 5537
f 5537 5762 5761
f 5537 5761 5541
f 5541 5761 5765
f 5541 5765 5764
f 5540 5753 5538
f 5538 5753 5755
f 5538 5755 5536
f 5536 5755 5759
f 5536 5759 5758
f 6400 6127 6401
f 6401 6127 6126
f 6401 6126 6402
f 6402 6126 6125
f 6402 6125 6403
f 6403 6125 6124
f 6403 6124 6404
f 6404 6124 6123
f 6404 6123 5172
f 5172 6123 5173
f 6405 6132 6406
f 6406 6132 6131
f 6406 6131 6407
f 6407 6131 6130
f 6407 6130 6408
f 6408 6130 6129
f 6408 6129 6409
f 6409 6129 6128
f 6409 6128 6400
f 6400 6128 6127
f 6410 6137 6411
f 6411 6137 6136
f 6411 6136 6412
f 6412 6136 6135
f 6412 6135 6413
f 6413 6135 6134
f 6413 6134 6414
f 6414 6134 6133
f 6414 6133 6405
f 6405 6133 6132
f 6415 6141 6416
f 6416 6141 6140
f 6416 6140 6417
f 6417 6140 6139
f 6417 6139 6418
f 6418 6139 6138
f 6418 6138 6410
f 6410 6138 6137
f 6419 6146 6420
f 6420 6146 6145
f 6420 6145 6421
f 6421 6145 6144
f 6421 6144 6422
f 6422 6144 6143
f 6422 6143 6423
f 6423 6143 6142
f 6423 6142 6415
f 6415 6142 6141
f 6424 6150 6425
f 6425 6150 6149
f 6425 6149 6426
f 6426 6149 6148
f 6426 6148 6427
f 6427 6148 6147
f 6427 6147 6419
f 6419 6147 6146
f 6428 6154 6429
f 6429 6154 6153
f 6429 6153 6430
f 6430 6153 6152
f 6430 6152 6431
f 6431 6152 6151
f 6431 6151 6424
f 6424 6151 6150
f 6432 6159 6433
f 6433 6159 6158
f 6433 6158 6434
f 6434 6158 6157
f 6434 6157 6435
f 6435 6157 6156
f 6435 6156 6436
f 6436 6156 6155
f 6436 6155 6428
f 6428 6155 6154
f 6437 6164 6438
f 6438 6164 6163
f 6438 6163 6439
f 6439 6163 6162
f 6439 6162 6440
f 6440 6162 6161
f 6440 6161 6432
f 6432 6161 6160
f 6432 6160 6159
f 6441 6170 6442
f 6442 6170 6169
f 6442 6169 6443
f 6443 6169 6168
f 6443 6168 6444
f 6444 6168 6167
f 6444 6167 6445
f 6445 6167 6166
f 6445 6166 6437
f 6437 6166 6165
f 6437 6165 6164
f 6446 6175 6447
f 6447 6175 6174
f 6447 6174 6448
f 6448 6174 6173
f 6448 6173 6449
f 6449 6173 6172
f 6449 6172 6441
f 6441 6172 6171
f 6441 6171 6170
f 6450 6181 6451
f 6451 6181 6180
f 6451 6180 6452
f 6452 6180 6179
f 6452 6179 6453
f 6453 6179 6178
f 6453 6178 6454
f 6454 6178 6177
f 6454 6177 6446
f 6446 6177 6176
f 6446 6176 6175
f 6455 6186 6456
f 6456 6186 6185
f 6456 6185 6457
f 6457 6185 6184
f 6457 6184 6458
f 6458 6184 6183
f 6458 6183 6450
f 6450 6183 6182
f 6450 6182 6181
f 6459 6192 6460
f 6460 6192 6191
f 6460 6191 6461
f 6461 6191 6190
f 6461 6190 6462
f 6462 6190 6189
f 6462 6189 6463
f 6463 6189 6188
f 6463 6188 6455
f 6455 6188 6187
f 6455 6187 6186
f 6464 6197 6465
f 6465 6197 6196
f 6465 6196 6466
f 6466 6196 6195
f 6466 6195 6467
f 6467 6195 6194
f 6467 6194 6459
f 6459 6194 6193
f 6459 6193 6192
f 6468 6203 6469
f 6469 6203 6202
f 6469 6202 6470
f 6470 6202 6201
f 6470 6201 6471
f 6471 6201 6200
f 6471 6200 6472
f 6472 6200 6199
f 6472 6199 6464
f 6464 6199 6198
f 6464 6198 6197
f 6473 6208 6474
f 6474 6208 6207
f 6474 6207 6475
f 6475 6207 6206
f 6475 6206 6476
f 6476 6206 6205
f 6476 6205 6468
f 6468 6205 6204
f 6468 6204 6203
f 6477 6214 6478
f 6478 6214 6213
f 6478 6213 6479
f 6479 6213 6212
f 6479 6212 6480
f 6480 6212 6211
f 6480 6211 6481
f 6481 6211 6210
f 6481 6210 6473
f 6473 6210 6209
f 6473 6209 6208
f 6482 6219 6483
f 6483 6219 6218
f 6483 6218 6484
f 6484 6218 6217
f 6484 6217 6485
f 6485 6217 6216
f 6485 6216 6477
f 6477 6216 6215
f 6477 6215 6214
f 6486 6242 6487
f 6487 6242 6228
f 6487 6228 6488
f 6488 6228 6227
f 6488 6227 6489
f 6489 6227 6226
f 6489 6226 6490
f 6490 6226 6225
f 6490 6225 6491
f 6491 6225 6224
f 6491 6224 6492
f 6492 6224 6223
f 6492 6223 6493
f 6493 6223 6222
f 6493 6222 6494
f 6494 6222 6221
f 6494 6221 6482
f 6482 6221 6220
f 6482 6220 6219
f 6495 6245 6496
f 6496 6245 6229
f 6496 6229 6497
f 6497 6229 6230
f 6497 6230 6498
f 6498 6230 6231
f 6498 6231 6499
f 6499 6231 6232
f 6499 6232 6500
f 6500 6232 6233
f 6500 6233 6501
f 6501 6233 6234
f 6501 6234 6502
f 6502 6234 6235
f 6502 6235 6503
f 6503 6235 6236
f 6503 6236 6504
f 6504 6236 6237
f 6504 6237 6505
f 6505 6237 6238
f 6505 6238 6506
f 6506 6238 6239
f 6506 6239 6507
f 6507 6239 6240
f 6507 6240 6486
f 6486 6240 6241
f 6486 6241 6242
f 6508 6372 6509
f 6509 6372 6243
f 6509 6243 6510
f 6510 6243 6371
f 6510 6371 6511
f 6511 6371 6370
f 6511 6370 6512
f 6512 6370 6369
f 6512 6369 6513
f 6513 6369 6368
f 6513 6368 6514
f 6514 6368 6367
f 6514 6367 6515
f 6515 6367 6366
f 6515 6366 6516
f 6516 6366 6365
f 6516 6365 6517
f 6517 6365 6364
f 6517 6364 6518
f 6518 6364 6363
f 6518 6363 6519
f 6519 6363 6362
f 6519 6362 6520
f 6520 6362 6361
f 6520 6361 6521
f 6521 6361 6360
f 6521 6360 6522
f 6522 6360 6359
f 6522 6359 6523
f 6523 6359 6358
f 6523 6358 6524
f 6524 6358 6357
f 6524 6357 6525
f 6525 6357 6356
f 6525 6356 6526
f 6526 6356 6355
f 6526 6355 6527
f 6527 6355 6354
f 6527 6354 6528
f 6528 6354 6353
f 6528 6353 6529
f 6529 6353 6352
f 6529 6352 6530
f 6530 6352 6351
f 6530 6351 6531
f 6531 6351 6350
f 6531 6350 6532
f 6532 6350 6349
f 6532 6349 6533
f 6533 6349 6348
f 6533 6348 6534
f 6534 6348 6347
f 6534 6347 6535
f 6535 6347 6346
f 6535 6346 6536
f 6536 6346 6345
f 6536 6345 6537
f 6537 6345 6344
f 6537 6344 6538
f 6538 6344 6343
f 6538 6343 6539
f 6539 6343 6342
f 6539 6342 6540
f 6540 6342 6341
f 6540 6341 6541
f 6541 6341 6340
f 6541 6340 6542
f 6542 6340 6339
f 6542 6339 6543
f 6543 6339 6338
f 6543 6338 6544
f 6544 6338 6337
f 6544 6337 6545
f 6545 6337 6336
f 6545 6336 6546
f 6546 6336 6335
f 6546 6335 6547
f 6547 6335 6334
f 6547 6334 6548
f 6548 6334 6333
f 6548 6333 6549
f 6549 6333 6332
f 6549 6332 6550
f 6550 6332 6331
f 6550 6331 6551
f 6551 6331 6330
f 6551 6330 6552
f 6552 6330 6329
f 6552 6329 6553
f 6553 6329 6328
f 6553 6328 6554
f 6554 6328 6327
f 6554 6327 6555
f 6555 6327 6326
f 6555 6326 6556
f 6556 6326 6325
f 6556 6325 6557
f 6557 6325 6324
f 6557 6324 6558
f 6558 6324 6323
f 6558 6323 6559
f 6559 6323 6322
f 6559 6322 6560
f 6560 6322 6321
f 6560 6321 6561
f 6561 6321 6320
f 6561 6320 6562
f 6562 6320 6319
f 6562 6319 6563
f 6563 6319 6318
f 6563 6318 6564
f 6564 6318 6317
f 6564 6317 6565
f 6565 6317 6316
f 6565 6316 6566
f 6566 6316 6315
f 6566 6315 6567
f 6567 6315 6314
f 6567 6314 6568
f 6568 6314 6313
f 6568 6313 6569
f 6569 6313 6312
f 6569 6312 6570
f 6570 6312 6311
f 6570 6311 6571
f 6571 6311 6310
f 6571 6310 6572
f 6572 6310 6309
f 6572 6309 6573
f 6573 6309 6308
f 6573 6308 6574
f 6574 6308 6307
f 6574 6307 6575
f 6575 6307 6306
f 6575 6306 6576
f 6576 6306 6305
f 6576 6305 6577
f 6577 6305 6304
f 6577 6304 6578
f 6578 6304 6303
f 6578 6303 6579
f 6579 6303 6302
f 6579 6302 6580
f 6580 6302 6301
f 6580 6301 6581
f 6581 6301 6300
f 6581 6300 6582
f 6582 6300 6299
f 6582 6299 6583
f 6583 6299 6298
f 6583 6298 6584
f 6584 6298 6297
f 6584 6297 6585
f 6585 6297 6296
f 6585 6296 6586
f 6586 6296 6295
f 6586 6295 6587
f 6587 6295 6294
f 6587 6294 6588
f 6588 6294 6293
f 6588 6293 6589
f 6589 6293 6292
f 6589 6292 6590
f 6590 6292 6291
f 6590 6291 6591
f 6591 6291 6290
f 6591 6290 6592
f 6592 6290 6289
f 6592 6289 6593
f 6593 6289 6288
f 6593 6288 6594
f 6594 6288 6287
f 6594 6287 6595
f 6595 6287 6286
f 6595 6286 6596
f 6596 6286 6285
f 6596 6285 6597
f 6597 6285 6284
f 6597 6284 6598
f 6598 6284 6283
f 6598 6283 6599
f 6599 6283 6282
f 6599 6282 6600
f 6600 6282 6281
f 6600 6281 6601
f 6601 6281 6280
f 6601 6280 6602
f 6602 6280 6279
f 6602 6279 6603
f 6603 6279 6278
f 6603 6278 6604
f 6604 6278 6277
f 6604 6277 6605
f 6605 6277 6276
f 6605 6276 6606
f 6606 6276 6275
f 6606 6275 6607
f 6607 6275 6274
f 6607 6274 6608
f 6608 6274 6273
f 6608 6273 6609
f 6609 6273 6272
f 6609 6272 6610
f 6610 6272 6271
f 6610 6271 6611
f 6611 6271 6270
f 6611 6270 6612
f 6612 6270 6269
f 6612 6269 6613
f 6613 6269 6268
f 6613 6268 6614
f 6614 6268 6267
f 6614 6267 6615
f 6615 6267 6266
f 6615 6266 6616
f 6616 6266 6265
f 6616 6265 6617
f 6617 6265 6264
f 6617 6264 6618
f 6618 6264 6263
f 6618 6263 6619
f 6619 6263 6262
f 6619 6262 6620
f 6620 6262 6261
f 6620 6261 6621
f 6621 6261 6260
f 6621 6260 6622
f 6622 6260 6259
f 6622 6259 6623
f 6623 6259 6258
f 6623 6258 6624
f 6624 6258 6257
f 6624 6257 6625
f 6625 6257 6256
f 6625 6256 6626
f 6626 6256 6255
f 6626 6255 6627
f 6627 6255 6254
f 6627 6254 6628
f 6628 6254 6253
f 6628 6253 6629
f 6629 6253 6252
f 6629 6252 6630
f 6630 6252 6251
f 6630 6251 6631
f 6631 6251 6250
f 6631 6250 6632
f 6632 6250 6249
f 6632 6249 6633
f 6633 6249 6248
f 6633 6248 6634
f 6634 6248 6247
f 6634 6247 6635
f 6635 6247 6246
f 6635 6246 6495
f 6495 6246 6245
f 6636 6375 6508
f 6508 6375 6373
f 6508 6373 6372
f 6637 6377 6636
f 6636 6377 6376
f 6636 6376 6375
f 6638 6380 6639
f 6639 6380 6379
f 6639 6379 6637
f 6637 6379 6378
f 6637 6378 6377
f 6640 6383 6638
f 6638 6383 6381
f 6638 6381 6380
f 6641 6385 6640
f 6640 6385 6384
f 6640 6384 6383
f 6642 6388 6641
f 6641 6388 6386
f 6641 6386 6385
f 6643 6390 6642
f 6642 6390 6389
f 6642 6389 6388
f 6644 6394 6643
f 6643 6394 6391
f 6643 6391 6390
f 6645 6392 6644
f 6644 6392 6393
f 6644 6393 6394
f 6646 5866 6645
f 6645 5866 5865
f 6645 5865 6392
f 6647 5868 6646
f 6646 5868 5867
f 6646 5867 5866
f 6648 5870 6647
f 6647 5870 5869
f 6647 5869 5868
f 6649 5872 6648
f 6648 5872 5871
f 6648 5871 5870
f 6650 5874 6649
f 6649 5874 5873
f 6649 5873 5872
f 6651 5876 6650
f 6650 5876 5875
f 6650 5875 5874
f 6652 5878 6651
f 6651 5878 5877
f 6651 5877 5876
f 6653 5880 6652
f 6652 5880 5879
f 6652 5879 5878
f 6654 5882 6653
f 6653 5882 5881
f 6653 5881 5880
f 6655 5884 6654
f 6654 5884 5883
f 6654 5883 5882
f 6656 5886 6655
f 6655 5886 5885
f 6655 5885 5884
f 6657 5888 6656
f 6656 5888 5887
f 6656 5887 5886
f 6658 5890 6657
f 6657 5890 5889
f 6657 5889 5888
f 6659 5892 6658
f 6658 5892 5891
f 6658 5891 5890
f 5778 5852 6398
f 6398 5852 5894
f 6398 5894 6659
f 6659 5894 5893
f 6659 5893 5892
f 5609 6414 5608
f 5608 6414 6405
f 5608 6405 5607
f 5607 6405 6406
f 5607 6406 5530
f 5530 6406 6407
f 5530 6407 5531
f 5531 6407 6408
f 5531 6408 5593
f 5593 6408 6409
f 5593 6409 5595
f 5595 6409 6400
f 5595 6400 5597
f 5597 6400 6401
f 5597 6401 5600
f 5600 6401 6402
f 5600 6402 5602
f 5602 6402 6403
f 5602 6403 5605
f 5605 6403 6404
f 5605 6404 5171
f 5171 6404 5172
f 5680 6605 5360
f 5360 6605 6606
f 5360 6606 5679
f 5679 6606 6607
f 5679 6607 5363
f 5363 6607 6608
f 5363 6608 5678
f 5678 6608 6609
f 5678 6609 5366
f 5366 6609 6610
f 5366 6610 5677
f 5677 6610 6611
f 5677 6611 5369
f 5369 6611 6612
f 5369 6612 5676
f 5676 6612 6613
f 5676 6613 5372
f 5372 6613 6614
f 5372 6614 5675
f 5675 6614 6615
f 5675 6615 5375
f 5375 6615 6616
f 5375 6616 5674
f 5674 6616 6617
f 5674 6617 5378
f 5378 6617 6618
f 5378 6618 5673
f 5673 6618 6619
f 5673 6619 5381
f 5381 6619 6620
f 5381 6620 5672
f 5672 6620 6621
f 5672 6621 5384
f 5384 6621 6622
f 5384 6622 5671
f 5671 6622 6623
f 5671 6623 5387
f 5387 6623 6624
f 5387 6624 5670
f 5670 6624 6625
f 5670 6625 5390
f 5390 6625 6626
f 5390 6626 5669
f 5669 6626 6627
f 5669 6627 5393
f 5393 6627 6628
f 5393 6628 5668
f 5668 6628 6629
f 5668 6629 5396
f 5396 6629 6630
f 5396 6630 5667
f 5667 6630 6631
f 5667 6631 5399
f 5399 6631 6632
f 5399 6632 5666
f 5666 6632 6633
f 5666 6633 5402
f 5402 6633 6634
f 5402 6634 5665
f 5665 6634 6635
f 5665 6635 5405
f 5405 6635 6495
f 5405 6495 5664
f 5664 6495 6496
f 5664 6496 5408
f 5408 6496 6497
f 5408 6497 5663
f 5663 6497 6498
f 5663 6498 5411
f 5411 6498 6499
f 5411 6499 5662
f 5662 6499 6500
f 5662 6500 5414
f 5414 6500 6501
f 5414 6501 5661
f 5661 6501 6502
f 5661 6502 5417
f 5417 6502 6503
f 5417 6503 5660
f 5660 6503 6504
f 5660 6504 5420
f 5420 6504 6505
f 5420 6505 5659
f 5659 6505 6506
f 5659 6506 5423
f 5423 6506 6507
f 5423 6507 5658
f 5658 6507 6486
f 5658 6486 5426
f 5426 6486 6487
f 5426 6487 5657
f 5657 6487 6488
f 5657 6488 5429
f 5429 6488 6489
f 5429 6489 5656
f 5656 6489 6490
f 5656 6490 5432
f 5432 6490 6491
f 5432 6491 5655
f 5655 6491 6492
f 5655 6492 5435
f 5435 6492 6493
f 5435 6493 5654
f 5654 6493 6494
f 5654 6494 5438
f 5438 6494 6482
f 5438 6482 5653
f 5653 6482 6483
f 5653 6483 5441
f 5441 6483 6484
f 5441 6484 5652
f 5652 6484 6485
f 5652 6485 5444
f 5444 6485 6477
f 5444 6477 5651
f 5651 6477 6478
f 5651 6478 5447
f 5447 6478 6479
f 5447 6479 5650
f 5650 6479 6480
f 5650 6480 5450
f 5450 6480 6481
f 5450 6481 5649
f 5649 6481 6473
f 5649 6473 5453
f 5453 6473 6474
f 5453 6474 5648
f 5648 6474 6475
f 5648 6475 5456
f 5456 6475 6476
f 5456 6476 5647
f 5647 6476 6468
f 5647 6468 5459
f 5459 6468 6469
f 5459 6469 5646
f 5646 6469 6470
f 5646 6470 5462
f 5462 6470 6471
f 5462 6471 5645
f 5645 6471 6472
f 5645 6472 5465
f 5465 6472 6464
f 5465 6464 5644
f 5644 6464 6465
f 5644 6465 5468
f 5468 6465 6466
f 5468 6466 5643
f 5643 6466 6467
f 5643 6467 5471
f 5471 6467 6459
f 5471 6459 5642
f 5642 6459 6460
f 5642 6460 5474
f 5474 6460 6461
f 5474 6461 5641
f 5641 6461 6462
f 5641 6462 5477
f 5477 6462 6463
f 5477 6463 5640
f 5640 6463 6455
f 5640 6455 5480
f 5480 6455 6456
f 5480 6456 5639
f 5639 6456 6457
f 5639 6457 5483
f 5483 6457 6458
f 5483 6458 5638
f 5638 6458 6450
f 5638 6450 5486
f 5486 6450 6451
f 5486 6451 5637
f 5637 6451 6452
f 5637 6452 5489
f 5489 6452 6453
f 5489 6453 5636
f 5636 6453 6454
f 5636 6454 5492
f 5492 6454 6446
f 5492 6446 5635
f 5635 6446 6447
f 5635 6447 5495
f 5495 6447 6448
f 5495 6448 5634
f 5634 6448 6449
f 5634 6449 5498
f 5498 6449 6441
f 5498 6441 5633
f 5633 6441 6442
f 5633 6442 5501
f 5501 6442 6443
f 5501 6443 5632
f 5632 6443 6444
f 5632 6444 5504
f 5504 6444 6445
f 5504 6445 5631
f 5631 6445 6437
f 5631 6437 5507
f 5507 6437 6438
f 5507 6438 5630
f 5630 6438 6439
f 5630 6439 5510
f 5510 6439 6440
f 5510 6440 5629
f 5629 6440 6432
f 5629 6432 5513
f 5513 6432 6433
f 5513 6433 5628
f 5628 6433 6434
f 5628 6434 5516
f 5516 6434 6435
f 5516 6435 5627
f 5627 6435 6436
f 5627 6436 5519
f 5519 6436 6428
f 5519 6428 5626
f 5626 6428 6429
f 5626 6429 5522
f 5522 6429 6430
f 5522 6430 5625
f 5625 6430 6431
f 5625 6431 5525
f 5525 6431 6424
f 5525 6424 5624
f 5624 6424 6425
f 5624 6425 5528
f 5528 6425 6426
f 5528 6426 5623
f 5623 6426 6427
f 5623 6427 5622
f 5622 6427 6419
f 5622 6419 5621
f 5621 6419 6420
f 5621 6420 5620
f 5620 6420 6421
f 5620 6421 5619
f 5619 6421 6422
f 5619 6422 5618
f 5618 6422 6423
f 5618 6423 5617
f 5617 6423 6415
f 5617 6415 5616
f 5616 6415 6416
f 5616 6416 5615
f 5615 6416 6417
f 5615 6417 5614
f 5614 6417 6418
f 5614 6418 5613
f 5613 6418 6410
f 5613 6410 5612
f 5612 6410 6411
f 5612 6411 5611
f 5611 6411 6412
f 5611 6412 5610
f 5610 6412 6413
f 5610 6413 5609
f 5609 6413 6414
f 5768 5767 5544
f 5544 5767 5771
f 5544 5771 5742
f 5742 5771 6395
f 5742 6395 5743
f 5743 6395 6399
f 5743 6399 5744
f 5744 6399 6397
f 5744 6397 5745
f 5745 6397 6396
f 5745 6396 5741
f 5741 6396 6398
f 5741 6398 5177
f 5177 6398 6659
f 5177 6659 5740
f 5740 6659 6658
f 5740 6658 5180
f 5180 6658 6657
f 5180 6657 5739
f 5739 6657 6656
f 5739 6656 5183
f 5183 6656 6655
f 5183 6655 5738
f 5738 6655 6654
f 5738 6654 5186
f 5186 6654 6653
f 5186 6653 5737
f 5737 6653 6652
f 5737 6652 5189
f 5189 6652 6651
f 5189 6651 5736
f 5736 6651 6650
f 5736 6650 5192
f 5192 6650 6649
f 5192 6649 5735
f 5735 6649 6648
f 5735 6648 5195
f 5195 6648 6647
f 5195 6647 5734
f 5734 6647 6646
f 5734 6646 5198
f 5198 6646 6645
f 5198 6645 5733
f 5733 6645 6644
f 5733 6644 5201
f 5201 6644 6643
f 5201 6643 5732
f 5732 6643 6642
f 5732 6642 5204
f 5204 6642 6641
f 5204 6641 5731
f 5731 6641 6640
f 5731 6640 5207
f 5207 6640 6638
f 5207 6638 5730
f 5730 6638 6639
f 5730 6639 5210
f 5210 6639 6637
f 5210 6637 5729
f 5729 6637 6636
f 5729 6636 5213
f 5213 6636 6508
f 5213 6508 5728
f 5728 6508 6509
f 5728 6509 5216
f 5216 6509 6510
f 5216 6510 5727
f 5727 6510 6511
f 5727 6511 5219
f 5219 6511 6512
f 5219 6512 5726
f 5726 6512 6513
f 5726 6513 5222
f 5222 6513 6514
f 5222 6514 5725
f 5725 6514 6515
f 5725 6515 5225
f 5225 6515 6516
f 5225 6516 5724
f 5724 6516 6517
f 5724 6517 5228
f 5228 6517 6518
f 5228 6518 5723
f 5723 6518 6519
f 5723 6519 5231
f 5231 6519 6520
f 5231 6520 5722
f 5722 6520 6521
f 5722 6521 5234
f 5234 6521 6522
f 5234 6522 5721
f 5721 6522 6523
f 5721 6523 5237
f 5237 6523 6524
f 5237 6524 5720
f 5720 6524 6525
f 5720 6525 5240
f 5240 6525 6526
f 5240 6526 5719
f 5719 6526 6527
f 5719 6527 5243
f 5243 6527 6528
f 5243 6528 5718
f 5718 6528 6529
f 5718 6529 5246
f 5246 6529 6530
f 5246 6530 5717
f 5717 6530 6531
f 5717 6531 5249
f 5249 6531 6532
f 5249 6532 5716
f 5716 6532 6533
f 5716 6533 5252
f 5252 6533 6534
f 5252 6534 5715
f 5715 6534 6535
f 5715 6535 5255
f 5255 6535 6536
f 5255 6536 5714
f 5714 6536 6537
f 5714 6537 5258
f 5258 6537 6538
f 5258 6538 5713
f 5713 6538 6539
f 5713 6539 5261
f 5261 6539 6540
f 5261 6540 5712
f 5712 6540 6541
f 5712 6541 5264
f 5264 6541 6542
f 5264 6542 5711
f 5711 6542 6543
f 5711 6543 5267
f 5267 6543 6544
f 5267 6544 5710
f 5710 6544 6545
f 5710 6545 5270
f 5270 6545 6546
f 5270 6546 5709
f 5709 6546 6547
f 5709 6547 5273
f 5273 6547 6548
f 5273 6548 5708
f 5708 6548 6549
f 5708 6549 5276
f 5276 6549 6550
f 5276 6550 5707
f 5707 6550 6551
f 5707 6551 5279
f 5279 6551 6552
f 5279 6552 5706
f 5706 6552 6553
f 5706 6553 5282
f 5282 6553 6554
f 5282 6554 5705
f 5705 6554 6555
f 5705 6555 5285
f 5285 6555 6556
f 5285 6556 5704
f 5704 6556 6557
f 5704 6557 5288
f 5288 6557 6558
f 5288 6558 5703
f 5703 6558 6559
f 5703 6559 5291
f 5291 6559 6560
f 5291 6560 5702
f 5702 6560 6561
f 5702 6561 5294
f 5294 6561 6562
f 5294 6562 5701
f 5701 6562 6563
f 5701 6563 5297
f 5297 6563 6564
f 5297 6564 5700
f 5700 6564 6565
f 5700 6565 5300
f 5300 6565 6566
f 5300 6566 5699
f 5699 6566 6567
f 5699 6567 5303
f 5303 6567 6568
f 5303 6568 5698
f 5698 6568 6569
f 5698 6569 5306
f 5306 6569 6570
f 5306 6570 5697
f 5697 6570 6571
f 5697 6571 5309
f 5309 6571 6572
f 5309 6572 5696
f 5696 6572 6573
f 5696 6573 5312
f 5312 6573 6574
f 5312 6574 5695
f 5695 6574 6575
f 5695 6575 5315
f 5315 6575 6576
f 5315 6576 5694
f 5694 6576 6577
f 5694 6577 5318
f 5318 6577 6578
f 5318 6578 5693
f 5693 6578 6579
f 5693 6579 5321
f 5321 6579 6580
f 5321 6580 5692
f 5692 6580 6581
f 5692 6581 5324
f 5324 6581 6582
f 5324 6582 5691
f 5691 6582 6583
f 5691 6583 5327
f 5327 6583 6584
f 5327 6584 5690
f 5690 6584 6585
f 5690 6585 5330
f 5330 6585 6586
f 5330 6586 5689
f 5689 6586 6587
f 5689 6587 5333
f 5333 6587 6588
f 5333 6588 5688
f 5688 6588 6589
f 5688 6589 5336
f 5336 6589 6590
f 5336 6590 5687
f 5687 6590 6591
f 5687 6591 5339
f 5339 6591 6592
f 5339 6592 5686
f 5686 6592 6593
f 5686 6593 5342
f 5342 6593 6594
f 5342 6594 5685
f 5685 6594 6595
f 5685 6595 5345
f 5345 6595 6596
f 5345 6596 5684
f 5684 6596 6597
f 5684 6597 5348
f 5348 6597 6598
f 5348 6598 5683
f 5683 6598 6599
f 5683 6599 5351
f 5351 6599 6600
f 5351 6600 5682
f 5682 6600 6601
f 5682 6601 5354
f 5354 6601 6602
f 5354 6602 5681
f 5681 6602 6603
f 5681 6603 5357
f 5357 6603 6604
f 5357 6604 5680
f 5680 6604 6605
f 54 51 5604
f 5604 51 5603
f 5603 51 49
f 5603 49 5601
f 5601 49 5599
f 5599 49 46
f 5599 46 5598
f 5598 46 43
f 5598 43 5596
f 5596 43 39
f 5596 39 5594
f 5594 39 33
f 5594 33 5592
f 5592 33 35
f 5592 35 5529
f 5529 35 5588
f 5588 35 36
f 5588 36 5590
f 5590 36 5591
f 5591 36 30
f 5591 30 5584
f 5584 30 5585
f 5585 30 25
f 5585 25 5586
f 5586 25 5587
f 5587 25 22
f 5587 22 5581
f 5581 22 17
f 5581 17 5579
f 5579 17 5577
f 5577 17 9
f 5577 9 5576
f 5576 9 8
f 5576 8 5574
f 5574 8 14
f 5574 14 5572
f 5572 14 10
f 5572 10 5570
f 5570 10 5568
f 5568 10 12
f 5568 12 5567
f 5567 12 106
f 5567 106 5565
f 5565 106 100
f 5565 100 5563
f 5563 100 5561
f 5561 100 102
f 5561 102 5560
f 5560 102 95
f 5560 95 5558
f 5558 95 94
f 5558 94 5556
f 5604 5606 54
f 54 5606 5170
f 54 5170 56
f 56 5170 58
f 5556 94 4222
f 4222 94 92
f 4222 92 4223
f 4223 92 89
f 4223 89 4227
f 4227 89 86
f 4227 86 4230
f 4230 86 84
f 4230 84 4233
f 4233 84 81
f 4233 81 4236
f 4236 81 78
f 4236 78 4239
f 4239 78 74
f 4239 74 4242
f 4242 74 69
f 4242 69 4245
f 4245 69 64
f 4245 64 4248
f 4248 64 66
f 4248 66 4251
f 4251 66 59
f 4251 59 4254
f 4254 59 58
f 4254 58 4257
f 4257 58 5170
f 4257 5170 4258
f 6 105 3262
f 3262 3261 6
f 6 3261 3804
f 6 3804 2115
f 2115 3804 2114
f 4218 3803 3785
f 3803 3792 3790
f 3790 3789 3803
f 3803 3789 3786
f 3803 3786 3785
f 3801 3800 3785
f 3785 3800 3799
f 3785 3799 4218
f 3785 3798 3801
f 3801 3798 3797
f 3801 3797 3795
f 3795 3797 3796
f 6660 6661 6662
f 3792 3803 3782
f 6663 6664 6665
f 1655 3792 6666
f 6662 6661 6667
f 6667 6661 6668
f 6667 6668 6669
f 6669 6668 6670
f 6669 6670 6671
f 6660 6662 6672
f 6672 6662 6673
f 6672 6673 6665
f 3792 3782 6666
f 6666 3782 3781
f 6666 3781 6674
f 6674 3781 3778
f 6674 3778 6675
f 6676 6677 6678
f 6678 6677 6679
f 6678 6679 6680
f 6680 6679 6681
f 6680 6681 6682
f 6665 6664 6672
f 6672 6664 6683
f 6672 6683 6684
f 6684 6683 6685
f 6684 6685 6686
f 6666 6687 1655
f 1655 6687 6688
f 1655 6688 6689
f 6689 6688 6690
f 6689 6690 6691
f 6691 6690 6692
f 6691 6692 6693
f 6689 6694 6695
f 6695 6694 6696
f 6695 6696 6697
f 6697 6696 6698
f 6697 6698 6699
f 6699 6698 6700
f 6699 6700 6701
f 6702 6703 6667
f 6667 6703 6704
f 6667 6704 6662
f 6662 6704 6705
f 6662 6705 6706
f 6706 6705 6707
f 6706 6707 6708
f 6709 6710 6697
f 6697 6710 6711
f 6697 6711 6695
f 6695 6711 6712
f 6695 6712 6713
f 6713 6712 6714
f 6713 6714 6715
f 6716 6717 6718
f 6718 6717 6719
f 6720 1653 6721
f 6721 1653 1655
f 6721 1655 6722
f 6722 1655 6689
f 6722 6689 6723
f 6723 6689 6695
f 6667 6724 6702
f 6702 6724 6725
f 6702 6725 6709
f 6709 6725 6726
f 6709 6726 6727
f 6727 6726 6728
f 6727 6728 6729
f 6697 6730 6709
f 6709 6730 6731
f 6709 6731 6702
f 6702 6731 6732
f 6702 6732 6733
f 6733 6732 6734
f 6733 6734 6735
f 6682 6681 6736
f 6736 6681 6663
f 6736 6663 6719
f 6719 6663 6665
f 6719 6665 6718
f 6737 6738 6739
f 6740 6741 6742
f 6742 6741 6743
f 6742 6743 6744
f 6744 6743 6745
f 6744 6745 6746
f 6747 6748 6749
f 1653 6720 1651
f 1651 6720 6750
f 1651 6750 3751
f 6751 6752 6753
f 6753 6752 6754
f 6753 6754 6755
f 6755 6754 6756
f 6755 6756 6757
f 6757 6756 6686
f 6757 6686 6685
f 6755 6758 6759
f 6759 6758 6749
f 6759 6749 6760
f 6760 6749 6748
f 6760 6748 6761
f 6761 6748 6762
f 6759 6763 6755
f 6755 6763 6764
f 6755 6764 6753
f 6753 6764 6765
f 6753 6765 6766
f 6766 6765 6767
f 6766 6767 6768
f 6769 6770 3751
f 6677 6676 6771
f 6771 6676 6772
f 6769 3751 6738
f 6737 6739 6773
f 6753 6774 6751
f 6751 6774 6775
f 6751 6775 6776
f 6776 6775 6777
f 6776 6777 6778
f 6778 6777 6779
f 6778 6779 6780
f 6776 6781 6782
f 6782 6781 6783
f 6782 6783 6773
f 6773 6783 6784
f 6773 6784 6785
f 6785 6784 6786
f 6785 6786 6787
f 6782 6788 6776
f 6776 6788 6789
f 6776 6789 6751
f 6751 6789 6790
f 6751 6790 6791
f 6791 6790 6671
f 6791 6671 6670
f 6746 6745 6792
f 6792 6745 6747
f 6792 6747 6772
f 6772 6747 6749
f 6772 6749 6771
f 6750 6793 3751
f 3751 6793 6794
f 3751 6794 6738
f 6738 6794 6795
f 6738 6795 6739
f 6739 6795 6796
f 6739 6796 6797
f 6797 6796 6715
f 6797 6715 6714
f 6739 6798 6773
f 6773 6798 6799
f 6773 6799 6782
f 6782 6799 6800
f 6782 6800 6801
f 6801 6800 6729
f 6801 6729 6728
f 6802 6803 6804
f 6805 6806 6807
f 6807 6806 6808
f 6807 6808 6809
f 6809 6808 6810
f 6802 6804 6811
f 3751 6770 6812
f 6813 6814 6815
f 6810 6816 6803
f 6803 6816 6817
f 6803 6817 6804
f 6804 6817 6818
f 6804 6818 6819
f 6819 6818 6820
f 6819 6820 6821
f 6804 6822 6811
f 6811 6822 6823
f 6811 6823 6824
f 6824 6823 6825
f 6824 6825 6826
f 6826 6825 6827
f 6826 6827 6828
f 3751 6812 3767
f 6829 6830 3767
f 6761 6762 6831
f 6831 6762 6811
f 6831 6811 6832
f 6832 6811 6824
f 6832 6824 6833
f 6833 6824 6834
f 6829 3767 6814
f 6835 6836 6837
f 6837 6836 6838
f 6837 6838 6839
f 6839 6838 6840
f 6839 6840 6841
f 6841 6840 6842
f 6841 6842 6843
f 6813 6815 6839
f 6824 6844 6834
f 6834 6844 6845
f 6834 6845 6835
f 6835 6845 6846
f 6835 6846 6847
f 6847 6846 6848
f 6847 6848 6849
f 6741 6740 6850
f 6850 6740 6851
f 6850 6851 6803
f 6803 6851 6852
f 6803 6852 6810
f 6810 6852 6853
f 6810 6853 6809
f 6815 6854 6839
f 6839 6854 6855
f 6839 6855 6837
f 6837 6855 6856
f 6837 6856 6857
f 6857 6856 6780
f 6857 6780 6779
f 6837 6858 6835
f 6835 6858 6859
f 6835 6859 6834
f 6834 6859 6860
f 6834 6860 6861
f 6861 6860 6768
f 6861 6768 6767
f 6812 6862 3767
f 3767 6862 6863
f 3767 6863 6814
f 6814 6863 6864
f 6814 6864 6815
f 6815 6864 6865
f 6815 6865 6866
f 6866 6865 6787
f 6866 6787 6786
f 6867 6868 6869
f 6870 6871 6872
f 6873 6874 6875
f 6875 6874 6876
f 6875 6876 6877
f 6872 6871 6878
f 6878 6871 6879
f 6878 6879 6880
f 6881 6882 6883
f 6884 6885 6869
f 6869 6885 6886
f 6869 6886 6867
f 6873 6887 6888
f 3767 6830 6889
f 6887 6870 6888
f 6888 6870 6872
f 6888 6872 6890
f 6890 6872 6891
f 6892 6893 6894
f 6894 6893 6895
f 6894 6895 6896
f 6896 6895 6897
f 6896 6897 6898
f 6898 6897 6899
f 6898 6899 6900
f 3767 6889 3761
f 6901 6902 3761
f 6881 6883 6896
f 6903 6904 6905
f 6905 6904 6906
f 6905 6906 6891
f 6891 6906 6907
f 6891 6907 6908
f 6908 6907 6821
f 6908 6821 6820
f 6806 6805 6909
f 6909 6805 6910
f 6909 6910 6888
f 6888 6910 6884
f 6888 6884 6873
f 6873 6884 6869
f 6873 6869 6874
f 6883 6911 6896
f 6896 6911 6912
f 6896 6912 6894
f 6894 6912 6913
f 6894 6913 6914
f 6914 6913 6849
f 6914 6849 6848
f 6905 6915 6903
f 6903 6915 6916
f 6903 6916 6892
f 6892 6916 6917
f 6892 6917 6918
f 6918 6917 6919
f 6918 6919 6920
f 6901 3761 6882
f 6872 6921 6891
f 6891 6921 6922
f 6891 6922 6905
f 6905 6922 6923
f 6905 6923 6924
f 6924 6923 6925
f 6924 6925 6926
f 6894 6927 6892
f 6892 6927 6928
f 6892 6928 6903
f 6903 6928 6929
f 6903 6929 6930
f 6930 6929 6828
f 6930 6828 6827
f 6889 6931 3761
f 3761 6931 6932
f 3761 6932 6882
f 6882 6932 6933
f 6882 6933 6883
f 6883 6933 6934
f 6883 6934 6935
f 6935 6934 6843
f 6935 6843 6842
f 6936 6937 6938
f 6939 6940 6941
f 6942 6943 6944
f 6944 6943 6945
f 6944 6945 6946
f 6946 6945 6947
f 6902 6948 3761
f 3761 6948 6949
f 3761 6949 3755
f 6936 6938 6950
f 6951 6952 6953
f 6953 6952 6954
f 6953 6954 6955
f 6939 6941 6956
f 6956 6941 6954
f 6956 6954 6957
f 6957 6954 6952
f 6957 6952 6945
f 6945 6952 6958
f 6945 6958 6947
f 6937 6959 6938
f 6938 6959 6960
f 6938 6960 6961
f 6961 6960 6900
f 6961 6900 6899
f 6962 6963 6964
f 6964 6963 6965
f 6964 6965 6950
f 6950 6965 6966
f 6950 6966 6967
f 6967 6966 6968
f 6967 6968 6969
f 6970 3755 6971
f 6971 3755 6949
f 6971 6949 6937
f 6937 6949 6972
f 6937 6972 6959
f 6938 6973 6950
f 6950 6973 6974
f 6950 6974 6964
f 6964 6974 6975
f 6964 6975 6976
f 6976 6975 6920
f 6976 6920 6919
f 6964 6977 6962
f 6962 6977 6978
f 6962 6978 6979
f 6979 6978 6980
f 6979 6980 6981
f 6981 6980 6926
f 6981 6926 6925
f 6982 6983 6979
f 6979 6983 6984
f 6979 6984 6962
f 6962 6984 6985
f 6962 6985 6986
f 6986 6985 6987
f 6986 6987 6988
f 6979 6989 6982
f 6982 6989 6990
f 6982 6990 6991
f 6991 6990 6992
f 6991 6992 6993
f 6993 6992 6880
f 6993 6880 6879
f 6994 6995 6991
f 6991 6995 6996
f 6991 6996 6982
f 6982 6996 6997
f 6982 6997 6998
f 6998 6997 6999
f 6998 6999 7000
f 6991 7001 6994
f 6994 7001 7002
f 6994 7002 6955
f 6955 7002 7003
f 6955 7003 7004
f 7004 7003 6877
f 7004 6877 6876
f 6954 7005 6955
f 6955 7005 7006
f 6955 7006 6994
f 6994 7006 7007
f 6994 7007 7008
f 7008 7007 7009
f 7008 7009 7010
f 7011 7012 7013
f 7013 7012 7014
f 7013 7014 7015
f 7015 7014 7016
f 7015 7016 7017
f 7017 7016 7000
f 7017 7000 6999
f 7018 7019 7020
f 7021 7022 7015
f 7015 7022 7023
f 7015 7023 7013
f 7013 7023 7024
f 7013 7024 7025
f 7025 7024 6693
f 7025 6693 6692
f 7013 7026 7011
f 7011 7026 7027
f 7011 7027 3784
f 3784 7027 7028
f 3784 7028 3780
f 3780 7028 6675
f 3780 6675 3778
f 7029 3756 7030
f 7030 3756 3755
f 7030 3755 6970
f 3784 3756 7031
f 7015 7032 7021
f 7021 7032 7033
f 7021 7033 7034
f 7034 7033 7035
f 7034 7035 7036
f 7036 7035 7010
f 7036 7010 7009
f 7037 7038 7039
f 7031 7040 3784
f 3784 7040 7041
f 3784 7041 7011
f 7011 7041 7042
f 7011 7042 7043
f 7043 7042 6988
f 7043 6988 6987
f 7037 7039 7019
f 7029 7044 3756
f 3756 7044 7045
f 3756 7045 7031
f 7031 7045 7046
f 7031 7046 7047
f 7047 7046 6969
f 7047 6969 6968
f 7018 7020 7048
f 7049 7050 7034
f 7034 7050 7051
f 7034 7051 7021
f 7021 7051 7052
f 7021 7052 7053
f 7053 7052 6701
f 7053 6701 6700
f 7039 7054 7019
f 7019 7054 7055
f 7019 7055 7020
f 7020 7055 7056
f 7020 7056 7057
f 7057 7056 6708
f 7057 6708 6707
f 7020 7058 7048
f 7048 7058 7059
f 7048 7059 7049
f 7049 7059 7060
f 7049 7060 7061
f 7061 7060 6735
f 7061 6735 6734
f 7034 7062 7049
f 7049 7062 7063
f 7049 7063 7048
f 7048 7063 7064
f 7048 7064 7065
f 7065 7064 6940
f 7065 6940 6939
f 6717 6716 7066
f 7066 6716 7067
f 7066 7067 7068
f 7068 7067 7069
f 7068 7069 7070
f 7070 7069 7054
f 7070 7054 7071
f 7071 7054 7039
f 6693 7072 6691
f 7072 6693 7024
f 7024 7023 7072
f 7072 7023 7073
f 7072 7073 6691
f 6691 7073 6689
f 7022 7021 7074
f 7074 7021 7075
f 7074 7075 6694
f 6694 7075 6696
f 7023 7022 7073
f 7073 7022 7074
f 7073 7074 6689
f 6689 7074 6694
f 6700 7076 7053
f 7076 6700 6698
f 6698 6696 7076
f 7076 6696 7075
f 7076 7075 7053
f 7053 7075 7021
f 6701 7077 6699
f 7077 6701 7052
f 7052 7051 7077
f 7077 7051 7078
f 7077 7078 6699
f 6699 7078 6697
f 7050 7049 7079
f 7079 7049 7080
f 7079 7080 6730
f 6730 7080 6731
f 7051 7050 7078
f 7078 7050 7079
f 7078 7079 6697
f 6697 7079 6730
f 6734 7081 7061
f 7081 6734 6732
f 6732 6731 7081
f 7081 6731 7080
f 7081 7080 7061
f 7061 7080 7049
f 6735 7082 6733
f 7082 6735 7060
f 7060 7059 7082
f 7082 7059 7083
f 7082 7083 6733
f 6733 7083 6702
f 7058 7020 7084
f 7084 7020 7085
f 7084 7085 6703
f 6703 7085 6704
f 7059 7058 7083
f 7083 7058 7084
f 7083 7084 6702
f 6702 7084 6703
f 6707 7086 7057
f 7086 6707 6705
f 6705 6704 7086
f 7086 6704 7085
f 7086 7085 7057
f 7057 7085 7020
f 6708 7087 6706
f 7087 6708 7056
f 7056 7055 7087
f 7087 7055 7088
f 7087 7088 6706
f 6706 7088 6662
f 7054 7069 7089
f 7089 7069 7090
f 7089 7090 6673
f 6673 7090 6665
f 7055 7054 7088
f 7088 7054 7089
f 7088 7089 6662
f 6662 7089 6673
f 6716 7091 7067
f 7091 6716 6718
f 6718 6665 7091
f 7091 6665 7090
f 7091 7090 7067
f 7067 7090 7069
f 6970 7092 7030
f 7092 6970 6971
f 6971 6937 7092
f 7092 6937 7093
f 7092 7093 7030
f 7030 7093 7029
f 6936 6950 7094
f 7094 6950 7095
f 7094 7095 7044
f 7044 7095 7045
f 6937 6936 7093
f 7093 6936 7094
f 7093 7094 7029
f 7029 7094 7044
f 6969 7096 6967
f 7096 6969 7046
f 7046 7045 7096
f 7096 7045 7095
f 7096 7095 6967
f 6967 7095 6950
f 6968 7097 7047
f 7097 6968 6966
f 6966 6965 7097
f 7097 6965 7098
f 7097 7098 7047
f 7047 7098 7031
f 6963 6962 7099
f 7099 6962 7100
f 7099 7100 7040
f 7040 7100 7041
f 6965 6963 7098
f 7098 6963 7099
f 7098 7099 7031
f 7031 7099 7040
f 6988 7101 6986
f 7101 6988 7042
f 7042 7041 7101
f 7101 7041 7100
f 7101 7100 6986
f 6986 7100 6962
f 6987 7102 7043
f 7102 6987 6985
f 6985 6984 7102
f 7102 6984 7103
f 7102 7103 7043
f 7043 7103 7011
f 6983 6982 7104
f 7104 6982 7105
f 7104 7105 7012
f 7012 7105 7014
f 6984 6983 7103
f 7103 6983 7104
f 7103 7104 7011
f 7011 7104 7012
f 7000 7106 6998
f 7106 7000 7016
f 7016 7014 7106
f 7106 7014 7105
f 7106 7105 6998
f 6998 7105 6982
f 6999 7107 7017
f 7107 6999 6997
f 6997 6996 7107
f 7107 6996 7108
f 7107 7108 7017
f 7017 7108 7015
f 6995 6994 7109
f 7109 6994 7110
f 7109 7110 7032
f 7032 7110 7033
f 6996 6995 7108
f 7108 6995 7109
f 7108 7109 7015
f 7015 7109 7032
f 7010 7111 7008
f 7111 7010 7035
f 7035 7033 7111
f 7111 7033 7110
f 7111 7110 7008
f 7008 7110 6994
f 7009 7112 7036
f 7112 7009 7007
f 7007 7006 7112
f 7112 7006 7113
f 7112 7113 7036
f 7036 7113 7034
f 7005 6954 7114
f 7114 6954 7115
f 7114 7115 7062
f 7062 7115 7063
f 7006 7005 7113
f 7113 7005 7114
f 7113 7114 7034
f 7034 7114 7062
f 6940 7116 6941
f 7116 6940 7064
f 7064 7063 7116
f 7116 7063 7115
f 7116 7115 6941
f 6941 7115 6954
f 7117 7118 7119
f 7119 7118 7120
f 7119 7120 7121
f 7122 7123 7119
f 7119 7123 7124
f 7119 7124 7117
f 7125 7126 7119
f 7119 7126 7127
f 7119 7127 7122
f 7128 7129 7119
f 7119 7129 7130
f 7119 7130 7125
f 7131 7132 7119
f 7119 7132 7133
f 7119 7133 7128
f 7134 7135 7119
f 7119 7135 7136
f 7119 7136 7131
f 7137 7138 7119
f 7119 7138 7139
f 7119 7139 7134
f 7140 7141 7119
f 7119 7141 7142
f 7119 7142 7137
f 7143 7144 7119
f 7119 7144 7145
f 7119 7145 7140
f 7146 7147 7119
f 7119 7147 7148
f 7119 7148 7143
f 7149 7150 7119
f 7119 7150 7151
f 7119 7151 7146
f 7121 7152 7119
f 7119 7152 7153
f 7119 7153 7149
f 6876 7154 7004
f 7154 6876 6874
f 6874 6869 7154
f 7154 6869 7155
f 7154 7155 7004
f 7004 7155 6955
f 6868 7156 7157
f 7157 7156 6951
f 7157 6951 6953
f 6869 6868 7155
f 7155 6868 7157
f 7155 7157 6955
f 6955 7157 6953
f 6939 7158 7065
f 7158 6939 6956
f 6956 6957 7158
f 7158 6957 7159
f 7158 7159 7065
f 7065 7159 7048
f 6945 6943 7160
f 7160 6943 7161
f 7160 7161 7018
f 7018 7161 7019
f 6957 6945 7159
f 7159 6945 7160
f 7159 7160 7048
f 7048 7160 7018
f 7037 7162 7038
f 7037 7019 7162
f 7162 7019 7161
f 7162 7161 7163
f 7163 7161 7164
f 7164 7161 6943
f 7164 6943 6942
f 7125 6886 7126
f 7126 6886 6885
f 7126 6885 7127
f 7127 6885 6884
f 7127 6884 7122
f 7122 6884 6910
f 7122 6910 7123
f 7123 6910 6805
f 7123 6805 7124
f 7124 6805 6807
f 7124 6807 7117
f 7117 6807 6809
f 7117 6809 7118
f 7118 6809 6853
f 7118 6853 7120
f 7120 6853 6852
f 7120 6852 7121
f 7121 6852 6851
f 7121 6851 7152
f 7152 6851 6740
f 7152 6740 7153
f 7153 6740 6742
f 7153 6742 7149
f 7149 6742 6744
f 7149 6744 7150
f 7150 6744 6746
f 7150 6746 7151
f 7151 6746 6792
f 7151 6792 7146
f 7146 6792 6772
f 7146 6772 7147
f 7147 6772 6676
f 7147 6676 7148
f 7148 6676 6678
f 7148 6678 7143
f 7143 6678 6680
f 7143 6680 7144
f 7144 6680 6682
f 7144 6682 7145
f 7145 6682 6736
f 7145 6736 7140
f 7140 6736 6719
f 7140 6719 7141
f 7141 6719 6717
f 7141 6717 7142
f 7142 6717 7066
f 7142 7066 7137
f 7137 7066 7068
f 7137 7068 7138
f 7138 7068 7070
f 7138 7070 7139
f 7139 7070 7071
f 7139 7071 7134
f 7134 7071 7039
f 7134 7039 7135
f 7135 7039 7038
f 7135 7038 7136
f 7136 7038 7162
f 7136 7162 7163
f 7130 6868 7125
f 7125 6868 6867
f 7125 6867 6886
f 7131 6946 7132
f 7132 6946 6947
f 7132 6947 7133
f 7133 6947 6958
f 7133 6958 7128
f 7128 6958 6952
f 7128 6952 7129
f 7129 6952 6951
f 7129 6951 7130
f 7130 6951 7156
f 7130 7156 6868
f 7163 7164 7136
f 7136 7164 6942
f 7136 6942 7131
f 7131 6942 6944
f 7131 6944 6946
f 6902 7165 6948
f 7165 6902 6901
f 6901 6882 7165
f 7165 6882 7166
f 7165 7166 6948
f 6948 7166 6949
f 6881 6896 7167
f 7167 6896 7168
f 7167 7168 6972
f 6972 7168 6959
f 6882 6881 7166
f 7166 6881 7167
f 7166 7167 6949
f 6949 7167 6972
f 6900 7169 6898
f 7169 6900 6960
f 6960 6959 7169
f 7169 6959 7168
f 7169 7168 6898
f 6898 7168 6896
f 6899 7170 6961
f 7170 6899 6897
f 6897 6895 7170
f 7170 6895 7171
f 7170 7171 6961
f 6961 7171 6938
f 6893 6892 7172
f 7172 6892 7173
f 7172 7173 6973
f 6973 7173 6974
f 6895 6893 7171
f 7171 6893 7172
f 7171 7172 6938
f 6938 7172 6973
f 6920 7174 6918
f 7174 6920 6975
f 6975 6974 7174
f 7174 6974 7173
f 7174 7173 6918
f 6918 7173 6892
f 6919 7175 6976
f 7175 6919 6917
f 6917 6916 7175
f 7175 6916 7176
f 7175 7176 6976
f 6976 7176 6964
f 6915 6905 7177
f 7177 6905 7178
f 7177 7178 6977
f 6977 7178 6978
f 6916 6915 7176
f 7176 6915 7177
f 7176 7177 6964
f 6964 7177 6977
f 6926 7179 6924
f 7179 6926 6980
f 6980 6978 7179
f 7179 6978 7178
f 7179 7178 6924
f 6924 7178 6905
f 6925 7180 6981
f 7180 6925 6923
f 6923 6922 7180
f 7180 6922 7181
f 7180 7181 6981
f 6981 7181 6979
f 6921 6872 7182
f 7182 6872 7183
f 7182 7183 6989
f 6989 7183 6990
f 6922 6921 7181
f 7181 6921 7182
f 7181 7182 6979
f 6979 7182 6989
f 6880 7184 6878
f 7184 6880 6992
f 6992 6990 7184
f 7184 6990 7183
f 7184 7183 6878
f 6878 7183 6872
f 6879 7185 6993
f 7185 6879 6871
f 6871 6870 7185
f 7185 6870 7186
f 7185 7186 6993
f 6993 7186 6991
f 6887 6873 7187
f 7187 6873 7188
f 7187 7188 7001
f 7001 7188 7002
f 6870 6887 7186
f 7186 6887 7187
f 7186 7187 6991
f 6991 7187 7001
f 6877 7189 6875
f 7189 6877 7003
f 7003 7002 7189
f 7189 7002 7188
f 7189 7188 6875
f 6875 7188 6873
f 6830 7190 6889
f 7190 6830 6829
f 6829 6814 7190
f 7190 6814 7191
f 7190 7191 6889
f 6889 7191 6931
f 6813 6839 7192
f 7192 6839 7193
f 7192 7193 6932
f 6932 7193 6933
f 6814 6813 7191
f 7191 6813 7192
f 7191 7192 6931
f 6931 7192 6932
f 6843 7194 6841
f 7194 6843 6934
f 6934 6933 7194
f 7194 6933 7193
f 7194 7193 6841
f 6841 7193 6839
f 6842 7195 6935
f 7195 6842 6840
f 6840 6838 7195
f 7195 6838 7196
f 7195 7196 6935
f 6935 7196 6883
f 6836 6835 7197
f 7197 6835 7198
f 7197 7198 6911
f 6911 7198 6912
f 6838 6836 7196
f 7196 6836 7197
f 7196 7197 6883
f 6883 7197 6911
f 6849 7199 6847
f 7199 6849 6913
f 6913 6912 7199
f 7199 6912 7198
f 7199 7198 6847
f 6847 7198 6835
f 6848 7200 6914
f 7200 6848 6846
f 6846 6845 7200
f 7200 6845 7201
f 7200 7201 6914
f 6914 7201 6894
f 6844 6824 7202
f 7202 6824 7203
f 7202 7203 6927
f 6927 7203 6928
f 6845 6844 7201
f 7201 6844 7202
f 7201 7202 6894
f 6894 7202 6927
f 6828 7204 6826
f 7204 6828 6929
f 6929 6928 7204
f 7204 6928 7203
f 7204 7203 6826
f 6826 7203 6824
f 6827 7205 6930
f 7205 6827 6825
f 6825 6823 7205
f 7205 6823 7206
f 7205 7206 6930
f 6930 7206 6903
f 6822 6804 7207
f 7207 6804 7208
f 7207 7208 6904
f 6904 7208 6906
f 6823 6822 7206
f 7206 6822 7207
f 7206 7207 6903
f 6903 7207 6904
f 6821 7209 6819
f 7209 6821 6907
f 6907 6906 7209
f 7209 6906 7208
f 7209 7208 6819
f 6819 7208 6804
f 6820 7210 6908
f 7210 6820 6818
f 6818 6817 7210
f 7210 6817 7211
f 7210 7211 6908
f 6908 7211 6891
f 6816 6810 7212
f 7212 6810 7213
f 7212 7213 6890
f 6890 7213 6888
f 6817 6816 7211
f 7211 6816 7212
f 7211 7212 6891
f 6891 7212 6890
f 6806 7214 6808
f 7214 6806 6909
f 6909 6888 7214
f 7214 6888 7213
f 7214 7213 6808
f 6808 7213 6810
f 6770 7215 6812
f 7215 6770 6769
f 6769 6738 7215
f 7215 6738 7216
f 7215 7216 6812
f 6812 7216 6862
f 6737 6773 7217
f 7217 6773 7218
f 7217 7218 6863
f 6863 7218 6864
f 6738 6737 7216
f 7216 6737 7217
f 7216 7217 6862
f 6862 7217 6863
f 6787 7219 6785
f 7219 6787 6865
f 6865 6864 7219
f 7219 6864 7218
f 7219 7218 6785
f 6785 7218 6773
f 6786 7220 6866
f 7220 6786 6784
f 6784 6783 7220
f 7220 6783 7221
f 7220 7221 6866
f 6866 7221 6815
f 6781 6776 7222
f 7222 6776 7223
f 7222 7223 6854
f 6854 7223 6855
f 6783 6781 7221
f 7221 6781 7222
f 7221 7222 6815
f 6815 7222 6854
f 6780 7224 6778
f 7224 6780 6856
f 6856 6855 7224
f 7224 6855 7223
f 7224 7223 6778
f 6778 7223 6776
f 6779 7225 6857
f 7225 6779 6777
f 6777 6775 7225
f 7225 6775 7226
f 7225 7226 6857
f 6857 7226 6837
f 6774 6753 7227
f 7227 6753 7228
f 7227 7228 6858
f 6858 7228 6859
f 6775 6774 7226
f 7226 6774 7227
f 7226 7227 6837
f 6837 7227 6858
f 6768 7229 6766
f 7229 6768 6860
f 6860 6859 7229
f 7229 6859 7228
f 7229 7228 6766
f 6766 7228 6753
f 6767 7230 6861
f 7230 6767 6765
f 6765 6764 7230
f 7230 6764 7231
f 7230 7231 6861
f 6861 7231 6834
f 6763 6759 7232
f 7232 6759 7233
f 7232 7233 6833
f 6833 7233 6832
f 6764 6763 7231
f 7231 6763 7232
f 7231 7232 6834
f 6834 7232 6833
f 6761 7234 6760
f 7234 6761 6831
f 6831 6832 7234
f 7234 6832 7233
f 7234 7233 6760
f 6760 7233 6759
f 6762 7235 6811
f 6762 6748 7235
f 7235 6748 7236
f 7235 7236 6811
f 6747 6745 7237
f 7237 6745 7238
f 7237 7238 6802
f 6802 7238 6803
f 6748 6747 7236
f 7236 6747 7237
f 7236 7237 6811
f 6811 7237 6802
f 6741 7239 6743
f 7239 6741 6850
f 6850 6803 7239
f 7239 6803 7238
f 7239 7238 6743
f 6743 7238 6745
f 6720 7240 6750
f 7240 6720 6721
f 6721 6722 7240
f 7240 6722 7241
f 7240 7241 6750
f 6750 7241 6793
f 6723 6695 7242
f 7242 6695 7243
f 7242 7243 6794
f 6794 7243 6795
f 6722 6723 7241
f 7241 6723 7242
f 7241 7242 6793
f 6793 7242 6794
f 6715 7244 6713
f 7244 6715 6796
f 6796 6795 7244
f 7244 6795 7243
f 7244 7243 6713
f 6713 7243 6695
f 6714 7245 6797
f 7245 6714 6712
f 6712 6711 7245
f 7245 6711 7246
f 7245 7246 6797
f 6797 7246 6739
f 6710 6709 7247
f 7247 6709 7248
f 7247 7248 6798
f 6798 7248 6799
f 6711 6710 7246
f 7246 6710 7247
f 7246 7247 6739
f 6739 7247 6798
f 6729 7249 6727
f 7249 6729 6800
f 6800 6799 7249
f 7249 6799 7248
f 7249 7248 6727
f 6727 7248 6709
f 6728 7250 6801
f 7250 6728 6726
f 6726 6725 7250
f 7250 6725 7251
f 7250 7251 6801
f 6801 7251 6782
f 6724 6667 7252
f 7252 6667 7253
f 7252 7253 6788
f 6788 7253 6789
f 6725 6724 7251
f 7251 6724 7252
f 7251 7252 6782
f 6782 7252 6788
f 6671 7254 6669
f 7254 6671 6790
f 6790 6789 7254
f 7254 6789 7253
f 7254 7253 6669
f 6669 7253 6667
f 6670 7255 6791
f 7255 6670 6668
f 6668 6661 7255
f 7255 6661 7256
f 7255 7256 6791
f 6791 7256 6751
f 6660 6672 7257
f 7257 6672 7258
f 7257 7258 6752
f 6752 7258 6754
f 6661 6660 7256
f 7256 6660 7257
f 7256 7257 6751
f 6751 7257 6752
f 6686 7259 6684
f 7259 6686 6756
f 6756 6754 7259
f 7259 6754 7258
f 7259 7258 6684
f 6684 7258 6672
f 6685 7260 6757
f 7260 6685 6683
f 6683 6664 7260
f 7260 6664 7261
f 7260 7261 6757
f 6757 7261 6755
f 6663 6681 7262
f 7262 6681 7263
f 7262 7263 6758
f 6758 7263 6749
f 6664 6663 7261
f 7261 6663 7262
f 7261 7262 6755
f 6755 7262 6758
f 6677 7264 6679
f 7264 6677 6771
f 6771 6749 7264
f 7264 6749 7263
f 7264 7263 6679
f 6679 7263 6681
f 6675 7265 6674
f 7265 6675 7028
f 7028 7027 7265
f 7265 7027 7266
f 7265 7266 6674
f 6674 7266 6666
f 7026 7013 7267
f 7267 7013 7268
f 7267 7268 6687
f 6687 7268 6688
f 7027 7026 7266
f 7266 7026 7267
f 7266 7267 6666
f 6666 7267 6687
f 6692 7269 7025
f 7269 6692 6690
f 6690 6688 7269
f 7269 6688 7268
f 7269 7268 7025
f 7025 7268 7013
f 1648 1393 3252
f 1721 3753 1718
f 1718 3753 3752
f 1718 3752 1717
f 1717 3752 3750
f 1717 3750 1714
f 1714 3750 3749
f 1714 3749 1712
f 1712 3749 1710
f 1710 3749 3751
f 1710 3751 1708
f 1708 3751 1705
f 1705 3751 3777
f 1705 3777 1703
f 1703 3777 1701
f 1701 3777 3775
f 1701 3775 1698
f 1698 3775 3774
f 1698 3774 1693
f 1693 3774 3773
f 1693 3773 1694
f 1694 3773 3776
f 1694 3776 1691
f 1691 3776 1692
f 1692 3776 3767
f 1692 3767 1689
f 1689 3767 3771
f 1689 3771 1687
f 1687 3771 3772
f 1687 3772 1685
f 1685 3772 3770
f 1685 3770 1684
f 1684 3770 3769
f 1684 3769 1683
f 1683 3769 1680
f 1680 3769 3768
f 1680 3768 1678
f 1678 3768 3761
f 1678 3761 1676
f 1676 3761 3762
f 1676 3762 1675
f 1675 3762 3763
f 1675 3763 1674
f 1674 3763 3766
f 1674 3766 1671
f 1671 3766 3765
f 1671 3765 1670
f 1670 3765 1663
f 1663 3765 3764
f 1663 3764 1664
f 1664 3764 1666
f 1666 3764 3755
f 1666 3755 1656
f 1656 3755 1657
f 1657 3755 3243
f 1657 3243 1659
f 1659 3243 3245
f 1659 3245 1661
f 1661 3245 3247
f 1661 3247 1662
f 1662 3247 2
f 2 3247 3249
f 2 3249 3
f 1384 3254 1387
f 1387 3254 3252
f 1387 3252 1390
f 1390 3252 1393
f 3249 3259 3
f 3 3259 3258
f 3 3258 1384
f 1384 3258 3256
f 1384 3256 3254

