# Exported by SolidWorks
g 
v -29.99999933 43.00000146 29.72999960
v -29.99999933 43.00000146 34.72999856
v -28.27346697 43.00000146 29.72999960
v -29.11039814 43.00000146 34.72999856
v -20.17539367 43.00000146 29.72999960
v -9.99999978 43.00000146 34.72999856
v -9.99999978 43.00000146 29.72999960
v -10.55165473 43.00000146 34.72999856
v -22.91097306 43.00000146 34.72999856
v 22.91097306 34.03159976 34.72999856
v 22.91097306 23.84638041 34.72999856
v 29.11039814 23.84638041 34.72999856
v -45.00000179 1.42557500 34.72999856
v -45.00000179 -1.42557500 34.72999856
v -40.85959867 -1.42557500 34.72999856
v -34.28338468 37.60715574 34.72999856
v -34.00000185 37.63195127 34.72999856
v -35.13030335 42.09538922 34.72999856
v -45.00000179 -28.00000086 34.72999856
v -44.77211460 -30.60472198 34.72999856
v -43.00000146 -30.27813137 34.72999856
v -43.00000146 -31.50000051 34.72999856
v -42.99038276 -35.50000116 34.72999856
v -41.49066657 -37.64181584 34.72999856
v -40.85959867 -34.03159976 34.72999856
v 1.04899728 1.25014619 34.72999856
v 1.25014619 1.04899728 34.72999856
v 10.55165473 1.42557500 34.72999856
v 1.41331018 0.81597501 34.72999856
v 1.53353135 0.55815978 34.72999856
v 1.60715706 -0.28338513 34.72999856
v 10.55165473 -1.42557500 34.72999856
v 1.63195003 -0.00000000 34.72999856
v 1.60715706 0.28338513 34.72999856
v 1.53353135 -0.55815978 34.72999856
v 1.41331018 -0.81597501 34.72999856
v 1.25014619 -1.04899728 34.72999856
v -0.55815978 1.53353135 34.72999856
v -0.28338513 1.60715706 34.72999856
v -2.60223006 5.46147022 34.72999856
v -0.81597501 1.41331018 34.72999856
v -0.00000000 1.63195003 34.72999856
v 0.28338513 1.60715706 34.72999856
v 10.55165473 5.46147022 34.72999856
v 0.55815978 1.53353135 34.72999856
v 0.81597501 1.41331018 34.72999856
v -0.55815978 -1.53353135 34.72999856
v -0.81597501 -1.41331018 34.72999856
v -2.60223006 -1.42557500 34.72999856
v -1.04899728 -1.25014619 34.72999856
v -1.25014619 -1.04899728 34.72999856
v -1.41331018 -0.81597501 34.72999856
v -1.53353135 -0.55815978 34.72999856
v -1.60715706 -0.28338513 34.72999856
v -1.63195003 0.00000000 34.72999856
v -2.60223006 1.42557500 34.72999856
v -1.60715706 0.28338513 34.72999856
v -1.53353135 0.55815978 34.72999856
v -1.41331018 0.81597501 34.72999856
v -1.25014619 1.04899728 34.72999856
v -1.04899728 1.25014619 34.72999856
v 1.04899728 -1.25014619 34.72999856
v 0.81597501 -1.41331018 34.72999856
v 10.55165473 -20.97724564 34.72999856
v -0.28338513 -1.60715706 34.72999856
v -2.60223006 -20.97724564 34.72999856
v 0.55815978 -1.53353135 34.72999856
v 0.28338513 -1.60715706 34.72999856
v -0.00000000 -1.63195003 34.72999856
v 35.53353250 35.44184193 34.72999856
v 35.41330993 35.18402576 34.72999856
v 35.95637530 34.03159976 34.72999856
v 34.00000185 34.36804935 34.72999856
v 33.71661529 34.39284116 34.72999856
v 29.11039814 34.03159976 34.72999856
v 35.13030335 42.09538922 34.72999856
v 34.28338468 37.60715574 34.72999856
v 34.55815837 37.53353283 34.72999856
v 34.81597453 34.58669037 34.72999856
v 34.55815837 34.46646780 34.72999856
v 34.28338468 34.39284116 34.72999856
v 35.04899889 37.25014627 34.72999856
v 35.25014594 37.04899549 34.72999856
v 37.50000149 40.99038243 34.72999856
v 35.41330993 36.81597486 34.72999856
v 35.53353250 36.55815870 34.72999856
v 35.25014594 34.95100141 34.72999856
v 35.04899889 34.74985436 34.72999856
v 34.81597453 37.41331026 34.72999856
v 35.60715541 36.28338501 34.72999856
v 35.63195094 35.99999845 34.72999856
v 35.60715541 35.71661562 34.72999856
v 32.46646747 35.44184193 34.72999856
v 32.39284456 35.71661562 34.72999856
v 32.36804903 35.99999845 34.72999856
v 32.39284456 36.28338501 34.72999856
v 33.44184160 34.46646780 34.72999856
v 33.18402544 34.58669037 34.72999856
v 32.95100108 34.74985436 34.72999856
v 32.46646747 36.55815870 34.72999856
v 32.58669004 36.81597486 34.72999856
v 29.11039814 43.00000146 34.72999856
v 32.60472417 42.77211800 34.72999856
v 33.71661529 37.60715574 34.72999856
v 34.00000185 37.63195127 34.72999856
v 32.74985403 34.95100141 34.72999856
v 32.58669004 35.18402576 34.72999856
v 32.74985403 37.04899549 34.72999856
v 32.95100108 37.25014627 34.72999856
v 29.99999933 43.00000146 34.72999856
v 33.18402544 37.41331026 34.72999856
v 33.44184160 37.53353283 34.72999856
v 44.77211460 30.60472198 34.72999856
v 44.09538954 33.13030303 34.72999856
v 42.99038276 35.50000116 34.72999856
v 41.49066657 37.64181584 34.72999856
v 39.64181244 39.49066624 34.72999856
v 35.95637530 -34.03159976 34.72999856
v 41.49066657 -37.64181584 34.72999856
v 42.99038276 -35.50000116 34.72999856
v 35.95637530 -40.31597450 34.72999856
v 37.50000149 -40.99038243 34.72999856
v 39.64181244 -39.49066624 34.72999856
v 29.11039814 -40.31597450 34.72999856
v 32.60472417 -42.77211800 34.72999856
v 35.13030335 -42.09538922 34.72999856
v -39.64181244 -39.49066624 34.72999856
v -37.50000149 -40.99038243 34.72999856
v -35.95637530 -40.31597450 34.72999856
v -35.13030335 -42.09538922 34.72999856
v -29.11039814 -40.31597450 34.72999856
v -32.60472417 -42.77211800 34.72999856
v -29.99999933 -43.00000146 34.72999856
v -35.95637530 -34.03159976 34.72999856
v -41.99999943 -32.49999881 34.72999856
v -42.17364639 -32.48480707 34.72999856
v -44.09538954 -33.13030303 34.72999856
v -42.34201834 -32.43969381 34.72999856
v -42.50000045 -32.36602619 34.72999856
v -42.64278710 -32.26604313 34.72999856
v -42.76604578 -32.14278817 34.72999856
v -42.86602512 -32.00000152 34.72999856
v -42.93969274 -31.84201941 34.72999856
v -42.98480600 -31.67364746 34.72999856
v -44.09538954 33.13030303 34.72999856
v -44.77211460 30.60472198 34.72999856
v -40.85959867 23.84638041 34.72999856
v -45.00000179 28.00000086 34.72999856
v -45.00000179 23.84638041 34.72999856
v -40.85959867 34.03159976 34.72999856
v -42.99038276 35.50000116 34.72999856
v -41.49066657 37.64181584 34.72999856
v -39.64181244 39.49066624 34.72999856
v -35.95637530 34.03159976 34.72999856
v -37.50000149 40.99038243 34.72999856
v -32.60472417 42.77211800 34.72999856
v -29.11039814 34.03159976 34.72999856
v -33.18402544 34.58669037 34.72999856
v -33.44184160 34.46646780 34.72999856
v -32.74985403 37.04899549 34.72999856
v -32.58669004 36.81597486 34.72999856
v -32.46646747 36.55815870 34.72999856
v -32.39284456 36.28338501 34.72999856
v -32.36804903 35.99999845 34.72999856
v -32.39284456 35.71661562 34.72999856
v -32.46646747 35.44184193 34.72999856
v -32.58669004 35.18402576 34.72999856
v -32.74985403 34.95100141 34.72999856
v -32.95100108 34.74985436 34.72999856
v -33.71661529 34.39284116 34.72999856
v -34.00000185 34.36804935 34.72999856
v -34.28338468 34.39284116 34.72999856
v -33.71661529 37.60715574 34.72999856
v -33.44184160 37.53353283 34.72999856
v -33.18402544 37.41331026 34.72999856
v -32.95100108 37.25014627 34.72999856
v -34.55815837 34.46646780 34.72999856
v -34.81597453 34.58669037 34.72999856
v -35.04899889 34.74985436 34.72999856
v -35.53353250 35.44184193 34.72999856
v -35.60715541 35.71661562 34.72999856
v -35.63195094 35.99999845 34.72999856
v -35.60715541 36.28338501 34.72999856
v -35.25014594 34.95100141 34.72999856
v -35.41330993 35.18402576 34.72999856
v -35.53353250 36.55815870 34.72999856
v -35.41330993 36.81597486 34.72999856
v -35.25014594 37.04899549 34.72999856
v -35.04899889 37.25014627 34.72999856
v -34.81597453 37.41331026 34.72999856
v -34.55815837 37.53353283 34.72999856
v -7.92836305 27.70186588 34.72999856
v -10.55165473 23.84638041 34.72999856
v -7.49999983 27.40192413 34.72999856
v -7.02606048 27.18092129 34.72999856
v -2.60223006 23.84638041 34.72999856
v -6.00000005 27.00000070 34.72999856
v -6.52094465 27.04557590 34.72999856
v -8.29813350 28.07163633 34.72999856
v -8.59807618 28.50000001 34.72999856
v -8.81907810 28.97393890 34.72999856
v -8.95442348 29.47905473 34.72999856
v -8.99999961 29.99999933 34.72999856
v -10.55165473 34.03159976 34.72999856
v -8.99999961 34.03159976 34.72999856
v -8.99999961 41.99999943 34.72999856
v 8.29813350 28.07163633 34.72999856
v 7.92836305 27.70186588 34.72999856
v 10.55165473 23.84638041 34.72999856
v 7.49999983 27.40192413 34.72999856
v 7.02606048 27.18092129 34.72999856
v 8.99999961 29.99999933 34.72999856
v 8.95442348 29.47905473 34.72999856
v 6.52094465 27.04557590 34.72999856
v 6.00000005 27.00000070 34.72999856
v -2.60223006 27.00000070 34.72999856
v 10.55165473 34.03159976 34.72999856
v 8.99999961 34.03159976 34.72999856
v 8.81907810 28.97393890 34.72999856
v 8.59807618 28.50000001 34.72999856
v 8.99999961 41.99999943 34.72999856
v 9.99999978 43.00000146 34.72999856
v 10.55165473 43.00000146 34.72999856
v -1.22187042 -29.08406220 34.72999856
v -1.78625504 -28.82088535 34.72999856
v -2.60223006 -30.27813137 34.72999856
v -2.29636510 -22.99029939 34.72999856
v -1.78625504 -22.63311669 34.72999856
v -1.22187042 -22.36993797 34.72999856
v -0.62035985 -22.20876515 34.72999856
v 3.51823564 -26.34735778 34.72999856
v 3.35706118 -26.94887109 34.72999856
v 10.55165473 -30.27813137 34.72999856
v 3.09388433 -27.51325443 34.72999856
v -0.62035985 -29.24523503 34.72999856
v 2.73670140 -28.02336589 34.72999856
v 2.29636510 -28.46370079 34.72999856
v 1.78625504 -28.82088535 34.72999856
v 1.22187042 -29.08406220 34.72999856
v 0.62035985 -29.24523503 34.72999856
v -0.00000000 -29.29951064 34.72999856
v 1.78625504 -22.63311669 34.72999856
v 2.29636510 -22.99029939 34.72999856
v 2.73670140 -23.43063429 34.72999856
v 3.09388433 -23.94074574 34.72999856
v -0.00000000 -22.15448953 34.72999856
v 0.62035985 -22.20876515 34.72999856
v 1.22187042 -22.36993797 34.72999856
v 3.35706118 -24.50512908 34.72999856
v 3.51823564 -25.10664053 34.72999856
v 3.57251009 -25.72700009 34.72999856
v -3.35706118 -26.94887109 34.72999856
v -3.51823564 -26.34735778 34.72999856
v -10.55165473 -30.27813137 34.72999856
v -3.57251009 -25.72700009 34.72999856
v -2.29636510 -28.46370079 34.72999856
v -2.73670140 -28.02336589 34.72999856
v -3.09388433 -27.51325443 34.72999856
v -3.51823564 -25.10664053 34.72999856
v -3.35706118 -24.50512908 34.72999856
v -10.55165473 -20.97724564 34.72999856
v -3.09388433 -23.94074574 34.72999856
v -2.73670140 -23.43063429 34.72999856
v 24.06649105 15.95738530 34.72999856
v 24.57660064 15.60020167 34.72999856
v 25.37412010 11.07724477 34.72999856
v 25.01693740 10.56713518 34.72999856
v 29.11039814 5.46147022 34.72999856
v 24.57660064 10.12679841 34.72999856
v 24.06649105 9.76961572 34.72999856
v 25.01693740 15.15986584 34.72999856
v 25.37412010 14.64975532 34.72999856
v 25.63729696 14.08537012 34.72999856
v 25.79847164 13.48385960 34.72999856
v 25.85274540 12.86350004 34.72999856
v 25.79847164 12.24314049 34.72999856
v 25.63729696 11.64162997 34.72999856
v 19.18635145 14.64975532 34.72999856
v 19.54353414 15.15986584 34.72999856
v 21.65987529 16.38173498 34.72999856
v 22.28023484 16.43601060 34.72999856
v 22.90059626 16.38173498 34.72999856
v 23.50210585 16.22056216 34.72999856
v 21.05836570 9.50643886 34.72999856
v 20.49398050 9.76961572 34.72999856
v 19.98387091 15.60020167 34.72999856
v 20.49398050 15.95738530 34.72999856
v 21.05836570 16.22056216 34.72999856
v 19.98387091 10.12679841 34.72999856
v 19.54353414 10.56713518 34.72999856
v 19.18635145 11.07724477 34.72999856
v 18.92317459 11.64162997 34.72999856
v 18.76199991 12.24314049 34.72999856
v 18.70772615 12.86350004 34.72999856
v 23.50210585 9.50643886 34.72999856
v 22.90059626 9.34526417 34.72999856
v 22.91097306 5.46147022 34.72999856
v 22.28023484 9.29099042 34.72999856
v 21.65987529 9.34526417 34.72999856
v 18.76199991 13.48385960 34.72999856
v 18.92317459 14.08537012 34.72999856
v -21.65987529 9.34526417 34.72999856
v -22.28023484 9.29099042 34.72999856
v -22.91097306 5.46147022 34.72999856
v -19.98387091 15.60020167 34.72999856
v -19.54353414 15.15986584 34.72999856
v -10.55165473 5.46147022 34.72999856
v -19.18635145 11.07724477 34.72999856
v -19.54353414 10.56713518 34.72999856
v -19.18635145 14.64975532 34.72999856
v -18.92317459 14.08537012 34.72999856
v -18.76199991 13.48385960 34.72999856
v -19.98387091 10.12679841 34.72999856
v -20.49398050 9.76961572 34.72999856
v -21.05836570 9.50643886 34.72999856
v -22.28023484 16.43601060 34.72999856
v -21.65987529 16.38173498 34.72999856
v -22.91097306 23.84638041 34.72999856
v -21.05836570 16.22056216 34.72999856
v -20.49398050 15.95738530 34.72999856
v -18.70772615 12.86350004 34.72999856
v -18.76199991 12.24314049 34.72999856
v -18.92317459 11.64162997 34.72999856
v -25.37412010 14.64975532 34.72999856
v -25.01693740 15.15986584 34.72999856
v -29.11039814 23.84638041 34.72999856
v -24.57660064 15.60020167 34.72999856
v -24.06649105 15.95738530 34.72999856
v -23.50210585 16.22056216 34.72999856
v -22.90059626 16.38173498 34.72999856
v -24.57660064 10.12679841 34.72999856
v -25.01693740 10.56713518 34.72999856
v -29.11039814 5.46147022 34.72999856
v -25.37412010 11.07724477 34.72999856
v -25.63729696 11.64162997 34.72999856
v -25.79847164 12.24314049 34.72999856
v -25.85274540 12.86350004 34.72999856
v -22.90059626 9.34526417 34.72999856
v -23.50210585 9.50643886 34.72999856
v -24.06649105 9.76961572 34.72999856
v -25.79847164 13.48385960 34.72999856
v -25.63729696 14.08537012 34.72999856
v -36.64999828 -31.50000051 34.72999856
v -36.66519374 -31.67364746 34.72999856
v -36.64999828 -20.97724564 34.72999856
v -36.64999828 -30.27813137 34.72999856
v -35.95637530 -30.27813137 34.72999856
v -36.71030700 -31.84201941 34.72999856
v -36.78397462 -32.00000152 34.72999856
v -36.88395396 -32.14278817 34.72999856
v -37.00721264 -32.26604313 34.72999856
v -37.14999929 -32.36602619 34.72999856
v -37.30798140 -32.43969381 34.72999856
v -37.47635335 -32.48480707 34.72999856
v -37.65000030 -32.49999881 34.72999856
v -40.85959867 -32.49999881 34.72999856
v -37.00721264 -20.03395371 34.72999856
v -36.88395396 -20.15721239 34.72999856
v -35.95637530 -1.42557500 34.72999856
v -36.78397462 -20.30000091 34.72999856
v -37.47635335 -19.81519163 34.72999856
v -37.30798140 -19.86030862 34.72999856
v -37.14999929 -19.93397437 34.72999856
v -36.71030700 -20.45797929 34.72999856
v -36.66519374 -20.62635124 34.72999856
v -35.95637530 -20.97724564 34.72999856
v -36.64999828 -20.80000006 34.72999856
v -40.85959867 -19.79999989 34.72999856
v -37.65000030 -19.79999989 34.72999856
v -42.64278710 -20.03395371 34.72999856
v -42.50000045 -19.93397437 34.72999856
v -43.00000146 -20.80000006 34.72999856
v -42.98480600 -20.62635124 34.72999856
v -45.00000179 -20.97724564 34.72999856
v -43.00000146 -20.97724564 34.72999856
v -42.93969274 -20.45797929 34.72999856
v -42.86602512 -20.30000091 34.72999856
v -42.76604578 -20.15721239 34.72999856
v -42.34201834 -19.86030862 34.72999856
v -42.17364639 -19.81519163 34.72999856
v -41.99999943 -19.79999989 34.72999856
v -37.08300740 1.14567322 34.72999856
v -36.89039871 1.05585821 34.72999856
v -35.95637530 1.42557500 34.72999856
v -38.70067745 -0.21171186 34.72999856
v -38.71919960 0.00000000 34.72999856
v -36.71631217 0.93396136 34.72999856
v -36.56603768 0.78368664 34.72999856
v -36.44414246 0.60959999 34.72999856
v -36.35432571 0.41699095 34.72999856
v -36.29932180 0.21171186 34.72999856
v -36.28079966 0.00000000 34.72999856
v -40.85959867 1.42557500 34.72999856
v -38.70067745 0.21171186 34.72999856
v -38.64567354 0.41699095 34.72999856
v -38.55585679 0.60959999 34.72999856
v -38.43396157 0.78368664 34.72999856
v -38.28368708 0.93396136 34.72999856
v -38.10960054 1.05585821 34.72999856
v -37.91699186 1.14567322 34.72999856
v -37.71171346 1.20067759 34.72999856
v -37.50000149 1.21919997 34.72999856
v -37.28828952 1.20067759 34.72999856
v -36.29932180 -0.21171186 34.72999856
v -36.35432571 -0.41699095 34.72999856
v -36.44414246 -0.60959999 34.72999856
v -36.56603768 -0.78368664 34.72999856
v -36.71631217 -0.93396136 34.72999856
v -36.89039871 -1.05585821 34.72999856
v -37.08300740 -1.14567322 34.72999856
v -37.28828952 -1.20067759 34.72999856
v -37.50000149 -1.21919997 34.72999856
v -37.71171346 -1.20067759 34.72999856
v -37.91699186 -1.14567322 34.72999856
v -38.10960054 -1.05585821 34.72999856
v -38.28368708 -0.93396136 34.72999856
v -38.43396157 -0.78368664 34.72999856
v -38.55585679 -0.60959999 34.72999856
v -38.64567354 -0.41699095 34.72999856
v -35.95637530 23.84638041 34.72999856
v -35.95637530 5.46147022 34.72999856
v -40.85959867 5.46147022 34.72999856
v -45.00000179 5.46147022 34.72999856
v -33.44184160 -34.46646780 34.72999856
v -33.18402544 -34.58669037 34.72999856
v -29.11039814 -34.03159976 34.72999856
v -35.53353250 -36.55815870 34.72999856
v -35.60715541 -36.28338501 34.72999856
v -32.58669004 -35.18402576 34.72999856
v -32.46646747 -35.44184193 34.72999856
v -32.39284456 -35.71661562 34.72999856
v -32.36804903 -35.99999845 34.72999856
v -32.39284456 -36.28338501 34.72999856
v -32.46646747 -36.55815870 34.72999856
v -32.58669004 -36.81597486 34.72999856
v -32.74985403 -37.04899549 34.72999856
v -32.95100108 -37.25014627 34.72999856
v -33.18402544 -37.41331026 34.72999856
v -33.44184160 -37.53353283 34.72999856
v -33.71661529 -37.60715574 34.72999856
v -34.00000185 -37.63195127 34.72999856
v -34.28338468 -37.60715574 34.72999856
v -35.63195094 -35.99999845 34.72999856
v -35.60715541 -35.71661562 34.72999856
v -32.95100108 -34.74985436 34.72999856
v -32.74985403 -34.95100141 34.72999856
v -34.55815837 -34.46646780 34.72999856
v -34.28338468 -34.39284116 34.72999856
v -34.00000185 -34.36804935 34.72999856
v -33.71661529 -34.39284116 34.72999856
v -34.55815837 -37.53353283 34.72999856
v -34.81597453 -37.41331026 34.72999856
v -35.04899889 -37.25014627 34.72999856
v -35.25014594 -37.04899549 34.72999856
v -35.41330993 -36.81597486 34.72999856
v -35.53353250 -35.44184193 34.72999856
v -35.41330993 -35.18402576 34.72999856
v -35.25014594 -34.95100141 34.72999856
v -35.04899889 -34.74985436 34.72999856
v -34.81597453 -34.58669037 34.72999856
v -22.91097306 34.03159976 34.72999856
v -29.11039814 -30.27813137 34.72999856
v -29.11039814 -20.97724564 34.72999856
v -22.91097306 -30.27813137 34.72999856
v -22.91097306 -20.97724564 34.72999856
v -19.95067671 32.26424009 34.72999856
v -19.96920072 32.47595206 34.72999856
v -18.75000075 33.69515389 34.72999856
v -18.53828877 33.67663175 34.72999856
v -17.60432683 32.89294615 34.72999856
v -17.54932292 32.68766403 34.72999856
v -17.53080077 32.47595206 34.72999856
v -17.54932292 32.26424009 34.72999856
v -17.60432683 32.05896169 34.72999856
v -17.69414172 31.86635301 34.72999856
v -17.81603880 31.69226646 34.72999856
v -17.96631329 31.54199198 34.72999856
v -18.14039983 31.42009303 34.72999856
v -19.95067671 32.68766403 34.72999856
v -19.89567466 32.89294615 34.72999856
v -19.80585791 33.08555111 34.72999856
v -19.35959980 33.53181109 34.72999856
v -19.16699111 33.62162411 34.72999856
v -18.96171272 33.67663175 34.72999856
v -18.33300851 33.62162411 34.72999856
v -18.14039983 33.53181109 34.72999856
v -17.96631329 33.40991586 34.72999856
v -17.81603880 33.25963765 34.72999856
v -17.69414172 33.08555111 34.72999856
v -18.33300851 31.33028001 34.72999856
v -18.53828877 31.27527609 34.72999856
v -18.75000075 31.25675395 34.72999856
v -18.96171272 31.27527609 34.72999856
v -19.16699111 31.33028001 34.72999856
v -19.35959980 31.42009303 34.72999856
v -19.53368634 31.54199198 34.72999856
v -19.89567466 32.05896169 34.72999856
v -19.68396083 33.25963765 34.72999856
v -19.53368634 33.40991586 34.72999856
v -19.68396083 31.69226646 34.72999856
v -19.80585791 31.86635301 34.72999856
v -17.54932292 -32.26424009 34.72999856
v -17.53080077 -32.47595206 34.72999856
v -10.55165473 -34.03159976 34.72999856
v -17.54932292 -32.68766403 34.72999856
v -18.75000075 -31.25675395 34.72999856
v -18.53828877 -31.27527609 34.72999856
v -17.60432683 -32.05896169 34.72999856
v -17.60432683 -32.89293870 34.72999856
v -17.69414172 -33.08555111 34.72999856
v -17.81603880 -33.25963765 34.72999856
v -19.95067671 -32.26424009 34.72999856
v -19.89567466 -32.05896169 34.72999856
v -19.80585791 -31.86635301 34.72999856
v -19.35959980 -31.42009303 34.72999856
v -19.16699111 -31.33028001 34.72999856
v -18.96171272 -31.27527609 34.72999856
v -18.33300851 -31.33028001 34.72999856
v -18.14039983 -31.42009303 34.72999856
v -17.96631329 -31.54199198 34.72999856
v -19.96920072 -32.47595206 34.72999856
v -22.91097306 -34.03159976 34.72999856
v -19.95067671 -32.68766403 34.72999856
v -19.89567466 -32.89293870 34.72999856
v -17.81603880 -31.69226646 34.72999856
v -17.69414172 -31.86635301 34.72999856
v -17.96631329 -33.40991586 34.72999856
v -18.14039983 -33.53181109 34.72999856
v -18.33300851 -33.62162411 34.72999856
v -18.53828877 -33.67663175 34.72999856
v -18.75000075 -33.69515389 34.72999856
v -18.96171272 -33.67663175 34.72999856
v -19.16699111 -33.62162411 34.72999856
v -19.35959980 -33.53181109 34.72999856
v -19.53368634 -33.40991586 34.72999856
v -19.68396083 -31.69226646 34.72999856
v -19.53368634 -31.54199198 34.72999856
v -19.68396083 -33.25963765 34.72999856
v -19.80585791 -33.08555111 34.72999856
v -10.55165473 1.42557500 34.72999856
v -22.91097306 1.42557500 34.72999856
v -29.11039814 1.42557500 34.72999856
v -10.55165473 -1.42557500 34.72999856
v -22.91097306 -1.42557500 34.72999856
v -29.11039814 -1.42557500 34.72999856
v 17.54932292 32.26424009 34.72999856
v 17.53080077 32.47595206 34.72999856
v 19.80585791 31.86635301 34.72999856
v 19.68396083 31.69226646 34.72999856
v 19.89567094 32.89293870 34.72999856
v 19.95067671 32.68766403 34.72999856
v 19.96920072 32.47595206 34.72999856
v 19.95067671 32.26424009 34.72999856
v 19.89567094 32.05896169 34.72999856
v 17.54932292 32.68766403 34.72999856
v 17.60432683 32.89293870 34.72999856
v 17.69414172 33.08555111 34.72999856
v 18.14039983 33.53181109 34.72999856
v 18.33300851 33.62162411 34.72999856
v 18.53828877 33.67663175 34.72999856
v 18.75000075 33.69515389 34.72999856
v 18.96171272 33.67663175 34.72999856
v 19.16699111 33.62162411 34.72999856
v 19.35959980 33.53181109 34.72999856
v 19.53368634 33.40991586 34.72999856
v 19.68396083 33.25963765 34.72999856
v 19.80585791 33.08555111 34.72999856
v 19.53368634 31.54199198 34.72999856
v 19.35959980 31.42009303 34.72999856
v 19.16699111 31.33028001 34.72999856
v 18.96171272 31.27527609 34.72999856
v 18.75000075 31.25675395 34.72999856
v 18.53828877 31.27527609 34.72999856
v 18.33300851 31.33028001 34.72999856
v 18.14039983 31.42009303 34.72999856
v 17.96631329 31.54199198 34.72999856
v 17.60432683 32.05896169 34.72999856
v 17.81603880 33.25963765 34.72999856
v 17.96631329 33.40991586 34.72999856
v 17.81603880 31.69226646 34.72999856
v 17.69414172 31.86635301 34.72999856
v 22.91097306 -34.03159976 34.72999856
v 19.96920072 -32.47595206 34.72999856
v 19.95067671 -32.68766403 34.72999856
v 22.91097306 -30.27813137 34.72999856
v 18.75000075 -31.25675395 34.72999856
v 18.96171272 -31.27527609 34.72999856
v 19.89567094 -32.89294615 34.72999856
v 19.80585791 -33.08555111 34.72999856
v 19.68396083 -33.25963765 34.72999856
v 17.54932292 -32.26424009 34.72999856
v 17.60432683 -32.05896169 34.72999856
v 17.69414172 -31.86635301 34.72999856
v 18.53828877 -31.27527609 34.72999856
v 18.33300851 -31.33028001 34.72999856
v 18.14039983 -31.42009303 34.72999856
v 22.91097306 1.42557500 34.72999856
v 22.91097306 -1.42557500 34.72999856
v 22.91097306 -20.97724564 34.72999856
v 19.16699111 -31.33028001 34.72999856
v 19.35959980 -31.42009303 34.72999856
v 19.53368634 -31.54199198 34.72999856
v 19.95067671 -32.26424009 34.72999856
v 19.89567094 -32.05896169 34.72999856
v 17.53080077 -32.47595206 34.72999856
v 10.55165473 -34.03159976 34.72999856
v 17.54932292 -32.68766403 34.72999856
v 17.60432683 -32.89294615 34.72999856
v -2.60223006 -34.03159976 34.72999856
v 19.68396083 -31.69226646 34.72999856
v 19.80585791 -31.86635301 34.72999856
v 19.53368634 -33.40991586 34.72999856
v 19.35959980 -33.53181109 34.72999856
v 19.16699111 -33.62162411 34.72999856
v 18.53828877 -33.67663175 34.72999856
v 18.75000075 -33.69515389 34.72999856
v 18.96171272 -33.67663175 34.72999856
v 18.33300851 -33.62162411 34.72999856
v 18.14039983 -33.53181109 34.72999856
v 17.96631329 -33.40991586 34.72999856
v 17.81603880 -31.69226646 34.72999856
v 17.96631329 -31.54199198 34.72999856
v 17.81603880 -33.25963765 34.72999856
v 17.69414172 -33.08555111 34.72999856
v 22.91097306 43.00000146 34.72999856
v 29.11039814 -34.03159976 34.72999856
v 29.11039814 -30.27813137 34.72999856
v 29.11039814 -20.97724564 34.72999856
v 29.11039814 -1.42557500 34.72999856
v 29.11039814 1.42557500 34.72999856
v -29.11039814 -43.00000146 34.72999856
v -22.91097306 -43.00000146 34.72999856
v -22.91097306 -40.31597450 34.72999856
v -10.55165473 -43.00000146 34.72999856
v -10.55165473 -40.31597450 34.72999856
v -2.60223006 -43.00000146 34.72999856
v -2.60223006 -40.31597450 34.72999856
v 10.55165473 -43.00000146 34.72999856
v 10.55165473 -40.31597450 34.72999856
v 22.91097306 -43.00000146 34.72999856
v 22.91097306 -40.31597450 34.72999856
v 29.11039814 -43.00000146 34.72999856
v 29.99999933 -43.00000146 34.72999856
v 35.95637530 23.84638041 34.72999856
v 35.53353250 -36.55815870 34.72999856
v 35.41330993 -36.81597486 34.72999856
v 34.00000185 -34.36804935 34.72999856
v 34.28338468 -34.39284116 34.72999856
v 34.55815837 -34.46646780 34.72999856
v 34.81597453 -34.58669037 34.72999856
v 34.81597453 -37.41331026 34.72999856
v 34.55815837 -37.53353283 34.72999856
v 32.46646747 -36.55815870 34.72999856
v 32.39284456 -36.28338501 34.72999856
v 35.41330993 -35.18402576 34.72999856
v 35.53353250 -35.44184193 34.72999856
v 35.25014594 -37.04899549 34.72999856
v 35.04899889 -37.25014627 34.72999856
v 33.71661529 -37.60715574 34.72999856
v 34.00000185 -37.63195127 34.72999856
v 34.28338468 -37.60715574 34.72999856
v 32.36804903 -35.99999845 34.72999856
v 32.39284456 -35.71661562 34.72999856
v 35.04899889 -34.74985436 34.72999856
v 35.25014594 -34.95100141 34.72999856
v 35.60715541 -35.71661562 34.72999856
v 35.63195094 -35.99999845 34.72999856
v 35.60715541 -36.28338501 34.72999856
v 33.44184160 -34.46646780 34.72999856
v 33.71661529 -34.39284116 34.72999856
v 33.44184160 -37.53353283 34.72999856
v 33.18402544 -37.41331026 34.72999856
v 32.95100108 -37.25014627 34.72999856
v 35.95637530 -30.27813137 34.72999856
v 35.95637530 -20.97724564 34.72999856
v 35.95637530 -1.42557500 34.72999856
v 32.74985403 -37.04899549 34.72999856
v 32.58669004 -36.81597486 34.72999856
v 32.46646747 -35.44184193 34.72999856
v 32.58669004 -35.18402576 34.72999856
v 32.74985403 -34.95100141 34.72999856
v 32.95100108 -34.74985436 34.72999856
v 33.18402544 -34.58669037 34.72999856
v 45.00000179 5.46147022 34.72999856
v 45.00000179 23.84638041 34.72999856
v 45.00000179 28.00000086 34.72999856
v 45.00000179 1.42557500 34.72999856
v 35.95637530 5.46147022 34.72999856
v 35.95637530 1.42557500 34.72999856
v 37.50000149 1.21919997 34.72999856
v 37.71171346 1.20067759 34.72999856
v 37.91699186 1.14567322 34.72999856
v 38.10960054 1.05585821 34.72999856
v 38.28368708 0.93396136 34.72999856
v 38.43396157 0.78368664 34.72999856
v 38.55585679 0.60959999 34.72999856
v 38.64567354 0.41699095 34.72999856
v 36.29932180 -0.21171186 34.72999856
v 36.28079966 -0.00000000 34.72999856
v 36.29932180 0.21171186 34.72999856
v 36.35432571 0.41699095 34.72999856
v 36.44414246 0.60959999 34.72999856
v 36.56603768 0.78368664 34.72999856
v 36.71631217 0.93396136 34.72999856
v 36.89039871 1.05585821 34.72999856
v 37.08300740 1.14567322 34.72999856
v 37.28828952 1.20067759 34.72999856
v 38.70067745 0.21171186 34.72999856
v 38.71919960 -0.00000000 34.72999856
v 45.00000179 -1.42557500 34.72999856
v 38.70067745 -0.21171186 34.72999856
v 38.64567354 -0.41699095 34.72999856
v 38.55585679 -0.60959999 34.72999856
v 38.43396157 -0.78368664 34.72999856
v 38.28368708 -0.93396136 34.72999856
v 38.10960054 -1.05585821 34.72999856
v 37.91699186 -1.14567322 34.72999856
v 37.71171346 -1.20067759 34.72999856
v 37.50000149 -1.21919997 34.72999856
v 37.28828952 -1.20067759 34.72999856
v 37.08300740 -1.14567322 34.72999856
v 36.89039871 -1.05585821 34.72999856
v 36.71631217 -0.93396136 34.72999856
v 36.56603768 -0.78368664 34.72999856
v 36.44414246 -0.60959999 34.72999856
v 36.35432571 -0.41699095 34.72999856
v 44.09538954 -33.13030303 34.72999856
v 44.77211460 -30.60472198 34.72999856
v 45.00000179 -28.00000086 34.72999856
v 45.00000179 -20.97724564 34.72999856
v 9.71472543 6.29840000 29.72999960
v 20.17539367 6.29840000 29.72999960
v 20.17539367 1.42557500 29.72999960
v 28.27346697 23.00945111 29.72999960
v 35.95637530 23.00945111 29.72999960
v 35.95637530 6.29840000 29.72999960
v 37.28828952 -1.20067759 29.72999960
v 37.50000149 -1.21919997 29.72999960
v 35.95637530 -1.42557500 29.72999960
v -42.99038276 -35.50000116 29.72999960
v -44.09538954 -33.13030303 29.72999960
v -40.85959867 -34.03159976 29.72999960
v -34.28338468 34.39284116 29.72999960
v -34.00000185 34.36804935 29.72999960
v -35.95637530 34.03159976 29.72999960
v -9.71472543 34.03159976 29.72999960
v -20.17539367 34.03159976 29.72999960
v -41.99999943 -32.49999881 29.72999960
v -40.85959867 -32.49999881 29.72999960
v -0.64937654 -27.51114778 29.72999960
v -0.32969713 -27.59680524 29.72999960
v -1.76530005 -29.44120206 29.72999960
v -1.45445031 -26.94742940 29.72999960
v -1.22042873 -27.18145028 29.72999960
v -0.94932498 -27.37127990 29.72999960
v -0.32969713 -23.85719493 29.72999960
v -0.64937654 -23.94285239 29.72999960
v -1.76530005 -21.81417495 29.72999960
v -0.00000000 -23.82835001 29.72999960
v -0.94932498 -24.08272028 29.72999960
v -1.22042873 -24.27254990 29.72999960
v -1.45445031 -24.50657077 29.72999960
v 1.22042873 -24.27254990 29.72999960
v 0.94932498 -24.08272028 29.72999960
v 9.71472543 -21.81417495 29.72999960
v 0.64937654 -23.94285239 29.72999960
v 0.32969713 -23.85719493 29.72999960
v 0.94932498 -27.37127990 29.72999960
v 1.22042873 -27.18145028 29.72999960
v 9.71472543 -29.44120206 29.72999960
v -0.00000000 -27.62565017 29.72999960
v 0.32969713 -27.59680524 29.72999960
v 0.64937654 -27.51114778 29.72999960
v 1.45445031 -26.94742940 29.72999960
v 1.64427911 -26.67632513 29.72999960
v 1.78414735 -26.37637593 29.72999960
v 1.86980527 -26.05669759 29.72999960
v 1.89864996 -25.72700009 29.72999960
v 1.86980527 -25.39730258 29.72999960
v 1.78414735 -25.07762425 29.72999960
v 1.64427911 -24.77767505 29.72999960
v 1.45445031 -24.50657077 29.72999960
v -1.86980527 -25.39730258 29.72999960
v -1.89864996 -25.72700009 29.72999960
v -9.71472543 -29.44120206 29.72999960
v -1.64427911 -24.77767505 29.72999960
v -1.78414735 -25.07762425 29.72999960
v -9.71472543 -21.81417495 29.72999960
v -1.86980527 -26.05669759 29.72999960
v -1.78414735 -26.37637593 29.72999960
v -1.64427911 -26.67632513 29.72999960
v -1.25014619 -1.04899728 29.72999960
v -1.04899728 -1.25014619 29.72999960
v -1.76530005 -1.42557500 29.72999960
v -1.63195003 0.00000000 29.72999960
v -1.60715706 -0.28338513 29.72999960
v -0.55815978 1.53353135 29.72999960
v -0.81597501 1.41331018 29.72999960
v -1.76530005 1.42557500 29.72999960
v -1.04899728 1.25014619 29.72999960
v -1.25014619 1.04899728 29.72999960
v -1.41331018 0.81597501 29.72999960
v -1.53353135 0.55815978 29.72999960
v -1.60715706 0.28338513 29.72999960
v -1.53353135 -0.55815978 29.72999960
v -1.41331018 -0.81597501 29.72999960
v -0.00000000 1.63195003 29.72999960
v -0.28338513 1.60715706 29.72999960
v -1.76530005 6.29840000 29.72999960
v 1.60715706 0.28338513 29.72999960
v 1.53353135 0.55815978 29.72999960
v 9.71472543 1.42557500 29.72999960
v 1.41331018 0.81597501 29.72999960
v 1.25014619 1.04899728 29.72999960
v 1.04899728 1.25014619 29.72999960
v 0.81597501 1.41331018 29.72999960
v 0.55815978 1.53353135 29.72999960
v 0.28338513 1.60715706 29.72999960
v 1.41331018 -0.81597501 29.72999960
v 9.71472543 -1.42557500 29.72999960
v 1.25014619 -1.04899728 29.72999960
v 1.04899728 -1.25014619 29.72999960
v 1.53353135 -0.55815978 29.72999960
v 1.60715706 -0.28338513 29.72999960
v 1.63195003 -0.00000000 29.72999960
v -0.81597501 -1.41331018 29.72999960
v -0.55815978 -1.53353135 29.72999960
v 0.55815978 -1.53353135 29.72999960
v 0.81597501 -1.41331018 29.72999960
v -0.28338513 -1.60715706 29.72999960
v -0.00000000 -1.63195003 29.72999960
v 0.28338513 -1.60715706 29.72999960
v -36.66519374 -20.62635124 29.72999960
v -36.71030700 -20.45797929 29.72999960
v -35.95637530 -1.42557500 29.72999960
v -36.78397462 -20.30000091 29.72999960
v -36.88395396 -20.15721239 29.72999960
v -35.95637530 -21.81417495 29.72999960
v -36.64999828 -21.81417495 29.72999960
v -36.64999828 -20.80000006 29.72999960
v -37.00721264 -20.03395371 29.72999960
v -37.14999929 -19.93397437 29.72999960
v -37.30798140 -19.86030862 29.72999960
v -37.47635335 -32.48480707 29.72999960
v -37.30798140 -32.43969381 29.72999960
v -35.95637530 -34.03159976 29.72999960
v -37.65000030 -32.49999881 29.72999960
v -37.14999929 -32.36602619 29.72999960
v -37.00721264 -32.26604313 29.72999960
v -36.88395396 -32.14278817 29.72999960
v -36.66519374 -31.67364746 29.72999960
v -36.64999828 -31.50000051 29.72999960
v -36.78397462 -32.00000152 29.72999960
v -36.71030700 -31.84201941 29.72999960
v -42.93969274 -31.84201941 29.72999960
v -42.98480600 -31.67364746 29.72999960
v -44.77211460 -30.60472198 29.72999960
v -42.86602512 -32.00000152 29.72999960
v -42.76604578 -32.14278817 29.72999960
v -42.64278710 -32.26604313 29.72999960
v -42.50000045 -32.36602619 29.72999960
v -42.34201834 -32.43969381 29.72999960
v -42.17364639 -32.48480707 29.72999960
v -41.99999943 -19.79999989 29.72999960
v -42.17364639 -19.81519163 29.72999960
v -45.00000179 -1.42557500 29.72999960
v -37.47635335 -19.81519163 29.72999960
v -37.65000030 -19.79999989 29.72999960
v -40.85959867 -1.42557500 29.72999960
v -40.85959867 -19.79999989 29.72999960
v -42.34201834 -19.86030862 29.72999960
v -42.50000045 -19.93397437 29.72999960
v -42.64278710 -20.03395371 29.72999960
v -42.76604578 -20.15721239 29.72999960
v -42.86602512 -20.30000091 29.72999960
v -45.00000179 -21.81417495 29.72999960
v -42.93969274 -20.45797929 29.72999960
v -42.98480600 -20.62635124 29.72999960
v -43.00000146 -20.80000006 29.72999960
v -43.00000146 -21.81417495 29.72999960
v -45.00000179 -28.00000086 29.72999960
v -43.00000146 -29.44120206 29.72999960
v -43.00000146 -31.50000051 29.72999960
v 6.52094465 27.04557590 29.72999960
v 7.02606048 27.18092129 29.72999960
v 9.71472543 23.00945111 29.72999960
v 7.49999983 27.40192413 29.72999960
v 7.92836305 27.70186588 29.72999960
v 8.29813350 28.07163633 29.72999960
v 8.59807618 28.50000001 29.72999960
v 8.81907810 28.97393890 29.72999960
v 8.99999961 34.03159976 29.72999960
v 9.71472543 34.03159976 29.72999960
v 8.99999961 29.99999933 29.72999960
v 8.95442348 29.47905473 29.72999960
v -7.49999983 27.40192413 29.72999960
v -7.02606048 27.18092129 29.72999960
v -9.71472543 23.00945111 29.72999960
v -6.52094465 27.04557590 29.72999960
v -6.00000005 27.00000070 29.72999960
v -1.76530005 23.00945111 29.72999960
v -1.76530005 27.00000070 29.72999960
v 6.00000005 27.00000070 29.72999960
v -8.59807618 28.50000001 29.72999960
v -8.81907810 28.97393890 29.72999960
v -8.95442348 29.47905473 29.72999960
v -8.29813350 28.07163633 29.72999960
v -7.92836305 27.70186588 29.72999960
v -8.99999961 29.99999933 29.72999960
v -8.99999961 34.03159976 29.72999960
v -8.99999961 41.99999943 29.72999960
v -33.71661529 34.39284116 29.72999960
v -28.27346697 34.03159976 29.72999960
v -33.44184160 34.46646780 29.72999960
v -33.18402544 34.58669037 29.72999960
v -32.95100108 34.74985436 29.72999960
v -32.74985403 34.95100141 29.72999960
v -32.58669004 35.18402576 29.72999960
v -32.46646747 35.44184193 29.72999960
v -32.39284456 35.71661562 29.72999960
v -32.36804903 35.99999845 29.72999960
v -32.46646747 36.55815870 29.72999960
v -32.58669004 36.81597486 29.72999960
v -35.53353250 36.55815870 29.72999960
v -35.60715541 36.28338501 29.72999960
v -37.50000149 40.99038243 29.72999960
v -32.60472417 42.77211800 29.72999960
v -33.71661529 37.60715574 29.72999960
v -35.13030335 42.09538922 29.72999960
v -34.00000185 37.63195127 29.72999960
v -35.63195094 35.99999845 29.72999960
v -35.60715541 35.71661562 29.72999960
v -32.39284456 36.28338501 29.72999960
v -34.55815837 34.46646780 29.72999960
v -32.74985403 37.04899549 29.72999960
v -32.95100108 37.25014627 29.72999960
v -33.18402544 37.41331026 29.72999960
v -33.44184160 37.53353283 29.72999960
v -34.28338468 37.60715574 29.72999960
v -34.55815837 37.53353283 29.72999960
v -34.81597453 37.41331026 29.72999960
v -35.04899889 37.25014627 29.72999960
v -35.25014594 37.04899549 29.72999960
v -35.41330993 36.81597486 29.72999960
v -35.53353250 35.44184193 29.72999960
v -35.41330993 35.18402576 29.72999960
v -35.25014594 34.95100141 29.72999960
v -35.04899889 34.74985436 29.72999960
v -34.81597453 34.58669037 29.72999960
v -39.64181244 39.49066624 29.72999960
v -41.49066657 37.64181584 29.72999960
v -40.85959867 34.03159976 29.72999960
v -42.99038276 35.50000116 29.72999960
v -44.09538954 33.13030303 29.72999960
v -32.60472417 -42.77211800 29.72999960
v -35.13030335 -42.09538922 29.72999960
v -35.95637530 -40.31597450 29.72999960
v -37.50000149 -40.99038243 29.72999960
v -39.64181244 -39.49066624 29.72999960
v -41.49066657 -37.64181584 29.72999960
v -28.27346697 -40.31597450 29.72999960
v -29.99999933 -43.00000146 29.72999960
v 39.64181244 -39.49066624 29.72999960
v 37.50000149 -40.99038243 29.72999960
v 35.95637530 -40.31597450 29.72999960
v 35.13030335 -42.09538922 29.72999960
v 28.27346697 -40.31597450 29.72999960
v 32.60472417 -42.77211800 29.72999960
v 41.49066657 -37.64181584 29.72999960
v 35.95637530 -34.03159976 29.72999960
v 42.99038276 -35.50000116 29.72999960
v 44.09538954 -33.13030303 29.72999960
v 44.77211460 30.60472198 29.72999960
v 45.00000179 28.00000086 29.72999960
v 35.95637530 34.03159976 29.72999960
v 37.50000149 40.99038243 29.72999960
v 39.64181244 39.49066624 29.72999960
v 41.49066657 37.64181584 29.72999960
v 42.99038276 35.50000116 29.72999960
v 44.09538954 33.13030303 29.72999960
v 34.55815837 34.46646780 29.72999960
v 34.81597453 34.58669037 29.72999960
v 35.04899889 34.74985436 29.72999960
v 35.25014594 34.95100141 29.72999960
v 35.41330993 35.18402576 29.72999960
v 35.53353250 35.44184193 29.72999960
v 35.13030335 42.09538922 29.72999960
v 34.28338468 37.60715574 29.72999960
v 34.00000185 37.63195127 29.72999960
v 35.60715541 35.71661562 29.72999960
v 35.63195094 35.99999845 29.72999960
v 35.60715541 36.28338501 29.72999960
v 35.53353250 36.55815870 29.72999960
v 35.41330993 36.81597486 29.72999960
v 35.25014594 37.04899549 29.72999960
v 32.60472417 42.77211800 29.72999960
v 35.04899889 37.25014627 29.72999960
v 34.81597453 37.41331026 29.72999960
v 34.55815837 37.53353283 29.72999960
v 32.74985403 37.04899549 29.72999960
v 32.58669004 36.81597486 29.72999960
v 28.27346697 43.00000146 29.72999960
v 32.46646747 36.55815870 29.72999960
v 32.39284456 36.28338501 29.72999960
v 28.27346697 34.03159976 29.72999960
v 32.36804903 35.99999845 29.72999960
v 32.39284456 35.71661562 29.72999960
v 33.44184160 34.46646780 29.72999960
v 33.71661529 34.39284116 29.72999960
v 34.00000185 34.36804935 29.72999960
v 34.28338468 34.39284116 29.72999960
v 33.71661529 37.60715574 29.72999960
v 33.44184160 37.53353283 29.72999960
v 29.99999933 43.00000146 29.72999960
v 33.18402544 37.41331026 29.72999960
v 32.95100108 37.25014627 29.72999960
v 32.46646747 35.44184193 29.72999960
v 32.58669004 35.18402576 29.72999960
v 32.74985403 34.95100141 29.72999960
v 32.95100108 34.74985436 29.72999960
v 33.18402544 34.58669037 29.72999960
v 45.00000179 1.42557500 29.72999960
v 45.00000179 6.29840000 29.72999960
v 45.00000179 23.00945111 29.72999960
v 36.29932180 -0.21171186 29.72999960
v 36.35432571 -0.41699095 29.72999960
v 38.70067745 0.21171186 29.72999960
v 38.64567354 0.41699095 29.72999960
v 36.71631217 -0.93396136 29.72999960
v 36.89039871 -1.05585821 29.72999960
v 37.08300740 -1.14567322 29.72999960
v 38.43396157 -0.78368664 29.72999960
v 38.55585679 -0.60959999 29.72999960
v 45.00000179 -1.42557500 29.72999960
v 36.28079966 -0.00000000 29.72999960
v 35.95637530 1.42557500 29.72999960
v 36.29932180 0.21171186 29.72999960
v 38.55585679 0.60959999 29.72999960
v 38.43396157 0.78368664 29.72999960
v 38.28368708 0.93396136 29.72999960
v 36.71631217 0.93396136 29.72999960
v 36.56603768 0.78368664 29.72999960
v 37.71171346 -1.20067759 29.72999960
v 37.91699186 -1.14567322 29.72999960
v 38.64567354 -0.41699095 29.72999960
v 38.70067745 -0.21171186 29.72999960
v 38.71919960 -0.00000000 29.72999960
v 38.10960054 1.05585821 29.72999960
v 37.91699186 1.14567322 29.72999960
v 37.71171346 1.20067759 29.72999960
v 37.50000149 1.21919997 29.72999960
v 37.28828952 1.20067759 29.72999960
v 36.44414246 0.60959999 29.72999960
v 36.35432571 0.41699095 29.72999960
v 36.44414246 -0.60959999 29.72999960
v 36.56603768 -0.78368664 29.72999960
v 38.10960054 -1.05585821 29.72999960
v 38.28368708 -0.93396136 29.72999960
v 37.08300740 1.14567322 29.72999960
v 36.89039871 1.05585821 29.72999960
v 44.77211460 -30.60472198 29.72999960
v 35.95637530 -29.44120206 29.72999960
v 45.00000179 -28.00000086 29.72999960
v 35.95637530 -21.81417495 29.72999960
v 45.00000179 -21.81417495 29.72999960
v 28.27346697 6.29840000 29.72999960
v 28.27346697 1.42557500 29.72999960
v 28.27346697 -1.42557500 29.72999960
v 28.27346697 -21.81417495 29.72999960
v 28.27346697 -29.44120206 29.72999960
v 34.00000185 -37.63195127 29.72999960
v 34.28338468 -37.60715574 29.72999960
v 35.53353250 -36.55815870 29.72999960
v 35.60715541 -36.28338501 29.72999960
v 34.55815837 -37.53353283 29.72999960
v 34.81597453 -37.41331026 29.72999960
v 35.04899889 -37.25014627 29.72999960
v 35.63195094 -35.99999845 29.72999960
v 35.60715541 -35.71661562 29.72999960
v 35.25014594 -37.04899549 29.72999960
v 35.41330993 -36.81597486 29.72999960
v 32.46646747 -35.44184193 29.72999960
v 32.39284456 -35.71661562 29.72999960
v 28.27346697 -34.03159976 29.72999960
v 35.53353250 -35.44184193 29.72999960
v 35.41330993 -35.18402576 29.72999960
v 35.25014594 -34.95100141 29.72999960
v 33.71661529 -34.39284116 29.72999960
v 34.00000185 -34.36804935 29.72999960
v 34.28338468 -34.39284116 29.72999960
v 34.55815837 -34.46646780 29.72999960
v 35.04899889 -34.74985436 29.72999960
v 34.81597453 -34.58669037 29.72999960
v 33.44184160 -34.46646780 29.72999960
v 33.18402544 -34.58669037 29.72999960
v 32.95100108 -34.74985436 29.72999960
v 32.74985403 -34.95100141 29.72999960
v 32.58669004 -35.18402576 29.72999960
v 32.36804903 -35.99999845 29.72999960
v 32.39284456 -36.28338501 29.72999960
v 32.46646747 -36.55815870 29.72999960
v 32.58669004 -36.81597486 29.72999960
v 32.74985403 -37.04899549 29.72999960
v 32.95100108 -37.25014627 29.72999960
v 33.18402544 -37.41331026 29.72999960
v 33.44184160 -37.53353283 29.72999960
v 33.71661529 -37.60715574 29.72999960
v 20.17539367 43.00000146 29.72999960
v 20.17539367 34.03159976 29.72999960
v 9.99999978 43.00000146 29.72999960
v 22.28023484 10.96484996 29.72999960
v 22.60993235 10.99369489 29.72999960
v 21.33090980 11.21922117 29.72999960
v 21.63085900 11.07935235 29.72999960
v 21.95053920 10.99369489 29.72999960
v 24.17888492 12.86350004 29.72999960
v 24.15004000 12.53380254 29.72999960
v 24.06438254 12.21412327 29.72999960
v 22.92961255 11.07935235 29.72999960
v 23.22955802 11.21922117 29.72999960
v 23.50066416 11.40904985 29.72999960
v 23.73468503 11.64307259 29.72999960
v 23.92451465 11.91417500 29.72999960
v 20.38158476 12.86350004 29.72999960
v 20.41042969 12.53380254 29.72999960
v 20.49608901 12.21412327 29.72999960
v 20.63595690 11.91417500 29.72999960
v 20.82578465 11.64307259 29.72999960
v 21.05980739 11.40904985 29.72999960
v 24.15004000 13.19319755 29.72999960
v 24.06438254 13.51287682 29.72999960
v 23.92451465 13.81282508 29.72999960
v 23.73468503 14.08392843 29.72999960
v 23.50066416 14.31795023 29.72999960
v 23.22955802 14.50777892 29.72999960
v 22.92961255 14.64764774 29.72999960
v 22.60993235 14.73330520 29.72999960
v 20.17539367 23.00945111 29.72999960
v 22.28023484 14.76215012 29.72999960
v 21.95053920 14.73330520 29.72999960
v 21.63085900 14.64764774 29.72999960
v 21.33090980 14.50777892 29.72999960
v 21.05980739 14.31795023 29.72999960
v 20.82578465 14.08392843 29.72999960
v 20.63595690 13.81282508 29.72999960
v 20.49608901 13.51287682 29.72999960
v 20.41042969 13.19319755 29.72999960
v 20.17539367 -1.42557500 29.72999960
v 20.17539367 -21.81417495 29.72999960
v 20.17539367 -29.44120206 29.72999960
v 18.53828877 31.27527609 29.72999960
v 18.75000075 31.25675395 29.72999960
v 18.96171272 31.27527609 29.72999960
v 19.16699111 31.33028001 29.72999960
v 19.35959980 31.42009303 29.72999960
v 19.53368634 31.54199198 29.72999960
v 19.68396083 31.69226646 29.72999960
v 19.80585791 31.86635301 29.72999960
v 19.89567466 32.05896169 29.72999960
v 19.95067671 32.26424009 29.72999960
v 19.96920072 32.47595206 29.72999960
v 19.95067671 32.68766403 29.72999960
v 19.89567466 32.89293870 29.72999960
v 19.80585791 33.08555111 29.72999960
v 17.60432683 32.89293870 29.72999960
v 17.54932292 32.68766403 29.72999960
v 17.53080077 32.47595206 29.72999960
v 17.54932292 32.26424009 29.72999960
v 17.60432683 32.05896169 29.72999960
v 17.69414172 31.86635301 29.72999960
v 18.33300851 31.33028001 29.72999960
v 18.14039983 31.42009303 29.72999960
v 19.68396083 33.25963765 29.72999960
v 19.53368634 33.40991586 29.72999960
v 19.35959980 33.53181109 29.72999960
v 19.16699111 33.62162411 29.72999960
v 18.96171272 33.67663175 29.72999960
v 18.75000075 33.69515389 29.72999960
v 18.53828877 33.67663175 29.72999960
v 8.99999961 41.99999943 29.72999960
v 18.33300851 33.62162411 29.72999960
v 18.14039983 33.53181109 29.72999960
v 17.96631329 33.40991586 29.72999960
v 17.81603880 31.69226646 29.72999960
v 17.96631329 31.54199198 29.72999960
v 17.81603880 33.25963765 29.72999960
v 17.69414172 33.08555111 29.72999960
v 17.54932292 -32.26424009 29.72999960
v 17.53080077 -32.47595206 29.72999960
v 9.71472543 -34.03159976 29.72999960
v 20.17539367 -34.03159976 29.72999960
v 18.96171272 -33.67663175 29.72999960
v 19.16699111 -33.62162411 29.72999960
v 19.35959980 -33.53181109 29.72999960
v 19.53368634 -33.40991586 29.72999960
v 19.68396083 -33.25963765 29.72999960
v 19.80585791 -33.08555111 29.72999960
v 19.89567094 -32.89294615 29.72999960
v 19.95067671 -32.68766403 29.72999960
v 19.96920072 -32.47595206 29.72999960
v 19.95067671 -32.26424009 29.72999960
v 19.89567094 -32.05896169 29.72999960
v 19.80585791 -31.86635301 29.72999960
v 17.54932292 -32.68766403 29.72999960
v 17.60432683 -32.89294615 29.72999960
v 17.69414172 -33.08555111 29.72999960
v 18.14039983 -33.53181109 29.72999960
v 18.33300851 -33.62162411 29.72999960
v 18.53828877 -33.67663175 29.72999960
v 18.75000075 -33.69515389 29.72999960
v 18.75000075 -31.25675395 29.72999960
v 18.53828877 -31.27527609 29.72999960
v 19.68396083 -31.69226646 29.72999960
v 19.53368634 -31.54199198 29.72999960
v 19.35959980 -31.42009303 29.72999960
v 19.16699111 -31.33028001 29.72999960
v 18.96171272 -31.27527609 29.72999960
v 18.33300851 -31.33028001 29.72999960
v 18.14039983 -31.42009303 29.72999960
v 17.96631329 -31.54199198 29.72999960
v 17.81603880 -33.25963765 29.72999960
v 17.96631329 -33.40991586 29.72999960
v 17.81603880 -31.69226646 29.72999960
v 17.69414172 -31.86635301 29.72999960
v 17.60432683 -32.05896169 29.72999960
v -1.76530005 -34.03159976 29.72999960
v -9.71472543 -34.03159976 29.72999960
v -20.17539367 23.00945111 29.72999960
v -18.75000075 31.25675395 29.72999960
v -18.53828877 31.27527609 29.72999960
v -17.81603880 31.69226646 29.72999960
v -17.96631329 31.54199198 29.72999960
v -18.14039983 31.42009303 29.72999960
v -17.69414172 31.86635301 29.72999960
v -17.60432683 32.05896169 29.72999960
v -17.54932292 32.26424009 29.72999960
v -17.53080077 32.47595206 29.72999960
v -18.33300851 31.33028001 29.72999960
v -17.54932292 32.68766403 29.72999960
v -17.60432683 32.89294615 29.72999960
v -17.69414172 33.08555111 29.72999960
v -19.96920072 32.47595206 29.72999960
v -19.95067671 32.26424009 29.72999960
v -19.89567094 32.05896169 29.72999960
v -19.80585791 31.86635301 29.72999960
v -19.35959980 31.42009303 29.72999960
v -19.16699111 31.33028001 29.72999960
v -18.96171272 31.27527609 29.72999960
v -19.89567094 32.89294615 29.72999960
v -19.95067671 32.68766403 29.72999960
v -17.81603880 33.25963765 29.72999960
v -17.96631329 33.40991586 29.72999960
v -18.14039983 33.53181109 29.72999960
v -18.33300851 33.62162411 29.72999960
v -18.53828877 33.67663175 29.72999960
v -18.75000075 33.69515389 29.72999960
v -18.96171272 33.67663175 29.72999960
v -19.16699111 33.62162411 29.72999960
v -19.35959980 33.53181109 29.72999960
v -19.53368634 33.40991586 29.72999960
v -19.68396083 31.69226646 29.72999960
v -19.53368634 31.54199198 29.72999960
v -19.68396083 33.25963765 29.72999960
v -19.80585791 33.08555111 29.72999960
v -20.17539367 -34.03159976 29.72999960
v -18.53828877 -33.67663175 29.72999960
v -18.75000075 -33.69515389 29.72999960
v -18.33300851 -33.62162411 29.72999960
v -18.14039983 -33.53181109 29.72999960
v -17.96631329 -33.40991586 29.72999960
v -17.81603880 -33.25963765 29.72999960
v -17.69414172 -33.08555111 29.72999960
v -17.60432683 -32.89293870 29.72999960
v -19.96920072 -32.47595206 29.72999960
v -19.95067671 -32.68766403 29.72999960
v -19.89567466 -32.89293870 29.72999960
v -19.80585791 -33.08555111 29.72999960
v -19.35959980 -33.53181109 29.72999960
v -19.16699111 -33.62162411 29.72999960
v -18.96171272 -33.67663175 29.72999960
v -17.54932292 -32.68766403 29.72999960
v -17.53080077 -32.47595206 29.72999960
v -17.54932292 -32.26424009 29.72999960
v -17.60432683 -32.05896169 29.72999960
v -20.17539367 -29.44120206 29.72999960
v -18.75000075 -31.25675395 29.72999960
v -18.96171272 -31.27527609 29.72999960
v -19.89567466 -32.05896169 29.72999960
v -19.95067671 -32.26424009 29.72999960
v -17.69414172 -31.86635301 29.72999960
v -17.81603880 -31.69226646 29.72999960
v -17.96631329 -31.54199198 29.72999960
v -19.16699111 -31.33028001 29.72999960
v -19.35959980 -31.42009303 29.72999960
v -19.53368634 -31.54199198 29.72999960
v -19.68396083 -33.25963765 29.72999960
v -19.53368634 -33.40991586 29.72999960
v -18.14039983 -31.42009303 29.72999960
v -18.33300851 -31.33028001 29.72999960
v -18.53828877 -31.27527609 29.72999960
v -19.68396083 -31.69226646 29.72999960
v -19.80585791 -31.86635301 29.72999960
v -28.27346697 23.00945111 29.72999960
v -22.60993235 10.99369489 29.72999960
v -22.28023484 10.96484996 29.72999960
v -20.17539367 6.29840000 29.72999960
v -21.95053920 10.99369489 29.72999960
v -22.92961255 11.07935235 29.72999960
v -28.27346697 6.29840000 29.72999960
v -23.22955802 11.21922117 29.72999960
v -21.63085900 11.07935235 29.72999960
v -21.33090980 11.21922117 29.72999960
v -21.05980739 11.40904985 29.72999960
v -20.49608901 12.21412327 29.72999960
v -20.41042969 12.53380254 29.72999960
v -20.82578465 11.64307259 29.72999960
v -20.63595690 11.91417500 29.72999960
v -24.15004000 12.53380254 29.72999960
v -24.06438254 12.21412327 29.72999960
v -23.92451465 11.91417500 29.72999960
v -20.38158476 12.86350004 29.72999960
v -20.41042969 13.19319755 29.72999960
v -23.73468503 11.64307259 29.72999960
v -23.50066416 11.40904985 29.72999960
v -9.71472543 6.29840000 29.72999960
v -20.49608901 13.51287682 29.72999960
v -20.63595690 13.81282508 29.72999960
v -20.82578465 14.08392843 29.72999960
v -21.05980739 14.31795023 29.72999960
v -21.33090980 14.50777892 29.72999960
v -21.63085900 14.64764774 29.72999960
v -24.15004000 13.19319755 29.72999960
v -24.17888492 12.86350004 29.72999960
v -21.95053920 14.73330520 29.72999960
v -22.28023484 14.76215012 29.72999960
v -22.60993235 14.73330520 29.72999960
v -22.92961255 14.64764774 29.72999960
v -23.22955802 14.50777892 29.72999960
v -23.50066416 14.31795023 29.72999960
v -23.73468503 14.08392843 29.72999960
v -23.92451465 13.81282508 29.72999960
v -24.06438254 13.51287682 29.72999960
v -28.27346697 -29.44120206 29.72999960
v -28.27346697 -34.03159976 29.72999960
v -35.95637530 -29.44120206 29.72999960
v 20.17539367 -40.31597450 29.72999960
v 9.71472543 -40.31597450 29.72999960
v -1.76530005 -40.31597450 29.72999960
v -9.71472543 -40.31597450 29.72999960
v -20.17539367 -40.31597450 29.72999960
v 29.99999933 -43.00000146 29.72999960
v 28.27346697 -43.00000146 29.72999960
v 20.17539367 -43.00000146 29.72999960
v 9.71472543 -43.00000146 29.72999960
v -1.76530005 -43.00000146 29.72999960
v -9.71472543 -43.00000146 29.72999960
v -20.17539367 -43.00000146 29.72999960
v -28.27346697 -43.00000146 29.72999960
v -35.95637530 23.00945111 29.72999960
v -35.95637530 6.29840000 29.72999960
v -9.71472543 1.42557500 29.72999960
v -20.17539367 1.42557500 29.72999960
v -28.27346697 1.42557500 29.72999960
v -35.95637530 1.42557500 29.72999960
v -9.71472543 -1.42557500 29.72999960
v -20.17539367 -1.42557500 29.72999960
v -20.17539367 -21.81417495 29.72999960
v -28.27346697 -1.42557500 29.72999960
v -28.27346697 -21.81417495 29.72999960
v -36.64999828 -29.44120206 29.72999960
v -33.44184160 -37.53353283 29.72999960
v -33.18402544 -37.41331026 29.72999960
v -33.44184160 -34.46646780 29.72999960
v -33.71661529 -34.39284116 29.72999960
v -34.00000185 -34.36804935 29.72999960
v -34.28338468 -34.39284116 29.72999960
v -33.71661529 -37.60715574 29.72999960
v -32.95100108 -37.25014627 29.72999960
v -32.74985403 -37.04899549 29.72999960
v -32.58669004 -36.81597486 29.72999960
v -32.46646747 -36.55815870 29.72999960
v -32.39284456 -36.28338501 29.72999960
v -32.36804903 -35.99999845 29.72999960
v -32.39284456 -35.71661562 29.72999960
v -32.46646747 -35.44184193 29.72999960
v -32.58669004 -35.18402576 29.72999960
v -32.74985403 -34.95100141 29.72999960
v -32.95100108 -34.74985436 29.72999960
v -33.18402544 -34.58669037 29.72999960
v -34.55815837 -37.53353283 29.72999960
v -34.28338468 -37.60715574 29.72999960
v -34.00000185 -37.63195127 29.72999960
v -34.55815837 -34.46646780 29.72999960
v -34.81597453 -34.58669037 29.72999960
v -35.04899889 -34.74985436 29.72999960
v -35.60715541 -36.28338501 29.72999960
v -35.63195094 -35.99999845 29.72999960
v -35.60715541 -35.71661562 29.72999960
v -35.53353250 -35.44184193 29.72999960
v -35.25014594 -34.95100141 29.72999960
v -35.41330993 -35.18402576 29.72999960
v -35.53353250 -36.55815870 29.72999960
v -35.41330993 -36.81597486 29.72999960
v -35.25014594 -37.04899549 29.72999960
v -35.04899889 -37.25014627 29.72999960
v -34.81597453 -37.41331026 29.72999960
v -38.70067745 -0.21171186 29.72999960
v -38.64567354 -0.41699095 29.72999960
v -38.28368708 -0.93396136 29.72999960
v -38.10960054 -1.05585821 29.72999960
v -37.91699186 -1.14567322 29.72999960
v -36.56603768 -0.78368664 29.72999960
v -36.44414246 -0.60959999 29.72999960
v -40.85959867 1.42557500 29.72999960
v -38.70067745 0.21171186 29.72999960
v -38.71919960 0.00000000 29.72999960
v -36.28079966 0.00000000 29.72999960
v -36.29932180 0.21171186 29.72999960
v -36.35432571 0.41699095 29.72999960
v -36.44414246 0.60959999 29.72999960
v -36.56603768 0.78368664 29.72999960
v -36.71631217 0.93396136 29.72999960
v -36.89039871 1.05585821 29.72999960
v -38.28368708 0.93396136 29.72999960
v -38.43396157 0.78368664 29.72999960
v -38.55585679 -0.60959999 29.72999960
v -38.43396157 -0.78368664 29.72999960
v -36.35432571 -0.41699095 29.72999960
v -36.29932180 -0.21171186 29.72999960
v -38.55585679 0.60959999 29.72999960
v -38.64567354 0.41699095 29.72999960
v -37.71171346 -1.20067759 29.72999960
v -37.50000149 -1.21919997 29.72999960
v -37.28828952 -1.20067759 29.72999960
v -37.08300740 -1.14567322 29.72999960
v -36.89039871 -1.05585821 29.72999960
v -36.71631217 -0.93396136 29.72999960
v -37.08300740 1.14567322 29.72999960
v -37.28828952 1.20067759 29.72999960
v -37.50000149 1.21919997 29.72999960
v -37.71171346 1.20067759 29.72999960
v -37.91699186 1.14567322 29.72999960
v -38.10960054 1.05585821 29.72999960
v -40.85959867 23.00945111 29.72999960
v -40.85959867 6.29840000 29.72999960
v -45.00000179 1.42557500 29.72999960
v -45.00000179 6.29840000 29.72999960
v -45.00000179 23.00945111 29.72999960
v -45.00000179 28.00000086 29.72999960
v -44.77211460 30.60472198 29.72999960
v 1.89864996 -25.72700009 31.22480027
v 1.86980527 -25.39730258 31.22480027
v 1.78414735 -25.07762425 31.22480027
v 1.64427911 -24.77767505 31.22480027
v 1.45445031 -24.50657077 31.22480027
v 1.22042873 -24.27254990 31.22480027
v 0.94932498 -24.08272028 31.22480027
v 0.64937654 -23.94285239 31.22480027
v 0.32969713 -23.85719493 31.22480027
v -0.00000000 -23.82835001 31.22480027
v -0.32969713 -23.85719493 31.22480027
v -0.64937654 -23.94285239 31.22480027
v -0.94932498 -24.08272028 31.22480027
v -1.22042873 -24.27254990 31.22480027
v -1.45445031 -24.50657077 31.22480027
v -1.64427911 -24.77767505 31.22480027
v -1.78414735 -25.07762425 31.22480027
v -1.86980527 -25.39730258 31.22480027
v -1.89864996 -25.72700009 31.22480027
v -1.86980527 -26.05669759 31.22480027
v -1.78414735 -26.37637593 31.22480027
v -1.64427911 -26.67632513 31.22480027
v -1.45445031 -26.94742940 31.22480027
v -1.22042873 -27.18145028 31.22480027
v -0.94932498 -27.37127990 31.22480027
v -0.64937654 -27.51114778 31.22480027
v -0.32969713 -27.59680524 31.22480027
v -0.00000000 -27.62565017 31.22480027
v 0.32969713 -27.59680524 31.22480027
v 0.64937654 -27.51114778 31.22480027
v 0.94932498 -27.37127990 31.22480027
v 1.22042873 -27.18145028 31.22480027
v 1.45445031 -26.94742940 31.22480027
v 1.64427911 -26.67632513 31.22480027
v 1.78414735 -26.37637593 31.22480027
v 1.86980527 -26.05669759 31.22480027
v -3.35706118 -24.50512908 31.22480027
v -3.51823564 -25.10664053 31.22480027
v -3.57251009 -25.72700009 31.22480027
v -3.51823564 -26.34735778 31.22480027
v -3.35706118 -26.94887109 31.22480027
v -3.09388433 -27.51325443 31.22480027
v -2.73670140 -28.02336589 31.22480027
v -2.29636510 -28.46370079 31.22480027
v -1.78625504 -28.82088535 31.22480027
v -1.22187042 -29.08406220 31.22480027
v -0.62035985 -29.24523503 31.22480027
v -0.00000000 -29.29951064 31.22480027
v 0.62035985 -29.24523503 31.22480027
v 1.22187042 -29.08406220 31.22480027
v 1.78625504 -28.82088535 31.22480027
v 2.29636510 -28.46370079 31.22480027
v 2.73670140 -28.02336589 31.22480027
v 3.09388433 -27.51325443 31.22480027
v 3.35706118 -26.94887109 31.22480027
v 3.51823564 -26.34735778 31.22480027
v 3.57251009 -25.72700009 31.22480027
v 3.51823564 -25.10664053 31.22480027
v 3.35706118 -24.50512908 31.22480027
v 3.09388433 -23.94074574 31.22480027
v 2.73670140 -23.43063429 31.22480027
v 2.29636510 -22.99029939 31.22480027
v 1.78625504 -22.63311669 31.22480027
v 1.22187042 -22.36993797 31.22480027
v 0.62035985 -22.20876515 31.22480027
v -0.00000000 -22.15448953 31.22480027
v -0.62035985 -22.20876515 31.22480027
v -1.22187042 -22.36993797 31.22480027
v -1.78625504 -22.63311669 31.22480027
v -2.29636510 -22.99029939 31.22480027
v -2.73670140 -23.43063429 31.22480027
v -3.09388433 -23.94074574 31.22480027
v 24.17888492 12.86350004 31.22480027
v 24.15004000 13.19319755 31.22480027
v 24.06438254 13.51287682 31.22480027
v 23.92451465 13.81282508 31.22480027
v 23.73468503 14.08392843 31.22480027
v 23.50066416 14.31795023 31.22480027
v 23.22955802 14.50777892 31.22480027
v 22.92961255 14.64764774 31.22480027
v 22.60993235 14.73330520 31.22480027
v 22.28023484 14.76215012 31.22480027
v 21.95053920 14.73330520 31.22480027
v 21.63085900 14.64764774 31.22480027
v 21.33090980 14.50777892 31.22480027
v 21.05980739 14.31795023 31.22480027
v 20.82578465 14.08392843 31.22480027
v 20.63595690 13.81282508 31.22480027
v 20.49608901 13.51287682 31.22480027
v 20.41042969 13.19319755 31.22480027
v 20.38158476 12.86350004 31.22480027
v 20.41042969 12.53380254 31.22480027
v 20.49608901 12.21412327 31.22480027
v 20.63595690 11.91417500 31.22480027
v 20.82578465 11.64307259 31.22480027
v 21.05980739 11.40904985 31.22480027
v 21.33090980 11.21922117 31.22480027
v 21.63085900 11.07935235 31.22480027
v 21.95053920 10.99369489 31.22480027
v 22.28023484 10.96484996 31.22480027
v 22.60993235 10.99369489 31.22480027
v 22.92961255 11.07935235 31.22480027
v 23.22955802 11.21922117 31.22480027
v 23.50066416 11.40904985 31.22480027
v 23.73468503 11.64307259 31.22480027
v 23.92451465 11.91417500 31.22480027
v 24.06438254 12.21412327 31.22480027
v 24.15004000 12.53380254 31.22480027
v 20.49398050 9.76961572 31.22480027
v 21.05836570 9.50643886 31.22480027
v 21.65987529 9.34526417 31.22480027
v 22.28023484 9.29099042 31.22480027
v 22.90059626 9.34526417 31.22480027
v 23.50210585 9.50643886 31.22480027
v 24.06649105 9.76961572 31.22480027
v 24.57660064 10.12679841 31.22480027
v 25.01693740 10.56713518 31.22480027
v 25.37412010 11.07724477 31.22480027
v 25.63729696 11.64162997 31.22480027
v 25.79847164 12.24314049 31.22480027
v 25.85274540 12.86350004 31.22480027
v 25.79847164 13.48385960 31.22480027
v 25.63729696 14.08537012 31.22480027
v 25.37412010 14.64975532 31.22480027
v 25.01693740 15.15986584 31.22480027
v 24.57660064 15.60020167 31.22480027
v 24.06649105 15.95738530 31.22480027
v 23.50210585 16.22056216 31.22480027
v 22.90059626 16.38173498 31.22480027
v 22.28023484 16.43601060 31.22480027
v 21.65987529 16.38173498 31.22480027
v 21.05836570 16.22056216 31.22480027
v 20.49398050 15.95738530 31.22480027
v 19.98387091 15.60020167 31.22480027
v 19.54353414 15.15986584 31.22480027
v 19.18635145 14.64975532 31.22480027
v 18.92317459 14.08537012 31.22480027
v 18.76199991 13.48385960 31.22480027
v 18.70772615 12.86350004 31.22480027
v 18.76199991 12.24314049 31.22480027
v 18.92317459 11.64162997 31.22480027
v 19.18635145 11.07724477 31.22480027
v 19.54353414 10.56713518 31.22480027
v 19.98387091 10.12679841 31.22480027
v -20.38158476 12.86350004 31.22480027
v -20.41042969 13.19319755 31.22480027
v -20.49608901 13.51287682 31.22480027
v -20.63595690 13.81282508 31.22480027
v -20.82578465 14.08392843 31.22480027
v -21.05980739 14.31795023 31.22480027
v -21.33090980 14.50777892 31.22480027
v -21.63085900 14.64764774 31.22480027
v -21.95053920 14.73330520 31.22480027
v -22.28023484 14.76215012 31.22480027
v -22.60993235 14.73330520 31.22480027
v -22.92961255 14.64764774 31.22480027
v -23.22955802 14.50777892 31.22480027
v -23.50066416 14.31795023 31.22480027
v -23.73468503 14.08392843 31.22480027
v -23.92451465 13.81282508 31.22480027
v -24.06438254 13.51287682 31.22480027
v -24.15004000 13.19319755 31.22480027
v -24.17888492 12.86350004 31.22480027
v -24.15004000 12.53380254 31.22480027
v -24.06438254 12.21412327 31.22480027
v -23.92451465 11.91417500 31.22480027
v -23.73468503 11.64307259 31.22480027
v -23.50066416 11.40904985 31.22480027
v -23.22955802 11.21922117 31.22480027
v -22.92961255 11.07935235 31.22480027
v -22.60993235 10.99369489 31.22480027
v -22.28023484 10.96484996 31.22480027
v -21.95053920 10.99369489 31.22480027
v -21.63085900 11.07935235 31.22480027
v -21.33090980 11.21922117 31.22480027
v -21.05980739 11.40904985 31.22480027
v -20.82578465 11.64307259 31.22480027
v -20.63595690 11.91417500 31.22480027
v -20.49608901 12.21412327 31.22480027
v -20.41042969 12.53380254 31.22480027
v -24.06649105 9.76961572 31.22480027
v -23.50210585 9.50643886 31.22480027
v -22.90059626 9.34526417 31.22480027
v -22.28023484 9.29099042 31.22480027
v -21.65987529 9.34526417 31.22480027
v -21.05836570 9.50643886 31.22480027
v -20.49398050 9.76961572 31.22480027
v -19.98387091 10.12679841 31.22480027
v -19.54353414 10.56713518 31.22480027
v -19.18635145 11.07724477 31.22480027
v -18.92317459 11.64162997 31.22480027
v -18.76199991 12.24314049 31.22480027
v -18.70772615 12.86350004 31.22480027
v -18.76199991 13.48385960 31.22480027
v -18.92317459 14.08537012 31.22480027
v -19.18635145 14.64975532 31.22480027
v -19.54353414 15.15986584 31.22480027
v -19.98387091 15.60020167 31.22480027
v -20.49398050 15.95738530 31.22480027
v -21.05836570 16.22056216 31.22480027
v -21.65987529 16.38173498 31.22480027
v -22.28023484 16.43601060 31.22480027
v -22.90059626 16.38173498 31.22480027
v -23.50210585 16.22056216 31.22480027
v -24.06649105 15.95738530 31.22480027
v -24.57660064 15.60020167 31.22480027
v -25.01693740 15.15986584 31.22480027
v -25.37412010 14.64975532 31.22480027
v -25.63729696 14.08537012 31.22480027
v -25.79847164 13.48385960 31.22480027
v -25.85274540 12.86350004 31.22480027
v -25.79847164 12.24314049 31.22480027
v -25.63729696 11.64162997 31.22480027
v -25.37412010 11.07724477 31.22480027
v -25.01693740 10.56713518 31.22480027
v -24.57660064 10.12679841 31.22480027
f 1 2 3
f 3 2 4
f 3 4 5
f 6 7 8
f 8 7 5
f 8 5 9
f 9 5 4
f 10 11 12
f 13 14 15
f 16 17 18
f 19 20 21
f 21 20 22
f 23 24 25
f 26 27 28
f 28 27 29
f 28 29 30
f 31 32 33
f 33 32 28
f 33 28 34
f 34 28 30
f 31 35 32
f 32 35 36
f 32 36 37
f 38 39 40
f 38 40 41
f 39 42 40
f 40 42 43
f 40 43 44
f 44 43 45
f 44 45 28
f 28 45 46
f 28 46 26
f 47 48 49
f 49 48 50
f 49 50 51
f 51 52 49
f 49 52 53
f 49 53 54
f 54 55 56
f 55 57 56
f 56 57 58
f 56 58 59
f 59 60 56
f 56 60 61
f 56 61 41
f 37 62 32
f 32 62 63
f 32 63 64
f 65 47 66
f 63 67 64
f 64 67 68
f 64 68 66
f 66 68 69
f 66 69 65
f 70 71 72
f 73 74 75
f 76 77 78
f 79 80 72
f 72 80 81
f 72 81 73
f 82 83 84
f 84 83 85
f 84 85 86
f 71 87 72
f 72 87 88
f 72 88 79
f 76 78 84
f 84 78 89
f 84 89 82
f 86 90 84
f 84 90 91
f 84 91 72
f 72 91 92
f 72 92 70
f 93 94 75
f 75 94 95
f 75 95 96
f 74 97 75
f 75 97 98
f 75 98 99
f 100 101 102
f 103 104 76
f 76 104 105
f 76 105 77
f 99 106 75
f 75 106 107
f 75 107 93
f 101 108 102
f 102 108 109
f 102 109 110
f 110 109 111
f 110 111 103
f 103 111 112
f 103 112 104
f 113 114 72
f 72 114 115
f 115 116 72
f 72 116 117
f 72 117 84
f 118 119 120
f 121 122 118
f 118 122 123
f 118 123 119
f 124 125 121
f 121 125 126
f 121 126 122
f 127 128 129
f 129 128 130
f 129 130 131
f 131 130 132
f 131 132 133
f 25 24 134
f 135 136 25
f 23 25 137
f 137 25 136
f 137 136 138
f 138 139 137
f 137 139 140
f 137 140 141
f 141 142 137
f 137 142 143
f 137 143 20
f 20 143 144
f 20 144 22
f 145 146 147
f 147 146 148
f 147 148 149
f 145 150 151
f 151 150 152
f 152 150 153
f 153 150 154
f 153 154 155
f 18 17 156
f 157 158 159
f 160 161 4
f 4 161 162
f 162 163 157
f 157 163 164
f 164 165 157
f 157 165 166
f 157 166 167
f 167 168 157
f 157 168 169
f 157 169 158
f 159 170 157
f 157 170 171
f 157 171 154
f 154 171 172
f 17 173 156
f 156 173 174
f 156 174 2
f 2 174 175
f 2 175 4
f 4 175 176
f 4 176 160
f 172 177 154
f 154 177 178
f 154 178 179
f 180 181 154
f 154 181 182
f 154 182 155
f 155 182 183
f 179 184 154
f 154 184 185
f 154 185 180
f 183 186 155
f 155 186 187
f 155 187 188
f 188 189 155
f 155 189 190
f 155 190 18
f 18 190 191
f 18 191 16
f 192 193 194
f 194 193 195
f 196 197 193
f 193 197 198
f 193 198 195
f 192 199 193
f 193 199 200
f 193 200 201
f 201 202 193
f 193 202 203
f 193 203 204
f 204 203 205
f 204 205 206
f 207 208 209
f 209 208 210
f 209 210 211
f 212 213 209
f 211 214 209
f 209 214 215
f 209 215 196
f 196 215 216
f 196 216 197
f 217 218 212
f 213 219 209
f 209 219 220
f 209 220 207
f 221 218 222
f 222 218 217
f 222 217 223
f 223 217 10
f 224 225 226
f 227 228 66
f 66 228 229
f 66 229 230
f 231 232 233
f 233 232 234
f 224 226 235
f 234 236 233
f 233 236 237
f 233 237 238
f 238 239 233
f 233 239 240
f 233 240 226
f 226 240 241
f 226 241 235
f 242 243 64
f 64 243 244
f 64 244 245
f 230 246 66
f 66 246 247
f 66 247 64
f 64 247 248
f 64 248 242
f 245 249 64
f 64 249 250
f 64 250 233
f 233 250 251
f 233 251 231
f 252 253 254
f 254 253 255
f 225 256 226
f 226 256 257
f 226 257 254
f 254 257 258
f 254 258 252
f 259 260 261
f 261 260 262
f 261 262 66
f 66 262 263
f 66 263 227
f 264 265 12
f 266 267 268
f 268 267 269
f 268 269 270
f 265 271 12
f 12 271 272
f 12 272 273
f 274 275 268
f 275 276 268
f 268 276 277
f 268 277 266
f 278 279 209
f 280 281 11
f 11 281 282
f 11 282 12
f 12 282 283
f 12 283 264
f 284 285 44
f 279 286 209
f 209 286 287
f 209 287 11
f 11 287 288
f 11 288 280
f 285 289 44
f 44 289 290
f 44 290 291
f 291 292 44
f 44 292 293
f 44 293 294
f 295 296 297
f 297 296 298
f 297 298 299
f 294 300 209
f 209 300 301
f 209 301 278
f 302 303 304
f 193 305 306
f 307 308 309
f 306 310 193
f 193 310 311
f 193 311 312
f 309 313 307
f 307 313 314
f 307 314 304
f 304 314 315
f 304 315 302
f 316 317 318
f 318 317 319
f 318 319 193
f 193 319 320
f 193 320 305
f 321 322 307
f 307 322 323
f 307 323 308
f 324 325 326
f 326 325 327
f 327 328 326
f 326 328 329
f 326 329 318
f 318 329 330
f 318 330 316
f 331 332 333
f 333 332 334
f 334 335 333
f 333 335 336
f 333 336 337
f 303 338 304
f 304 338 339
f 304 339 333
f 333 339 340
f 333 340 331
f 337 341 326
f 326 341 342
f 326 342 324
f 343 344 134
f 345 346 347
f 347 346 343
f 344 348 134
f 134 348 349
f 134 349 350
f 350 351 134
f 134 351 352
f 134 352 353
f 353 354 134
f 134 354 355
f 134 355 25
f 25 355 356
f 25 356 135
f 357 358 359
f 359 358 360
f 361 362 359
f 359 362 363
f 359 363 357
f 364 365 366
f 366 365 367
f 366 367 345
f 15 368 359
f 359 368 369
f 359 369 361
f 370 371 14
f 372 373 374
f 19 21 374
f 374 21 375
f 374 375 372
f 373 376 374
f 374 376 377
f 374 377 14
f 14 377 378
f 14 378 370
f 371 379 14
f 14 379 380
f 14 380 15
f 15 380 381
f 15 381 368
f 382 383 384
f 385 386 15
f 383 387 384
f 384 387 388
f 384 388 389
f 389 390 384
f 384 390 391
f 384 391 392
f 13 15 393
f 393 15 386
f 393 386 394
f 394 395 393
f 393 395 396
f 393 396 397
f 397 398 393
f 393 398 399
f 393 399 400
f 400 401 393
f 393 401 402
f 393 402 384
f 384 402 403
f 384 403 382
f 404 405 359
f 359 405 406
f 359 406 407
f 407 408 359
f 359 408 409
f 359 409 410
f 410 411 359
f 359 411 412
f 359 412 15
f 15 412 413
f 15 413 414
f 414 415 15
f 15 415 416
f 15 416 417
f 417 418 15
f 15 418 419
f 15 419 385
f 337 326 333
f 333 326 420
f 333 420 421
f 421 420 147
f 421 147 422
f 422 147 149
f 422 149 423
f 424 425 426
f 427 428 129
f 429 430 426
f 426 430 431
f 426 431 432
f 432 433 131
f 131 433 434
f 131 434 435
f 435 436 131
f 131 436 437
f 131 437 438
f 438 439 131
f 131 439 440
f 131 440 129
f 129 440 441
f 129 441 442
f 443 444 134
f 425 445 426
f 426 445 446
f 426 446 429
f 447 448 134
f 134 448 449
f 134 449 426
f 426 449 450
f 426 450 424
f 442 451 129
f 129 451 452
f 129 452 453
f 24 127 134
f 134 127 129
f 134 129 443
f 443 129 428
f 453 454 129
f 129 454 455
f 129 455 427
f 444 456 134
f 134 456 457
f 134 457 458
f 458 459 134
f 134 459 460
f 134 460 447
f 162 157 4
f 4 157 461
f 4 461 9
f 345 347 366
f 366 347 462
f 366 462 463
f 463 462 464
f 463 464 465
f 206 6 204
f 204 6 8
f 204 8 9
f 466 467 461
f 9 461 204
f 204 461 468
f 204 468 469
f 204 470 471
f 471 472 204
f 204 472 473
f 204 473 193
f 193 473 474
f 193 474 475
f 475 476 193
f 193 476 477
f 193 477 478
f 467 479 461
f 461 479 480
f 461 480 481
f 482 483 461
f 461 483 484
f 461 484 468
f 469 485 204
f 204 485 486
f 204 486 487
f 487 488 204
f 204 488 489
f 204 489 470
f 478 490 193
f 193 490 491
f 193 491 318
f 318 491 492
f 318 492 493
f 493 494 318
f 318 494 495
f 318 495 496
f 145 147 150
f 150 147 420
f 150 420 154
f 154 420 326
f 154 326 157
f 157 326 318
f 157 318 461
f 461 318 497
f 461 497 466
f 481 498 461
f 461 498 499
f 461 499 482
f 496 500 318
f 318 500 501
f 318 501 497
f 465 254 261
f 261 254 255
f 261 255 259
f 502 503 504
f 504 503 505
f 465 464 254
f 254 464 506
f 254 506 507
f 254 508 502
f 505 509 504
f 504 509 510
f 504 510 511
f 512 513 464
f 464 513 514
f 515 516 464
f 464 516 517
f 464 517 506
f 507 518 254
f 254 518 519
f 254 519 520
f 521 522 523
f 523 522 524
f 343 134 347
f 347 134 426
f 347 426 462
f 462 426 522
f 462 522 464
f 464 522 521
f 464 521 512
f 520 525 254
f 254 525 526
f 254 526 508
f 511 527 504
f 504 527 528
f 504 528 529
f 529 530 504
f 504 530 531
f 504 531 522
f 522 531 532
f 532 533 522
f 522 533 534
f 522 534 535
f 514 536 464
f 464 536 537
f 464 537 515
f 535 538 522
f 522 538 539
f 522 539 524
f 41 40 56
f 56 40 307
f 56 307 540
f 540 307 304
f 540 304 541
f 541 304 333
f 541 333 542
f 542 333 421
f 542 421 384
f 384 421 422
f 384 422 393
f 393 422 423
f 393 423 13
f 54 56 49
f 49 56 540
f 49 540 543
f 543 540 541
f 543 541 544
f 544 541 542
f 544 542 545
f 545 542 384
f 545 384 359
f 359 384 392
f 359 392 404
f 47 49 66
f 66 49 543
f 66 543 261
f 261 543 544
f 261 544 465
f 465 544 545
f 465 545 463
f 463 545 359
f 463 359 366
f 366 359 360
f 366 360 364
f 294 209 44
f 44 209 196
f 44 196 40
f 40 196 193
f 40 193 307
f 307 193 312
f 307 312 321
f 546 547 217
f 548 549 11
f 10 550 551
f 551 552 10
f 10 552 553
f 10 553 11
f 11 553 554
f 11 554 548
f 547 555 217
f 217 555 556
f 217 556 557
f 217 558 559
f 559 560 217
f 217 560 561
f 217 561 10
f 10 561 562
f 562 563 10
f 10 563 564
f 10 564 565
f 565 566 10
f 10 566 567
f 10 567 550
f 549 568 11
f 11 568 569
f 11 569 570
f 570 571 11
f 11 571 572
f 11 572 209
f 209 572 573
f 573 574 209
f 209 574 575
f 209 575 576
f 212 209 217
f 217 209 577
f 217 577 546
f 557 578 217
f 217 578 579
f 217 579 558
f 576 580 209
f 209 580 581
f 209 581 577
f 582 583 584
f 585 586 587
f 584 588 582
f 582 588 589
f 582 589 590
f 591 592 233
f 233 592 593
f 594 233 595
f 595 233 596
f 299 284 297
f 297 284 44
f 297 44 597
f 597 44 28
f 597 28 598
f 598 28 32
f 598 32 599
f 599 32 64
f 599 64 585
f 585 64 233
f 585 233 586
f 586 233 594
f 587 600 585
f 585 600 601
f 585 601 602
f 583 582 603
f 603 582 585
f 603 585 604
f 605 606 607
f 607 606 608
f 502 504 254
f 254 504 609
f 254 609 226
f 226 609 606
f 226 606 233
f 233 606 605
f 233 605 591
f 602 610 585
f 585 610 611
f 585 611 604
f 590 612 582
f 582 612 613
f 582 613 614
f 615 606 616
f 616 606 582
f 616 582 617
f 617 582 614
f 615 618 606
f 606 618 619
f 606 619 620
f 593 621 233
f 233 621 622
f 233 622 596
f 620 623 606
f 606 623 624
f 606 624 608
f 625 75 102
f 102 75 96
f 102 96 100
f 582 626 585
f 585 626 627
f 585 627 599
f 599 627 628
f 599 628 598
f 598 628 629
f 598 629 597
f 597 629 630
f 597 630 297
f 133 631 131
f 131 631 632
f 131 632 633
f 633 632 634
f 633 634 635
f 635 634 636
f 635 636 637
f 637 636 638
f 637 638 639
f 639 638 640
f 639 640 641
f 641 640 642
f 641 642 124
f 124 642 643
f 124 643 125
f 73 75 72
f 72 75 644
f 72 644 113
f 645 646 121
f 647 648 118
f 118 648 649
f 118 649 650
f 121 651 652
f 653 654 124
f 118 655 656
f 646 657 121
f 121 657 658
f 121 658 651
f 659 124 660
f 660 124 121
f 660 121 661
f 661 121 652
f 662 663 626
f 650 664 118
f 118 664 665
f 118 665 655
f 656 666 118
f 118 666 667
f 118 667 121
f 121 667 668
f 121 668 645
f 669 670 626
f 659 671 124
f 124 671 672
f 124 672 673
f 432 131 426
f 426 131 633
f 426 633 522
f 522 633 635
f 522 635 504
f 504 635 637
f 504 637 609
f 609 637 639
f 609 639 606
f 606 639 641
f 606 641 582
f 582 641 124
f 582 124 626
f 626 124 654
f 626 654 662
f 670 647 626
f 626 647 118
f 626 118 627
f 627 118 674
f 627 674 628
f 628 674 675
f 628 675 629
f 629 675 676
f 629 676 630
f 673 677 124
f 124 677 678
f 124 678 653
f 663 679 626
f 626 679 680
f 626 680 681
f 681 682 626
f 626 682 683
f 626 683 669
f 684 685 644
f 644 685 686
f 644 686 113
f 687 684 688
f 688 684 644
f 688 644 12
f 12 644 75
f 12 75 10
f 10 75 625
f 10 625 223
f 273 274 12
f 12 274 268
f 12 268 688
f 688 268 689
f 688 689 687
f 687 689 690
f 687 690 691
f 691 692 687
f 687 692 693
f 687 693 694
f 694 695 687
f 687 695 696
f 687 696 697
f 698 699 676
f 676 699 689
f 676 689 630
f 630 689 268
f 630 268 297
f 297 268 270
f 297 270 295
f 699 700 689
f 689 700 701
f 689 701 702
f 702 703 689
f 689 703 704
f 689 704 705
f 705 706 689
f 689 706 707
f 689 707 690
f 697 708 687
f 687 708 709
f 687 709 710
f 710 709 711
f 710 711 712
f 712 713 710
f 710 713 714
f 710 714 715
f 715 716 710
f 710 716 717
f 710 717 718
f 719 720 676
f 676 720 721
f 721 722 676
f 676 722 723
f 676 723 724
f 724 725 676
f 676 725 726
f 676 726 698
f 120 727 118
f 118 727 728
f 118 728 674
f 674 728 729
f 674 729 675
f 675 729 730
f 675 730 676
f 676 730 710
f 676 710 719
f 719 710 718
f 731 732 733
f 734 735 736
f 737 738 739
f 740 741 742
f 743 744 745
f 7 746 747
f 748 749 742
f 750 751 752
f 753 754 752
f 752 754 755
f 752 755 750
f 756 757 758
f 756 758 759
f 757 760 758
f 758 760 761
f 758 761 762
f 763 764 765
f 765 764 766
f 765 766 758
f 758 766 767
f 758 767 759
f 768 769 770
f 751 771 752
f 752 771 772
f 752 772 770
f 770 772 773
f 770 773 768
f 769 774 770
f 770 774 775
f 770 775 776
f 776 777 770
f 770 777 778
f 770 778 765
f 765 778 779
f 765 779 780
f 780 781 765
f 765 781 782
f 765 782 763
f 783 784 785
f 762 786 758
f 758 786 787
f 758 787 788
f 784 789 785
f 785 789 790
f 785 790 752
f 752 790 791
f 752 791 753
f 792 793 794
f 795 796 794
f 797 798 799
f 799 798 800
f 799 800 801
f 801 802 799
f 799 802 803
f 799 803 804
f 796 805 794
f 794 805 806
f 794 806 792
f 807 808 809
f 810 811 812
f 812 811 813
f 812 813 814
f 814 815 812
f 812 815 816
f 812 816 731
f 731 816 817
f 731 817 809
f 809 817 818
f 809 818 807
f 819 820 821
f 821 820 822
f 819 823 820
f 820 823 824
f 820 824 812
f 812 824 825
f 812 825 810
f 826 827 758
f 765 828 820
f 820 828 829
f 820 829 822
f 827 830 758
f 758 830 831
f 758 831 765
f 765 831 832
f 765 832 828
f 833 834 835
f 835 834 836
f 835 836 837
f 838 839 840
f 837 841 835
f 835 841 842
f 835 842 843
f 844 845 846
f 742 749 846
f 846 749 847
f 846 847 844
f 845 848 846
f 846 848 849
f 846 849 850
f 846 851 852
f 850 853 846
f 846 853 854
f 846 854 851
f 855 741 856
f 856 741 857
f 855 858 741
f 741 858 859
f 741 859 860
f 860 861 741
f 741 861 862
f 741 862 742
f 742 862 863
f 742 863 748
f 864 865 866
f 843 867 835
f 835 867 868
f 835 868 869
f 869 868 870
f 869 870 864
f 865 871 866
f 866 871 872
f 866 872 873
f 873 874 866
f 866 874 875
f 866 875 876
f 876 875 877
f 876 877 878
f 878 879 876
f 876 879 880
f 876 880 881
f 881 880 882
f 881 882 857
f 857 882 883
f 857 883 856
f 884 885 886
f 886 885 887
f 886 887 888
f 888 889 886
f 886 889 890
f 886 890 891
f 892 893 894
f 894 893 886
f 894 886 895
f 895 886 891
f 896 897 898
f 897 899 898
f 898 899 900
f 898 900 901
f 901 900 902
f 901 902 886
f 886 902 903
f 886 903 884
f 904 898 905
f 905 898 906
f 904 907 898
f 898 907 908
f 898 908 896
f 906 898 909
f 909 898 746
f 909 746 910
f 910 746 7
f 910 7 911
f 744 912 913
f 913 912 914
f 913 914 915
f 915 916 913
f 913 916 917
f 913 917 918
f 918 919 913
f 913 919 920
f 913 920 921
f 922 923 3
f 924 925 926
f 927 928 929
f 929 928 930
f 931 932 745
f 922 3 933
f 743 745 934
f 923 935 3
f 3 935 936
f 3 936 1
f 1 936 937
f 1 937 927
f 927 937 938
f 927 938 928
f 930 939 929
f 929 939 940
f 929 940 926
f 926 940 941
f 926 941 942
f 942 943 926
f 926 943 944
f 926 944 924
f 932 945 745
f 745 945 946
f 745 946 947
f 947 948 745
f 745 948 949
f 745 949 934
f 925 931 926
f 926 931 745
f 926 745 950
f 950 745 951
f 951 952 953
f 953 952 954
f 955 956 957
f 957 956 958
f 957 958 846
f 846 958 959
f 846 959 742
f 742 959 960
f 742 960 740
f 961 962 955
f 963 964 965
f 965 964 966
f 965 966 967
f 967 966 968
f 969 970 971
f 971 970 972
f 973 974 735
f 975 976 977
f 977 978 975
f 975 978 979
f 975 979 980
f 981 982 975
f 975 982 983
f 983 984 975
f 975 984 985
f 975 985 986
f 987 988 989
f 986 990 975
f 975 990 991
f 975 991 976
f 976 991 992
f 992 993 976
f 976 993 994
f 976 994 995
f 987 989 996
f 995 997 976
f 976 997 998
f 976 998 987
f 987 998 999
f 987 999 988
f 1000 1001 1002
f 1003 1004 1005
f 1005 1004 1006
f 1005 1006 1007
f 1008 1009 1005
f 1005 1009 1010
f 1005 1010 975
f 975 1010 1011
f 975 1011 981
f 989 1012 996
f 996 1012 1013
f 996 1013 1014
f 1014 1013 1015
f 1014 1015 1002
f 1002 1015 1016
f 1002 1016 1000
f 1007 1017 1005
f 1005 1017 1018
f 1005 1018 1019
f 1019 1020 1005
f 1005 1020 1021
f 1005 1021 1008
f 1022 736 1023
f 1023 736 735
f 1023 735 1024
f 1024 735 974
f 1025 1026 739
f 1027 1028 1022
f 1029 1030 739
f 739 1030 1031
f 739 1031 737
f 1032 1033 1034
f 1025 739 1035
f 1035 739 1036
f 1035 1036 1037
f 1028 1038 1022
f 1022 1038 1039
f 1022 1039 1040
f 1041 1042 1036
f 1043 1044 1034
f 1033 1045 1034
f 1034 1045 1046
f 1034 1046 1022
f 1022 1046 1047
f 1022 1047 1027
f 1040 1048 1022
f 1022 1048 1049
f 1022 1049 1050
f 1051 1052 1036
f 1042 1053 1036
f 1036 1053 1054
f 1036 1054 1037
f 1026 1055 739
f 739 1055 1056
f 739 1056 1029
f 1044 1057 1034
f 1034 1057 1058
f 1034 1058 1032
f 1052 1059 1036
f 1036 1059 1060
f 1036 1060 1041
f 1061 1062 1063
f 1063 1062 1064
f 1063 1064 1065
f 1065 1064 739
f 1065 739 1034
f 1034 739 738
f 1034 738 1043
f 1066 1036 1067
f 1067 1036 739
f 1067 739 1068
f 1068 739 1064
f 1068 1064 1069
f 1069 1064 1062
f 1069 1062 1070
f 965 1071 1072
f 1073 1074 965
f 1072 1075 965
f 965 1075 1076
f 965 1076 1077
f 1078 1079 970
f 1077 1080 965
f 965 1080 1081
f 965 1081 1073
f 1082 1083 1084
f 969 963 970
f 970 963 965
f 970 965 1078
f 1078 965 1074
f 1079 1085 970
f 970 1085 1086
f 970 1086 1087
f 1088 1084 1089
f 1089 1084 970
f 1089 970 1090
f 1090 970 1091
f 1087 1092 970
f 970 1092 1093
f 970 1093 1091
f 1088 1094 1084
f 1084 1094 1095
f 1084 1095 1096
f 1096 1097 1084
f 1084 1097 1098
f 1084 1098 1082
f 1099 1100 967
f 967 1100 1101
f 1101 1102 967
f 967 1102 1103
f 967 1103 1104
f 1104 1105 967
f 967 1105 1106
f 967 1106 965
f 965 1106 1107
f 965 1107 1071
f 1001 1003 1002
f 1002 1003 1005
f 1002 1005 1108
f 1108 1005 1109
f 1108 1109 1110
f 732 1111 1112
f 1113 1114 732
f 732 1114 1115
f 732 1115 1111
f 1116 1066 1117
f 1117 1066 1118
f 1112 1119 1066
f 1066 1119 1120
f 1066 1120 1121
f 1121 1122 1066
f 1066 1122 1123
f 1066 1123 1118
f 1124 1125 732
f 732 1125 1126
f 732 1126 1127
f 1050 1051 1022
f 1022 1051 1036
f 1022 1036 736
f 736 1036 1066
f 736 1066 734
f 734 1066 1116
f 1127 1128 732
f 732 1128 1129
f 732 1129 1113
f 1116 1130 734
f 734 1130 1131
f 734 1131 1132
f 1132 1133 734
f 734 1133 1134
f 734 1134 1135
f 1135 1136 734
f 734 1136 1137
f 734 1137 1138
f 1137 1139 1138
f 1138 1139 1140
f 1138 1140 1141
f 1141 1142 1138
f 1138 1142 1143
f 1138 1143 1144
f 1144 1145 1138
f 1138 1145 1146
f 1138 1146 1147
f 1112 1066 732
f 732 1066 1067
f 732 1067 733
f 733 1067 1068
f 733 1068 1148
f 1148 1068 1069
f 1148 1069 1149
f 1149 1069 1070
f 1149 1070 1150
f 1151 1152 1138
f 1138 1152 1153
f 1138 1153 1154
f 1154 1155 1138
f 1138 1155 1156
f 1138 1156 1157
f 1157 1158 1138
f 1138 1158 1159
f 1138 1159 1160
f 980 973 975
f 975 973 735
f 975 735 1005
f 1005 735 734
f 1005 734 1109
f 1109 734 1138
f 1109 1138 1161
f 1161 1138 1160
f 1161 1162 1109
f 1109 1162 1163
f 1109 1163 1164
f 893 1165 1166
f 1166 1167 893
f 893 1167 1168
f 893 1168 886
f 886 1168 1169
f 886 1169 1170
f 1151 1138 1171
f 1171 1138 886
f 1171 886 1172
f 1164 1173 1109
f 1109 1173 1174
f 1109 1174 1175
f 1175 1176 1109
f 1109 1176 1177
f 1109 1177 1178
f 1178 1179 1109
f 1109 1179 893
f 1109 893 1110
f 1110 893 892
f 1110 892 1180
f 1179 1181 893
f 893 1181 1182
f 893 1182 1183
f 1170 1184 886
f 886 1184 1185
f 886 1185 1172
f 1183 1186 893
f 893 1186 1187
f 893 1187 1165
f 1188 1189 1190
f 1191 1192 1193
f 1193 1194 1191
f 1191 1194 1195
f 1191 1195 1196
f 1196 1197 1191
f 1191 1197 1198
f 1191 1198 1199
f 1061 972 1062
f 1062 972 970
f 1062 970 1070
f 1070 970 1084
f 1070 1084 1150
f 1150 1084 1191
f 1150 1191 1200
f 1200 1191 1199
f 1200 1201 1150
f 1150 1201 1202
f 1150 1202 1203
f 1189 1204 1190
f 1190 1204 1205
f 1190 1205 1206
f 1207 1208 1190
f 1190 1208 1209
f 1190 1209 1191
f 1191 1209 1210
f 1191 1210 1192
f 1150 1211 1212
f 1203 1213 1150
f 1150 1213 1214
f 1150 1214 1215
f 1215 1216 1150
f 1150 1216 1217
f 1150 1217 1211
f 1218 1219 770
f 770 1219 1220
f 1206 1221 1190
f 1190 1221 1222
f 1190 1222 1207
f 731 733 812
f 812 733 1148
f 812 1148 820
f 820 1148 1149
f 820 1149 765
f 765 1149 1150
f 765 1150 770
f 770 1150 1212
f 770 1212 1218
f 1220 1223 770
f 770 1223 1224
f 770 1224 1225
f 1225 1188 770
f 770 1188 1190
f 770 1190 752
f 752 1190 1226
f 752 1226 785
f 785 1226 1227
f 1228 1229 1230
f 1231 898 1232
f 1232 898 1233
f 1231 1234 898
f 898 1234 1235
f 898 1235 746
f 746 1235 1236
f 746 1236 1237
f 1228 1230 898
f 898 1230 1238
f 898 1238 1233
f 1237 1239 746
f 746 1239 1240
f 746 1240 1241
f 1242 1243 1228
f 1228 1243 1244
f 1228 1244 1245
f 1246 1247 1228
f 1228 1247 1248
f 1228 1248 1229
f 747 1249 1250
f 1241 1251 746
f 746 1251 1252
f 746 1252 1253
f 1253 1254 746
f 746 1254 1255
f 746 1255 747
f 747 1255 1256
f 747 1256 1257
f 1257 1258 747
f 747 1258 1259
f 747 1259 1260
f 1245 1261 1228
f 1228 1261 1262
f 1228 1262 1246
f 1260 1263 747
f 747 1263 1264
f 747 1264 1249
f 1227 1265 1266
f 1266 1265 1267
f 1266 1268 1227
f 1227 1268 1269
f 1227 1269 1270
f 1270 1271 1227
f 1227 1271 1272
f 1227 1272 1273
f 1274 1275 1265
f 1265 1275 1276
f 1265 1276 1277
f 1278 1279 1265
f 1265 1279 1280
f 1265 1280 1267
f 1273 1281 1227
f 1227 1281 1282
f 1227 1282 785
f 785 1282 1283
f 785 1283 1284
f 1285 1286 1287
f 1285 1288 1289
f 1284 1290 785
f 785 1290 1291
f 785 1291 1292
f 1287 1293 1285
f 1285 1293 1294
f 1285 1294 1295
f 1277 1296 1265
f 1265 1296 1297
f 1265 1297 1278
f 1292 1298 785
f 785 1298 1299
f 785 1299 1285
f 1285 1299 1300
f 1285 1300 1286
f 1295 1301 1285
f 1285 1301 1302
f 1285 1302 1288
f 921 933 913
f 913 933 3
f 913 3 747
f 747 3 5
f 747 5 7
f 1250 1242 747
f 747 1242 1228
f 747 1228 913
f 913 1228 1303
f 1304 1305 1306
f 1306 1305 1307
f 1304 1306 1308
f 1308 1306 1309
f 1308 1309 1310
f 1307 1311 1306
f 1306 1311 1312
f 1306 1312 1313
f 1306 1314 1315
f 1313 1316 1306
f 1306 1316 1317
f 1306 1317 1314
f 1318 1319 1309
f 1309 1319 1320
f 1321 1322 1228
f 1320 1323 1309
f 1309 1323 1324
f 1309 1324 1310
f 1315 1321 1306
f 1306 1321 1228
f 1306 1228 1325
f 1325 1228 898
f 1325 898 809
f 809 898 901
f 809 901 731
f 731 901 886
f 731 886 732
f 732 886 1138
f 732 1138 1124
f 1124 1138 1147
f 1322 1326 1228
f 1228 1326 1327
f 1228 1327 1328
f 1328 1329 1228
f 1228 1329 1330
f 1228 1330 1331
f 1303 1332 1309
f 1309 1332 1333
f 1309 1333 1318
f 1331 1334 1228
f 1228 1334 1335
f 1228 1335 1303
f 1303 1335 1336
f 1303 1336 1337
f 1337 1338 1303
f 1303 1338 1339
f 1303 1339 1340
f 1340 1341 1303
f 1303 1341 1342
f 1303 1342 1332
f 1289 1274 1285
f 1285 1274 1265
f 1285 1265 1343
f 1343 1265 1344
f 1343 1344 1345
f 1083 1099 1084
f 1084 1099 967
f 1084 967 1191
f 1191 967 1346
f 1191 1346 1190
f 1190 1346 1347
f 1190 1347 1226
f 1226 1347 1348
f 1226 1348 1227
f 1227 1348 1349
f 1227 1349 1265
f 1265 1349 1350
f 1265 1350 1344
f 1344 1350 961
f 968 1351 967
f 967 1351 1352
f 967 1352 1346
f 1346 1352 1353
f 1346 1353 1347
f 1347 1353 1354
f 1347 1354 1348
f 1348 1354 1355
f 1348 1355 1349
f 1349 1355 1356
f 1349 1356 1350
f 1350 1356 1357
f 1350 1357 961
f 961 1357 1358
f 961 1358 962
f 744 913 745
f 745 913 1303
f 745 1303 1359
f 1359 1303 1309
f 1359 1309 1360
f 808 797 809
f 809 797 799
f 809 799 1325
f 1325 799 1361
f 1325 1361 1306
f 1306 1361 1362
f 1306 1362 1309
f 1309 1362 1363
f 1309 1363 1360
f 1360 1363 1364
f 793 826 794
f 794 826 758
f 794 758 1365
f 1365 758 788
f 1365 788 1366
f 1366 788 1367
f 1366 1367 1368
f 1368 1367 1369
f 1368 1369 835
f 835 1369 838
f 835 838 833
f 833 838 840
f 787 783 788
f 788 783 785
f 788 785 1367
f 1367 785 1285
f 1367 1285 1369
f 1369 1285 1343
f 1369 1343 838
f 838 1343 1345
f 838 1345 839
f 839 1345 1370
f 1371 1372 961
f 1373 1374 1344
f 1375 1376 846
f 955 957 961
f 961 957 1377
f 961 1377 1371
f 1372 1378 961
f 961 1378 1379
f 961 1379 1380
f 1380 1381 961
f 961 1381 1382
f 961 1382 1344
f 1344 1382 1383
f 1344 1383 1384
f 1384 1385 1344
f 1344 1385 1386
f 1344 1386 1387
f 1374 1375 1344
f 1344 1375 846
f 1344 846 1345
f 1345 846 852
f 1345 852 1370
f 1387 1388 1344
f 1344 1388 1389
f 1344 1389 1373
f 1390 1391 957
f 957 1391 1392
f 957 1392 1377
f 1376 1393 846
f 846 1393 1394
f 846 1394 1395
f 1396 957 1397
f 1397 957 846
f 1397 846 1398
f 1398 846 1399
f 1395 1400 846
f 846 1400 1401
f 846 1401 1399
f 1396 1402 957
f 957 1402 1403
f 957 1403 1404
f 1404 1405 957
f 957 1405 1406
f 957 1406 1390
f 1407 1408 869
f 1409 1410 869
f 869 1410 1411
f 1412 1413 835
f 1414 1415 869
f 869 1415 1416
f 869 1416 1407
f 804 795 799
f 799 795 794
f 799 794 1361
f 1361 794 1365
f 1361 1365 1362
f 1362 1365 1366
f 1362 1366 1363
f 1363 1366 1368
f 1363 1368 1364
f 1364 1368 835
f 1364 835 1417
f 1417 1418 1364
f 1364 1418 1419
f 1364 1419 1420
f 1420 1421 1364
f 1364 1421 1422
f 1364 1422 1423
f 1424 1425 1414
f 1408 1426 869
f 869 1426 1427
f 869 1427 1409
f 1413 1428 835
f 835 1428 1429
f 835 1429 1417
f 1425 1430 1414
f 1414 1430 1431
f 1414 1431 1415
f 1411 1432 869
f 869 1432 1433
f 869 1433 835
f 835 1433 1434
f 835 1434 1435
f 1435 1436 835
f 835 1436 1437
f 835 1437 1412
f 1423 1438 1364
f 1364 1438 1439
f 1364 1439 1440
f 1441 1442 1414
f 1414 1442 1443
f 1414 1443 1424
f 951 745 952
f 952 745 1359
f 952 1359 1444
f 1444 1359 1360
f 1444 1360 1445
f 1445 1360 1364
f 1445 1364 1414
f 1414 1364 1440
f 1414 1440 1441
f 864 866 869
f 869 866 1446
f 869 1446 1414
f 1414 1446 1447
f 1414 1447 1445
f 1445 1447 1448
f 1445 1448 1444
f 1444 1448 1449
f 1444 1449 952
f 952 1449 1450
f 952 1450 954
f 215 903 216
f 216 903 902
f 216 902 197
f 197 902 900
f 1351 643 1352
f 1352 643 642
f 1352 642 1353
f 1353 642 640
f 1353 640 1354
f 1354 640 638
f 1354 638 1355
f 1355 638 636
f 1355 636 1356
f 1356 636 634
f 1356 634 1357
f 1357 634 632
f 1357 632 1358
f 1358 632 631
f 1358 631 962
f 962 631 133
f 643 1351 968
f 643 968 125
f 125 968 966
f 125 966 126
f 126 966 964
f 126 964 122
f 122 964 963
f 122 963 123
f 123 963 969
f 123 969 119
f 119 969 971
f 119 971 120
f 120 971 972
f 120 972 727
f 727 972 1061
f 727 1061 728
f 728 1061 1063
f 728 1063 729
f 729 1063 730
f 730 1063 1065
f 730 1065 710
f 710 1065 1034
f 710 1034 687
f 687 1034 1022
f 687 1022 684
f 684 1022 1023
f 684 1023 685
f 685 1023 1024
f 685 1024 686
f 686 1024 974
f 686 974 973
f 686 973 113
f 113 973 980
f 113 980 114
f 114 980 979
f 114 979 115
f 115 979 978
f 115 978 116
f 116 978 977
f 116 977 117
f 117 977 976
f 117 976 84
f 84 976 987
f 84 987 76
f 76 987 996
f 76 996 103
f 103 996 1014
f 103 1014 110
f 110 1014 102
f 102 1014 1002
f 102 1002 625
f 625 1002 1108
f 625 1108 223
f 223 1108 1110
f 223 1110 222
f 2 1 927
f 2 927 156
f 156 927 929
f 156 929 18
f 18 929 926
f 18 926 155
f 155 926 950
f 155 950 153
f 153 950 951
f 153 951 152
f 152 951 953
f 152 953 151
f 151 953 954
f 151 954 145
f 145 954 1450
f 145 1450 146
f 146 1450 1449
f 146 1449 148
f 148 1449 149
f 149 1449 1448
f 149 1448 423
f 423 1448 1447
f 423 1447 13
f 13 1447 1446
f 13 1446 14
f 14 1446 866
f 14 866 374
f 374 866 876
f 374 876 19
f 19 876 881
f 19 881 857
f 19 857 20
f 20 857 741
f 20 741 137
f 137 741 740
f 137 740 23
f 23 740 960
f 23 960 24
f 24 960 959
f 24 959 127
f 127 959 958
f 127 958 128
f 128 958 956
f 128 956 130
f 130 956 955
f 130 955 132
f 132 955 962
f 132 962 133
f 778 1451 779
f 779 1451 1452
f 779 1452 780
f 780 1452 1453
f 780 1453 781
f 781 1453 1454
f 781 1454 782
f 782 1454 1455
f 782 1455 763
f 763 1455 1456
f 763 1456 764
f 764 1456 1457
f 764 1457 766
f 766 1457 1458
f 766 1458 767
f 767 1458 1459
f 767 1459 759
f 759 1459 1460
f 759 1460 756
f 756 1460 1461
f 756 1461 757
f 757 1461 1462
f 757 1462 760
f 760 1462 1463
f 760 1463 761
f 761 1463 1464
f 761 1464 762
f 762 1464 1465
f 762 1465 786
f 786 1465 1466
f 786 1466 787
f 787 1466 1467
f 787 1467 783
f 783 1467 1468
f 783 1468 784
f 784 1468 1469
f 784 1469 789
f 789 1469 1470
f 789 1470 790
f 790 1470 1471
f 790 1471 791
f 791 1471 1472
f 791 1472 753
f 753 1472 1473
f 753 1473 754
f 754 1473 1474
f 754 1474 755
f 755 1474 1475
f 755 1475 750
f 750 1475 1476
f 750 1476 751
f 751 1476 1477
f 751 1477 771
f 771 1477 1478
f 771 1478 772
f 772 1478 1479
f 772 1479 773
f 773 1479 1480
f 773 1480 768
f 768 1480 1481
f 768 1481 769
f 769 1481 1482
f 769 1482 774
f 774 1482 1483
f 774 1483 775
f 775 1483 1484
f 775 1484 776
f 776 1484 1485
f 776 1485 777
f 777 1485 1486
f 777 1486 778
f 778 1486 1451
f 1467 1487 1468
f 1468 1487 1488
f 1468 1488 1469
f 1469 1488 1489
f 1469 1489 1470
f 1470 1489 1490
f 1470 1490 1471
f 1471 1490 1491
f 1471 1491 1472
f 1472 1491 1492
f 1472 1492 1473
f 1473 1492 1493
f 1473 1493 1474
f 1474 1493 1494
f 1474 1494 1475
f 1475 1494 1495
f 1475 1495 1476
f 1476 1495 1496
f 1476 1496 1477
f 1477 1496 1497
f 1477 1497 1478
f 1478 1497 1498
f 1478 1498 1479
f 1479 1498 1499
f 1479 1499 1480
f 1480 1499 1500
f 1480 1500 1481
f 1481 1500 1501
f 1481 1501 1482
f 1482 1501 1502
f 1482 1502 1483
f 1483 1502 1503
f 1483 1503 1484
f 1484 1503 1504
f 1484 1504 1485
f 1485 1504 1505
f 1485 1505 1486
f 1486 1505 1506
f 1486 1506 1451
f 1451 1506 1507
f 1451 1507 1452
f 1452 1507 1508
f 1452 1508 1453
f 1453 1508 1509
f 1453 1509 1454
f 1454 1509 1510
f 1454 1510 1455
f 1455 1510 1511
f 1455 1511 1456
f 1456 1511 1512
f 1456 1512 1457
f 1457 1512 1513
f 1457 1513 1458
f 1458 1513 1514
f 1458 1514 1459
f 1459 1514 1515
f 1459 1515 1460
f 1460 1515 1516
f 1460 1516 1461
f 1461 1516 1517
f 1461 1517 1462
f 1462 1517 1518
f 1462 1518 1463
f 1463 1518 1519
f 1463 1519 1464
f 1464 1519 1520
f 1464 1520 1465
f 1465 1520 1521
f 1465 1521 1466
f 1466 1521 1522
f 1466 1522 1467
f 1467 1522 1487
f 1507 251 1508
f 1508 251 250
f 1508 250 1509
f 1509 250 249
f 1509 249 1510
f 1510 249 245
f 1510 245 1511
f 1511 245 244
f 1511 244 1512
f 1512 244 243
f 1512 243 1513
f 1513 243 242
f 1513 242 1514
f 1514 242 248
f 1514 248 1515
f 1515 248 247
f 1515 247 1516
f 1516 247 246
f 1516 246 1517
f 1517 246 230
f 1517 230 1518
f 1518 230 229
f 1518 229 1519
f 1519 229 228
f 1519 228 1520
f 1520 228 227
f 1520 227 1521
f 1521 227 263
f 1521 263 1522
f 1522 263 262
f 1522 262 1487
f 1487 262 260
f 1487 260 1488
f 1488 260 259
f 1488 259 1489
f 1489 259 255
f 1489 255 1490
f 1490 255 253
f 1490 253 1491
f 1491 253 252
f 1491 252 1492
f 1492 252 258
f 1492 258 1493
f 1493 258 257
f 1493 257 1494
f 1494 257 256
f 1494 256 1495
f 1495 256 225
f 1495 225 1496
f 1496 225 224
f 1496 224 1497
f 1497 224 235
f 1497 235 1498
f 1498 235 241
f 1498 241 1499
f 1499 241 240
f 1499 240 1500
f 1500 240 239
f 1500 239 1501
f 1501 239 238
f 1501 238 1502
f 1502 238 237
f 1502 237 1503
f 1503 237 236
f 1503 236 1504
f 1504 236 234
f 1504 234 1505
f 1505 234 232
f 1505 232 1506
f 1506 232 231
f 1506 231 1507
f 1507 231 251
f 1116 1523 1130
f 1130 1523 1524
f 1130 1524 1131
f 1131 1524 1525
f 1131 1525 1132
f 1132 1525 1526
f 1132 1526 1133
f 1133 1526 1527
f 1133 1527 1134
f 1134 1527 1528
f 1134 1528 1135
f 1135 1528 1529
f 1135 1529 1136
f 1136 1529 1530
f 1136 1530 1137
f 1137 1530 1531
f 1137 1531 1139
f 1139 1531 1532
f 1139 1532 1140
f 1140 1532 1533
f 1140 1533 1141
f 1141 1533 1534
f 1141 1534 1142
f 1142 1534 1535
f 1142 1535 1143
f 1143 1535 1536
f 1143 1536 1144
f 1144 1536 1537
f 1144 1537 1145
f 1145 1537 1538
f 1145 1538 1146
f 1146 1538 1539
f 1146 1539 1147
f 1147 1539 1540
f 1147 1540 1124
f 1124 1540 1541
f 1124 1541 1125
f 1125 1541 1542
f 1125 1542 1126
f 1126 1542 1543
f 1126 1543 1127
f 1127 1543 1544
f 1127 1544 1128
f 1128 1544 1545
f 1128 1545 1129
f 1129 1545 1546
f 1129 1546 1113
f 1113 1546 1547
f 1113 1547 1114
f 1114 1547 1548
f 1114 1548 1115
f 1115 1548 1549
f 1115 1549 1111
f 1111 1549 1550
f 1111 1550 1112
f 1112 1550 1551
f 1112 1551 1119
f 1119 1551 1552
f 1119 1552 1120
f 1120 1552 1553
f 1120 1553 1121
f 1121 1553 1554
f 1121 1554 1122
f 1122 1554 1555
f 1122 1555 1123
f 1123 1555 1556
f 1123 1556 1118
f 1118 1556 1557
f 1118 1557 1117
f 1117 1557 1558
f 1117 1558 1116
f 1116 1558 1523
f 1547 1559 1548
f 1548 1559 1560
f 1548 1560 1549
f 1549 1560 1561
f 1549 1561 1550
f 1550 1561 1562
f 1550 1562 1551
f 1551 1562 1563
f 1551 1563 1552
f 1552 1563 1564
f 1552 1564 1553
f 1553 1564 1565
f 1553 1565 1554
f 1554 1565 1566
f 1554 1566 1555
f 1555 1566 1567
f 1555 1567 1556
f 1556 1567 1568
f 1556 1568 1557
f 1557 1568 1569
f 1557 1569 1558
f 1558 1569 1570
f 1558 1570 1523
f 1523 1570 1571
f 1523 1571 1524
f 1524 1571 1572
f 1524 1572 1525
f 1525 1572 1573
f 1525 1573 1526
f 1526 1573 1574
f 1526 1574 1527
f 1527 1574 1575
f 1527 1575 1528
f 1528 1575 1576
f 1528 1576 1529
f 1529 1576 1577
f 1529 1577 1530
f 1530 1577 1578
f 1530 1578 1531
f 1531 1578 1579
f 1531 1579 1532
f 1532 1579 1580
f 1532 1580 1533
f 1533 1580 1581
f 1533 1581 1534
f 1534 1581 1582
f 1534 1582 1535
f 1535 1582 1583
f 1535 1583 1536
f 1536 1583 1584
f 1536 1584 1537
f 1537 1584 1585
f 1537 1585 1538
f 1538 1585 1586
f 1538 1586 1539
f 1539 1586 1587
f 1539 1587 1540
f 1540 1587 1588
f 1540 1588 1541
f 1541 1588 1589
f 1541 1589 1542
f 1542 1589 1590
f 1542 1590 1543
f 1543 1590 1591
f 1543 1591 1544
f 1544 1591 1592
f 1544 1592 1545
f 1545 1592 1593
f 1545 1593 1546
f 1546 1593 1594
f 1546 1594 1547
f 1547 1594 1559
f 1571 275 1572
f 1572 275 274
f 1572 274 1573
f 1573 274 273
f 1573 273 1574
f 1574 273 272
f 1574 272 1575
f 1575 272 271
f 1575 271 1576
f 1576 271 265
f 1576 265 1577
f 1577 265 264
f 1577 264 1578
f 1578 264 283
f 1578 283 1579
f 1579 283 282
f 1579 282 1580
f 1580 282 281
f 1580 281 1581
f 1581 281 280
f 1581 280 1582
f 1582 280 288
f 1582 288 1583
f 1583 288 287
f 1583 287 1584
f 1584 287 286
f 1584 286 1585
f 1585 286 279
f 1585 279 1586
f 1586 279 278
f 1586 278 1587
f 1587 278 301
f 1587 301 1588
f 1588 301 300
f 1588 300 1589
f 1589 300 294
f 1589 294 1590
f 1590 294 293
f 1590 293 1591
f 1591 293 292
f 1591 292 1592
f 1592 292 291
f 1592 291 1593
f 1593 291 290
f 1593 290 1594
f 1594 290 289
f 1594 289 1559
f 1559 289 285
f 1559 285 1560
f 1560 285 284
f 1560 284 1561
f 1561 284 299
f 1561 299 1562
f 1562 299 298
f 1562 298 1563
f 1563 298 296
f 1563 296 1564
f 1564 296 295
f 1564 295 1565
f 1565 295 270
f 1565 270 1566
f 1566 270 269
f 1566 269 1567
f 1567 269 267
f 1567 267 1568
f 1568 267 266
f 1568 266 1569
f 1569 266 277
f 1569 277 1570
f 1570 277 276
f 1570 276 1571
f 1571 276 275
f 1321 1595 1322
f 1322 1595 1596
f 1322 1596 1326
f 1326 1596 1597
f 1326 1597 1327
f 1327 1597 1598
f 1327 1598 1328
f 1328 1598 1599
f 1328 1599 1329
f 1329 1599 1600
f 1329 1600 1330
f 1330 1600 1601
f 1330 1601 1331
f 1331 1601 1602
f 1331 1602 1334
f 1334 1602 1603
f 1334 1603 1335
f 1335 1603 1604
f 1335 1604 1336
f 1336 1604 1605
f 1336 1605 1337
f 1337 1605 1606
f 1337 1606 1338
f 1338 1606 1607
f 1338 1607 1339
f 1339 1607 1608
f 1339 1608 1340
f 1340 1608 1609
f 1340 1609 1341
f 1341 1609 1610
f 1341 1610 1342
f 1342 1610 1611
f 1342 1611 1332
f 1332 1611 1612
f 1332 1612 1333
f 1333 1612 1613
f 1333 1613 1318
f 1318 1613 1614
f 1318 1614 1319
f 1319 1614 1615
f 1319 1615 1320
f 1320 1615 1616
f 1320 1616 1323
f 1323 1616 1617
f 1323 1617 1324
f 1324 1617 1618
f 1324 1618 1310
f 1310 1618 1619
f 1310 1619 1308
f 1308 1619 1620
f 1308 1620 1304
f 1304 1620 1621
f 1304 1621 1305
f 1305 1621 1622
f 1305 1622 1307
f 1307 1622 1623
f 1307 1623 1311
f 1311 1623 1624
f 1311 1624 1312
f 1312 1624 1625
f 1312 1625 1313
f 1313 1625 1626
f 1313 1626 1316
f 1316 1626 1627
f 1316 1627 1317
f 1317 1627 1628
f 1317 1628 1314
f 1314 1628 1629
f 1314 1629 1315
f 1315 1629 1630
f 1315 1630 1321
f 1321 1630 1595
f 1619 1631 1620
f 1620 1631 1632
f 1620 1632 1621
f 1621 1632 1633
f 1621 1633 1622
f 1622 1633 1634
f 1622 1634 1623
f 1623 1634 1635
f 1623 1635 1624
f 1624 1635 1636
f 1624 1636 1625
f 1625 1636 1637
f 1625 1637 1626
f 1626 1637 1638
f 1626 1638 1627
f 1627 1638 1639
f 1627 1639 1628
f 1628 1639 1640
f 1628 1640 1629
f 1629 1640 1641
f 1629 1641 1630
f 1630 1641 1642
f 1630 1642 1595
f 1595 1642 1643
f 1595 1643 1596
f 1596 1643 1644
f 1596 1644 1597
f 1597 1644 1645
f 1597 1645 1598
f 1598 1645 1646
f 1598 1646 1599
f 1599 1646 1647
f 1599 1647 1600
f 1600 1647 1648
f 1600 1648 1601
f 1601 1648 1649
f 1601 1649 1602
f 1602 1649 1650
f 1602 1650 1603
f 1603 1650 1651
f 1603 1651 1604
f 1604 1651 1652
f 1604 1652 1605
f 1605 1652 1653
f 1605 1653 1606
f 1606 1653 1654
f 1606 1654 1607
f 1607 1654 1655
f 1607 1655 1608
f 1608 1655 1656
f 1608 1656 1609
f 1609 1656 1657
f 1609 1657 1610
f 1610 1657 1658
f 1610 1658 1611
f 1611 1658 1659
f 1611 1659 1612
f 1612 1659 1660
f 1612 1660 1613
f 1613 1660 1661
f 1613 1661 1614
f 1614 1661 1662
f 1614 1662 1615
f 1615 1662 1663
f 1615 1663 1616
f 1616 1663 1664
f 1616 1664 1617
f 1617 1664 1665
f 1617 1665 1618
f 1618 1665 1666
f 1618 1666 1619
f 1619 1666 1631
f 1643 321 1644
f 1644 321 312
f 1644 312 1645
f 1645 312 311
f 1645 311 1646
f 1646 311 310
f 1646 310 1647
f 1647 310 306
f 1647 306 1648
f 1648 306 305
f 1648 305 1649
f 1649 305 320
f 1649 320 1650
f 1650 320 319
f 1650 319 1651
f 1651 319 317
f 1651 317 1652
f 1652 317 316
f 1652 316 1653
f 1653 316 330
f 1653 330 1654
f 1654 330 329
f 1654 329 1655
f 1655 329 328
f 1655 328 1656
f 1656 328 327
f 1656 327 1657
f 1657 327 325
f 1657 325 1658
f 1658 325 324
f 1658 324 1659
f 1659 324 342
f 1659 342 1660
f 1660 342 341
f 1660 341 1661
f 1661 341 337
f 1661 337 1662
f 1662 337 336
f 1662 336 1663
f 1663 336 335
f 1663 335 1664
f 1664 335 334
f 1664 334 1665
f 1665 334 332
f 1665 332 1666
f 1666 332 331
f 1666 331 1631
f 1631 331 340
f 1631 340 1632
f 1632 340 339
f 1632 339 1633
f 1633 339 338
f 1633 338 1634
f 1634 338 303
f 1634 303 1635
f 1635 303 302
f 1635 302 1636
f 1636 302 315
f 1636 315 1637
f 1637 315 314
f 1637 314 1638
f 1638 314 313
f 1638 313 1639
f 1639 313 309
f 1639 309 1640
f 1640 309 308
f 1640 308 1641
f 1641 308 323
f 1641 323 1642
f 1642 323 322
f 1642 322 1643
f 1643 322 321
f 1282 503 1283
f 1283 503 502
f 1283 502 1284
f 1284 502 508
f 1284 508 1290
f 1290 508 526
f 1290 526 1291
f 1291 526 525
f 1291 525 1292
f 1292 525 520
f 1292 520 1298
f 1298 520 519
f 1298 519 1299
f 1299 519 518
f 1299 518 1300
f 1300 518 507
f 1300 507 1286
f 1286 507 506
f 1286 506 1287
f 1287 506 517
f 1287 517 1293
f 1293 517 516
f 1293 516 1294
f 1294 516 515
f 1294 515 1295
f 1295 515 537
f 1295 537 1301
f 1301 537 536
f 1301 536 1302
f 1302 536 514
f 1302 514 1288
f 1288 514 513
f 1288 513 1289
f 1289 513 512
f 1289 512 1274
f 1274 512 521
f 1274 521 1275
f 1275 521 523
f 1275 523 1276
f 1276 523 524
f 1276 524 1277
f 1277 524 539
f 1277 539 1296
f 1296 539 538
f 1296 538 1297
f 1297 538 535
f 1297 535 1278
f 1278 535 534
f 1278 534 1279
f 1279 534 533
f 1279 533 1280
f 1280 533 532
f 1280 532 1267
f 1267 532 531
f 1267 531 1266
f 1266 531 530
f 1266 530 1268
f 1268 530 529
f 1268 529 1269
f 1269 529 528
f 1269 528 1270
f 1270 528 527
f 1270 527 1271
f 1271 527 511
f 1271 511 1272
f 1272 511 510
f 1272 510 1273
f 1273 510 509
f 1273 509 1281
f 1281 509 505
f 1281 505 1282
f 1282 505 503
f 1200 583 1201
f 1201 583 603
f 1201 603 1202
f 1202 603 604
f 1202 604 1203
f 1203 604 611
f 1203 611 1213
f 1213 611 610
f 1213 610 1214
f 1214 610 602
f 1214 602 1215
f 1215 602 601
f 1215 601 1216
f 1216 601 600
f 1216 600 1217
f 1217 600 587
f 1217 587 1211
f 1211 587 586
f 1211 586 1212
f 1212 586 594
f 1212 594 1218
f 1218 594 595
f 1218 595 1219
f 1219 595 596
f 1219 596 1220
f 1220 596 622
f 1220 622 1223
f 1223 622 621
f 1223 621 1224
f 1224 621 593
f 1224 593 1225
f 1225 593 592
f 1225 592 1188
f 1188 592 591
f 1188 591 1189
f 1189 591 605
f 1189 605 1204
f 1204 605 607
f 1204 607 1205
f 1205 607 608
f 1205 608 1206
f 1206 608 624
f 1206 624 1221
f 1221 624 623
f 1221 623 1222
f 1222 623 620
f 1222 620 1207
f 1207 620 619
f 1207 619 1208
f 1208 619 618
f 1208 618 1209
f 1209 618 615
f 1209 615 1210
f 1210 615 616
f 1210 616 1192
f 1192 616 617
f 1192 617 1193
f 1193 617 614
f 1193 614 1194
f 1194 614 613
f 1194 613 1195
f 1195 613 612
f 1195 612 1196
f 1196 612 590
f 1196 590 1197
f 1197 590 589
f 1197 589 1198
f 1198 589 588
f 1198 588 1199
f 1199 588 584
f 1199 584 1200
f 1200 584 583
f 1047 709 1027
f 1027 709 708
f 1027 708 1028
f 1028 708 697
f 1028 697 1038
f 1038 697 696
f 1038 696 1039
f 1039 696 695
f 1039 695 1040
f 1040 695 694
f 1040 694 1048
f 1048 694 693
f 1048 693 1049
f 1049 693 692
f 1049 692 1050
f 1050 692 691
f 1050 691 1051
f 1051 691 690
f 1051 690 1052
f 1052 690 707
f 1052 707 1059
f 1059 707 706
f 1059 706 1060
f 1060 706 705
f 1060 705 1041
f 1041 705 704
f 1041 704 1042
f 1042 704 703
f 1042 703 1053
f 1053 703 702
f 1053 702 1054
f 1054 702 701
f 1054 701 1037
f 1037 701 700
f 1037 700 1035
f 1035 700 699
f 1035 699 1025
f 1025 699 698
f 1025 698 1026
f 1026 698 726
f 1026 726 1055
f 1055 726 725
f 1055 725 1056
f 1056 725 724
f 1056 724 1029
f 1029 724 723
f 1029 723 1030
f 1030 723 722
f 1030 722 1031
f 1031 722 721
f 1031 721 737
f 737 721 720
f 737 720 738
f 738 720 719
f 738 719 1043
f 1043 719 718
f 1043 718 1044
f 1044 718 717
f 1044 717 1057
f 1057 717 716
f 1057 716 1058
f 1058 716 715
f 1058 715 1032
f 1032 715 714
f 1032 714 1033
f 1033 714 713
f 1033 713 1045
f 1045 713 712
f 1045 712 1046
f 1046 712 711
f 1046 711 1047
f 1047 711 709
f 1161 552 1162
f 1162 552 551
f 1162 551 1163
f 1163 551 550
f 1163 550 1164
f 1164 550 567
f 1164 567 1173
f 1173 567 566
f 1173 566 1174
f 1174 566 565
f 1174 565 1175
f 1175 565 564
f 1175 564 1176
f 1176 564 563
f 1176 563 1177
f 1177 563 562
f 1177 562 1178
f 1178 562 561
f 1178 561 1179
f 1179 561 560
f 1179 560 1181
f 1181 560 559
f 1181 559 1182
f 1182 559 558
f 1182 558 1183
f 1183 558 579
f 1183 579 1186
f 1186 579 578
f 1186 578 1187
f 1187 578 557
f 1187 557 1165
f 1165 557 556
f 1165 556 1166
f 1166 556 555
f 1166 555 1167
f 1167 555 547
f 1167 547 1168
f 1168 547 546
f 1168 546 1169
f 1169 546 577
f 1169 577 1170
f 1170 577 581
f 1170 581 1184
f 1184 581 580
f 1184 580 1185
f 1185 580 576
f 1185 576 1172
f 1172 576 575
f 1172 575 1171
f 1171 575 574
f 1171 574 1151
f 1151 574 573
f 1151 573 1152
f 1152 573 572
f 1152 572 1153
f 1153 572 571
f 1153 571 1154
f 1154 571 570
f 1154 570 1155
f 1155 570 569
f 1155 569 1156
f 1156 569 568
f 1156 568 1157
f 1157 568 549
f 1157 549 1158
f 1158 549 548
f 1158 548 1159
f 1159 548 554
f 1159 554 1160
f 1160 554 553
f 1160 553 1161
f 1161 553 552
f 1237 472 1239
f 1239 472 471
f 1239 471 1240
f 1240 471 470
f 1240 470 1241
f 1241 470 489
f 1241 489 1251
f 1251 489 488
f 1251 488 1252
f 1252 488 487
f 1252 487 1253
f 1253 487 486
f 1253 486 1254
f 1254 486 485
f 1254 485 1255
f 1255 485 469
f 1255 469 1256
f 1256 469 468
f 1256 468 1257
f 1257 468 484
f 1257 484 1258
f 1258 484 483
f 1258 483 1259
f 1259 483 482
f 1259 482 1260
f 1260 482 499
f 1260 499 1263
f 1263 499 498
f 1263 498 1264
f 1264 498 481
f 1264 481 1249
f 1249 481 480
f 1249 480 1250
f 1250 480 479
f 1250 479 1242
f 1242 479 467
f 1242 467 1243
f 1243 467 466
f 1243 466 1244
f 1244 466 497
f 1244 497 1245
f 1245 497 501
f 1245 501 1261
f 1261 501 500
f 1261 500 1262
f 1262 500 496
f 1262 496 1246
f 1246 496 495
f 1246 495 1247
f 1247 495 494
f 1247 494 1248
f 1248 494 493
f 1248 493 1229
f 1229 493 492
f 1229 492 1230
f 1230 492 491
f 1230 491 1238
f 1238 491 490
f 1238 490 1233
f 1233 490 478
f 1233 478 1232
f 1232 478 477
f 1232 477 1231
f 1231 477 476
f 1231 476 1234
f 1234 476 475
f 1234 475 1235
f 1235 475 474
f 1235 474 1236
f 1236 474 473
f 1236 473 1237
f 1237 473 472
f 1417 392 1418
f 1418 392 391
f 1418 391 1419
f 1419 391 390
f 1419 390 1420
f 1420 390 389
f 1420 389 1421
f 1421 389 388
f 1421 388 1422
f 1422 388 387
f 1422 387 1423
f 1423 387 383
f 1423 383 1438
f 1438 383 382
f 1438 382 1439
f 1439 382 403
f 1439 403 1440
f 1440 403 402
f 1440 402 1441
f 1441 402 401
f 1441 401 1442
f 1442 401 400
f 1442 400 1443
f 1443 400 399
f 1443 399 1424
f 1424 399 398
f 1424 398 1425
f 1425 398 397
f 1425 397 1430
f 1430 397 396
f 1430 396 1431
f 1431 396 395
f 1431 395 1415
f 1415 395 394
f 1415 394 1416
f 1416 394 386
f 1416 386 1407
f 1407 386 385
f 1407 385 1408
f 1408 385 419
f 1408 419 1426
f 1426 419 418
f 1426 418 1427
f 1427 418 417
f 1427 417 1409
f 1409 417 416
f 1409 416 1410
f 1410 416 415
f 1410 415 1411
f 1411 415 414
f 1411 414 1432
f 1432 414 413
f 1432 413 1433
f 1433 413 412
f 1433 412 1434
f 1434 412 411
f 1434 411 1435
f 1435 411 410
f 1435 410 1436
f 1436 410 409
f 1436 409 1437
f 1437 409 408
f 1437 408 1412
f 1412 408 407
f 1412 407 1413
f 1413 407 406
f 1413 406 1428
f 1428 406 405
f 1428 405 1429
f 1429 405 404
f 1429 404 1417
f 1417 404 392
f 825 33 810
f 810 33 34
f 810 34 811
f 811 34 30
f 811 30 813
f 813 30 29
f 813 29 814
f 814 29 27
f 814 27 815
f 815 27 26
f 815 26 816
f 816 26 46
f 816 46 817
f 817 46 45
f 817 45 818
f 818 45 43
f 818 43 807
f 807 43 42
f 807 42 808
f 808 42 39
f 808 39 797
f 797 39 38
f 797 38 798
f 798 38 41
f 798 41 800
f 800 41 61
f 800 61 801
f 801 61 60
f 801 60 802
f 802 60 59
f 802 59 803
f 803 59 58
f 803 58 804
f 804 58 57
f 804 57 795
f 795 57 55
f 795 55 796
f 796 55 54
f 796 54 805
f 805 54 53
f 805 53 806
f 806 53 52
f 806 52 792
f 792 52 51
f 792 51 793
f 793 51 50
f 793 50 826
f 826 50 48
f 826 48 827
f 827 48 47
f 827 47 830
f 830 47 65
f 830 65 831
f 831 65 69
f 831 69 832
f 832 69 68
f 832 68 828
f 828 68 67
f 828 67 829
f 829 67 63
f 829 63 822
f 822 63 62
f 822 62 821
f 821 62 37
f 821 37 819
f 819 37 36
f 819 36 823
f 823 36 35
f 823 35 824
f 824 35 31
f 824 31 825
f 825 31 33
f 1078 667 1079
f 1079 667 666
f 1079 666 1085
f 1085 666 656
f 1085 656 1086
f 1086 656 655
f 1086 655 1087
f 1087 655 665
f 1087 665 1092
f 1092 665 664
f 1092 664 1093
f 1093 664 650
f 1093 650 1091
f 1091 650 649
f 1091 649 1090
f 1090 649 648
f 1090 648 1089
f 1089 648 647
f 1089 647 1088
f 1088 647 670
f 1088 670 1094
f 1094 670 669
f 1094 669 1095
f 1095 669 683
f 1095 683 1096
f 1096 683 682
f 1096 682 1097
f 1097 682 681
f 1097 681 1098
f 1098 681 680
f 1098 680 1082
f 1082 680 679
f 1082 679 1083
f 1083 679 663
f 1083 663 1099
f 1099 663 662
f 1099 662 1100
f 1100 662 654
f 1100 654 1101
f 1101 654 653
f 1101 653 1102
f 1102 653 678
f 1102 678 1103
f 1103 678 677
f 1103 677 1104
f 1104 677 673
f 1104 673 1105
f 1105 673 672
f 1105 672 1106
f 1106 672 671
f 1106 671 1107
f 1107 671 659
f 1107 659 1071
f 1071 659 660
f 1071 660 1072
f 1072 660 661
f 1072 661 1075
f 1075 661 652
f 1075 652 1076
f 1076 652 651
f 1076 651 1077
f 1077 651 658
f 1077 658 1080
f 1080 658 657
f 1080 657 1081
f 1081 657 646
f 1081 646 1073
f 1073 646 645
f 1073 645 1074
f 1074 645 668
f 1074 668 1078
f 1078 668 667
f 1383 432 1384
f 1384 432 431
f 1384 431 1385
f 1385 431 430
f 1385 430 1386
f 1386 430 429
f 1386 429 1387
f 1387 429 446
f 1387 446 1388
f 1388 446 445
f 1388 445 1389
f 1389 445 425
f 1389 425 1373
f 1373 425 424
f 1373 424 1374
f 1374 424 450
f 1374 450 1375
f 1375 450 449
f 1375 449 1376
f 1376 449 448
f 1376 448 1393
f 1393 448 447
f 1393 447 1394
f 1394 447 460
f 1394 460 1395
f 1395 460 459
f 1395 459 1400
f 1400 459 458
f 1400 458 1401
f 1401 458 457
f 1401 457 1399
f 1399 457 456
f 1399 456 1398
f 1398 456 444
f 1398 444 1397
f 1397 444 443
f 1397 443 1396
f 1396 443 428
f 1396 428 1402
f 1402 428 427
f 1402 427 1403
f 1403 427 455
f 1403 455 1404
f 1404 455 454
f 1404 454 1405
f 1405 454 453
f 1405 453 1406
f 1406 453 452
f 1406 452 1390
f 1390 452 451
f 1390 451 1391
f 1391 451 442
f 1391 442 1392
f 1392 442 441
f 1392 441 1377
f 1377 441 440
f 1377 440 1371
f 1371 440 439
f 1371 439 1372
f 1372 439 438
f 1372 438 1378
f 1378 438 437
f 1378 437 1379
f 1379 437 436
f 1379 436 1380
f 1380 436 435
f 1380 435 1381
f 1381 435 434
f 1381 434 1382
f 1382 434 433
f 1382 433 1383
f 1383 433 432
f 921 164 933
f 933 164 163
f 933 163 922
f 922 163 162
f 922 162 923
f 923 162 161
f 923 161 935
f 935 161 160
f 935 160 936
f 936 160 176
f 936 176 937
f 937 176 175
f 937 175 938
f 938 175 174
f 938 174 928
f 928 174 173
f 928 173 930
f 930 173 17
f 930 17 939
f 939 17 16
f 939 16 940
f 940 16 191
f 940 191 941
f 941 191 190
f 941 190 942
f 942 190 189
f 942 189 943
f 943 189 188
f 943 188 944
f 944 188 187
f 944 187 924
f 924 187 186
f 924 186 925
f 925 186 183
f 925 183 931
f 931 183 182
f 931 182 932
f 932 182 181
f 932 181 945
f 945 181 180
f 945 180 946
f 946 180 185
f 946 185 947
f 947 185 184
f 947 184 948
f 948 184 179
f 948 179 949
f 949 179 178
f 949 178 934
f 934 178 177
f 934 177 743
f 743 177 172
f 743 172 744
f 744 172 171
f 744 171 912
f 912 171 170
f 912 170 914
f 914 170 159
f 914 159 915
f 915 159 158
f 915 158 916
f 916 158 169
f 916 169 917
f 917 169 168
f 917 168 918
f 918 168 167
f 918 167 919
f 919 167 166
f 919 166 920
f 920 166 165
f 920 165 921
f 921 165 164
f 991 91 992
f 992 91 90
f 992 90 993
f 993 90 86
f 993 86 994
f 994 86 85
f 994 85 995
f 995 85 83
f 995 83 997
f 997 83 82
f 997 82 998
f 998 82 89
f 998 89 999
f 999 89 78
f 999 78 988
f 988 78 77
f 988 77 989
f 989 77 105
f 989 105 1012
f 1012 105 104
f 1012 104 1013
f 1013 104 112
f 1013 112 1015
f 1015 112 111
f 1015 111 1016
f 1016 111 109
f 1016 109 1000
f 1000 109 108
f 1000 108 1001
f 1001 108 101
f 1001 101 1003
f 1003 101 100
f 1003 100 1004
f 1004 100 96
f 1004 96 1006
f 1006 96 95
f 1006 95 1007
f 1007 95 94
f 1007 94 1017
f 1017 94 93
f 1017 93 1018
f 1018 93 107
f 1018 107 1019
f 1019 107 106
f 1019 106 1020
f 1020 106 99
f 1020 99 1021
f 1021 99 98
f 1021 98 1008
f 1008 98 97
f 1008 97 1009
f 1009 97 74
f 1009 74 1010
f 1010 74 73
f 1010 73 1011
f 1011 73 81
f 1011 81 981
f 981 81 80
f 981 80 982
f 982 80 79
f 982 79 983
f 983 79 88
f 983 88 984
f 984 88 87
f 984 87 985
f 985 87 71
f 985 71 986
f 986 71 70
f 986 70 990
f 990 70 92
f 990 92 991
f 991 92 91
f 879 372 880
f 880 372 375
f 880 375 882
f 882 375 21
f 882 21 883
f 883 21 22
f 355 847 356
f 356 847 749
f 356 749 135
f 135 749 748
f 852 343 1370
f 1370 343 346
f 1370 346 839
f 839 346 345
f 839 345 840
f 840 345 367
f 868 369 870
f 870 369 368
f 870 368 864
f 864 368 381
f 894 212 892
f 892 212 218
f 892 218 1180
f 1180 218 221
f 911 206 910
f 910 206 205
f 910 205 909
f 909 205 203
f 212 894 213
f 213 894 895
f 213 895 219
f 219 895 891
f 219 891 220
f 220 891 890
f 220 890 207
f 207 890 889
f 207 889 208
f 208 889 888
f 208 888 210
f 210 888 887
f 210 887 211
f 211 887 885
f 211 885 214
f 214 885 884
f 214 884 215
f 215 884 903
f 197 900 198
f 198 900 899
f 198 899 195
f 195 899 897
f 195 897 194
f 194 897 896
f 194 896 192
f 192 896 908
f 192 908 199
f 199 908 907
f 199 907 200
f 200 907 904
f 200 904 201
f 201 904 905
f 201 905 202
f 202 905 906
f 202 906 203
f 203 906 909
f 221 222 1180
f 1180 222 1110
f 6 206 7
f 7 206 911
f 343 852 344
f 344 852 851
f 344 851 348
f 348 851 854
f 348 854 349
f 349 854 853
f 349 853 350
f 350 853 850
f 350 850 351
f 351 850 849
f 351 849 352
f 352 849 848
f 352 848 353
f 353 848 845
f 353 845 354
f 354 845 844
f 354 844 355
f 355 844 847
f 369 868 361
f 361 868 867
f 361 867 362
f 362 867 843
f 362 843 363
f 363 843 842
f 363 842 357
f 357 842 841
f 357 841 358
f 358 841 837
f 358 837 360
f 360 837 836
f 360 836 364
f 364 836 834
f 364 834 365
f 365 834 833
f 365 833 367
f 367 833 840
f 372 879 373
f 373 879 878
f 373 878 376
f 376 878 877
f 376 877 377
f 377 877 875
f 377 875 378
f 378 875 874
f 378 874 370
f 370 874 873
f 370 873 371
f 371 873 872
f 371 872 379
f 379 872 871
f 379 871 380
f 380 871 865
f 380 865 381
f 381 865 864
f 135 748 136
f 136 748 863
f 136 863 138
f 138 863 862
f 138 862 139
f 139 862 861
f 139 861 140
f 140 861 860
f 140 860 141
f 141 860 859
f 141 859 142
f 142 859 858
f 142 858 143
f 143 858 855
f 143 855 144
f 144 855 856
f 144 856 22
f 22 856 883

