# Exported by SolidWorks
g 
v 1.42089766 -25.66164546 34.79257971
v 1.41721370 -25.60564503 34.79674459
v 1.42240000 -25.72700009 34.79674459
v 0.01689957 -24.30470102 28.03974971
v 0.24699885 -24.32620898 28.02412026
v -0.00000000 -24.30460043 27.96146646
v -0.70989446 -24.49441329 27.45864540
v -0.71120000 -24.49516580 -10.64653601
v -0.91430108 -24.63737875 -10.64653601
v -0.24699717 -24.32620898 -10.64653601
v -0.24699804 -24.32620898 27.42256038
v -0.00000000 -24.30460043 -10.64653601
v -0.24025227 -24.32503738 27.42208354
v -0.48648944 -24.39038083 -10.64653601
v -0.48648976 -24.39038083 27.44038031
v -0.48070023 -24.38828908 27.43992768
v -1.08962157 -24.81269836 -10.64653601
v -0.91672380 -24.63941649 27.47736685
v -0.91430097 -24.63737875 27.47713402
v -1.23183476 -25.01580119 27.51167491
v -1.23042567 -25.01336485 27.51149423
v -1.23183453 -25.01579933 -10.64653601
v -1.09214033 -24.81570840 27.49522775
v -1.08962134 -24.81269836 27.49495581
v -1.33661879 -25.24051070 -10.64653601
v -1.33661926 -25.24051256 27.52839215
v -1.33324706 -25.23134463 27.52771229
v -1.42240000 -25.72700009 27.56459080
v -1.42239290 -25.72247945 27.56425552
v -1.40079053 -25.48000216 -10.64653601
v -1.40079064 -25.48000403 27.54621394
v -1.39917352 -25.47100186 27.54554339
v -1.33661879 -26.21348947 -10.64653601
v -1.40076026 -25.97416937 27.58298069
v -1.40079053 -25.97399801 -10.64653601
v -1.42240000 -25.72700009 -10.64653601
v -1.09773222 -26.63154714 27.63334103
v -1.23183406 -26.43820085 27.61750855
v -1.23183453 -26.43820085 -10.64653601
v -1.23463862 -26.43332072 27.61714347
v -1.33627560 -26.21443197 27.60085836
v -1.08962052 -26.64130181 27.63422765
v -1.08962157 -26.64130181 -10.64653601
v -0.92356367 -26.80878155 27.65115723
v -0.91430056 -26.81662142 27.65204571
v -0.91430108 -26.81662142 -10.64653601
v -0.71771577 -26.95504948 27.66986191
v -0.71120018 -26.95883438 27.67042443
v -0.71120000 -26.95883438 -10.64653601
v -0.48913545 -27.06265263 27.68859453
v -0.48648944 -27.06361935 -10.64653601
v -0.48648973 -27.06361935 27.68880315
v -0.24699749 -27.12779120 27.70662121
v -0.24699717 -27.12779120 -10.64653601
v -0.00844329 -27.14937553 27.72279456
v -0.00000000 -27.14939788 -10.64653601
v 0.00000144 -27.14939788 27.72334032
v 0.24699717 -27.12779120 -10.64653601
v 0.48648944 -27.06361935 -10.64653601
v 0.48649026 -27.06361935 27.75787935
v 0.47225066 -27.06871554 27.75677294
v 0.24699915 -27.12778933 27.74006128
v 0.23161623 -27.13041566 27.73897164
v 0.91430108 -26.81662142 -10.64653601
v 0.90984366 -26.82034671 27.79420838
v 0.71120000 -26.95883438 -10.64653601
v 0.71119977 -26.95883438 27.77625807
v 0.70204446 -26.96407586 27.77547203
v 1.08962157 -26.64130181 -10.64653601
v 1.08650071 -26.64500847 27.81211399
v 0.91430062 -26.81662142 27.79463492
v 1.33017136 -26.23085305 27.84460224
v 1.23183546 -26.43819898 27.82917395
v 1.23183453 -26.43820085 -10.64653601
v 1.22616556 -26.44792944 27.82844752
v 1.08962110 -26.64130181 27.81245485
v 1.33661961 -26.21348761 27.84589306
v 1.33661879 -26.21348947 -10.64653601
v 1.39753206 -25.99181235 27.86238678
v 1.40079076 -25.97399428 27.86371298
v 1.40079053 -25.97399801 -10.64653601
v 1.42233528 -25.74056387 27.88108215
v 1.42240000 -25.72700009 27.88209170
v 1.42240000 -25.72700009 -10.64653601
v 1.40229205 -25.48867464 27.89982408
v 1.40079053 -25.48000216 -10.64653601
v 1.40079076 -25.48000403 27.90046856
v 1.33925665 -25.24781972 27.91774459
v 1.33661879 -25.24051070 -10.64653601
v 1.33661926 -25.24051256 27.91828662
v 1.23881386 -25.02802759 27.93409675
v 1.23183453 -25.01579933 -10.64653601
v 1.23183348 -25.01579747 27.93500759
v 1.08962157 -24.81269836 -10.64653601
v 0.91430108 -24.63737875 -10.64653601
v 0.91430021 -24.63737689 27.96954662
v 0.93036285 -24.65105988 27.96800248
v 1.08961994 -24.81269650 27.95172669
v 1.10327627 -24.82922375 27.95023099
v 0.48648944 -24.39038083 -10.64653601
v 0.49755577 -24.39446189 28.00543793
v 0.71120000 -24.49516580 -10.64653601
v 0.71120035 -24.49516580 27.98792534
v 0.72550791 -24.50353839 27.98669040
v -0.00000000 -24.30460043 27.40583941
v 0.24699717 -24.32620898 -10.64653601
v 0.25752504 -24.32810701 28.02337334
v 0.48649058 -24.39038083 28.00630219
v -1.40073255 -25.97432584 28.13861892
v -1.40376890 -25.95646679 28.21666375
v -1.42240000 -25.72700009 28.12021598
v -1.42240000 -25.72700009 28.19959074
v -1.42239325 -25.72262101 28.11989002
v -1.42222038 -25.70439503 28.19790877
v -1.40079064 -25.48000403 28.10183913
v -1.40079076 -25.48000403 28.18121389
v -1.39919634 -25.47112666 28.10117789
v -1.39583601 -25.45338869 28.17923389
v -1.33661926 -25.24051256 28.08401920
v -1.33661996 -25.24051443 28.16339582
v -1.33328489 -25.23144707 28.08334492
v -1.32704875 -25.21498129 28.16149406
v -1.23183476 -25.01580119 28.06729823
v -1.23183592 -25.01580305 28.14667486
v -1.23047060 -25.01344308 28.06712314
v -1.22185552 -24.99878965 28.14539894
v -1.09219004 -24.81576800 28.05085853
v -1.08962029 -24.81269650 28.12995575
v -1.08962122 -24.81269836 28.05057913
v -1.08081370 -24.80230294 28.12900022
v -0.91677241 -24.63945746 28.03299762
v -0.91429998 -24.63737689 28.11213583
v -0.91430097 -24.63737875 28.03276107
v -0.90292358 -24.62793142 28.11105177
v -0.70993608 -24.49443750 28.01427431
v -0.71119959 -24.49516580 28.09375711
v -0.69416635 -24.48548749 28.09230052
v -0.48648976 -24.39038083 27.99600363
v -0.48649072 -24.39038083 28.07538025
v -0.48073014 -24.38829839 27.99555659
v -0.46378729 -24.38233607 28.07361819
v -0.24699804 -24.32620898 27.97818556
v -0.24700016 -24.32621084 28.05756032
v -0.24026757 -24.32503924 27.97770873
v -0.22298108 -24.32218567 28.05586159
v -0.00000256 -24.30460043 28.04083936
v -1.33621704 -26.21459216 28.15649472
v -1.34218973 -26.19790100 28.23462896
v -1.40079088 -25.97399428 28.21796760
v 1.40503200 -25.50539933 29.08920497
v 1.40786706 -25.52418970 29.16718088
v 1.42240000 -25.72700009 29.07271497
v 1.42240000 -25.72700009 29.15208973
v 1.42207008 -25.75763501 29.07043695
v 1.42153085 -25.77671781 29.14839238
v 1.40079088 -25.97399428 29.05433811
v 1.40079099 -25.97399428 29.13371287
v 1.39428070 -26.00843087 29.05177698
v 1.39042316 -26.02690831 29.12977524
v 1.33662019 -26.21348575 29.03652005
v 1.33662077 -26.21348388 29.11589481
v 1.32422440 -26.24627948 29.03407812
v 1.31740351 -26.26334876 29.11218442
v 1.23183627 -26.43819526 29.01980095
v 1.23183662 -26.43819526 29.09917384
v 1.21796131 -26.46170557 29.01802957
v 1.20862527 -26.47696435 29.09623645
v 1.08961947 -26.64130367 29.00307998
v 1.08961808 -26.64130554 29.08245474
v 1.07568107 -26.65766142 29.00157310
v 1.06346991 -26.67159215 29.07964401
v 0.91429945 -26.81662329 28.98526005
v 0.91429846 -26.81662329 29.06463481
v 0.89668081 -26.83116682 28.98358367
v 0.88192709 -26.84298716 29.06156890
v 0.71119954 -26.95883438 28.96688320
v 0.71119942 -26.95883438 29.04625610
v 0.68706006 -26.97245963 28.96481939
v 0.67036762 -26.98152326 29.04278226
v 0.48649113 -27.06361748 28.94850448
v 0.48649203 -27.06361748 29.02787924
v 0.45615219 -27.07427368 28.94615382
v 0.43831964 -27.08018012 29.02415954
v 0.24700101 -27.12778933 28.93068455
v 0.24700281 -27.12778933 29.01006117
v 0.21518851 -27.13302895 28.92844006
v 0.19708606 -27.13567950 29.00655009
v 0.00000332 -27.14939788 28.91396545
v 0.00000424 -27.14939788 28.99334207
v -0.02455770 -27.14918740 28.91237661
v -0.04234214 -27.14877017 28.99058908
v -0.24699999 -27.12778933 28.89724448
v -0.24700223 -27.12778933 28.97662111
v -0.26534995 -27.12443098 28.89593877
v -0.28342826 -27.12087519 28.97401527
v -0.48649128 -27.06361748 28.87942642
v -0.48649253 -27.06361748 28.95880118
v -0.50518708 -27.05666423 28.87796424
v -0.52272226 -27.04986930 28.95595506
v -0.71120047 -26.95883438 28.86104956
v -0.71120058 -26.95883438 28.94042432
v -0.73257036 -26.94624662 28.85920368
v -0.74870489 -26.93640627 28.93717401
v -0.91429986 -26.81662329 28.84267084
v -0.91429910 -26.81662329 28.92204747
v -0.93652407 -26.79758146 28.84053066
v -0.95051317 -26.78517997 28.91854197
v -1.08961936 -26.64130367 28.82485278
v -1.08961808 -26.64130554 28.90422754
v -1.10829726 -26.61857195 28.82280387
v -1.11962028 -26.60430968 28.90091762
v -1.23183301 -26.43820271 28.80813181
v -1.23183243 -26.43820271 28.88750844
v -1.24260143 -26.41921677 28.80671993
v -1.25111418 -26.40370838 28.88494171
v -1.33661961 -26.21348761 28.79141271
v -1.33662042 -26.21348575 28.87078747
v -1.34194747 -26.19859204 28.79030444
v -1.34791143 -26.18126571 28.86839025
v -1.40079088 -25.97399428 28.77359465
v -1.40079123 -25.97399428 28.85296755
v -1.40365062 -25.95718950 28.77234295
v -1.40655646 -25.93870834 28.85034308
v -1.42240000 -25.72700009 28.75521593
v -1.42240000 -25.72700009 28.83459069
v -1.42223167 -25.70511587 28.75358798
v -1.42181804 -25.68631805 28.83156389
v -1.40079076 -25.48000403 28.73683721
v -1.40079099 -25.48000589 28.81621383
v -1.39597023 -25.45407414 28.73490937
v -1.39228138 -25.43584071 28.81292813
v -1.33661996 -25.24051443 28.71901914
v -1.33662054 -25.24051629 28.79839391
v -1.32728822 -25.21560155 28.71716581
v -1.32066454 -25.19873157 28.79528515
v -1.23183592 -25.01580305 28.70230004
v -1.23183662 -25.01580305 28.78167294
v -1.22217799 -24.99932982 28.70106511
v -1.21308537 -24.98427220 28.77929248
v -1.08962029 -24.81269650 28.68557908
v -1.08961877 -24.81269464 28.76495384
v -1.08122837 -24.80278909 28.68467011
v -1.06929813 -24.78901111 28.76276337
v -0.91430004 -24.63737689 28.66776101
v -0.91429887 -24.63737689 28.74713577
v -0.90341526 -24.62833561 28.66672352
v -0.88896492 -24.61661212 28.74472924
v -0.71119965 -24.49516580 28.64938229
v -0.71119942 -24.49516580 28.72875705
v -0.69471158 -24.48579110 28.64797227
v -0.67832740 -24.47676286 28.72595377
v -0.48649070 -24.39038083 28.63100357
v -0.48649160 -24.39038269 28.71038020
v -0.46435746 -24.38253164 28.62928621
v -0.44682124 -24.37660284 28.70731242
v -0.24700008 -24.32621084 28.61318551
v -0.24700200 -24.32621084 28.69256027
v -0.22354706 -24.32227693 28.61152776
v -0.20571549 -24.31955375 28.68965268
v -0.00000250 -24.30460043 28.59646641
v -0.00000393 -24.30460043 28.67584117
v 0.01635986 -24.30469356 28.59540656
v 0.03384942 -24.30500276 28.67364511
v 0.24699877 -24.32620898 28.57974544
v 0.24700121 -24.32621084 28.65912020
v 0.25698956 -24.32800829 28.57903391
v 0.27479534 -24.33139645 28.65713648
v 0.48649052 -24.39038083 28.56192738
v 0.48649198 -24.39038269 28.64130214
v 0.49704901 -24.39427190 28.56110223
v 0.51434973 -24.40085262 28.63911912
v 0.71120035 -24.49516580 28.54354866
v 0.71120053 -24.49516580 28.62292528
v 0.72505319 -24.50326830 28.54235470
v 0.74100296 -24.51285906 28.62034552
v 0.91430021 -24.63737689 28.52517180
v 0.91429945 -24.63737689 28.60454842
v 0.92997844 -24.65072833 28.52366492
v 0.94383792 -24.66286160 28.60169671
v 1.08961994 -24.81269650 28.50735374
v 1.08961866 -24.81269464 28.58672664
v 1.10297312 -24.82885122 28.50588970
v 1.11422047 -24.84284341 28.58402021
v 1.23183348 -25.01579747 28.49063277
v 1.23183266 -25.01579747 28.57000753
v 1.23859290 -25.02763644 28.48975174
v 1.24705210 -25.04283376 28.56799588
v 1.33661914 -25.24051256 28.47391367
v 1.33662007 -25.24051443 28.55328843
v 1.33910461 -25.24739504 28.47339958
v 1.34507485 -25.26440285 28.55150960
v 1.40079064 -25.48000403 28.45609374
v 1.40079099 -25.48000589 28.53546850
v 1.40221743 -25.48823692 28.45548093
v 1.40519044 -25.50640516 28.53350528
v 1.42240000 -25.72700009 28.43771502
v 1.42240000 -25.72700009 28.51708978
v 1.42233935 -25.74012987 28.43673900
v 1.42204796 -25.75864457 28.51473540
v 1.40079076 -25.97399428 28.41933817
v 1.40079088 -25.97399428 28.49871293
v 1.39760878 -25.99140815 28.41804363
v 1.39408582 -26.00939386 28.49607915
v 1.33661961 -26.21348761 28.40151824
v 1.33662031 -26.21348575 28.48089486
v 1.33030850 -26.23048797 28.40025350
v 1.32387970 -26.24715865 28.47838774
v 1.23183546 -26.43819898 28.38479914
v 1.23183639 -26.43819526 28.46417390
v 1.22634775 -26.44762024 28.38409506
v 1.21749553 -26.46247670 28.46234664
v 1.08962110 -26.64130181 28.36808003
v 1.08961947 -26.64130367 28.44745480
v 1.08673144 -26.64473467 28.36776525
v 1.07507943 -26.65835619 28.44588272
v 0.91430068 -26.81662142 28.35026011
v 0.91429939 -26.81662329 28.42963487
v 0.91011258 -26.82012320 28.34985964
v 0.89596387 -26.83174983 28.42789143
v 0.71119977 -26.95883438 28.33188325
v 0.71119948 -26.95883438 28.41125615
v 0.70233701 -26.96390823 28.33112329
v 0.68626046 -26.97290108 28.40912715
v 0.48649023 -27.06361935 28.31350453
v 0.48649116 -27.06361748 28.39287929
v 0.47255028 -27.06860937 28.31242234
v 0.45531063 -27.07455866 28.39046344
v 0.24699909 -27.12778933 28.29568461
v 0.24700109 -27.12778933 28.37506123
v 0.23190690 -27.13036723 28.29461731
v 0.21434734 -27.13315748 28.37275714
v 0.00000140 -27.14939788 28.27896737
v 0.00000338 -27.14939788 28.35834213
v -0.00817384 -27.14937739 28.27843837
v -0.02536842 -27.14917436 28.35669741
v -0.24699743 -27.12779120 28.26224640
v -0.24700011 -27.12778933 28.34162116
v -0.26616076 -27.12427638 28.34025584
v -0.48648971 -27.06361935 28.24442647
v -0.48649131 -27.06361748 28.32380123
v -0.48889656 -27.06274018 28.24424021
v -0.50596072 -27.05636993 28.32227759
v -0.71120018 -26.95883438 28.22604962
v -0.71120047 -26.95883438 28.30542438
v -0.71750826 -26.95517056 28.22550572
v -0.73327048 -26.94582567 28.30351889
v -0.91430056 -26.81662142 28.20767276
v -0.91429980 -26.81662329 28.28704566
v -0.92339446 -26.80892684 28.20679918
v -0.93712105 -26.79705806 28.28484960
v -1.08962064 -26.64130181 28.18985097
v -1.08961924 -26.64130367 28.26922759
v -1.09760393 -26.63170360 28.18897925
v -1.10877247 -26.61797963 28.26712653
v -1.23183406 -26.43820085 28.17313187
v -1.23183301 -26.43820271 28.25250849
v -1.23454945 -26.43347718 28.17278169
v -1.24295184 -26.41858719 28.25104818
v -1.33661961 -26.21348761 28.23578753
v 0.42321591 -27.08498016 30.21363169
v 0.40420174 -27.09075995 30.29156663
v 0.24700406 -27.12778933 30.20068631
v 0.24700529 -27.12778933 30.28006107
v 0.18177618 -27.13773772 30.19611165
v 0.16260215 -27.14007534 30.27416579
v 0.00000425 -27.14939788 30.18396534
v 0.00000350 -27.14939788 30.26334196
v -0.05745941 -27.14823931 30.18021956
v -0.07642158 -27.14734524 30.25833890
v -0.24700377 -27.12778933 30.16724624
v -0.24700517 -27.12778933 30.24662100
v -0.29877669 -27.11766772 30.16353212
v -0.31793321 -27.11341344 30.24151549
v -0.48649337 -27.06361748 30.14942817
v -0.48649407 -27.06361748 30.22880107
v -0.53758564 -27.04389952 30.14540114
v -0.55603712 -27.03621611 30.22330068
v -0.71120058 -26.95883438 30.13104759
v -0.71120053 -26.95883438 30.21042421
v -0.76235336 -26.92784928 30.12659959
v -0.77919825 -26.91698819 30.20448424
v -0.91429852 -26.81662329 30.11267073
v -0.91429794 -26.81662515 30.19204736
v -0.96231652 -26.77445859 30.10800853
v -0.97679149 -26.76097304 30.18594906
v -1.08961726 -26.64130554 30.09485267
v -1.08961645 -26.64130740 30.17422743
v -1.12914189 -26.59201995 30.09047359
v -1.14073395 -26.57667547 30.16852960
v -1.23183243 -26.43820457 30.07813171
v -1.23183266 -26.43820271 30.15750833
v -1.25827861 -26.39029175 30.07456847
v -1.26697321 -26.37352981 30.15269712
v -1.33662100 -26.21348388 30.06141260
v -1.33662147 -26.21348202 30.14078736
v -1.35286455 -26.16629377 30.05790152
v -1.35876646 -26.14768408 30.13589047
v -1.40079123 -25.97399242 30.04359268
v -1.40079134 -25.97399242 30.12296930
v -1.40886416 -25.92276409 30.03978170
v -1.41146372 -25.90304613 30.11768870
v -1.42240000 -25.72700009 30.02521582
v -1.42240000 -25.72700009 30.10459058
v -1.42126228 -25.67012236 30.02098389
v -1.42032490 -25.65019578 30.09887785
v -1.40079123 -25.48000589 30.00683710
v -1.40079123 -25.48000589 30.08621372
v -1.38890848 -25.42015351 30.00238352
v -1.38452731 -25.40095337 30.08033149
v -1.33662100 -25.24051629 29.98901904
v -1.33662147 -25.24051815 30.06839380
v -1.31477427 -25.18423833 29.98483367
v -1.30734919 -25.16658977 30.06289341
v -1.23183685 -25.01580305 29.97229993
v -1.23183639 -25.01580305 30.05167469
v -1.20503013 -24.97127280 29.96891551
v -1.19494542 -24.95542541 30.04704975
v -1.08961761 -24.81269464 29.95557897
v -1.08961668 -24.81269278 30.03495373
v -1.05877488 -24.77714792 29.95227091
v -1.04570598 -24.76277947 30.03026731
v -0.91429811 -24.63737503 29.93775904
v -0.91429747 -24.63737503 30.01713566
v -0.87625784 -24.60655570 29.93416227
v -0.86058403 -24.59447272 30.01207672
v -0.71119936 -24.49516580 29.91938218
v -0.71119948 -24.49516580 29.99875881
v -0.66395401 -24.46907014 29.91536632
v -0.64633269 -24.45992641 29.99326773
v -0.48649235 -24.39038269 29.90100533
v -0.48649314 -24.39038269 29.98038009
v -0.43146627 -24.37161840 29.89676036
v -0.41274689 -24.36580136 29.97471392
v -0.24700339 -24.32621084 29.88318726
v -0.24700476 -24.32621084 29.96256016
v -0.19012509 -24.31736328 29.87919189
v -0.17121708 -24.31494184 29.95725907
v -0.00000432 -24.30460043 29.86646630
v -0.00000393 -24.30460043 29.94584106
v 0.04921821 -24.30545166 29.86326255
v 0.06788632 -24.30622093 29.94140610
v 0.24700299 -24.32621084 29.84974720
v 0.24700459 -24.32621084 29.92912009
v 0.29042317 -24.33456481 29.84663844
v 0.30931202 -24.33863841 29.92464416
v 0.48649294 -24.39038269 29.83192727
v 0.48649378 -24.39038269 29.91130017
v 0.52951003 -24.40683357 29.82854284
v 0.54773578 -24.41428974 29.90646474
v 0.71120058 -24.49516580 29.81354855
v 0.71120058 -24.49516580 29.89292331
v 0.75495132 -24.52148311 29.80975062
v 0.77162299 -24.53208528 29.88765761
v 0.91429881 -24.63737689 29.79517169
v 0.91429817 -24.63737503 29.87454645
v 0.95592748 -24.67370778 29.79113720
v 0.97028591 -24.68691953 29.86909635
v 1.08961773 -24.81269464 29.77735177
v 1.08961680 -24.81269278 29.85672839
v 1.12399878 -24.85530637 29.77355197
v 1.13552867 -24.87038076 29.85162288
v 1.23183243 -25.01579560 29.76063266
v 1.23183255 -25.01579560 29.84000742
v 1.25441363 -25.05642734 29.75760959
v 1.26306771 -25.07287264 29.83576246
v 1.33662065 -25.24051629 29.74391170
v 1.33662124 -25.24051815 29.82328832
v 1.35020399 -25.27959459 29.74100411
v 1.35612697 -25.29788390 29.81901914
v 1.40079099 -25.48000589 29.72609363
v 1.40079134 -25.48000775 29.80546840
v 1.40763889 -25.52261204 29.72292341
v 1.41032075 -25.54202080 29.80085462
v 1.42240000 -25.72700009 29.70771678
v 1.42240000 -25.72700009 29.78708968
v 1.42158533 -25.77513270 29.70413491
v 1.42078416 -25.79477988 29.78204750
v 1.40079099 -25.97399428 29.68933806
v 1.40079123 -25.97399428 29.76871282
v 1.39074971 -26.02539025 29.68551405
v 1.38654583 -26.04435198 29.76347879
v 1.33662077 -26.21348388 29.67151813
v 1.33662124 -26.21348202 29.75089476
v 1.31796708 -26.26196295 29.66791205
v 1.31074549 -26.27941966 29.74598855
v 1.23183662 -26.43819526 29.65480089
v 1.23183662 -26.43819526 29.73417565
v 1.20938732 -26.47573501 29.65195663
v 1.19955535 -26.49138868 29.73011509
v 1.08961819 -26.64130554 29.63807806
v 1.08961703 -26.64130740 29.71745469
v 1.06445409 -26.67048201 29.63537164
v 1.05167367 -26.68470703 29.71339412
v 0.91429852 -26.81662329 29.62026000
v 0.91429777 -26.81662515 29.69963476
v 0.88310178 -26.84205770 29.61730398
v 0.86773623 -26.85405686 29.69524264
v 0.71119942 -26.95883438 29.60188314
v 0.71119942 -26.95883438 29.68125790
v 0.67168084 -26.98082104 29.59851921
v 0.65436977 -26.98994242 29.67643924
v 0.48649195 -27.06361748 29.58350629
v 0.48649279 -27.06361748 29.66287918
v 0.43970611 -27.07973123 29.57989089
v 0.42128190 -27.08558366 29.65786122
v 0.24700267 -27.12778933 29.56568450
v 0.24700421 -27.12778933 29.64506112
v 0.19847708 -27.13548392 29.56227213
v 0.17983635 -27.13798545 29.64035422
v 0.00000420 -27.14939788 29.54896539
v 0.00000421 -27.14939788 29.62834202
v -0.04098726 -27.14880928 29.54630367
v -0.05936103 -27.14816108 29.62446958
v -0.24700208 -27.12778933 29.53224629
v -0.24700392 -27.12778933 29.61161919
v -0.28206722 -27.12115273 29.52973917
v -0.30068713 -27.11725421 29.60776910
v -0.48649247 -27.06361748 29.51442637
v -0.48649346 -27.06361748 29.59380113
v -0.52141806 -27.05038339 29.51168455
v -0.53941587 -27.04315074 29.58963066
v -0.71120058 -26.95883438 29.49604951
v -0.71120058 -26.95883438 29.57542427
v -0.74751984 -26.93713829 29.49290164
v -0.76401536 -26.92679316 29.57082912
v -0.91429916 -26.81662329 29.47767265
v -0.91429846 -26.81662329 29.55704741
v -0.94949885 -26.78609081 29.47426774
v -0.96373743 -26.77315101 29.55224365
v -1.08961819 -26.64130554 29.45985273
v -1.08961714 -26.64130554 29.53922935
v -1.11881027 -26.60534158 29.45663407
v -1.13027450 -26.59053914 29.53471988
v -1.23183243 -26.43820271 29.44313176
v -1.23183243 -26.43820457 29.52250838
v -1.25051208 -26.40482038 29.44064885
v -1.25912239 -26.38868988 29.51882407
v -1.33662042 -26.21348575 29.42641266
v -1.33662100 -26.21348388 29.50578742
v -1.34749734 -26.18249133 29.42410670
v -1.35343778 -26.16452426 29.50214408
v -1.40079123 -25.97399428 29.40859459
v -1.40079123 -25.97399242 29.48796935
v -1.40636147 -25.94000101 29.40606512
v -1.40912191 -25.92089958 29.48401868
v -1.42240000 -25.72700009 29.39021774
v -1.42240000 -25.72700009 29.46959063
v -1.42185460 -25.68761446 29.38728593
v -1.42118614 -25.66825040 29.46521901
v -1.40079099 -25.48000589 29.37183715
v -1.40079123 -25.48000589 29.45121378
v -1.39254041 -25.43708123 29.36864458
v -1.38851127 -25.41835979 29.44662608
v -1.33662054 -25.24051443 29.35401909
v -1.33662112 -25.24051629 29.43339385
v -1.32111728 -25.19986592 29.35099415
v -1.31409697 -25.18260106 29.42908555
v -1.23183650 -25.01580305 29.33729999
v -1.23183685 -25.01580305 29.41667289
v -1.21369772 -24.98527244 29.33499590
v -1.20411522 -24.96981621 29.41317670
v -1.08961877 -24.81269650 29.32057902
v -1.08961749 -24.81269464 29.39995378
v -1.07008952 -24.78991449 29.31847423
v -1.05759501 -24.77583475 29.39651906
v -0.91429893 -24.63737689 29.30275910
v -0.91429806 -24.63737503 29.38213572
v -0.88990951 -24.61736836 29.30044383
v -0.87485072 -24.60545674 29.37840670
v -0.71119942 -24.49516580 29.28438224
v -0.71119936 -24.49516580 29.36375886
v -0.67938305 -24.47733656 29.28167023
v -0.66238153 -24.46824126 29.35960889
v -0.48649154 -24.39038269 29.26600538
v -0.48649241 -24.39038269 29.34538014
v -0.44793490 -24.37697165 29.26302142
v -0.42980636 -24.37109128 29.34100851
v -0.24700188 -24.32621084 29.24818546
v -0.24700354 -24.32621084 29.32756022
v -0.20683170 -24.31971766 29.24535610
v -0.18845951 -24.31713976 29.32344936
v -0.00000388 -24.30460043 29.23146635
v -0.00000432 -24.30460043 29.31084111
v 0.03276696 -24.30497669 29.22933921
v 0.05084616 -24.30550940 29.30753119
v 0.24700109 -24.32621084 29.21474725
v 0.24700313 -24.32621084 29.29412015
v 0.27370933 -24.33118224 29.21283990
v 0.29205903 -24.33490753 29.29089405
v 0.48649189 -24.39038269 29.19692546
v 0.48649302 -24.39038269 29.27630208
v 0.51331025 -24.40045029 29.19482440
v 0.53107779 -24.40746315 29.27279286
v 0.71120053 -24.49516580 29.17854860
v 0.71120058 -24.49516580 29.25792523
v 0.74005936 -24.51228537 29.17605266
v 0.75637584 -24.52237718 29.25400250
v 0.91429951 -24.63737689 29.16017175
v 0.91429875 -24.63737689 29.23954651
v 0.94303093 -24.66214634 29.15739827
v 0.95714646 -24.67481606 29.23539281
v 1.08961877 -24.81269464 29.14235368
v 1.08961761 -24.81269464 29.22172658
v 1.11357635 -24.84203130 29.13971618
v 1.12497166 -24.85656366 29.21781689
v 1.23183266 -25.01579747 29.12563272
v 1.23183243 -25.01579560 29.20500748
v 1.24657468 -25.04196391 29.12368625
v 1.25513773 -25.05778335 29.20188382
v 1.33662007 -25.24051443 29.10891362
v 1.33662077 -25.24051629 29.18828838
v 1.34474516 -25.26344545 29.10720557
v 1.35069923 -25.28109215 29.18526903
v 1.40079099 -25.48000589 29.09109369
v 1.40079123 -25.48000589 29.17046845
v -1.27336697 -26.36084333 31.34237602
v -1.28218986 -26.34280175 31.42040968
v -1.33662182 -26.21348202 31.33141249
v -1.33662194 -26.21348016 31.41078725
v -1.36304158 -26.13361925 31.32547066
v -1.36882125 -26.11371689 31.40336275
v -1.40079146 -25.97399242 31.31359443
v -1.40079146 -25.97399242 31.39296919
v -1.41324033 -25.88816360 31.30720556
v -1.41547236 -25.86721256 31.38502315
v -1.42240000 -25.72700009 31.29521385
v -1.42240000 -25.72700009 31.37458861
v -1.41943316 -25.63517913 31.28838167
v -1.41791615 -25.61414801 31.36619553
v -1.40079134 -25.48000775 31.27683699
v -1.40079146 -25.48000775 31.35621175
v -1.38104474 -25.38650483 31.26988187
v -1.37592549 -25.36637522 31.34775907
v -1.33662182 -25.24051815 31.25901893
v -1.33662194 -25.24052002 31.33839369
v -1.30158314 -25.15332587 31.25252947
v -1.29332417 -25.13493970 31.33053705
v -1.23183604 -25.01580305 31.24229982
v -1.23183522 -25.01580119 31.32167459
v -1.18713372 -24.94345978 31.23672679
v -1.17600826 -24.92685802 31.31476790
v -1.08961610 -24.81269278 31.22557886
v -1.08961563 -24.81269091 31.30495548
v -1.03562395 -24.75195937 31.21984191
v -1.02137751 -24.73704517 31.29774332
v -0.91429718 -24.63737503 31.20775893
v -0.91429701 -24.63737503 31.28713369
v -0.84852753 -24.58541282 31.20158985
v -0.83160528 -24.57302622 31.27941489
v -0.71119959 -24.49516580 31.18938208
v -0.71119977 -24.49516580 31.26875684
v -0.63280895 -24.45311844 31.18276782
v -0.61394187 -24.44391884 31.26058355
v -0.48649366 -24.39038269 31.17100522
v -0.48649416 -24.39038269 31.25037998
v -0.39840638 -24.36153591 31.16425499
v -0.37851121 -24.35588650 31.24213777
v -0.24700558 -24.32621084 31.15318716
v -0.24700625 -24.32621084 31.23256192
v -0.15675245 -24.31326360 31.14688955
v -0.13678841 -24.31119233 31.22489899
v -0.00000313 -24.30460043 31.13646433
v -0.00000158 -24.30460043 31.21584095
v 0.08224053 -24.30697903 31.13107942
v 0.10208272 -24.30826798 31.20912798
v 0.24700549 -24.32621084 31.11974522
v 0.24700625 -24.32621084 31.19912185
v 0.32381807 -24.34195019 31.11420944
v 0.34376921 -24.34676699 31.19212203
v 0.48649419 -24.39038269 31.10192716
v 0.48649445 -24.39038269 31.18130192
v 0.56170975 -24.42020923 31.09597042
v 0.58082462 -24.42859113 31.17380105
v 0.71120047 -24.49516580 31.08355030
v 0.71120023 -24.49516580 31.16292320
v 0.78437920 -24.54042062 31.07715026
v 0.80172560 -24.55207147 31.15497343
v 0.91429777 -24.63737503 31.06517158
v 0.91429730 -24.63737503 31.14454634
v 0.98124344 -24.69725162 31.05862997
v 0.99604786 -24.71156418 31.13651834
v 1.08961621 -24.81269278 31.04735166
v 1.08961575 -24.81269278 31.12672828
v 1.14429696 -24.88213032 31.04124591
v 1.15605583 -24.89829250 31.11926280
v 1.23183290 -25.01579747 31.03063256
v 1.23183359 -25.01579933 31.11000732
v 1.26965134 -25.08574538 31.02542832
v 1.27844734 -25.10346659 31.10348433
v 1.33662159 -25.24051815 31.01391159
v 1.33662194 -25.24052002 31.09328635
v 1.36056764 -25.31217784 31.00858070
v 1.36638363 -25.33175610 31.08649887
v 1.40079146 -25.48000775 30.99609353
v 1.40079146 -25.48000775 31.07546829
v 1.41222519 -25.55717155 30.99035285
v 1.41455489 -25.57781525 31.06819093
v 1.42240000 -25.72700009 30.97771667
v 1.42240000 -25.72700009 31.05709143
v 1.41997088 -25.81009269 30.97153269
v 1.41860393 -25.83084814 31.04936332
v 1.40079134 -25.97399242 30.95933981
v 1.40079134 -25.97399242 31.03871271
v 1.38308515 -26.05910972 30.95300496
v 1.37815461 -26.07901022 31.03089891
v 1.33662159 -26.21348202 30.94151802
v 1.33662194 -26.21348016 31.02089465
v 1.30494335 -26.29299089 30.93560413
v 1.29689567 -26.31119452 31.01362474
v 1.23183627 -26.43819526 30.92479892
v 1.23183557 -26.43819898 31.00417554
v 1.19167787 -26.50361136 30.91977909
v 1.18081714 -26.52002685 30.99784255
v 1.08961633 -26.64130740 30.90807982
v 1.08961575 -26.64130740 30.98745272
v 1.04147638 -26.69578791 30.90295009
v 1.02752785 -26.71056986 30.98087758
v 0.91429736 -26.81662515 30.89025989
v 0.91429707 -26.81662515 30.96963465
v 0.85551263 -26.86336264 30.88473342
v 0.83890464 -26.87567845 30.96257895
v 0.71119948 -26.95883438 30.87188117
v 0.71119971 -26.95883438 30.95125780
v 0.64062997 -26.99696645 30.86591698
v 0.62207493 -27.00615861 30.94375506
v 0.48649337 -27.06361748 30.85350432
v 0.48649398 -27.06361748 30.93288094
v 0.40668549 -27.09002234 30.84737994
v 0.38708339 -27.09571831 30.92527948
v 0.24700514 -27.12778933 30.83568625
v 0.24700601 -27.12778933 30.91506287
v 0.16508943 -27.13978663 30.82996234
v 0.14538736 -27.14195102 30.90798482
v 0.00000363 -27.14939788 30.81896529
v 0.00000230 -27.14939788 30.89834005
v -0.07397097 -27.14747563 30.81412800
v -0.09352023 -27.14632265 30.89220077
v -0.24700502 -27.12778933 30.80224618
v -0.24700598 -27.12778933 30.88162094
v -0.31547461 -27.11397409 30.79731949
v -0.33516230 -27.10934915 30.87525442
v -0.48649398 -27.06361748 30.78442812
v -0.48649439 -27.06361748 30.86380288
v -0.55368600 -27.03721076 30.77911399
v -0.57258212 -27.02906355 30.85696883
v -0.71120053 -26.95883438 30.76604754
v -0.71120035 -26.95883438 30.84542416
v -0.77706773 -26.91837959 30.76029941
v -0.79424999 -26.90699510 30.83814494
v -0.91429800 -26.81662515 30.74767068
v -0.91429747 -26.81662515 30.82704730
v -0.97497477 -26.76268667 30.74175492
v -0.98967273 -26.74864978 30.81966005
v -1.08961656 -26.64130740 30.72985262
v -1.08961586 -26.64130740 30.80922738
v -1.13929098 -26.57860890 30.72431870
v -1.15099770 -26.56271867 30.80234863
v -1.23183266 -26.43820271 30.71313351
v -1.23183324 -26.43820271 30.79250641
v -1.26589776 -26.37563273 30.70847690
v -1.27466337 -26.35823376 30.78655899
v -1.33662147 -26.21348202 30.69641255
v -1.33662182 -26.21348202 30.77578731
v -1.35804666 -26.15000308 30.69168888
v -1.36389514 -26.13074705 30.76963313
v -1.40079134 -25.97399242 30.67859262
v -1.40079146 -25.97399242 30.75796925
v -1.41115743 -25.90548433 30.67349643
v -1.41358085 -25.88514797 30.75135872
v -1.42240000 -25.72700009 30.66021577
v -1.42240000 -25.72700009 30.73959239
v -1.42045505 -25.65264143 30.65468371
v -1.41923479 -25.63215978 30.73253483
v -1.40079123 -25.48000589 30.64183891
v -1.40079134 -25.48000775 30.72121181
v -1.38507609 -25.40329285 30.63613176
v -1.38033135 -25.38362332 30.71404248
v -1.33662147 -25.24051815 30.62401898
v -1.33662182 -25.24051815 30.70339374
v -1.30826212 -25.16872436 30.61867692
v -1.30042387 -25.15070140 30.69671243
v -1.23183650 -25.01580305 30.60729988
v -1.23183592 -25.01580305 30.68667464
v -1.19617535 -24.95733276 30.60282767
v -1.18557632 -24.94110540 30.68091348
v -1.08961668 -24.81269278 30.59057891
v -1.08961598 -24.81269278 30.66995367
v -1.04728574 -24.76449497 30.58605827
v -1.03363290 -24.74984899 30.66400997
v -0.91429753 -24.63737503 30.57275899
v -0.91429712 -24.63737503 30.65213375
v -0.86246291 -24.59590323 30.56787699
v -0.84616779 -24.58366193 30.64574674
v -0.71119942 -24.49516580 30.55438213
v -0.71119959 -24.49516580 30.63375689
v -0.64842816 -24.46099743 30.54906614
v -0.63018478 -24.45181832 30.62692471
v -0.48649305 -24.39038269 30.53600527
v -0.48649375 -24.39038269 30.61538003
v -0.41495549 -24.36647378 30.53050674
v -0.39564708 -24.36073311 30.60842305
v -0.24700465 -24.32621084 30.51818721
v -0.24700569 -24.32621084 30.59756011
v -0.17343082 -24.31521192 30.51303700
v -0.15399209 -24.31295998 30.59107438
v -0.00000401 -24.30460043 30.50146624
v -0.00000295 -24.30460043 30.58084100
v 0.06571046 -24.30611849 30.49717471
v 0.08496637 -24.30713922 30.57527170
v 0.24700444 -24.32621084 30.48474528
v 0.24700564 -24.32621084 30.56412190
v 0.30712734 -24.33815412 30.48042767
v 0.32655013 -24.34259094 30.55838495
v 0.48649375 -24.39038269 30.46692722
v 0.48649425 -24.39038269 30.54630011
v 0.54564443 -24.41341989 30.46225756
v 0.56431943 -24.42133613 30.54013476
v 0.71120058 -24.49516580 30.44854850
v 0.71120041 -24.49516580 30.52792326
v 0.76972565 -24.53086339 30.44345044
v 0.78674074 -24.54198524 30.52131459
v 0.91429823 -24.63737689 30.43017164
v 0.91429765 -24.63737503 30.50954640
v 0.96866570 -24.68541078 30.42488173
v 0.98325382 -24.69917014 30.50280362
v 1.08961691 -24.81269278 30.41235358
v 1.08961610 -24.81269278 30.49172834
v 1.13423925 -24.86867458 30.40739521
v 1.14589033 -24.88429099 30.48543818
v 1.23183243 -25.01579560 30.39563261
v 1.23183301 -25.01579747 30.47500737
v 1.26210682 -25.07102117 30.39152361
v 1.27083855 -25.08810163 30.46962805
v 1.33662124 -25.24051815 30.37891164
v 1.33662182 -25.24051815 30.45828827
v 1.35547889 -25.29584058 30.37479520
v 1.36135600 -25.31477250 30.45276180
v 1.40079134 -25.48000775 30.36109358
v 1.40079146 -25.48000775 30.44046834
v 1.41003705 -25.53987131 30.35664000
v 1.41255045 -25.55989847 30.43452464
v 1.42240000 -25.72700009 30.34271672
v 1.42240000 -25.72700009 30.42208962
v 1.42088556 -25.79262108 30.33783287
v 1.41980837 -25.81282333 30.41570447
v 1.40079123 -25.97399428 30.32433800
v 1.40079134 -25.97399242 30.40371276
v 1.38701731 -26.04228444 30.31925857
v 1.38245570 -26.06172115 30.39718606
v 1.33662124 -26.21348202 30.30651808
v 1.33662182 -26.21348202 30.38589470
v 1.31153921 -26.27753280 30.30175343
v 1.30390853 -26.29536949 30.37980013
v 1.23183662 -26.43819526 30.28979897
v 1.23183616 -26.43819526 30.36917560
v 1.20062614 -26.48970485 30.28587066
v 1.19028578 -26.50574408 30.36398254
v 1.08961714 -26.64130554 30.27307801
v 1.08961633 -26.64130740 30.35245463
v 1.05305202 -26.68319270 30.26916459
v 1.03969243 -26.69770084 30.34713864
v 0.91429782 -26.81662515 30.25525995
v 0.91429730 -26.81662515 30.33463471
v 0.86937816 -26.85279027 30.25102057
v 0.85339439 -26.86495334 30.32891266
v 0.71119942 -26.95883438 30.23688309
v 0.71119954 -26.95883438 30.31625785
v 0.65620296 -26.98899060 30.23221530
v 0.63827087 -26.99815296 30.31009436
v 0.48649273 -27.06361748 30.21850437
v 0.48649346 -27.06361748 30.29788099
v -0.82024670 -24.56492558 32.46900439
v -0.80205419 -24.55229498 32.54673630
v -0.71119994 -24.49516580 32.45938197
v -0.71120023 -24.49516580 32.53875673
v -0.60130528 -24.43794906 32.45017305
v -0.58118731 -24.42875318 32.52790868
v -0.48649439 -24.39038269 32.44100511
v -0.48649445 -24.39038269 32.52038360
v -0.36520872 -24.35228415 32.43177384
v -0.34414828 -24.34686013 32.50959143
v -0.24700642 -24.32621084 32.42318705
v -0.24700625 -24.32621084 32.50255808
v -0.12345733 -24.30996858 32.41461888
v -0.10246017 -24.30829592 32.49258175
v -0.00000037 -24.30460043 32.40646794
v 0.00000155 -24.30460043 32.48583898
v 0.11540105 -24.30928871 32.39885718
v 0.13640968 -24.31115694 32.47680515
v 0.24700642 -24.32621084 32.38974512
v 0.24700625 -24.32621084 32.46911988
v 0.35714399 -24.35016632 32.38175437
v 0.37813332 -24.35578220 32.45957196
v 0.48649445 -24.39038269 32.37192705
v 0.48649419 -24.39038269 32.45130181
v 0.59361773 -24.43438955 32.36338869
v 0.61358302 -24.44374748 32.44112805
v 0.71120006 -24.49516580 32.35355020
v 0.71119977 -24.49516580 32.43292496
v 0.81331091 -24.56006035 32.34455362
v 0.83128281 -24.57279526 32.42229670
v 0.91429712 -24.63737503 32.33516961
v 0.91429701 -24.63737503 32.41454810
v 1.00590906 -24.72133189 32.32614696
v 1.02110545 -24.73676577 32.40396827
v 1.08961563 -24.81269091 32.31735155
v 1.08961563 -24.81269091 32.39673004
v 1.16386020 -24.90928955 32.30897337
v 1.17579522 -24.92654510 32.38693997
v 1.23183418 -25.01579933 32.30063245
v 1.23183522 -25.01580119 32.38000721
v 1.28428300 -25.11557564 32.29320794
v 1.29316573 -25.13459511 32.37117082
v 1.33662194 -25.24052002 32.28391334
v 1.33662194 -25.24052002 32.36328810
v 1.37017830 -25.34511872 32.27613121
v 1.37582608 -25.36599524 32.35394880
v 1.40079146 -25.48000775 32.26609528
v 1.40079146 -25.48000775 32.34546632
v 1.41596806 -25.59188381 32.25776926
v 1.41788460 -25.61375126 32.33551607
v 1.42240000 -25.72700009 32.24771470
v 1.42240000 -25.72700009 32.32708946
v 1.41749904 -25.84497631 32.23893791
v 1.41551148 -25.86681768 32.31668845
v 1.40079146 -25.97399242 32.22933784
v 1.40079146 -25.97399242 32.30871260
v 1.37462874 -26.09253675 32.22051635
v 1.36892754 -26.11334063 32.29834512
v 1.33662194 -26.21348016 32.21151978
v 1.33662194 -26.21348016 32.29089454
v 1.29125814 -26.32355131 32.20333159
v 1.28235377 -26.34245902 32.28129819
v 1.23183499 -26.43819898 32.19479695
v 1.23183406 -26.43820085 32.27417544
v 1.17322162 -26.53122135 32.18756244
v 1.16128440 -26.54836513 32.26552904
v 1.08961563 -26.64130740 32.17807785
v 1.08961563 -26.64130740 32.25745261
v 1.01781078 -26.72062069 32.17050061
v 1.00265699 -26.73591115 32.24833310
v 0.91429701 -26.81662515 32.16025978
v 0.91429718 -26.81662515 32.23963454
v 0.82736724 -26.88401565 32.15215355
v 0.80949417 -26.89659037 32.22990781
v 0.71119983 -26.95883438 32.14188293
v 0.71120012 -26.95883438 32.22125769
v 0.60921320 -27.01233327 32.13331848
v 0.58940827 -27.02153474 32.21108019
v 0.48649427 -27.06361748 32.12350607
v 0.48649448 -27.06361748 32.20288083
v 0.37351932 -27.09948085 32.11488947
v 0.35274911 -27.10496634 32.19272196
v 0.24700633 -27.12778933 32.10568801
v 0.24700639 -27.12778933 32.18506277
v 0.13177232 -27.14328282 32.09768236
v 0.11103117 -27.14505978 32.17565641
v 0.00000113 -27.14939788 32.08896518
v -0.00000078 -27.14939788 32.16833994
v -0.10709940 -27.14536153 32.08191320
v -0.12781731 -27.14364603 32.15989098
v -0.24700633 -27.12778933 32.07224607
v -0.24700639 -27.12778933 32.15161711
v -0.34882064 -27.10596472 32.06487373
v -0.36955287 -27.10055560 32.14270994
v -0.48649448 -27.06361748 32.05442801
v -0.48649433 -27.06361748 32.13379905
v -0.58566977 -27.02322975 32.04653040
v -0.60542620 -27.01412141 32.12429956
v -0.71120018 -26.95883438 32.03604743
v -0.71119989 -26.95883438 32.11542591
v -0.80612587 -26.89891495 32.02770278
v -0.82394615 -26.88645385 32.10546449
v -0.91429724 -26.81662515 32.01767430
v -0.91429701 -26.81662515 32.09704533
v -0.99980459 -26.73873678 32.00926632
v -1.01490808 -26.72358602 32.08710253
v -1.08961563 -26.64130740 31.99985251
v -1.08961563 -26.64130740 32.07922727
v -1.15903863 -26.55153163 31.99204057
v -1.17093453 -26.53454803 32.07001463
v -1.23183383 -26.43820085 31.98313341
v -1.23183476 -26.43819898 32.06250817
v -1.28068309 -26.34592727 31.97626770
v -1.28954952 -26.32723562 32.05425292
v -1.33662194 -26.21348016 31.96641058
v -1.33662205 -26.21348016 32.04578906
v -1.36784709 -26.11714788 31.95924684
v -1.37354282 -26.09659731 32.03709051
v -1.40079146 -25.97399242 31.94859251
v -1.40079146 -25.97399242 32.02797100
v -1.41511182 -25.87080561 31.94091469
v -1.41713733 -25.84924363 32.01868758
v -1.42240000 -25.72700009 31.93021566
v -1.42240000 -25.72700009 32.00959042
v -1.41819718 -25.61773546 31.92208707
v -1.41636981 -25.59616417 31.99985623
v -1.40079146 -25.48000775 31.91183880
v -1.40079146 -25.48000775 31.99121356
v -1.37681630 -25.36979131 31.90363571
v -1.37131172 -25.34920909 31.98148310
v -1.33662194 -25.24052002 31.89402074
v -1.33662205 -25.24052002 31.97339550
v -1.29474024 -25.13804287 31.88639507
v -1.28605287 -25.11930838 31.96437657
v -1.23183534 -25.01580119 31.87730163
v -1.23183441 -25.01579933 31.95667639
v -1.17790548 -24.92965385 31.87061846
v -1.16624194 -24.91268888 31.94861114
v -1.08961575 -24.81269278 31.86057881
v -1.08961551 -24.81269091 31.93995357
v -1.02379092 -24.73954111 31.85361624
v -1.00894179 -24.72437359 31.93147108
v -0.91429701 -24.63737503 31.84276074
v -0.91429707 -24.63737503 31.92213550
v -0.83445449 -24.57508445 31.83529899
v -0.81689964 -24.56256934 31.91307560
v -0.71119977 -24.49516580 31.82438388
v -0.71120000 -24.49516580 31.90375865
v -0.61710010 -24.44543503 31.81646764
v -0.59760804 -24.43622984 31.89424425
v -0.48649410 -24.39038269 31.80600703
v -0.48649442 -24.39038269 31.88537806
v -0.38182284 -24.35680479 31.79801255
v -0.36134353 -24.35126342 31.87585995
v -0.24700616 -24.32621084 31.78818524
v -0.24700645 -24.32621084 31.86756000
v -0.14009346 -24.31151643 31.78074956
v -0.11960986 -24.30963702 31.85873479
v -0.00000186 -24.30460043 31.77146614
v -0.00000002 -24.30460043 31.85084090
v 0.09880515 -24.30803515 31.76496923
v 0.11923173 -24.30960536 31.84297308
v 0.24700616 -24.32621084 31.75474703
v 0.24700645 -24.32621084 31.83411807
v 0.34049153 -24.34595488 31.74798936
v 0.36096500 -24.35116284 31.82584792
v 0.48649445 -24.39038269 31.73692524
v 0.48649442 -24.39038269 31.81630000
v 0.57770213 -24.42719974 31.72967955
v 0.59724727 -24.43606406 31.80746362
v 0.71120029 -24.49516580 31.71854839
v 0.71120000 -24.49516580 31.79792315
v 0.79890864 -24.55015481 31.71085194
v 0.81657409 -24.56234209 31.78863600
v 0.91429736 -24.63737503 31.70017153
v 0.91429707 -24.63737503 31.77954629
v 0.99365867 -24.70922656 31.69238567
v 1.00866577 -24.72409606 31.77024052
v 1.08961575 -24.81269278 31.68235347
v 1.08961551 -24.81269091 31.76172823
v 1.15417084 -24.89566803 31.67510778
v 1.16602436 -24.91237782 31.75309673
v 1.23183348 -25.01579747 31.66563064
v 1.23183441 -25.01579933 31.74500912
v 1.27704430 -25.10059811 31.65932372
v 1.28589070 -25.11896566 31.73733130
v 1.33662182 -25.24051815 31.64891154
v 1.33662205 -25.24052002 31.72828630
v 1.36546814 -25.32860450 31.64235875
v 1.37120776 -25.34883283 31.72022849
v 1.40079146 -25.48000775 31.63109347
v 1.40079146 -25.48000775 31.71046823
v 1.41420250 -25.57451092 31.62406012
v 1.41633325 -25.59576742 31.70185536
v 1.42240000 -25.72700009 31.61271662
v 1.42240000 -25.72700009 31.69209138
v 1.41884189 -25.82754567 31.60523251
v 1.41717144 -25.84884688 31.68302402
v 1.40079134 -25.97399242 31.59433603
v 1.40079146 -25.97399242 31.67371452
v 1.37895509 -26.07586235 31.58675879
v 1.37364445 -26.09621920 31.66462108
v 1.33662182 -26.21348016 31.57651797
v 1.33662205 -26.21348016 31.65589646
v 1.29818206 -26.30832978 31.56946227
v 1.28970970 -26.32689290 31.64745495
v 1.23183569 -26.43819526 31.55979887
v 1.23183476 -26.43819898 31.63917363
v 1.18254288 -26.51745267 31.55367449
v 1.17114978 -26.53423510 31.63168952
v 1.08961586 -26.64130740 31.54307976
v 1.08961563 -26.64130740 31.62245452
v 1.02972868 -26.70826390 31.53672814
v 1.01518212 -26.72330663 31.61460534
v 0.91429707 -26.81662515 31.52525797
v 0.91429701 -26.81662515 31.60463646
v 0.84150804 -26.87377110 31.51844442
v 0.82427013 -26.88622475 31.59624338
v 0.71119965 -26.95883438 31.50688112
v 0.71119989 -26.95883438 31.58625960
v 0.62496547 -27.00474858 31.49961680
v 0.60578604 -27.01395191 31.57741204
v 0.48649390 -27.06361748 31.48850426
v 0.48649433 -27.06361748 31.56787902
v 0.39011866 -27.09485590 31.48113191
v 0.36993108 -27.10045315 31.55899793
v 0.24700590 -27.12778933 31.47068620
v 0.24700639 -27.12778933 31.55006096
v 0.14842031 -27.14163624 31.46381676
v 0.12819577 -27.14361064 31.54181689
v 0.00000254 -27.14939788 31.45396709
v 0.00000081 -27.14939788 31.53334185
v -0.09051873 -27.14651637 31.44802526
v -0.11065337 -27.14508958 31.52605146
v -0.24700587 -27.12778933 31.43724799
v -0.24700639 -27.12778933 31.51661903
v -0.33215719 -27.11007372 31.43110126
v -0.35237029 -27.10506320 31.50898591
v -0.48649436 -27.06361748 31.41942620
v -0.48649448 -27.06361748 31.49880096
v -0.56971528 -27.03032084 31.41282499
v -0.58904651 -27.02169865 31.49063513
v -0.71120035 -26.95883438 31.40104935
v -0.71120012 -26.95883438 31.48042411
v -0.79165958 -26.90873481 31.39400110
v -0.80916710 -26.89681575 31.47180378
v -0.91429753 -26.81662515 31.38267249
v -0.91429718 -26.81662515 31.46204725
v -0.98747155 -26.75077878 31.37550876
v -1.00237899 -26.73618682 31.45337850
v -1.08961598 -26.64130740 31.36485443
v -1.08961563 -26.64130740 31.44422546
v -1.14925695 -26.56511031 31.35817498
v -1.16106484 -26.54867619 31.43617883
v -1.23183313 -26.43820271 31.34813160
v -1.23183394 -26.43820085 31.42750636
v 1.02990831 -24.74592440 33.59368443
v 1.04544207 -24.76249263 33.67143869
v 1.08961586 -24.81269278 33.58735144
v 1.08961656 -24.81269278 33.66672993
v 1.18268293 -24.93675798 33.57674181
v 1.19474123 -24.95510876 33.65465626
v 1.23183569 -25.01580119 33.57063234
v 1.23183639 -25.01580305 33.65001082
v 1.29828590 -25.14590137 33.56095031
v 1.30719854 -25.16623773 33.63881260
v 1.33662182 -25.24051815 33.55391324
v 1.33662147 -25.24051815 33.63328800
v 1.37901923 -25.37839115 33.54365379
v 1.38443708 -25.40057153 33.62137824
v 1.40079134 -25.48000775 33.53609517
v 1.40079123 -25.48000775 33.61546621
v 1.41886063 -25.62671900 33.52517635
v 1.42030336 -25.64979903 33.60283747
v 1.42240000 -25.72700009 33.51771459
v 1.42240000 -25.72700009 33.59709308
v 1.41417410 -25.87975189 33.50635245
v 1.41151273 -25.90265125 33.58402103
v 1.40079146 -25.97399242 33.49934146
v 1.40079134 -25.97399242 33.57871249
v 1.36539515 -26.12564526 33.48805755
v 1.35888171 -26.14731155 33.56581926
v 1.33662182 -26.21348016 33.48151594
v 1.33662147 -26.21348202 33.56089443
v 1.27693324 -26.35362931 33.47109258
v 1.26714434 -26.37319453 33.54901075
v 1.23183348 -26.43820271 33.46479684
v 1.23183266 -26.43820271 33.54417533
v 1.15402229 -26.55853704 33.45530853
v 1.14096212 -26.57636814 33.53318200
v 1.08961575 -26.64130740 33.44807774
v 1.08961645 -26.64130740 33.52745622
v 0.99347136 -26.74495615 33.43802691
v 0.97707706 -26.76070295 33.51576254
v 0.91429736 -26.81662515 33.43025967
v 0.91429788 -26.81662515 33.50963444
v 0.79868903 -26.90399438 33.41956064
v 0.77953126 -26.91677026 33.49722549
v 0.71120029 -26.95883438 33.41188282
v 0.71120053 -26.95883438 33.49125758
v 0.57745993 -27.02690847 33.40073302
v 0.55640249 -27.03605965 33.47840905
v 0.48649445 -27.06361748 33.39350596
v 0.48649407 -27.06361748 33.47288072
v 0.34023859 -27.10810862 33.38242695
v 0.31831296 -27.11332589 33.46019238
v 0.24700616 -27.12778933 33.37568790
v 0.24700520 -27.12778933 33.45505893
v 0.09855346 -27.14597993 33.36544335
v 0.07679786 -27.14732476 33.44336525
v -0.00000188 -27.14939788 33.35896507
v -0.00000348 -27.14939788 33.43833983
v -0.14034618 -27.14245953 33.34966302
v -0.16222270 -27.14011818 33.42754394
v -0.24700616 -27.12778933 33.34224597
v -0.24700529 -27.12778933 33.42162073
v -0.38207482 -27.09712461 33.33240002
v -0.40382502 -27.09087171 33.41013938
v -0.48649410 -27.06361748 33.32442418
v -0.48649346 -27.06361748 33.40380266
v -0.61733922 -27.00844966 33.31394121
v -0.63791510 -26.99833177 33.39161724
v -0.71119977 -26.95883438 33.30605105
v -0.71119954 -26.95883438 33.38542581
v -0.83466916 -26.87875926 33.29511359
v -0.85307675 -26.86519176 33.37279707
v -0.91429701 -26.81662515 33.28767046
v -0.91429730 -26.81662515 33.36704522
v -1.02397182 -26.71427093 33.27680007
v -1.03942642 -26.69798583 33.35456923
v -1.08961575 -26.64130740 33.26985240
v -1.08961633 -26.64130740 33.34922716
v -1.17804692 -26.52413771 33.25979784
v -1.19007938 -26.50605887 33.33772346
v -1.23183534 -26.43819898 33.25313330
v -1.23183616 -26.43819526 33.33250806
v -1.29484537 -26.31572448 33.24401751
v -1.30375591 -26.29571967 33.32190588
v -1.33662194 -26.21348016 33.23641047
v -1.33662182 -26.21348202 33.31578895
v -1.37688196 -26.08395554 33.22677687
v -1.38236326 -26.06210299 33.30452368
v -1.40079146 -25.97399242 33.21859241
v -1.40079134 -25.97399242 33.29797089
v -1.41821755 -25.83599836 33.20832551
v -1.41978438 -25.81322007 33.28600526
v -1.42240000 -25.72700009 33.20021555
v -1.42240000 -25.72700009 33.27959031
v -1.41508505 -25.58293007 33.18949416
v -1.41259702 -25.56029335 33.26718509
v -1.40079146 -25.48000775 33.18183869
v -1.40079146 -25.48000775 33.26121345
v -1.36777561 -25.33660084 33.17116946
v -1.36146892 -25.31514503 33.24894607
v -1.33662194 -25.24052002 33.16402063
v -1.33662182 -25.24051815 33.24339166
v -1.28057320 -25.10784380 33.15414861
v -1.27100793 -25.08843876 33.23207796
v -1.23183383 -25.01579933 33.14730152
v -1.23183301 -25.01579747 33.22667256
v -1.15889159 -24.90226179 33.13837573
v -1.14611641 -24.88460019 33.21627155
v -1.08961563 -24.81269091 33.13057870
v -1.08961610 -24.81269278 33.20995346
v -0.99961855 -24.71507899 33.12114626
v -0.98353752 -24.69944209 33.19890425
v -0.91429724 -24.63737503 33.11275691
v -0.91429765 -24.63737503 33.19213539
v -0.80590724 -24.55493622 33.10270607
v -0.78707229 -24.54220504 33.18039700
v -0.71120018 -24.49516580 33.09438378
v -0.71120041 -24.49516580 33.17375481
v -0.58542809 -24.43066053 33.08387846
v -0.56468393 -24.42149073 33.16157684
v -0.48649448 -24.39038269 33.07600319
v -0.48649427 -24.39038269 33.15538168
v -0.34856785 -24.34797026 33.06553885
v -0.32692970 -24.34268035 33.14332291
v -0.24700633 -24.32621084 33.05818513
v -0.24700564 -24.32621084 33.13756362
v -0.10684747 -24.30861816 33.04849938
v -0.08534306 -24.30716343 33.12643617
v 0.00000116 -24.30460043 33.04146603
v 0.00000292 -24.30460043 33.12084079
v 0.13202486 -24.31073971 33.03273022
v 0.15361285 -24.31291901 33.11063349
v 0.24700633 -24.32621084 33.02474692
v 0.24700569 -24.32621084 33.10412169
v 0.37377156 -24.35458824 33.01552311
v 0.39526995 -24.36062321 33.09328854
v 0.48649427 -24.39038269 33.00692886
v 0.48649375 -24.39038269 33.08629990
v 0.60945295 -24.44178052 32.99709409
v 0.62982796 -24.45164137 33.07478875
v 0.71119983 -24.49516580 32.98854828
v 0.71119959 -24.49516580 33.06792304
v 0.82758290 -24.57013912 32.97825903
v 0.84584858 -24.58342537 33.05596486
v 0.91429701 -24.63737503 32.97017142
v 0.91429712 -24.63737503 33.04954618
v 1.01799297 -24.73356575 32.95991197
v 1.03336491 -24.74956587 33.03769976
v 1.08961563 -24.81269091 32.95235336
v 1.08961598 -24.81269278 33.03172812
v 1.17336446 -24.92298745 32.94285387
v 1.18536770 -24.94079061 33.02079439
v 1.23183499 -25.01580119 32.93563053
v 1.23183592 -25.01580305 33.01500529
v 1.29136443 -25.13067797 32.92708471
v 1.30026939 -25.15035309 33.00499544
v 1.33662194 -25.24052002 32.91891143
v 1.33662182 -25.24051815 32.99828619
v 1.37469592 -25.36171488 32.90989250
v 1.38023659 -25.38324334 32.98766539
v 1.40079146 -25.48000775 32.90109336
v 1.40079134 -25.48000775 32.98046812
v 1.41752104 -25.60928836 32.89147466
v 1.41920813 -25.63176304 32.96917677
v 1.42240000 -25.72700009 32.88271651
v 1.42240000 -25.72700009 32.96209127
v 1.41594291 -25.86237900 32.87264332
v 1.41362497 -25.88475309 32.95035288
v 1.40079146 -25.97399242 32.86433965
v 1.40079146 -25.97399242 32.94371441
v 1.37010822 -26.10913292 32.85428137
v 1.36400585 -26.13037266 32.93208033
v 1.33662194 -26.21348016 32.84651786
v 1.33662182 -26.21348202 32.92589635
v 1.28417427 -26.33865178 32.83720836
v 1.27483101 -26.35789476 32.91514888
v 1.23183418 -26.43820085 32.82979876
v 1.23183324 -26.43820271 32.90917724
v 1.16371457 -26.54491737 32.82143921
v 1.15122157 -26.56241134 32.89936110
v 1.08961563 -26.64130740 32.81307966
v 1.08961586 -26.64130740 32.89245069
v 1.00572442 -26.73285268 32.80426934
v 0.98995457 -26.74837783 32.88204968
v 0.91429712 -26.81662515 32.79526159
v 0.91429747 -26.81662515 32.87463263
v 0.81309327 -26.89409070 32.78585896
v 0.79458009 -26.90677345 32.86356851
v 0.71120006 -26.95883438 32.77688101
v 0.71120035 -26.95883438 32.85625950
v 0.59337675 -27.01972052 32.76702389
v 0.57294569 -27.02890523 32.84474090
v 0.48649445 -27.06361748 32.75850788
v 0.48649439 -27.06361748 32.83787891
v 0.35689137 -27.10389905 32.74865821
v 0.33554164 -27.10925601 32.82645345
v 0.24700642 -27.12778933 32.74068609
v 0.24700598 -27.12778933 32.82006085
v 0.11514891 -27.14473195 32.73155913
v 0.09389732 -27.14629658 32.80950710
v -0.00000040 -27.14939788 32.72396326
v -0.00000227 -27.14939788 32.80334175
v -0.12370967 -27.14400925 32.71579370
v -0.14500835 -27.14198828 32.79371932
v -0.24700642 -27.12778933 32.70724416
v -0.24700601 -27.12778933 32.78662264
v -0.36546114 -27.10164897 32.69863874
v -0.38670585 -27.09582448 32.77642652
v -0.48649439 -27.06361748 32.68942609
v -0.48649398 -27.06361748 32.76880085
v -0.60154562 -27.01593935 32.68023953
v -0.62171707 -27.00633183 32.75795653
v -0.71119994 -26.95883438 32.67104924
v -0.71119971 -26.95883438 32.75042400
v -0.82046341 -26.88892186 32.66140819
v -0.83858380 -26.87591128 32.73913264
v -0.91429701 -26.81662515 32.65267238
v -0.91429707 -26.81662515 32.73204714
v -1.01197197 -26.72656626 32.64302760
v -1.02725788 -26.71085112 32.72083402
v -1.08961551 -26.64130740 32.63485432
v -1.08961575 -26.64130740 32.71422908
v -1.16863556 -26.53787099 32.62590989
v -1.18060631 -26.52034163 32.70386532
v -1.23183464 -26.43819898 32.61813521
v -1.23183557 -26.43819898 32.69750625
v -1.28784357 -26.33088827 32.61014819
v -1.29673921 -26.31154098 32.68808499
v -1.33662205 -26.21348016 32.60141239
v -1.33662194 -26.21348016 32.68078715
v -1.37246121 -26.10059269 32.59301558
v -1.37805752 -26.07939020 32.67081082
v -1.40079146 -25.97399242 32.58359060
v -1.40079134 -25.97399242 32.66296908
v -1.41677121 -25.85341781 32.57462382
v -1.41857483 -25.83124489 32.65234828
v -1.42240000 -25.72700009 32.56521747
v -1.42240000 -25.72700009 32.64459223
v -1.41674757 -25.60031973 32.55578876
v -1.41459657 -25.57821013 32.63352066
v -1.40079146 -25.48000775 32.54683688
v -1.40079146 -25.48000775 32.62621164
v -1.37239264 -25.35315230 32.53740072
v -1.36649213 -25.33213235 32.61521086
v -1.33662205 -25.24052002 32.52901882
v -1.33662194 -25.24052002 32.60839358
v -1.28773612 -25.12288280 32.52026811
v -1.27861311 -25.10380559 32.59821981
v -1.23183464 -25.01579933 32.51229972
v -1.23183359 -25.01579933 32.59167448
v -1.16849120 -24.91592057 32.50450268
v -1.15627761 -24.89860170 32.58244693
v -1.08961551 -24.81269091 32.49558061
v -1.08961575 -24.81269278 32.57495537
v -1.01178850 -24.72724766 32.48738497
v -0.99632773 -24.71183799 32.56518766
v -0.91429701 -24.63737503 32.47775882
v -0.91429730 -24.63737503 32.55713731
v 1.40079053 -25.97399801 34.79674459
v 1.41000224 -25.91438964 34.77377445
v 1.42240000 -25.72700009 34.78771448
v 1.33661879 -26.21348947 34.79674459
v 1.35540019 -26.15840733 34.75561365
v 1.40079134 -25.97399242 34.76933762
v 1.23183453 -26.43820085 34.79674459
v 1.26199110 -26.38320252 34.73889083
v 1.33662124 -26.21348202 34.75151956
v 1.08962157 -26.64130181 34.79674459
v 1.13408524 -26.58552863 34.72301736
v 1.23183243 -26.43820271 34.73479673
v 0.91429747 -24.63737503 33.68454799
v 0.91429707 -24.63737503 33.60516950
v 0.86026802 -24.59423244 33.68963301
v 0.84172166 -24.58038554 33.61196816
v 0.71119948 -24.49516580 33.70292112
v 0.71119965 -24.49516580 33.62355009
v 0.64597797 -24.45974573 33.70844573
v 0.62520395 -24.44936894 33.63079578
v 0.48649317 -24.39038269 33.72130170
v 0.48649390 -24.39038269 33.64192694
v 0.41237057 -24.36568774 33.72699767
v 0.39037041 -24.35921691 33.64928067
v 0.24700479 -24.32621084 33.73911977
v 0.24700590 -24.32621084 33.65974501
v 0.17083740 -24.31489713 33.74445066
v 0.14867319 -24.31239188 33.66659582
v 0.00000391 -24.30460043 33.75583887
v 0.00000256 -24.30460043 33.67646411
v -0.06826218 -24.30623956 33.76029804
v -0.09026728 -24.30746704 33.68238732
v -0.24700462 -24.32621084 33.77256170
v -0.24700587 -24.32621084 33.69318694
v -0.30969194 -24.33872223 33.77706558
v -0.33190407 -24.34386499 33.69931504
v -0.48649381 -24.39038269 33.79037976
v -0.48649433 -24.39038269 33.71100500
v -0.54810190 -24.41444248 33.79524499
v -0.56947250 -24.42357317 33.71758759
v -0.71120058 -24.49516580 33.80875662
v -0.71120035 -24.49516580 33.72938186
v -0.77195745 -24.53230135 33.81405398
v -0.79143903 -24.54511821 33.73641148
v -0.91429817 -24.63737503 33.82713348
v -0.91429753 -24.63737503 33.74776244
v -0.97057340 -24.68718775 33.83261338
v -0.98728307 -24.70304072 33.75490755
v -1.08961680 -24.81269278 33.84495527
v -1.08961598 -24.81269278 33.76558051
v -1.13575894 -24.87068623 33.85008499
v -1.14910700 -24.88868311 33.77224132
v -1.23183255 -25.01579560 33.86167437
v -1.23183313 -25.01579747 33.78229961
v -1.26324059 -25.07320791 33.86594355
v -1.27325475 -25.09292960 33.78803656
v -1.33662135 -25.24051815 33.87839347
v -1.33662182 -25.24051815 33.79901871
v -1.35624432 -25.29825456 33.88268873
v -1.36296719 -25.32013133 33.80494192
v -1.40079134 -25.48000775 33.89621526
v -1.40079146 -25.48000775 33.81683677
v -1.41037232 -25.54241568 33.90085697
v -1.41321030 -25.56557395 33.82320330
v -1.42240000 -25.72700009 33.91459212
v -1.42240000 -25.72700009 33.83521736
v -1.42076518 -25.79517663 33.91966224
v -1.41945027 -25.81855655 33.84203091
v -1.40079123 -25.97399428 33.93296897
v -1.40079134 -25.97399242 33.85359049
v -1.38645805 -26.04473568 33.93823281
v -1.38110749 -26.06724016 33.86053070
v -1.33662135 -26.21348202 33.95078704
v -1.33662182 -26.21348202 33.87141600
v -1.31059682 -26.27977356 33.95571932
v -1.30168581 -26.30044147 33.87788311
v -1.23183662 -26.43819526 33.96750614
v -1.23183604 -26.43819526 33.88813511
v -1.19935325 -26.49170533 33.97159278
v -1.18727249 -26.51032992 33.89368951
v -1.08961703 -26.64130740 33.98422524
v -1.08961610 -26.64130740 33.90485421
v -1.05141173 -26.68499574 33.98831561
v -1.03580218 -26.70185082 33.91057253
v -0.91429771 -26.81662515 34.00204703
v -0.91429718 -26.81662515 33.92267227
v -0.86742191 -26.85429901 34.00646895
v -0.84874011 -26.86842903 33.92882273
v -0.71119942 -26.95883438 34.02042389
v -0.71119954 -26.95883438 33.94104913
v -0.65401616 -26.99012496 34.02527422
v -0.63304673 -27.00076438 33.94764289
v -0.48649282 -27.06361748 34.03880447
v -0.48649363 -27.06361748 33.95942599
v -0.42090609 -27.08569728 34.04384851
v -0.39865787 -27.09239163 33.96615759
v -0.24700421 -27.12778933 34.05662253
v -0.24700555 -27.12778933 33.97724405
v -0.17945650 -27.13803574 34.06135738
v -0.15700549 -27.14070864 33.98352489
v -0.00000420 -27.14939788 34.07334164
v -0.00000315 -27.14939788 33.99396688
v 0.05973644 -27.14814432 34.07723457
v 0.08198933 -27.14703418 33.99933502
v 0.24700395 -27.12778933 34.09006074
v 0.24700549 -27.12778933 34.01068598
v 0.30106722 -27.11717226 34.09394249
v 0.32356480 -27.11210959 34.01619941
v 0.48649346 -27.06361748 34.10787880
v 0.48649419 -27.06361748 34.02850404
v 0.53978275 -27.04299986 34.11208093
v 0.56146638 -27.03389525 34.03444216
v 0.71120058 -26.95883438 34.12625939
v 0.71120047 -26.95883438 34.04688090
v 0.76435122 -26.92657895 34.13088247
v 0.78415766 -26.91372670 34.05326232
v 0.91429846 -26.81662329 34.14463252
v 0.91429777 -26.81662515 34.06526148
v 0.96402684 -26.77288465 34.14946795
v 0.98105380 -26.75692923 34.07178074
v 1.08961714 -26.64130554 34.16245431
v 1.08961621 -26.64130740 34.08307955
v 1.13050698 -26.59023553 34.16698799
v 1.14414562 -26.57207474 34.08917040
v 1.23183243 -26.43820457 34.17917341
v 1.23183290 -26.43820271 34.09979865
v 1.25929702 -26.38835646 34.18288380
v 1.26953796 -26.36847831 34.10498798
v 1.33662100 -26.21348388 34.19589251
v 1.33662159 -26.21348202 34.11652148
v 1.35355734 -26.16415545 34.19956565
v 1.36049185 -26.14207007 34.12183374
v 1.40079123 -25.97399242 34.21371430
v 1.40079146 -25.97399242 34.13433954
v 1.40917592 -25.92050657 34.21769291
v 1.41219364 -25.89709125 34.14006159
v 1.42240000 -25.72700009 34.23209116
v 1.42240000 -25.72700009 34.15271640
v 1.42116973 -25.66785179 34.23649073
v 1.41998637 -25.64417198 34.15887803
v 1.40079099 -25.48000589 34.25046802
v 1.40079134 -25.48000775 34.17109326
v 1.38842582 -25.41797608 34.25508365
v 1.38314639 -25.39514564 34.17740762
v 1.33662112 -25.24051629 34.26828608
v 1.33662159 -25.24051815 34.18891132
v 1.31395028 -25.18224716 34.27262604
v 1.30504463 -25.16124398 34.19480845
v 1.23183685 -25.01580305 34.28500891
v 1.23183627 -25.01580305 34.20563042
v 1.20391545 -24.96949770 34.28852931
v 1.19181513 -24.95059930 34.21063721
v 1.08961749 -24.81269464 34.30172801
v 1.08961645 -24.81269278 34.22234952
v 1.05733506 -24.77554604 34.30519253
v 1.04165333 -24.75840226 34.22746435
v 0.91429806 -24.63737503 34.31954607
v 0.91429736 -24.63737503 34.24017504
v 0.87453809 -24.60521273 34.32330862
v 0.85572415 -24.59079586 34.24567729
v 0.71119936 -24.49516580 34.33792666
v 0.71119948 -24.49516580 34.25854817
v 0.66202908 -24.46805686 34.34210271
v 0.64086705 -24.45715293 34.26449746
v 0.48649244 -24.39038269 34.35629979
v 0.48649337 -24.39038269 34.27692875
v 0.42943101 -24.37097207 34.36070308
v 0.40693668 -24.36405234 34.28303078
v 0.24700357 -24.32621084 34.37412158
v 0.24700511 -24.32621084 34.29474682
v 0.18807950 -24.31708947 34.37825665
v 0.16534260 -24.31424335 34.30045396
v 0.00000432 -24.30460043 34.39084068
v 0.00000365 -24.30460043 34.31146592
v -0.05122110 -24.30552244 34.39417481
v -0.07372005 -24.30651151 34.31628644
v -0.24700316 -24.32621084 34.40756351
v -0.24700499 -24.32621084 34.32818502
v -0.29243925 -24.33498576 34.41081569
v -0.31522123 -24.33996834 34.33309123
v -0.48649305 -24.39038269 34.42538157
v -0.48649398 -24.39038269 34.34600309
v -0.53144549 -24.40761030 34.42891687
v -0.55344211 -24.41668510 34.35130045
v -0.71120058 -24.49516580 34.44375470
v -0.71120053 -24.49516580 34.36438367
v -0.75671315 -24.52258766 34.44771096
v -0.77684526 -24.53547530 34.37011316
v -0.91429875 -24.63737689 34.46213529
v -0.91429800 -24.63737503 34.38276052
v -0.95743773 -24.67508055 34.46631506
v -0.97478385 -24.69113469 34.38865766
v -1.08961761 -24.81269464 34.47995335
v -1.08961656 -24.81269278 34.40057859
v -1.12520636 -24.85686727 34.48389098
v -1.13913836 -24.87518638 34.40609202
v -1.23183243 -25.01579560 34.49667245
v -1.23183266 -25.01579747 34.41729769
v -1.25531422 -25.05811490 34.49982032
v -1.26578321 -25.07814392 34.42193568
v -1.33662077 -25.24051629 34.51339155
v -1.33662147 -25.24051815 34.43402052
v -1.35082088 -25.28146096 34.51644257
v -1.35796936 -25.30374937 34.43872556
v -1.40079123 -25.48000589 34.53121334
v -1.40079134 -25.48000775 34.45183858
v -1.40792353 -25.52458271 34.53452885
v -1.41112425 -25.54825321 34.45691615
v -1.42240000 -25.72700009 34.54959020
v -1.42240000 -25.72700009 34.47021544
v -1.42151688 -25.77711642 34.55331922
v -1.42046891 -25.80109239 34.47572887
v -1.40079123 -25.97399428 34.56797078
v -1.40079123 -25.97399242 34.48859230
v -1.39034004 -26.02729388 34.57193449
v -1.38513581 -26.05045214 34.49428082
v -1.33662089 -26.21348388 34.58578885
v -1.33662147 -26.21348202 34.50641409
v -1.31725869 -26.26370452 34.58952159
v -1.30836223 -26.28504112 34.51173753
v -1.23183685 -26.43819526 34.60250795
v -1.23183650 -26.43819526 34.52313319
v -1.20842759 -26.47728287 34.60546955
v -1.19631120 -26.49645507 34.52758864
v -1.08961808 -26.64130554 34.61922705
v -1.08961680 -26.64130740 34.53985229
v -1.06321205 -26.67188272 34.62206572
v -1.04746153 -26.68931335 34.54435244
v -0.91429841 -26.81662329 34.63704512
v -0.91429753 -26.81662515 34.55767035
v -0.88161608 -26.84323303 34.64014456
v -0.86267339 -26.85793675 34.56253558
v -0.71119942 -26.95883438 34.65542570
v -0.71119942 -26.95883438 34.57605094
v -0.67001628 -26.98170952 34.65892747
v -0.64866454 -26.99288167 34.58134457
v -0.48649203 -27.06361748 34.67380255
v -0.48649305 -27.06361748 34.59442407
v -0.43794478 -27.08030120 34.67755020
v -0.41520642 -27.08745003 34.59990770
v -0.24700284 -27.12778933 34.69162062
v -0.24700462 -27.12778933 34.61224586
v -0.19670591 -27.13573352 34.69515592
v -0.17368412 -27.13875659 34.61737931
v -0.00000424 -27.14939788 34.70833972
v -0.00000402 -27.14939788 34.62896869
v 0.04271660 -27.14875899 34.71111506
v 0.06545982 -27.14789286 34.63324159
v 0.24700229 -27.12778933 34.72505882
v 0.24700441 -27.12778933 34.64568779
v 0.28380859 -27.12079883 34.72769260
v 0.30687384 -27.11590193 34.64998677
v 0.48649256 -27.06361748 34.74288061
v 0.48649369 -27.06361748 34.66350585
v 0.52309077 -27.04972401 34.74575281
v 0.54540002 -27.04068273 34.66815501
v 0.71120058 -26.95883438 34.76125747
v 0.71120058 -26.95883438 34.68188271
v 0.74904354 -26.93619579 34.76453945
v 0.76950225 -26.92328021 34.68696028
v 0.91429910 -26.81662329 34.77963805
v 0.91429823 -26.81662329 34.70025957
v 0.95080631 -26.78491734 34.78316963
v 0.96847356 -26.76876821 34.70553085
v 1.08308089 -26.64903924 34.79674459
v 1.08961691 -26.64130740 34.71807763
v -0.21123886 -24.49442260 27.87848935
v -0.07725949 -26.82807297 35.07346660
v -0.00682489 -26.80567466 35.06495059
v -0.00000000 -26.87267959 35.10420397
v 0.03713567 -26.80505626 35.06871313
v 0.12953946 -26.79788880 35.07691994
v 1.20773958 -25.02971329 34.82456878
v 1.27886131 -25.15549958 34.81839597
v 1.15316815 -25.24318919 34.72944349
v 1.32043613 -25.24640597 34.81397033
v 1.21949136 -25.45003220 34.71193835
v 1.36401982 -25.36608092 34.80818495
v 1.39495474 -25.48103593 34.80267152
v 0.98940625 -24.76593852 34.83980894
v 1.01014483 -24.78579804 34.83847529
v 0.92597742 -24.88650195 34.76203233
v 1.15436292 -24.95169081 34.82858092
v 1.05568673 -25.05663037 34.74532440
v 0.76452544 -24.73736741 34.78017449
v 0.57712884 -24.61758815 34.79897603
v 0.82275283 -24.63265136 34.85001251
v 0.63436141 -24.52570945 34.86064821
v 0.37230406 -24.53315817 34.81756151
v 0.16003710 -24.48673360 34.83508155
v 0.41883395 -24.44655076 34.87193584
v 0.20625223 -24.40615930 34.88229588
v -0.01885737 -24.40048195 34.89249572
v -0.05029716 -24.47746322 34.85097364
v -0.22754655 -24.42987077 34.90221128
v -0.26245607 -24.50430207 34.86765921
v -0.25411398 -24.43614788 34.90351886
v -0.47242013 -24.56911840 34.88579020
v -0.67004998 -24.67110939 34.90459546
v -0.44662916 -24.50019121 34.91356596
v -0.62935776 -24.59520102 34.92413089
v -0.80627669 -24.72831123 34.93561223
v -0.84588106 -24.80593696 34.92318466
v -0.94808568 -24.87742156 34.94609892
v -0.99258416 -24.96631071 34.94072333
v -1.06725655 -25.05208552 34.95639190
v -1.10615278 -25.14365129 34.95662659
v -1.16124982 -25.25927685 34.96723995
v -1.15252519 -25.23490600 34.96596217
v -1.22849760 -25.63982643 34.98756140
v -1.20971515 -25.44545196 34.97710079
v -1.06034556 -25.52887611 34.88733992
v -1.06840348 -25.57834052 34.89219397
v -1.07867247 -25.71984939 34.90607813
v -1.21343986 -25.85264295 34.99921784
v -1.07784139 -25.76993406 34.91099179
v -1.06285943 -25.91116168 34.92484614
v -1.16750773 -26.04233287 35.00980511
v -1.05334038 -25.95950663 34.92958844
v -1.13128906 -26.13874711 35.01525521
v -1.01437431 -26.09391883 34.94277969
v -1.09090179 -26.22452006 35.02015024
v -0.99715078 -26.13843046 34.94714200
v -0.93752309 -26.26051195 34.95912254
v -0.98880485 -26.38801932 35.02973914
v -0.91395166 -26.29995532 34.96306390
v -0.97398739 -26.40749514 35.03098339
v -0.83387451 -26.41128004 34.97532755
v -0.85141911 -26.54186636 35.04062071
v -0.80306741 -26.44718625 34.97970477
v -0.70705794 -26.65693127 35.05093977
v -0.70183212 -26.54615603 34.99316424
v -0.66467992 -26.57658048 34.99781340
v -0.68662909 -26.67039260 35.05233303
v -0.52649243 -26.75651573 35.06281599
v -0.54561952 -26.65752918 35.01189873
v -0.50369668 -26.68087371 35.01660377
v -0.35216665 -26.81721188 35.07346660
v -0.37204020 -26.73950791 35.03067046
v -0.32739810 -26.75481141 35.03521532
v -0.27542989 -26.82679147 35.07346660
v -0.18952621 -26.78891644 35.04860401
v -0.14437619 -26.79599077 35.05278379
v -0.42264914 -24.55003932 27.89633721
v -0.62416284 -24.64335226 27.91505493
v -0.80600957 -24.77085218 27.93377824
v -0.96023350 -24.92586151 27.95164101
v -1.17219973 -25.29131807 27.98412554
v -1.08180731 -25.09965375 27.96790563
v -1.23014790 -25.50204098 28.00195850
v -1.25054212 -25.72315186 28.02067250
v -1.23149843 -25.94444342 28.03939767
v -0.96499332 -26.52239799 28.08976173
v -1.08539325 -26.34812146 28.07356231
v -1.17477763 -26.15568228 28.05727534
v -0.81183156 -26.67821012 28.10757980
v -0.63082017 -26.80678479 28.12628821
v -0.42982891 -26.90135874 28.14501897
v -0.21858973 -26.95829608 28.16291153
v -0.00718629 -26.97752789 28.17922086
v 0.20388831 -26.96081437 28.19539793
v 0.41545759 -26.90651827 28.21320109
v 0.61748188 -26.81446820 28.23190391
v 0.80015435 -26.68805420 28.25064026
v 0.95543446 -26.53385513 28.26854773
v 1.07818260 -26.36055648 28.28487568
v 1.16958295 -26.16965957 28.30103412
v 1.22875208 -25.95946193 28.31882425
v 1.25049485 -25.73854476 28.33752148
v 1.23280392 -25.51708370 28.35626155
v 1.17731630 -25.30534007 28.37418206
v 1.08894822 -25.11213161 28.39053422
v 0.96971379 -24.93736334 28.40667218
v 0.81762008 -24.78076145 28.42444554
v 0.63745352 -24.65111762 28.44313532
v 0.43699640 -24.55529012 28.46188284
v 0.22594052 -24.49703217 28.47981639
v 0.01438329 -24.47653376 28.49618904
v -0.19653850 -24.49199185 28.51231024
v -0.40825459 -24.54496920 28.53006683
v -0.61077770 -24.63575080 28.54875103
v -0.79426618 -24.76107515 28.56750228
v -0.95059624 -24.91445094 28.58545072
v -1.07451656 -25.08724667 28.60184386
v -1.16692763 -25.27738921 28.61794643
v -1.22731144 -25.48704855 28.63568999
v -1.25040009 -25.70776269 28.65436859
v -1.23406388 -25.92937835 28.67312357
v -1.17981562 -26.14161558 28.69108506
v -1.09247246 -26.33558400 28.70750055
v -0.97439473 -26.51085332 28.72358263
v -0.82337490 -26.66823566 28.74131128
v -0.64406247 -26.79893933 28.75998430
v -0.44415126 -26.89601667 28.77874300
v -0.23329082 -26.95559524 28.79672125
v -0.02159068 -26.97736211 28.81315537
v 0.18918981 -26.96315385 28.82922255
v 0.40104066 -26.91149898 28.84693444
v 0.60405064 -26.82198584 28.86560000
v 0.78834535 -26.69776417 28.88436429
v 0.94571913 -26.54522099 28.90235372
v 1.07080932 -26.37293935 28.91881205
v 1.16423389 -26.18354186 28.93486060
v 1.22582610 -25.97442828 28.95255573
v 1.25025795 -25.75393394 28.97121757
v 1.23527844 -25.53217299 28.98998372
v 1.18227536 -25.31945147 29.00798805
v 1.09596562 -25.12472868 29.02446687
v 0.97903598 -24.94895272 29.04049866
v 0.82909554 -24.79079925 29.05818075
v 0.65064669 -24.65904504 29.07683328
v 0.45129299 -24.56072159 29.09560502
v 0.24064023 -24.49982241 29.11362052
v 0.02880811 -24.47678335 29.13012169
v -0.18184265 -24.48974364 29.14613672
v -0.39381618 -24.54007976 29.16380391
v -0.59730111 -24.62831885 29.18245085
v -0.78239222 -24.75143224 29.20122445
v -0.94080321 -24.90313165 29.21925299
v -1.06706086 -25.07488616 29.23577651
v -1.16150209 -25.26355349 29.25177664
v -1.22429605 -25.47210827 29.26942706
v -1.25006854 -25.69237351 29.28806655
v -1.23644737 -25.91426671 29.30684388
v -1.18469505 -26.12745948 29.32488732
v -1.09942746 -26.32292733 29.34143133
v -0.98363752 -26.49922296 29.35741469
v -0.83478203 -26.65813267 29.37505022
v -0.65720576 -26.79093182 29.39368226
v -0.45842121 -26.89049579 29.41246517
v -0.24798833 -26.95271373 29.43052165
v -0.03603525 -26.97702870 29.44708429
v 0.17449741 -26.96531452 29.46305461
v 0.38658158 -26.91629529 29.48067337
v 0.59052953 -26.82933584 29.49929982
v 0.77640696 -26.70733817 29.51808460
v 0.93584857 -26.55649185 29.53615412
v 1.06327131 -26.38527378 29.55273911
v 1.15873257 -26.19732916 29.56869267
v 1.22272165 -25.98934062 29.58629653
v 1.24983187 -25.76931752 29.60491553
v 1.23757042 -25.54730698 29.62370403
v 1.18707470 -25.33365041 29.64178659
v 1.10285752 -25.13744496 29.65839021
v 0.98819926 -24.96062405 29.67433445
v 0.84043393 -24.80096556 29.69191968
v 0.66373940 -24.66713265 29.71053310
v 0.46553553 -24.56633374 29.72932346
v 0.25533474 -24.50279705 29.74741906
v 0.04327175 -24.47720058 29.76404317
v -0.16715450 -24.48767424 29.77997251
v -0.37933726 -24.53537285 29.79754284
v -0.58373623 -24.62105080 29.81614880
v -0.77038992 -24.74192902 29.83494289
v -0.93085552 -24.89190735 29.85304967
v -1.05944055 -25.06257780 29.86969799
v -1.15592557 -25.24981461 29.88561243
v -1.22110290 -25.45722574 29.90316600
v -1.24954781 -25.67699365 29.92176451
v -1.23864762 -25.89911222 29.94056232
v -1.18941383 -26.11321956 29.95868213
v -1.10625557 -26.31015517 29.97534908
v -0.99272083 -26.48751065 29.99125235
v -0.84605109 -26.64790675 30.00879101
v -0.67024713 -26.78276412 30.02738208
v -0.47263547 -26.88479424 30.04618175
v -0.26267901 -26.94964968 30.06431460
v -0.05051726 -26.97652765 30.08100204
v 0.15981430 -26.96729451 30.09689413
v 0.37208368 -26.92091092 30.11441417
v 0.57692168 -26.83651820 30.13299778
v 0.76434144 -26.71677433 30.15180118
v 0.92582410 -26.56766586 30.16994707
v 1.05556857 -26.39755607 30.18665314
v 1.15308131 -26.21101774 30.20253591
v 1.21944025 -26.00419335 30.22003733
v 1.24921661 -25.78468993 30.23861535
v 1.23967882 -25.56248009 30.25741875
v 1.19171222 -25.34793131 30.27557768
v 1.10962125 -25.15027486 30.29230423
v 0.99720247 -24.97237548 30.30817583
v 0.85163320 -24.81125295 30.32566234
v 0.67672873 -24.67537858 30.34423105
v 0.47972062 -24.57212470 30.36303818
v 0.27002074 -24.50595237 30.38120829
v 0.05777143 -24.47778732 30.39795719
v -0.15247721 -24.48578179 30.41381575
v -0.36482129 -24.53085035 30.43128736
v -0.57008618 -24.61395413 30.44984862
v -0.75826165 -24.73255992 30.46865761
v -0.92075451 -24.88078363 30.48683889
v -1.05165550 -25.05032346 30.50360642
v -1.15020014 -25.23617446 30.51945940
v -1.21773360 -25.44240281 30.53691052
v -1.24883815 -25.66162497 30.55546433
v -1.24066381 -25.88391863 30.57427704
v -1.19396986 -26.09889582 30.59246950
v -1.11295423 -26.29726566 30.60925938
v -1.00164383 -26.47571824 30.62510118
v -0.85717998 -26.63755603 30.64253554
v -0.68318372 -26.77443996 30.66108190
v -0.48679058 -26.87891386 30.67989461
v -0.27735950 -26.94640309 30.69810197
v -0.06503392 -26.97585523 30.71490861
v 0.14514360 -26.96909569 30.73074296
v 0.35755045 -26.92534402 30.74816056
v 0.56323019 -26.84353106 30.76669760
v 0.75215107 -26.72606893 30.78551404
v 0.91564696 -26.57873929 30.80373257
v 1.04770134 -26.40978247 30.82055785
v 1.14728231 -26.22460760 30.83638661
v 1.21598318 -26.01898462 30.85378557
v 1.24841253 -25.80005303 30.87231517
v 1.24160259 -25.57769045 30.89113161
v 1.19618617 -25.36229603 30.90936132
v 1.11625425 -25.16322024 30.92621081
v 1.00604491 -24.98420514 30.94202839
v 0.86269132 -24.82166328 30.95941246
v 0.68961183 -24.68378097 30.97793274
v 0.49384491 -24.57809262 30.99675104
v 0.28469492 -24.50929023 31.01499192
v 0.07230437 -24.47854355 31.03185818
v -0.13781388 -24.48406816 31.04767017
v -0.35027161 -24.52650853 31.06503747
v -0.55635406 -24.60702695 31.08354844
v -0.74600987 -24.72333610 31.10236861
v -0.91050164 -24.86976236 31.12062253
v -1.04370620 -25.03812499 31.13750927
v -1.14432815 -25.22263490 31.15331195
v -1.21418934 -25.42764321 31.17066249
v -1.24793977 -25.64627305 31.18916601
v -1.24249503 -25.86869150 31.20798804
v -1.19836128 -26.08449198 31.22625127
v -1.11952098 -26.28426440 31.24315850
v -1.01040571 -26.46385133 31.25895560
v -0.86816691 -26.62708797 31.27628937
v -0.69601263 -26.76595934 31.29478171
v -0.50088327 -26.87285654 31.31360561
v -0.29202653 -26.94297396 31.33188188
v -0.07958241 -26.97501332 31.34880587
v 0.13048842 -26.97072178 31.36459738
v 0.34298521 -26.92959458 31.38191253
v 0.54945826 -26.85037255 31.40039742
v 0.73983846 -26.73522010 31.41922504
v 0.90531865 -26.58971027 31.43750876
v 1.03967008 -26.42195113 31.45445511
v 1.14133791 -26.23809502 31.47024289
v 1.21235207 -26.03371255 31.48753941
v 1.24741986 -25.81539750 31.50601685
v 1.24334102 -25.59293434 31.52484447
v 1.20049459 -25.37673898 31.54313937
v 1.12275407 -25.17627925 31.56010434
v 1.01472589 -24.99610931 31.57588840
v 0.87360648 -24.83219095 31.59316629
v 0.70238585 -24.69233796 31.61163256
v 0.50790515 -24.58423935 31.63046017
v 0.29935394 -24.51281063 31.64876997
v 0.08686769 -24.47947301 31.66575357
v -0.12316760 -24.48253147 31.68153018
v -0.33569167 -24.52234924 31.69879317
v -0.54254313 -24.60027114 31.71725199
v -0.73363713 -24.71425757 31.73607960
v -0.90009830 -24.85884540 31.75439686
v -1.03559298 -25.02598800 31.77139908
v -1.13831193 -25.20919964 31.78717569
v -1.21047173 -25.41294880 31.80442005
v -1.24685303 -25.63093789 31.82286769
v -1.24414044 -25.85343271 31.84169903
v -1.20258622 -26.07001178 31.86002374
v -1.12595328 -26.27115138 31.87704831
v -1.01900555 -26.45191178 31.89282119
v -0.87900989 -26.61650069 31.91004694
v -0.70873112 -26.75732598 31.92848340
v -0.51491015 -26.86662227 31.94731474
v -0.30667672 -26.93936042 31.96565434
v -0.09415983 -26.97399817 31.98269755
v 0.11585181 -26.97217092 31.99846670
v 0.32839138 -26.93366073 32.01567009
v 0.53560908 -26.85704082 32.03410283
v 0.72740618 -26.74422786 32.05293417
v 0.89484063 -26.60057321 32.07128122
v 1.03147503 -26.43405646 32.08834305
v 1.13525055 -26.25147812 32.10411221
v 1.20854855 -26.04837343 32.12130070
v 1.24623929 -25.83072148 32.13972226
v 1.24489330 -25.60820989 32.15854988
v 1.20463572 -25.39125644 32.17691183
v 1.12911803 -25.18944815 32.19398856
v 1.02324469 -25.00808425 32.20975399
v 0.88437693 -24.84283410 32.22692385
v 0.71504811 -24.70104769 32.24533796
v 0.52189786 -24.59056117 32.26416931
v 0.31399447 -24.51651357 32.28253871
v 0.10145849 -24.48057383 32.29963779
v -0.10854143 -24.48117174 32.31540322
v -0.32108481 -24.51837435 32.33255446
v -0.52865659 -24.59369041 32.35095367
v -0.72114595 -24.70532618 32.36978501
v -0.88954601 -24.84803647 32.38816932
v -1.02731620 -25.01391433 32.40528330
v -1.13215402 -25.19587055 32.42104873
v -1.20658253 -25.39832145 32.43818134
v -1.24557852 -25.61562508 32.45656937
v -1.24559936 -25.83814412 32.47540444
v -1.20664283 -26.05545707 32.49379247
v -1.13224855 -26.25792660 32.51092881
v -1.02744298 -26.43990330 32.52669424
v -0.88970730 -26.60580166 32.54380822
v -0.72133640 -26.74853988 32.56218880
v -0.52886794 -26.86021104 32.58102015
v -0.32130672 -26.93556622 32.59942308
v -0.10876328 -26.97281167 32.61657432
v 0.10123682 -26.97344311 32.63233975
v 0.31377238 -26.93754435 32.64943510
v 0.52168599 -26.86353400 32.66780823
v 0.71485672 -26.75308473 32.68663958
v 0.88421453 -26.61132812 32.70504624
v 1.02311652 -26.44609846 32.72221982
v 1.12902257 -26.26475319 32.73798898
v 1.20457401 -26.06296353 32.75506571
v 1.24487106 -25.84602311 32.77342767
v 1.24625862 -25.62350966 32.79225528
v 1.20860757 -25.40584840 32.81067684
v 1.13534403 -25.20272508 32.82786533
v 1.03160064 -25.02012625 32.84363449
v 0.89500082 -24.85359088 32.86069259
v 0.72759576 -24.70990829 32.87904337
v 0.53581991 -24.59705807 32.89787471
v 0.32861313 -24.52039905 32.91630000
v 0.11607385 -24.48184974 32.93351084
v -0.09393835 -24.47998337 32.94927999
v -0.30645449 -24.51458201 32.96631947
v -0.51469775 -24.58728291 32.98466280
v -0.70853892 -24.69654195 33.00349042
v -0.87884639 -24.83733743 33.02193061
v -1.01887621 -25.00190586 33.03915635
v -1.12585665 -25.18264949 33.05492923
v -1.20252336 -25.38376860 33.07195008
v -1.24411692 -25.60033649 33.09027851
v -1.24687096 -25.82282946 33.10910612
v -1.21052947 -26.04082972 33.12755749
v -1.13840436 -26.24459565 33.14480186
v -1.03571732 -26.42782778 33.16057473
v -0.90025732 -26.59499086 33.17757696
v -0.73382584 -26.73960477 33.19589794
v -0.54275332 -26.85362659 33.21472555
v -0.33591318 -26.93158761 33.23318064
v -0.12338979 -26.97144635 33.25044736
v 0.08664640 -26.97454207 33.26622397
v 0.29913156 -26.94124542 33.28320757
v 0.50769222 -26.86985582 33.30151364
v 0.70219277 -26.76179260 33.32034126
v 0.87344187 -26.62196942 33.33881125
v 1.01459539 -26.45807154 33.35608914
v 1.12265639 -26.27792023 33.37187320
v 1.20043044 -26.07748099 33.38883445
v 1.24331599 -25.86129680 33.40712935
v 1.24743639 -25.63883550 33.42595696
v 1.21240853 -25.42050928 33.44443440
v 1.14142930 -25.21610819 33.46173465
v 1.03979325 -25.03223345 33.47751871
v 0.90547657 -24.86445569 33.49446505
v 0.74002630 -24.71891604 33.51274878
v 0.54966786 -24.60373007 33.53157267
v 0.34320654 -24.52446893 33.55006129
v 0.13071076 -24.48330261 33.56738016
v -0.07936134 -24.47897196 33.58317167
v -0.29180400 -24.51097406 33.60009566
v -0.50066982 -24.58105050 33.61836448
v -0.69581874 -24.68791045 33.63719210
v -0.86800120 -24.82675388 33.65568444
v -1.01027382 -24.98996817 33.67301822
v -1.11942226 -25.16953833 33.68882090
v -1.19829585 -25.36928840 33.70572254
v -1.24246860 -25.58507770 33.72398764
v -1.24795479 -25.80749430 33.74280781
v -1.21424440 -26.02613345 33.76131505
v -1.14441838 -26.23116039 33.77866372
v -1.04382809 -26.41568892 33.79446641
v -0.91065845 -26.58407204 33.81135687
v -0.74619672 -26.73052438 33.82960334
v -0.55656309 -26.84686892 33.84842724
v -0.35049272 -26.92742646 33.86693820
v -0.13803635 -26.96990594 33.88430923
v 0.07208352 -26.97546966 33.90011936
v 0.28447228 -26.94476210 33.91698375
v 0.49363100 -26.87599882 33.93522277
v 0.68941707 -26.77034773 33.95404294
v 0.86252455 -26.63249522 33.97256508
v 1.00591197 -26.46997571 33.98994729
v 1.11615460 -26.29097737 34.00576860
v 1.19611959 -26.09192207 34.02261436
v 1.24157476 -25.87654069 34.04083848
v 1.24842615 -25.65417998 34.05965865
v 1.21603697 -25.43523908 34.07818824
v 1.14737148 -25.22959746 34.09559280
v 1.04782206 -25.04440024 34.11141783
v 0.91580261 -24.87542666 34.12824124
v 0.75233704 -24.72807094 34.14646164
v 0.56343863 -24.61057343 34.16527435
v 0.35777126 -24.52872135 34.18381512
v 0.14536620 -24.48492870 34.20123458
v -0.06481331 -24.47813191 34.21706706
v -0.27713674 -24.50754680 34.23387557
v -0.48657617 -24.57499504 34.25207734
v -0.68298815 -24.67943169 34.27089378
v -0.85701211 -24.81628582 34.28944200
v -1.00150960 -24.97810125 34.30687636
v -1.11285353 -25.15653893 34.32272002
v -1.19390187 -25.35488643 34.33950245
v -1.24063459 -25.56984872 34.35769677
v -1.24885037 -25.79214051 34.37650949
v -1.21778599 -26.01137199 34.39506143
v -1.15028815 -26.21761896 34.41251814
v -1.05177495 -26.40349045 34.42837298
v -0.92090899 -26.57304704 34.44513679
v -0.75844669 -26.72129869 34.46331620
v -0.57029398 -26.83993988 34.48212892
v -0.36504189 -26.92308277 34.50068831
v -0.15269991 -26.96819045 34.51815620
v 0.05755107 -26.97622404 34.53401849
v 0.26979789 -26.94809809 34.55076739
v 0.47950575 -26.88196488 34.56893563
v 0.67653233 -26.77874826 34.58774090
v 0.85146422 -26.64290369 34.60631147
v 0.99706696 -26.48180351 34.62380171
v 1.10951951 -26.30392089 34.63967144
v 1.19164307 -26.10628493 34.65639800
v 1.23964821 -25.89175105 34.67455134
v 1.24922732 -25.66954121 34.69336033
v -0.00000000 -24.64830317 27.76302956
v -0.00000000 -24.47645180 27.86224708
v -0.18221015 -24.66380410 27.77926996
v -0.36456817 -24.71177839 27.79711969
v -0.53838961 -24.79226887 27.81583555
v -0.69524668 -24.90224689 27.83455886
v -0.82827697 -25.03595501 27.85242163
v -0.93314395 -25.18586442 27.86868624
v -1.01111457 -25.35119094 27.88490616
v -1.01194181 -25.35342425 27.88512595
v -1.06109935 -25.53295530 27.90274099
v -1.07869110 -25.72368085 27.92145312
v -1.06226443 -25.91456287 27.94018015
v -1.01333810 -26.09677240 27.95805782
v -0.93623716 -26.26276575 27.97434479
v -0.83238271 -26.41309425 27.99054421
v -0.82956307 -26.41649917 27.99095027
v -0.70026860 -26.54749341 28.00836228
v -0.54413208 -26.65839903 28.02706882
v -0.37076126 -26.73997730 28.04580145
v -0.18855084 -26.78908966 28.06369402
v -0.00619874 -26.80568025 28.07999961
v -0.00029650 -26.80569701 28.08050439
v 0.17586972 -26.79126337 28.09618041
v 0.35836484 -26.74442902 28.11398357
v 0.53262676 -26.66502632 28.13268453
v 0.69019612 -26.55598335 28.15142274
v 0.82413742 -26.42297558 28.16932835
v 0.93001733 -26.27349086 28.18565816
v 1.00885739 -26.10882744 28.20181660
v 1.05989550 -25.92751756 28.21960486
v 1.07865024 -25.73695779 28.23830023
v 1.06339040 -25.54593049 28.25704403
v 1.01552799 -25.36328509 28.27496268
v 0.93930360 -25.19662865 28.29131484
v 0.83645445 -25.04587732 28.30745280
v 0.70526166 -24.91079457 28.32522802
v 0.54985384 -24.79896694 28.34391780
v 0.37694379 -24.71630834 28.36266533
v 0.19489149 -24.66605604 28.38059887
v 0.01240672 -24.64837581 28.39697152
v -0.16952993 -24.66170862 28.41308899
v -0.52684383 -24.78571236 28.44953351
v -0.36463051 -24.71180074 28.43212523
v -0.35215175 -24.70740490 28.43084931
v -0.53875172 -24.79247749 28.45087834
v -0.81996410 -25.02611093 28.48623320
v -0.69582998 -24.90273863 28.46963331
v -0.68511709 -24.89381284 28.46828476
v -0.82897220 -25.03678948 28.48752216
v -1.00656692 -25.33917502 28.51872891
v -0.93383214 -25.18705279 28.50380354
v -0.92685514 -25.17516166 28.50262634
v -1.01172831 -25.35284683 28.52007002
v -1.07856852 -25.71040392 28.55515108
v -1.06148515 -25.53507686 28.53794768
v -1.05865276 -25.52002296 28.53647061
v -1.07869587 -25.72620474 28.55669893
v -1.01768388 -26.08463727 28.59186754
v -1.06176443 -25.91737173 28.57545577
v -1.06447726 -25.90156719 28.57390605
v -1.01226137 -26.09970979 28.59334648
v -0.84049214 -26.40313469 28.62436511
v -0.93457341 -26.26566403 28.60962786
v -0.94234350 -26.25195123 28.60828117
v -0.82995655 -26.41602606 28.62589248
v -0.55555458 -26.65163204 28.66076678
v -0.69703371 -26.55024268 28.64377201
v -0.71022561 -26.53888986 28.64209376
v -0.54012763 -26.66072734 28.66252325
v -0.20123170 -26.78675950 28.69750001
v -0.36611364 -26.74166486 28.68128009
v -0.38311540 -26.73536912 28.67952548
v -0.18345605 -26.78998187 28.69916894
v 0.16319110 -26.79328248 28.73000316
v -0.00088956 -26.80569515 28.71545218
v -0.01862366 -26.80553496 28.71393785
v 0.18163503 -26.79029480 28.73171680
v 0.52104122 -26.67151205 28.76638249
v 0.36433383 -26.74230561 28.74959446
v 0.34592915 -26.74872242 28.74771692
v 0.53847639 -26.66168101 28.76834758
v 0.81575720 -26.43278055 28.80313434
v 0.69558900 -26.55146457 28.78710255
v 0.68000995 -26.56435966 28.78514677
v 0.82877511 -26.41744725 28.80499326
v 1.00424339 -26.12080239 28.83564122
v 0.93368371 -26.26720443 28.82127836
v 0.92365732 -26.28417313 28.81959267
v 1.01162156 -26.10144205 28.83754112
v 1.07844593 -25.75023286 28.87199819
v 1.06142904 -25.91923438 28.85541692
v 1.05737150 -25.94042569 28.85333821
v 1.07869564 -25.72811209 28.87416817
v 1.01980555 -25.37545748 28.90877053
v 1.06182008 -25.53693764 28.89292501
v 1.06552499 -25.55894665 28.89076620
v 1.01236778 -25.35457909 28.91081758
v 0.84449560 -25.05587228 28.94128114
v 0.93472144 -25.18859319 28.92710268
v 0.94535662 -25.20749345 28.92524749
v 0.83015318 -25.03821068 28.94336544
v 0.56123396 -24.80580471 28.97761576
v 0.69727423 -24.90396053 28.96124125
v 0.71516022 -24.91945401 28.95896137
v 0.54040266 -24.79343116 28.97999249
v 0.20757114 -24.66846257 29.01440300
v 0.36641018 -24.71244149 28.99874933
v 0.38927572 -24.72099289 28.99638750
v 0.18375958 -24.66407046 29.01664190
v -0.15685360 -24.65976961 29.04691920
v 0.00118612 -24.64830503 29.03292887
v 0.02484927 -24.64859001 29.03090231
v -0.18133153 -24.66365509 29.04918790
v -0.51521923 -24.77930114 29.08323146
v -0.36403709 -24.71158840 29.06706370
v -0.33969746 -24.70318787 29.06458452
v -0.53820101 -24.79216084 29.08581495
v -0.81151683 -25.01634881 29.12003547
v -0.69534802 -24.90233257 29.10457179
v -0.67487487 -24.88549612 29.10200693
v -0.82857790 -25.03631637 29.12246436
v -1.00188714 -25.32724105 29.15255725
v -0.93353511 -25.18653870 29.13875133
v -0.92042401 -25.16450174 29.13655713
v -1.01151457 -25.35226941 29.15501222
v -1.07828260 -25.69713071 29.18884903
v -1.06137281 -25.53445660 29.17288803
v -1.05605181 -25.50713532 29.17020582
v -1.07869518 -25.72556958 29.19163741
v -1.02189276 -26.07242763 29.22566980
v -1.06187549 -25.91675147 29.21039611
v -1.06653315 -25.88853240 29.20762636
v -1.01247407 -26.09913051 29.22828868
v -0.84846484 -26.39310248 29.25819531
v -0.93486946 -26.26514994 29.24457751
v -0.94834267 -26.24103427 29.24221195
v -0.83034975 -26.41555294 29.26083654
v -0.56689169 -26.64472535 29.29446474
v -0.69751474 -26.54983662 29.27871048
v -0.72006520 -26.53017640 29.27582897
v -0.54067769 -26.66040882 29.29745987
v -0.21390947 -26.78427473 29.33130227
v -0.36670672 -26.74145065 29.31621857
v -0.39542440 -26.73060633 29.31324579
v -0.18406306 -26.78987570 29.33411300
v 0.15051776 -26.79514326 29.36383523
v -0.00148270 -26.80569515 29.35040370
v -0.03108324 -26.80524811 29.34786677
v 0.18102802 -26.79039724 29.36666086
v 0.50937821 -26.67785250 29.40008044
v 0.36374034 -26.74251795 29.38453481
v 0.33345705 -26.75286122 29.38145213
v 0.53792557 -26.66199766 29.40328419
v 0.80724305 -26.44250356 29.43693474
v 0.69510692 -26.55187063 29.42204103
v 0.66971208 -26.57261863 29.41886708
v 0.82838064 -26.41792037 29.43993732
v 0.99949806 -26.13269538 29.46947515
v 0.93338650 -26.26771666 29.45622616
v 0.91715518 -26.29481256 29.45351787
v 1.01140758 -26.10201947 29.47248518
v 1.07807841 -25.76350234 29.50569801
v 1.06131646 -25.91985464 29.49035726
v 1.05469371 -25.95328912 29.48707528
v 1.07869471 -25.72874725 29.50910851
v 1.02394528 -25.38770437 29.54256721
v 1.06193102 -25.53755790 29.52786535
v 1.06750196 -25.57200007 29.52448651
v 1.01258024 -25.35515837 29.54576164
v 0.85239962 -25.06593987 29.57511321
v 0.93501736 -25.18910728 29.56205234
v 0.95130142 -25.21846257 29.55917083
v 0.83054625 -25.03868379 29.57830764
v 0.57252747 -24.81278032 29.61131372
v 0.69775514 -24.90436845 29.59617972
v 0.72494044 -24.92822148 29.59270030
v 0.54095261 -24.79374968 29.61492911
v 0.22024629 -24.67102744 29.64819968
v 0.36700323 -24.71265569 29.63368781
v 0.40156103 -24.72583391 29.63010594
v 0.18436657 -24.66417663 29.65158410
v -0.14418391 -24.65798333 29.68075313
v 0.00177931 -24.64830503 29.66787666
v 0.03732529 -24.64894950 29.66482565
v -0.18072453 -24.66355078 29.68413197
v -0.50351844 -24.77303147 29.71693128
v -0.36344360 -24.71137419 29.70200405
v -0.32720825 -24.69912916 29.69832346
v -0.53765014 -24.79184419 29.72075343
v -0.80293615 -25.00666678 29.75383215
v -0.69486577 -24.90192652 29.73951213
v -0.66452194 -24.87729676 29.73572537
v -0.82818331 -25.03584325 29.75740843
v -0.99707674 -25.31538904 29.78639491
v -0.93323778 -25.18602647 29.77370284
v -0.91385085 -25.15388466 29.77047674
v -1.01130048 -25.35169199 29.78995442
v -1.07783335 -25.68386495 29.82254513
v -1.06126000 -25.53383633 29.80782650
v -1.05329743 -25.49429610 29.80394661
v -1.07869424 -25.72493441 29.82657589
v -1.02596299 -26.06014535 29.85946462
v -1.06198632 -25.91613121 29.84533459
v -1.06843107 -25.87546036 29.84134480
v -1.01268641 -26.09855309 29.86323088
v -0.85629988 -26.38299949 29.89203483
v -0.93516527 -26.26463585 29.87952530
v -0.95423247 -26.23001672 29.87613156
v -0.83074265 -26.41507797 29.89578061
v -0.57814096 -26.63768083 29.92816269
v -0.69799548 -26.54942870 29.91365083
v -0.72978565 -26.52135491 29.90956977
v -0.54122752 -26.66009031 29.93240021
v -0.22658132 -26.78163163 29.96509522
v -0.36729971 -26.74123645 29.95115705
v -0.40768529 -26.72568895 29.94696423
v -0.18467008 -26.78977139 29.96905707
v 0.13785242 -26.79685131 29.99767475
v -0.00207594 -26.80569328 29.98535149
v -0.04357511 -26.80481598 29.98178266
v 0.18042103 -26.79050155 30.00160493
v 0.49764034 -26.68404765 30.03377840
v 0.36314680 -26.74273029 30.01947142
v 0.32095148 -26.75684169 30.01519665
v 0.53737464 -26.66231431 30.03822081
v 0.79859619 -26.45214088 30.07072583
v 0.69462461 -26.55227669 30.05697951
v 0.65930461 -26.58075839 30.05258180
v 0.82798593 -26.41839348 30.07488139
v 0.99462341 -26.14450455 30.10331467
v 0.93308900 -26.26823075 30.09117767
v 0.91051095 -26.30540729 30.08743562
v 1.01119338 -26.10259689 30.10742739
v 1.07754767 -25.77676438 30.13939597
v 1.06120366 -25.92047490 30.12529574
v 1.05186319 -25.96610039 30.12081981
v 1.07869355 -25.72938241 30.14404513
v 1.02794566 -25.40002391 30.17635830
v 1.06204150 -25.53818002 30.16280383
v 1.06932060 -25.58508888 30.15820123
v 1.01279246 -25.35573579 30.18070385
v 0.86016563 -25.07607639 30.20895831
v 0.93531306 -25.18962137 30.19700199
v 0.95713563 -25.22953041 30.19308671
v 0.83093898 -25.03915876 30.21325171
v 0.58373180 -24.81989376 30.24501167
v 0.69823576 -24.90477636 30.23112006
v 0.73460065 -24.93709698 30.22644483
v 0.54150238 -24.79406819 30.24986759
v 0.23291414 -24.67374876 30.28199077
v 0.36759619 -24.71286990 30.26862629
v 0.41379681 -24.73082766 30.26382066
v 0.18497359 -24.66428094 30.28652817
v -0.13152360 -24.65635166 30.31459823
v 0.00237259 -24.64830689 30.30282632
v 0.04983241 -24.64945614 30.29873781
v -0.18011752 -24.66344833 30.31907603
v -0.49174420 -24.76690896 30.35062924
v -0.36285000 -24.71116185 30.33694252
v -0.31468709 -24.69522692 30.33206984
v -0.53709908 -24.79152754 30.35569005
v -0.79422328 -24.99707229 30.38762137
v -0.69438334 -24.90152046 30.37445061
v -0.65406034 -24.86921847 30.36944009
v -0.82778843 -25.03537014 30.39235063
v -0.99213817 -25.30362457 30.42024001
v -0.93294011 -25.18551238 30.40865064
v -0.90713566 -25.14331229 30.40438890
v -1.01108616 -25.35111457 30.42490035
v -1.07722124 -25.67060851 30.45624495
v -1.06114696 -25.53321607 30.44276685
v -1.05039112 -25.48151277 30.43769300
v -1.07869273 -25.72429925 30.46151437
v -1.02989294 -26.04779042 30.49325198
v -1.06209668 -25.91551095 30.48027493
v -1.07017020 -25.86235479 30.47505766
v -1.01289852 -26.09797195 30.49817495
v -0.86399668 -26.37282945 30.52588180
v -0.93546079 -26.26411989 30.51447682
v -0.96001063 -26.21889859 30.51004000
v -0.83113520 -26.41460486 30.53072281
v -0.58929977 -26.63050033 30.56186251
v -0.69847598 -26.54902078 30.54858930
v -0.73938526 -26.51242726 30.54331802
v -0.54177718 -26.65977180 30.56733683
v -0.23924441 -26.77883022 30.59888259
v -0.36789262 -26.74102224 30.58609553
v -0.41989519 -26.72061697 30.58067709
v -0.18527709 -26.78966522 30.60399927
v 0.12519778 -26.79840662 30.63152358
v -0.00266926 -26.80569328 30.62030114
v -0.05609688 -26.80423670 30.61569110
v 0.17981403 -26.79060400 30.63654713
v 0.48583036 -26.69009566 30.66747822
v 0.36255317 -26.74294263 30.65441363
v 0.30841542 -26.76066570 30.64894304
v 0.53682347 -26.66263096 30.67315929
v 0.78981760 -26.46169253 30.70451319
v 0.69414196 -26.55268274 30.69191985
v 0.64878952 -26.58877522 30.68629652
v 0.82759088 -26.41886659 30.70982359
v 0.98962127 -26.15622804 30.73716536
v 0.93279115 -26.26874298 30.72612546
v 0.90372493 -26.31595358 30.72134033
v 1.01097883 -26.10317431 30.74237145
v 1.07685407 -25.79001337 30.77309579
v 1.06109027 -25.92109516 30.76023422
v 1.04888121 -25.97885951 30.75456806
v 1.07869192 -25.73001944 30.77898175
v 1.03180483 -25.41241422 30.81014194
v 1.06215174 -25.53880028 30.79774231
v 1.07097998 -25.59820935 30.79191409
v 1.01300445 -25.35631508 30.81564792
v 0.86779299 -25.08628182 30.84280714
v 0.93560852 -25.19013733 30.83195165
v 0.96285710 -25.24069697 30.82698956
v 0.83133136 -25.03963187 30.84819391
v 0.59484452 -24.82714131 30.87871335
v 0.69871615 -24.90518428 30.86605854
v 0.74413919 -24.94607680 30.86019307
v 0.54205192 -24.79438856 30.88480607
v 0.24557178 -24.67662841 30.91577254
v 0.36818904 -24.71308596 30.90356663
v 0.42598014 -24.73597787 30.89753352
v 0.18558060 -24.66438711 30.92147037
v -0.11887532 -24.65487458 30.94845265
v 0.00296595 -24.64830689 30.93777597
v 0.06236821 -24.65010807 30.93264066
v -0.17951053 -24.66334589 30.95402010
v -0.47989917 -24.76093546 30.98432906
v -0.36225631 -24.71095137 30.97188100
v -0.30213685 -24.69148114 30.96581809
v -0.53654780 -24.79121089 30.99062666
v -0.78537932 -24.98756535 31.02140315
v -0.69390057 -24.90111440 31.00938909
v -0.64349227 -24.86126125 31.00315109
v -0.82739315 -25.03489703 31.02729470
v -0.98707306 -25.29194579 31.05409443
v -0.93264208 -25.18500015 31.04360029
v -0.90027880 -25.13279207 31.03828989
v -1.01087149 -25.35053715 31.05984256
v -1.07644626 -25.65736510 31.08994663
v -1.06103357 -25.53259581 31.07770532
v -1.04733382 -25.46878159 31.07144311
v -1.07869098 -25.72366409 31.09645098
v -1.03368086 -26.03536472 31.12703376
v -1.06220669 -25.91488883 31.11521341
v -1.07174984 -25.84921941 31.10877052
v -1.01311028 -26.09739639 31.13311902
v -0.87155442 -26.36259235 31.15973622
v -0.93575614 -26.26360580 31.14942461
v -0.96567493 -26.20768361 31.14393912
v -0.83152746 -26.41412988 31.16566688
v -0.60036569 -26.62318386 31.19556233
v -0.69895625 -26.54861100 31.18352965
v -0.74886228 -26.50339529 31.17706813
v -0.54232666 -26.65945143 31.20227344
v -0.25189586 -26.77587233 31.23266250
v -0.36848543 -26.74080618 31.22103587
v -0.43205125 -26.71539038 31.21438809
v -0.18588411 -26.78955905 31.23894334
v 0.11255653 -26.79980733 31.26538172
v -0.00326266 -26.80569142 31.25525266
v -0.06864609 -26.80351026 31.24958836
v 0.17920704 -26.79070644 31.27149120
v 0.47395099 -26.69599652 31.30117804
v 0.36195942 -26.74315497 31.28935024
v 0.29585173 -26.76433139 31.28269687
v 0.53627213 -26.66294761 31.30809590
v 0.78090862 -26.47115476 31.33828938
v 0.69365912 -26.55308880 31.32686019
v 0.63816895 -26.59666911 31.32000566
v 0.82719547 -26.41933970 31.34476766
v 0.98449388 -26.16786025 31.37102351
v 0.93249296 -26.26925707 31.36107698
v 0.89679728 -26.32644959 31.35523945
v 1.01076404 -26.10375173 31.37731180
v 1.07599783 -25.80324933 31.40679747
v 1.06097676 -25.92171542 31.39517456
v 1.04574917 -25.99156462 31.38832003
v 1.07868994 -25.73065460 31.41392022
v 1.03552116 -25.42487159 31.44391999
v 1.06226164 -25.53942055 31.43268079
v 1.07247953 -25.61135776 31.42562509
v 1.01321598 -25.35689436 31.45059198
v 0.87528100 -25.09654872 31.47666901
v 0.93590369 -25.19065142 31.46690130
v 0.96846378 -25.25196038 31.46088496
v 0.83172350 -25.04010685 31.48313984
v 0.60586311 -24.83452298 31.51241317
v 0.69919624 -24.90559220 31.50099888
v 0.75355440 -24.95515719 31.49394691
v 0.54260134 -24.79470707 31.51974455
v 0.25821634 -24.67966452 31.54955059
v 0.36878180 -24.71330203 31.53850511
v 0.43810817 -24.74127896 31.53124079
v 0.18618762 -24.66449328 31.55641258
v -0.10624176 -24.65354837 31.58231452
v 0.00355940 -24.64831062 31.57272562
v 0.07493022 -24.65090901 31.56653419
v -0.17890355 -24.66324344 31.58896416
v -0.46798616 -24.75510724 31.61802888
v -0.36166250 -24.71073903 31.60681948
v -0.28956047 -24.68789369 31.59957379
v -0.53599640 -24.79089424 31.62556514
v -0.77640562 -24.97814782 31.65517747
v -0.69341756 -24.90070835 31.64432943
v -0.63281978 -24.85343069 31.63686022
v -0.82699768 -25.03442578 31.66223690
v -0.98188373 -25.28035454 31.68795630
v -0.93234377 -25.18448606 31.67854995
v -0.89328043 -25.12232214 31.67218342
v -1.01065647 -25.34995973 31.69478476
v -1.07550889 -25.64413846 31.72364831
v -1.06091984 -25.53197555 31.71264380
v -1.04412716 -25.45610629 31.70520067
v -1.07868889 -25.72302707 31.73138946
v -1.03732524 -26.02287382 31.76080808
v -1.06231635 -25.91426857 31.75015375
v -1.07316906 -25.83605796 31.74247593
v -1.01332169 -26.09681711 31.76806122
v -0.87897253 -26.35229379 31.79360181
v -0.93605125 -26.26309171 31.78437799
v -0.97122329 -26.19637363 31.77782893
v -0.83191943 -26.41365491 31.80060908
v -0.61133638 -26.61573701 31.82926401
v -0.69943623 -26.54820308 31.81846812
v -0.75821526 -26.49426460 31.81082755
v -0.54287596 -26.65913291 31.83721006
v -0.26453281 -26.77275613 31.86643496
v -0.36907813 -26.74059197 31.85597435
v -0.44415053 -26.71001293 31.84809536
v -0.18649113 -26.78945288 31.87388554
v 0.09993131 -26.80105716 31.89924732
v -0.00385615 -26.80568956 31.89019859
v -0.08122027 -26.80263482 31.88347444
v 0.17860005 -26.79080889 31.90643340
v 0.46200500 -26.70175023 31.93488345
v 0.36136559 -26.74336545 31.92428872
v 0.28326342 -26.76784061 31.91645443
v 0.53572061 -26.66326240 31.94303438
v 0.77187049 -26.48052573 31.97206184
v 0.69317600 -26.55349486 31.96179867
v 0.62744512 -26.60443820 31.95371479
v 0.82679978 -26.41981095 31.97970986
v 0.97924296 -26.17940307 32.00488910
v 0.93219447 -26.26976930 31.99602664
v 0.88972837 -26.33689158 31.98912367
v 1.01054891 -26.10432729 32.01225773
v 1.07497943 -25.81646852 32.04049915
v 1.06086279 -25.92233382 32.03011304
v 1.04246824 -26.00421011 32.02208132
v 1.07868749 -25.73128976 32.04885870
v 1.03909313 -25.43739602 32.07768872
v 1.06237107 -25.54004267 32.06761926
v 1.07381842 -25.62453412 32.05933049
v 1.01342727 -25.35747178 32.08553419
v 0.88262907 -25.10687709 32.11053833
v 0.93619869 -25.19116737 32.10184723
v 0.97395328 -25.26331879 32.09477291
v 0.83211530 -25.04058182 32.11807832
v 0.61678526 -24.84203689 32.14611858
v 0.69967611 -24.90600199 32.13593736
v 0.76284469 -24.96433817 32.12770820
v 0.54315053 -24.79502745 32.15468302
v 0.27084493 -24.68286082 32.18331933
v 0.36937444 -24.71351624 32.17344359
v 0.45017802 -24.74673279 32.16494620
v 0.18679464 -24.66459945 32.19135851
v -0.09362552 -24.65237491 32.21618384
v 0.00415293 -24.64831248 32.20767528
v 0.08751594 -24.65185896 32.20041841
v -0.17829656 -24.66314100 32.22390637
v -0.45600793 -24.74942990 32.25173429
v -0.36106864 -24.71052855 32.24176168
v -0.27696093 -24.68446642 32.23333508
v -0.53544476 -24.79057945 32.26050362
v -0.76730346 -24.96882156 32.28894621
v -0.69293432 -24.90030415 32.27926791
v -0.62204513 -24.84572493 32.27056563
v -0.82660187 -25.03395267 32.29717910
v -0.97657193 -25.26886016 32.32182935
v -0.93204511 -25.18397383 32.31349960
v -0.88614097 -25.11190623 32.30606392
v -1.01044122 -25.34938417 32.32973069
v -1.07440958 -25.63093044 32.35735372
v -1.06080563 -25.53135529 32.34758228
v -1.04077242 -25.44348873 32.33896196
v -1.07868633 -25.72239190 32.36632422
v -1.04082446 -26.01031959 32.39457682
v -1.06242567 -25.91364644 32.38508850
v -1.07442751 -25.82287043 32.37618133
v -1.01353286 -26.09623782 32.40300342
v -0.88625046 -26.34193562 32.42747486
v -0.93634607 -26.26257576 32.41932765
v -0.97665342 -26.18496679 32.41170943
v -0.83231105 -26.41317993 32.43555501
v -0.62220945 -26.60815790 32.46296942
v -0.69991592 -26.54779330 32.45340660
v -0.76744257 -26.48503520 32.44459257
v -0.54342503 -26.65881440 32.47214854
v -0.27715234 -26.76948346 32.50020370
v -0.36967074 -26.74037591 32.49091282
v -0.45619023 -26.70448460 32.48180076
v -0.18709815 -26.78934671 32.50882775
v 0.08732472 -26.80215612 32.53312409
v -0.00444973 -26.80568770 32.52515197
v -0.09381690 -26.80160850 32.51735866
v 0.17799306 -26.79090947 32.54137933
v 0.44999525 -26.70735121 32.56858885
v 0.36077166 -26.74357779 32.55923092
v 0.27065337 -26.77118964 32.55021572
v 0.53516886 -26.66357905 32.57797286
v 0.76270464 -26.48980170 32.60583058
v 0.69269259 -26.55389905 32.59673715
v 0.61662018 -26.61207877 32.58741647
v 0.82640379 -26.42028406 32.61465579
v 0.97387086 -26.19085461 32.63876587
v 0.93189563 -26.27028339 32.63097256
v 0.88251859 -26.34728141 32.62300044
v 1.01033342 -26.10490471 32.64719993
v 1.07379933 -25.82966723 32.67420456
v 1.06074847 -25.92295408 32.66505525
v 1.03903993 -26.01679601 32.65584633
v 1.07868493 -25.73192492 32.68379718
v 1.04251911 -25.44998191 32.71145746
v 1.06248027 -25.54066293 32.70256147
v 1.07499608 -25.63773282 32.69303590
v 1.01363822 -25.35805106 32.72047639
v 0.88983675 -25.11726506 32.74441510
v 0.93649339 -25.19168146 32.73680061
v 0.97932364 -25.27477220 32.72864968
v 0.83250680 -25.04105680 32.75302425
v 0.62760862 -24.84967932 32.77982399
v 0.70015568 -24.90640990 32.77087584
v 0.77200867 -24.97361600 32.76147321
v 0.54369954 -24.79534782 32.78961778
v 0.28345469 -24.68621172 32.81708434
v 0.36996699 -24.71373230 32.80838579
v 0.46218684 -24.75233749 32.79865161
v 0.18740165 -24.66470748 32.82630071
v -0.08102922 -24.65135232 32.85006434
v 0.00474655 -24.64831434 32.84262493
v 0.10012283 -24.65295978 32.83429518
v -0.17768958 -24.66304041 32.85884857
v -0.44396732 -24.74390343 32.88543969
v -0.36047466 -24.71031807 32.87669644
v -0.26434110 -24.68119375 32.86710382
v -0.53489296 -24.79026280 32.89543837
v -0.75807422 -24.95959587 32.92271122
v -0.69245079 -24.89989810 32.91420639
v -0.61117060 -24.83814955 32.90427104
v -0.82620571 -25.03347956 32.93212503
v -0.97113993 -25.25745519 32.95570984
v -0.93174609 -25.18346161 32.94844925
v -0.87886100 -25.10154992 32.93993697
v -1.01022562 -25.34880675 32.96467289
v -1.07314880 -25.61774291 32.99105912
v -1.06069120 -25.53073503 32.98252076
v -1.03727099 -25.43093450 32.97273070
v -1.07868342 -25.72175674 33.00126269
v -1.07552437 -25.80966055 33.00988674
v -1.06253463 -25.91302618 33.02003071
v -1.04417698 -25.99770203 33.02833810
v -1.01374369 -26.09565854 33.03794935
v -0.98196336 -26.17346682 33.04558247
v -0.93664072 -26.26205981 33.05427730
v -0.89338777 -26.33151971 33.06135908
v -0.83270238 -26.41270496 33.07049721
v -0.77654282 -26.47571079 33.07835758
v -0.70039538 -26.54738538 33.08834508
v -0.63298258 -26.60045214 33.09667483
v -0.54397393 -26.65849216 33.10708702
v -0.46816748 -26.69880539 33.11550617
v -0.37026324 -26.74015798 33.12585503
v -0.28975157 -26.76605247 33.13396499
v -0.18770515 -26.78923868 33.14377367
v -0.10643341 -26.80043504 33.15122426
v -0.00504339 -26.80568397 33.16009790
v 0.07473934 -26.80310421 33.16700831
v 0.17738609 -26.79101191 33.17631781
v 0.25802452 -26.77438222 33.18398818
v 0.36017766 -26.74378827 33.19416940
v 0.43792449 -26.71280317 33.20229426
v 0.53461693 -26.66389383 33.21291134
v 0.60569658 -26.61959082 33.22112188
v 0.69220894 -26.55430511 33.23167562
v 0.75341237 -26.49898082 33.23958814
v 0.82600751 -26.42075531 33.24959427
v 0.87516836 -26.35760792 33.25686976
v 0.93159650 -26.27079561 33.26592222
v 0.96837949 -26.20221302 33.27265382
v 1.01011770 -26.10548027 33.28214586
v 1.03546574 -26.02931857 33.28961506
v 1.06063380 -25.92357434 33.29999000
v 1.07245799 -25.84284171 33.30790997
v 1.07868179 -25.73256008 33.31873193
v 1.07601203 -25.65095015 33.32674131
v 1.06258900 -25.54128505 33.33749622
v 1.04579784 -25.46262741 33.34521502
v 1.01384893 -25.35863034 33.35541859
v 0.98457257 -25.28631873 33.36251527
v 0.93678792 -25.19219741 33.37175027
v 0.89690351 -25.12770891 33.37830305
v 0.83289796 -25.04153177 33.38797018
v 0.78104483 -24.98298697 33.39524567
v 0.70063502 -24.90681969 33.40581432
v 0.63833094 -24.85744841 33.41353312
v 0.54424832 -24.79566820 33.42455626
v 0.47413181 -24.75809120 33.43235701
v 0.37055946 -24.71395023 33.44332054
v 0.29604265 -24.68972281 33.45084563
v 0.18800866 -24.66481365 33.46124291
v 0.11274832 -24.65421148 33.46815705
v 0.00534026 -24.64831620 33.47757459
v -0.06845540 -24.65047874 33.48395228
v -0.17708262 -24.66293797 33.49379450
v -0.25170392 -24.67808127 33.50087628
v -0.35988059 -24.71010759 33.51163864
v -0.43186714 -24.73852783 33.51914883
v -0.53434091 -24.78994802 33.53038058
v -0.60019846 -24.83070269 33.53797644
v -0.69196697 -24.89949390 33.54914486
v -0.74871938 -24.95046705 33.55646878
v -0.82580926 -25.03300831 33.56706724
v -0.87144074 -25.09125136 33.57380256
v -0.93144679 -25.18294752 33.58339891
v -0.96558983 -25.24614520 33.58959779
v -1.01000967 -25.34823120 33.59961882
v -1.03362452 -25.41844547 33.60650688
v -1.06057629 -25.53011663 33.61746296
v -1.07172702 -25.60457960 33.62476826
v -1.07868016 -25.72112158 33.63620117
v -1.07645919 -25.79643391 33.64358842
v -1.06264325 -25.91240220 33.65496919
v -1.04738143 -25.98502673 33.66209567
v -1.01395417 -26.09507926 33.67289156
v -0.98715094 -26.16187744 33.67944434
v -0.93693507 -26.26154386 33.68922323
v -0.90038392 -26.32104978 33.69525075
v -0.83309342 -26.41222998 33.70543942
v -0.78551454 -26.46629140 33.71213377
v -0.70087455 -26.54697560 33.72328728
v -0.64365345 -26.59261785 33.73038396
v -0.54452266 -26.65817179 33.74202177
v -0.48007950 -26.69297531 33.74920785
v -0.37085568 -26.73994191 33.76079351
v -0.30232756 -26.76246315 33.76771882
v -0.18831217 -26.78913251 33.77871588
v -0.11906722 -26.79910511 33.78508613
v -0.00563714 -26.80568211 33.79504755
v 0.06217771 -26.80390328 33.80089998
v 0.17677911 -26.79111250 33.81126374
v 0.24537972 -26.77741647 33.81776437
v 0.35958353 -26.74399875 33.82910788
v 0.42579559 -26.71810240 33.83600339
v 0.53406489 -26.66420862 33.84784609
v 0.59467647 -26.62696876 33.85482356
v 0.69172500 -26.55470930 33.86661410
v 0.74399530 -26.50806122 33.87334570
v 0.82561088 -26.42122842 33.88454020
v 0.86767820 -26.36787482 33.89073163
v 0.93129702 -26.27130784 33.90087560
v 0.96277118 -26.21347457 33.90654922
v 1.00990164 -26.10605769 33.91708806
v 1.03174732 -26.04177408 33.92339498
v 1.06051879 -25.92419460 33.93493220
v 1.07095600 -25.85599013 33.94162282
v 1.07867841 -25.73319711 33.95367041
v 1.07686582 -25.66418611 33.96044299
v 1.06269750 -25.54190718 33.97243842
v 1.04892766 -25.47533251 33.97896886
v 1.01405929 -25.35920963 33.99036452
v 0.98969822 -25.29795095 33.99637341
v 0.93708216 -25.19271336 34.00669992
v 0.90382900 -25.13820492 34.01219845
v 0.83328882 -25.04200675 34.02291238
v 0.78995182 -24.99245107 34.02902558
v 0.70111407 -24.90722947 34.04075652
v 0.64894994 -24.86534417 34.04724225
v 0.54479693 -24.79598857 34.05949473
v 0.48601016 -24.76399392 34.06605870
v 0.37115184 -24.71416630 34.07826275
v 0.30860590 -24.69339035 34.08459574
v 0.18861568 -24.66492169 34.09618884
v 0.12538979 -24.65561591 34.10201520
v 0.00593405 -24.64831993 34.11252052
v -0.05590658 -24.64975417 34.11785141
v -0.17647563 -24.66283739 34.12873298
v -0.23905227 -24.67512526 34.13465619
v -0.35928644 -24.70989712 34.14657712
v -0.41971024 -24.73330498 34.15285796
v -0.53378876 -24.78963323 34.16531906
v -0.58913103 -24.82338995 34.17167440
v -0.69148297 -24.89908971 34.18408707
v -0.73924044 -24.94143695 34.19021890
v -0.82541246 -25.03253706 34.20200944
v -0.86388085 -25.08101612 34.20765698
v -0.93114714 -25.18243529 34.21834856
v -0.95992378 -25.23493022 34.22350064
v -1.00979349 -25.34765564 34.23455730
v -1.02983438 -25.40602162 34.24028680
v -1.06046116 -25.52949637 34.25239772
v -1.07014505 -25.59144609 34.25848112
v -1.07867655 -25.72048642 34.27113965
v -1.07723172 -25.78318864 34.27729011
v -1.06275151 -25.91178194 34.28990766
v -1.05043629 -25.97229369 34.29584578
v -1.01416430 -26.09449998 34.30783376
v -0.99221407 -26.15019865 34.31330249
v -0.93722920 -26.26102977 34.32417288
v -0.90723869 -26.31052583 34.32914987
v -0.83348411 -26.41175501 34.34038535
v -0.79435651 -26.45678259 34.34591740
v -0.70135348 -26.54656582 34.35822204
v -0.65422000 -26.58466063 34.36409682
v -0.54507121 -26.65785141 34.37696025
v -0.49192348 -26.68699808 34.38290954
v -0.37144800 -26.73972584 34.39572826
v -0.31487737 -26.75871551 34.40146893
v -0.18891919 -26.78902447 34.41365808
v -0.13171570 -26.79762430 34.41894054
v -0.00623098 -26.80568025 34.42999721
v 0.04964233 -26.80455334 34.43480283
v 0.17617215 -26.79121308 34.44620967
v 0.23272191 -26.78029239 34.45154801
v 0.35898935 -26.74420737 34.46404636
v 0.41361144 -26.72324888 34.46971625
v 0.53351262 -26.66452341 34.48278457
v 0.58356242 -26.63421631 34.48852524
v 0.69124083 -26.55511349 34.50155258
v 0.73445495 -26.51703916 34.50709581
v 0.82521397 -26.42169967 34.51948240
v 0.86004875 -26.37807652 34.52458233
v 0.93099725 -26.27182007 34.53582525
v 0.95704792 -26.22463927 34.54045579
v 1.00968522 -26.10663325 34.55203399
v 1.02788594 -26.05416253 34.55717862
v 1.06040342 -25.92481300 34.56987068
v 1.06929417 -25.86911060 34.57533568
v 1.07867457 -25.73383227 34.58860889
v 1.07755698 -25.67743696 34.59414467
v 1.06280553 -25.54252744 34.60737690
v 1.05190731 -25.48809350 34.61271524
v 1.01426931 -25.35979077 34.62530673
v 0.99469838 -25.30967444 34.63022411
v 0.93737611 -25.19322932 34.64164585
v 0.91061287 -25.14875308 34.64610502
v 0.83367934 -25.04248172 34.65785459
v 0.79872843 -25.00200458 34.66281295
v 0.70159283 -24.90763925 34.67569500
v 0.65946340 -24.87336472 34.68095511
v 0.54534536 -24.79631081 34.69442949
v 0.49781910 -24.77004565 34.69975665
v 0.37174410 -24.71438423 34.71320122
v 0.32114156 -24.69721623 34.71834213
v 0.18922272 -24.66502972 34.73112732
v 0.13804460 -24.65717308 34.73586217
v 0.00652792 -24.64832366 34.74747017
v -0.04338526 -24.64917675 34.75175798
v -0.17586866 -24.66273680 34.76367891
v -0.22638902 -24.67232756 34.76844355
v -0.35869222 -24.70968664 34.78151560
v -0.40749955 -24.72823672 34.78657454
v -0.53323642 -24.78932030 34.80025381
v -0.57797082 -24.81621131 34.80537236
v -0.69099863 -24.89868551 34.81902182
v -0.72963902 -24.93251115 34.82396528
v -0.82501542 -25.03206395 34.83695164
v -0.85618201 -25.07084608 34.84150395
v -0.93084719 -25.18192306 34.85329822
v -0.95414388 -25.22381581 34.85741094
v -1.00957695 -25.34708008 34.86950323
v -1.02590234 -25.39366856 34.87407416
v 0.45989183 -26.88991465 34.84497592
v 0.24951933 -26.95240267 34.82691199
v 0.03755565 -26.97698399 34.81033817
v -0.17294024 -26.96553245 34.79437530
v -0.38503305 -26.91679820 34.77676958
v -0.58906607 -26.83011815 34.75814685
v -0.77510078 -26.70837194 34.73936021
v -0.93475659 -26.55772492 34.72128510
v -1.06242753 -26.38663538 34.70468894
v -1.15810987 -26.19886026 34.68874469
v -1.22236158 -25.99101327 34.67115387
v -1.24977168 -25.77106096 34.65253860
v -1.23782060 -25.54903738 34.63374823
v -1.18761708 -25.33529140 34.61565822
v -1.10364927 -25.13892762 34.59903970
v -0.98926085 -24.96199496 34.58311036
v -0.84176176 -24.80217069 34.56553817
v -0.66528836 -24.66810308 34.54692662
v -0.46723717 -24.56701733 34.52813625
v -0.25710725 -24.50316772 34.51003134
v -0.04503266 -24.47726391 34.49339420
v 0.16535606 -24.48743209 34.47747603
v 0.37754787 -24.53480475 34.45991874
v 0.58204390 -24.62016046 34.44131836
v 0.76887786 -24.74074624 34.42252427
v 0.92958973 -24.89049919 34.40440819
v 1.05846045 -25.06101876 34.38774869
v 1.15520111 -25.24806187 34.37184170
v 1.22067856 -25.45531280 34.35430303
v 1.24946644 -25.67499876 34.33571011
v 1.23892166 -25.89712851 34.31691229
v 1.19002291 -26.11133829 34.29878131
v 1.10715092 -26.30845271 34.28209946
v 0.99392107 -26.48594044 34.26620737
v 0.84755482 -26.64652281 34.24868360
v 0.67200366 -26.78164840 34.23010185
v 0.47456712 -26.88400261 34.21130031
v 0.26469279 -26.94921382 34.19315815
v 0.05251919 -26.97644569 34.17645767
v -0.15777488 -26.96755528 34.16057304
v -0.37005293 -26.92154236 34.14306790
v -0.57499902 -26.83751658 34.12449360
v -0.76262146 -26.71809867 34.10568461
v -0.92438195 -26.56925283 34.08753127
v -1.05444947 -26.39931440 34.07080844
v -1.15225278 -26.21298842 34.05493870
v -1.21894863 -26.00634657 34.03744847
v -1.24911079 -25.78694001 34.01888162
v -1.23997359 -25.56471713 34.00007635
v -1.19238521 -25.35005286 33.98191184
v -1.11061800 -25.15219711 33.96516293
v -0.99853857 -24.97414500 33.94930437
v -0.85331040 -24.81281571 33.93183276
v -0.67869085 -24.67664331 33.91327336
v -0.48188117 -24.57302436 33.89446437
v -0.27227550 -24.50645156 33.87628496
v -0.06001486 -24.47789349 33.85952115
v 0.15019713 -24.48550425 33.84367004
v 0.36254869 -24.53015931 33.82621333
v 0.56793203 -24.61285330 33.80766138
v 0.75633189 -24.73109215 33.78885239
v 0.91913354 -24.87902343 33.77066180
v 1.05039461 -25.04836768 33.75387564
v 1.14926510 -25.23398772 33.73803198
v 1.21717178 -25.44000931 33.72059762
v 1.24870474 -25.65912530 33.70205313
v 1.24097627 -25.88143013 33.68324041
v 1.19470397 -26.09653026 33.66503492
v 1.11405016 -26.29512176 33.64823014
v 1.00311311 -26.47374943 33.63239765
v 0.85902831 -26.63581260 33.61497819
v 0.68534963 -26.77302435 33.59644488
v 0.48917887 -26.87790245 33.57762843
v 0.27985492 -26.94583125 33.55941549
v 0.06751928 -26.97572485 33.54258463
v -0.14262323 -26.96938813 33.52675959
v -0.35503559 -26.92609094 33.50936249
v -0.56084327 -26.84473246 33.49083290
v -0.75000949 -26.72767825 33.47201645
v -0.91384468 -26.58067271 33.45378861
v -1.04629598 -26.41193382 33.43694285
v -1.14623841 -26.22700855 33.42112526
v -1.21534849 -26.02161653 33.40374306
v -1.24824850 -25.80280416 33.38522464
v -1.24192948 -25.58043413 33.36640447
v -1.19697861 -25.36490560 33.34816918
v -1.11744693 -25.16558766 33.33129734
v -1.00764458 -24.98637699 33.31548721
v -0.86470821 -24.82358925 33.29812363
v -0.69197960 -24.68534932 33.27961266
v -0.49645978 -24.57921952 33.26079622
v -0.28743062 -24.50993285 33.24254230
v -0.07503206 -24.47870560 33.22565556
v 0.13505360 -24.48376641 33.20984915
v 0.34751411 -24.52570759 33.19250420
v 0.55373326 -24.60572869 33.17400441
v 0.74365461 -24.72159080 33.15518051
v 0.90851553 -24.86765757 33.13691914
v 1.04215357 -25.03577992 33.12001005
v 1.14317308 -25.22002347 33.10421482
v 1.21347874 -25.42477474 33.08688849
v 1.24774186 -25.64327046 33.06839243
v 1.24283321 -25.86569451 33.04957226
v 1.19920901 -26.08163841 33.03129598
v 1.12080807 -26.28167160 33.01436827
v 1.01213297 -26.46147832 32.99857676
v 0.87034993 -26.62497573 32.98126534
v 0.69858029 -26.76423453 32.96278790
v 0.50372339 -26.87161043 32.94396028
v 0.29500210 -26.94225498 32.92567283
v 0.08255280 -26.97481960 32.90872648
v -0.12748870 -26.97103284 32.89293870
v -0.33998472 -26.93044581 32.87564963
v -0.54660230 -26.85176581 32.85717592
v -0.73726755 -26.73710324 32.83834830
v -0.90314634 -26.59198456 32.82005340
v -1.03796751 -26.42449178 32.80308098
v -1.14006945 -26.24091879 32.78730437
v -1.21156301 -26.03681572 32.77003020
v -1.24718505 -25.81865154 32.75156394
v -1.24368735 -25.59618652 32.73274004
v -1.20139495 -25.37983842 32.71442652
v -1.12413324 -25.17909929 32.69744292
v -1.01657817 -24.99868721 32.68166259
v -0.87595312 -24.83448945 32.66441077
v -0.70515135 -24.69422109 32.64595568
v -0.51096926 -24.58560653 32.62712806
v -0.30256889 -24.51360784 32.60880709
v -0.09008111 -24.47970025 32.59180114
v 0.11992890 -24.48221669 32.57602826
v 0.33244790 -24.52145144 32.55878761
v 0.53945096 -24.59878847 32.54034370
v 0.73084870 -24.71224405 32.52151981
v 0.89773728 -24.85640347 32.50318393
v 1.03373767 -25.02325550 32.48615563
v 1.13692775 -25.20616725 32.47038648
v 1.20960118 -25.40961094 32.45317191
v 1.24657818 -25.62743425 32.43473545
v 1.24449190 -25.84992535 32.41590410
v 1.20353606 -26.06666461 32.39756450
v 1.12742209 -26.26810037 32.38051757
v 0.71169250 -26.75528266 32.32912347
v 0.51819696 -26.86513029 32.31029585
v 0.31013056 -26.93848312 32.29194134
v 0.09761658 -26.97373182 32.27487579
v -0.89228863 -26.60318092 32.18632191
v -1.02946430 -26.43698081 32.16923401
v 0.88151766 -26.61401592 32.34754875
v 1.02097995 -26.44912899 32.36474842
v 0.82640379 -26.42028406 32.45590255
v -0.32490413 -26.93460509 32.24192932
v -0.11237466 -26.97248943 32.25911036
v -0.18709815 -26.78934671 32.35007823
v -0.72439836 -26.74637176 32.20468387
v -0.53227966 -26.85861290 32.22351521
v -0.54342503 -26.65881440 32.31339902
v 1.23992830 -25.56437068 29.90007214
v 1.19228207 -25.34972876 29.91823852
v 1.01279246 -25.35573579 30.02195433
v 1.21902581 -26.00600943 29.86269817
v 1.24912756 -25.78658983 29.88126501
v 1.07869355 -25.72938241 29.98529375
v 1.05462712 -26.39903501 29.82933447
v 1.15238351 -26.21267736 29.84520793
v 1.01119338 -26.10259689 29.94867787
v 0.76289783 -26.71788633 29.79446016
v 0.92461228 -26.56899951 29.81261536
v 0.82798593 -26.41839348 29.91613001
v 0.37038335 -26.92143992 29.75708060
v 0.57530991 -26.83735453 29.77565676
v 0.53737464 -26.66231431 29.87947315
v -0.05218913 -26.97645873 29.72368896
v 0.15810883 -26.96751244 29.73957174
v 0.18042103 -26.79050155 29.84285355
v -0.47424450 -26.88413486 29.68884818
v -0.26435862 -26.94928832 29.70698848
v -0.18467008 -26.78977139 29.81030568
v -0.84730034 -26.64675750 29.65146303
v -0.67170837 -26.78183839 29.67004851
v -0.54122752 -26.66009031 29.77364883
v -1.10699737 -26.30874515 29.61804159
v -0.99371665 -26.48620866 29.63393740
v -0.83074265 -26.41507797 29.73702922
v -1.23887416 -25.89747310 29.58323620
v -1.18991779 -26.11166425 29.60136347
v -1.01268641 -26.09855309 29.70448323
v -1.22075377 -25.45564994 29.54584546
v -1.24948088 -25.67534707 29.56443839
v -1.07869424 -25.72493441 29.66782637
v -1.05863612 -25.06129816 29.51239608
v -1.15533010 -25.24837479 29.52830307
v -1.01130048 -25.35169199 29.63120677
v -0.76915277 -24.74096045 29.47762422
v -0.92981820 -24.89075251 29.49573845
v -0.82818331 -25.03584325 29.59865704
v -0.37787788 -24.53490905 29.44022790
v -0.58235374 -24.62032251 29.45882827
v -0.53765014 -24.79184419 29.56200205
v 0.04470301 -24.47725087 29.40675057
v -0.16569016 -24.48747680 29.42267060
v -0.18072453 -24.66355078 29.52538058
v 0.46691386 -24.56688695 29.37201224
v 0.25677297 -24.50309694 29.39011343
v 0.18436657 -24.66417663 29.49283458
v 0.84150565 -24.80193786 29.33461219
v 0.66499185 -24.66791682 29.35322002
v 0.54095261 -24.79374968 29.45618145
v 1.10349420 -25.13863705 29.30110134
v 0.98905456 -24.96172860 29.31703627
v 0.83054625 -25.03868379 29.41955812
v 1.23777101 -25.54869279 29.26640026
v 1.18751009 -25.33496544 29.28448655
v 1.01258024 -25.35515837 29.38701026
v 1.22243469 -25.99067427 29.22899462
v 1.24978391 -25.77071078 29.24760990
v 1.07869471 -25.72874725 29.35035713
v 1.06260134 -26.38635412 29.19545583
v 1.15823711 -26.19854733 29.21140380
v 1.01140758 -26.10201947 29.31373380
v 0.77537418 -26.70815587 29.16078828
v 0.93498331 -26.55746788 29.17886153
v 0.82838064 -26.41792037 29.28118780
v 0.38536263 -26.91669203 29.12337892
v 0.58937492 -26.82995424 29.14200164
v 0.53792557 -26.66199766 29.24453281
v -0.03722644 -26.97699331 29.08980660
v 0.17327446 -26.96548589 29.10576947
v 0.18102802 -26.79039724 29.20791134
v -0.45956785 -26.89004317 29.05517444
v -0.24918496 -26.95246972 29.07323465
v -0.18406306 -26.78987570 29.17536348
v -0.83567383 -26.65733360 29.01776321
v -0.65824768 -26.79028735 29.03639153
v -0.54067769 -26.66040882 29.13871035
v -1.09995669 -26.32194944 28.98415923
v -0.98434975 -26.49831399 29.00013700
v -0.83034975 -26.41555294 29.10208702
v -1.23661873 -25.91313049 28.94956246
v -1.18505908 -26.12638101 28.96760963
v -1.01247407 -26.09913051 29.06953916
v -1.22406823 -25.47101676 28.91214564
v -1.25003653 -25.69123358 28.93078141
v -1.07869518 -25.72556958 29.03288789
v -1.06652256 -25.07400699 28.87851186
v -1.16110407 -25.26255697 28.89450453
v -1.01151457 -25.35226941 28.99626270
v -0.78156171 -24.75076728 28.84394862
v -0.94010739 -24.90233816 28.86198275
v -0.82857790 -25.03631637 28.96371484
v -0.39283707 -24.53975566 28.80652994
v -0.59637299 -24.62781407 28.82517502
v -0.53820101 -24.79216084 28.92706543
v 0.02975979 -24.47680756 28.77286263
v -0.18086130 -24.48960021 28.78887206
v -0.18133153 -24.66365509 28.89043838
v 0.45220685 -24.56107549 28.73833664
v 0.24159503 -24.50001054 28.75635587
v 0.18375958 -24.66407046 28.85789052
v 0.82980504 -24.79142882 28.70091423
v 0.65147626 -24.65954982 28.71956490
v 0.54040266 -24.79343116 28.82124111
v 1.09638541 -25.12549423 28.66721526
v 0.97960234 -24.94966425 28.68323959
v 0.83015318 -25.03821068 28.78461406
v 1.23541767 -25.53305775 28.63272280
v 1.18256523 -25.32029338 28.65072899
v 1.01236778 -25.35457909 28.75206806
v 1.22565473 -25.97527578 28.59529853
v 1.25023862 -25.75482056 28.61395478
v 1.07869564 -25.72811209 28.71542051
v 1.07039977 -26.37361735 28.56156603
v 1.16393087 -26.18431300 28.57760899
v 1.01162156 -26.10144205 28.67879160
v 0.78771502 -26.69827454 28.52710895
v 0.94519020 -26.54583193 28.54510024
v 0.82877511 -26.41744725 28.64624374
v 0.40030081 -26.91174857 28.48968282
v 0.60334767 -26.82237327 28.50834653
v 0.53847639 -26.66168101 28.60959619
v -0.02230345 -26.97734907 28.45591493
v 0.18845026 -26.96326748 28.47197466
v 0.18163503 -26.79029480 28.57296728
v -0.44483141 -26.89575776 28.42149697
v -0.23400367 -26.95545927 28.43947336
v -0.18345605 -26.78998187 28.54041941
v -0.82389970 -26.66777559 28.38406712
v -0.64467802 -26.79856867 28.40273641
v -0.54012763 -26.66072734 28.50377187
v -1.09278050 -26.33503079 28.35026756
v -0.97481249 -26.51033364 28.36634405
v -0.82995655 -26.41602606 28.46714295
v -1.23416795 -25.92874318 28.31588313
v -1.18002878 -26.14100836 28.33384648
v -1.01226137 -26.09970979 28.43459509
v -1.22719351 -25.48644505 28.27845141
v -1.25039020 -25.70712380 28.29712816
v -1.07869587 -25.72620474 28.39795128
v -1.07423309 -25.08676983 28.24461833
v -1.16671703 -25.27684160 28.26071344
v -1.01172831 -25.35284683 28.36131863
v -0.79383387 -24.76071939 28.21026929
v -0.95023168 -24.91402440 28.22821960
v -0.82897220 -25.03678948 28.32877077
v -0.40775331 -24.54479598 28.17283571
v -0.61029836 -24.63548444 28.19151804
v -0.53875172 -24.79247749 28.29212695
v 0.01485779 -24.47653934 28.13896723
v -0.19604088 -24.49191362 28.15508284
v -0.18193854 -24.66375753 28.25549431
v 0.43744195 -24.55545589 28.10465544
v 0.22641131 -24.49711785 28.12259085
v 0.18315254 -24.66396615 28.22294831
v 0.81795797 -24.78105389 28.06722000
v 0.63785329 -24.65135418 28.08590978
v 0.53985254 -24.79311265 28.18630449
v 1.08914252 -25.11247620 28.03331800
v 0.96998038 -24.93769117 28.04945223
v 0.82975981 -25.03773570 28.14967185
v 1.23286957 -25.51746927 27.99904160
v 1.17744994 -25.30571446 28.01696397
v 1.01215497 -25.35400167 28.11712399
v 1.22868456 -25.95981956 27.96160616
v 1.25049124 -25.73892474 27.98030153
v 1.07869611 -25.72747692 28.08048204
v 1.07802241 -26.36082843 27.92766504
v 1.16946234 -26.16997436 27.94382162
v 1.01183506 -26.10086463 28.04384753
v 0.79991797 -26.68824978 27.89342962
v 0.95523160 -26.53409541 27.91133523
v 0.82916924 -26.41697414 28.01130153
v 0.41519414 -26.90661140 27.85599045
v 0.61722466 -26.81461349 27.87469141
v 0.53902698 -26.66136436 27.97465958
v -0.00742318 -26.97752602 27.82201394
v 0.20363274 -26.96085721 27.83818915
v 0.18224203 -26.79019049 27.93802507
v -0.43003893 -26.90128237 27.78781578
v -0.21881840 -26.95825510 27.80570649
v -0.18284903 -26.79008618 27.90547535
v -0.81198028 -26.67808346 27.75037661
v -0.63100259 -26.80667862 27.76908316
v -0.53957739 -26.66104585 27.86883526
v -1.25054177 -25.72302520 27.66347304
v -1.23152277 -25.94430745 27.68220007
v -1.06165302 -25.91799386 27.78176777
v -1.17216643 -25.29122867 27.62692980
v -1.23012776 -25.50193109 27.64476277
v -1.06159714 -25.53569712 27.74425969
v -0.80596679 -24.77081679 27.57658623
v -0.96018979 -24.92580935 27.59444900
v -0.82936615 -25.03726259 27.69382857
v -0.42262286 -24.55003001 27.53914893
v -0.62412623 -24.64333177 27.55786292
v -0.53930224 -24.79279600 27.65719034
v 1.02858595 -25.22242814 35.07346660
v 1.06551580 -25.37323348 35.07346660
v 1.13798270 -25.39414354 35.03348306
v 1.08014210 -25.53903311 35.07346660
v 1.21542648 -25.57502128 34.99425575
v 1.07565802 -25.64609796 35.07346660
v 1.24821090 -25.69094859 34.97041389
v 0.83593151 -26.65710077 34.88238528
v 0.98455790 -26.49804950 34.90000963
v 1.18289446 -26.45071782 34.83242169
v 1.10011327 -26.32166073 34.91598368
v 1.25017366 -26.23857744 34.86835212
v 1.18516805 -26.12605877 34.93253887
v 1.27783290 -26.03872679 34.90383923
v 1.23667053 -25.91278590 34.95058790
v 1.27323577 -25.84135905 34.94078293
v 1.26357842 -25.76898225 34.95486826
v -0.18254554 -24.66386184 27.62055211
v -0.00000000 -24.64830317 27.60427818
v -0.00000000 -24.47645180 27.50506066
v -0.36522382 -24.71201308 27.63843536
v -0.21122540 -24.49441887 27.52130106
v -0.69631165 -24.90314655 27.67594345
v -0.93412888 -25.18756688 27.71010436
v -1.08176772 -25.09958483 27.61071175
v -1.01194181 -25.35342425 27.72637643
v -1.07869611 -25.72684176 27.76301280
v -1.01204845 -26.10028721 27.79965289
v -1.17482909 -26.15554072 27.70007774
v -0.93427708 -26.26617625 27.81592682
v -1.08547171 -26.34798363 27.71636471
v -0.82956307 -26.41649917 27.83219889
v -0.96510607 -26.52226202 27.73256041
v -0.69655239 -26.55064873 27.85008214
v -0.36552045 -26.74187906 27.88759023
v -0.00029650 -26.80569701 27.92175300
v 0.36492720 -26.74209327 27.95590647
v 0.69607084 -26.55105665 27.99341455
v 0.93398057 -26.26669034 28.02757919
v 1.06154114 -25.91861412 28.06172892
v 1.06170878 -25.53631738 28.09923701
v 0.93442528 -25.18807910 28.13340351
v 0.69679308 -24.90355261 28.16755138
v 0.36581708 -24.71222728 28.20505947
v 0.00059302 -24.64830317 28.23922783
v -0.36463051 -24.71180074 28.27337384
v -0.69582998 -24.90273863 28.31088193
v -0.93383214 -25.18705279 28.34505215
v -1.06148515 -25.53507686 28.37919816
v -1.06176443 -25.91737173 28.41670625
v -0.93457341 -26.26566403 28.45087834
v -0.69703371 -26.55024268 28.48502249
v -0.36611364 -26.74166486 28.52252871
v -0.00088956 -26.80569515 28.55670266
v 0.36433383 -26.74230561 28.59084494
v 0.69558900 -26.55146457 28.62835303
v 0.93368371 -26.26720443 28.66252698
v 1.06142904 -25.91923438 28.69666927
v 1.06182008 -25.53693764 28.73417735
v 0.93472144 -25.18859319 28.76835316
v 0.69727423 -24.90396053 28.80248986
v 0.36641018 -24.71244149 28.83999795
v 0.00118612 -24.64830503 28.87417749
v -0.36403709 -24.71158840 28.90831418
v -0.69534802 -24.90233257 28.94582227
v -0.93353511 -25.18653870 28.98000181
v -1.06137281 -25.53445660 29.01413664
v -1.06187549 -25.91675147 29.05164473
v -0.93486946 -26.26514994 29.08582613
v -0.69751474 -26.54983662 29.11996096
v -0.36670672 -26.74145065 29.15746905
v -0.00148270 -26.80569515 29.19165231
v 0.36374034 -26.74251795 29.22578342
v 0.69510692 -26.55187063 29.26329151
v 0.93338650 -26.26771666 29.29747850
v 1.06131646 -25.91985464 29.33160588
v 1.06193102 -25.53755790 29.36911583
v 0.93501736 -25.18910728 29.40330096
v 0.69775514 -24.90436845 29.43743020
v 0.36700323 -24.71265569 29.47493829
v 0.00177931 -24.64830503 29.50912714
v -0.36344360 -24.71137419 29.54325266
v -0.69486577 -24.90192652 29.58076075
v -0.93323778 -25.18602647 29.61495146
v -1.06126000 -25.53383633 29.64907698
v -1.06198632 -25.91613121 29.68658507
v -0.93516527 -26.26463585 29.72077765
v -0.69799548 -26.54942870 29.75489944
v -0.36729971 -26.74123645 29.79240753
v -0.00207594 -26.80569328 29.82660383
v 0.36314680 -26.74273029 29.86072376
v 0.69462461 -26.55227669 29.89823185
v 0.93308900 -26.26823075 29.93242629
v 1.06120366 -25.92047490 29.96654622
v 1.06204150 -25.53818002 30.00405245
v -0.83231105 -26.41317993 32.27680176
v -0.93634607 -26.26257576 32.26057440
v -0.36967074 -26.74037591 32.33216330
v -0.00444973 -26.80568770 32.36639872
v 0.93189563 -26.27028339 32.47222677
v 1.07867038 -25.73446743 35.06479785
v 1.06028758 -25.92543326 35.04605964
v 1.00946857 -26.10720880 35.02822667
v 0.93069708 -26.27233416 35.01202539
v 0.82481676 -26.42217092 34.99567509
v 0.69075637 -26.55551769 34.97774526
v 0.65854541 -26.79010108 34.86375883
v 1.11046596 -25.15190281 29.93497998
v 0.99833601 -24.97387677 29.95084226
v 0.85305760 -24.81258102 29.96831574
v 0.67839684 -24.67645332 29.98687513
v 0.48155925 -24.57289025 30.00568412
v 0.27194148 -24.50637706 30.02386354
v 0.05968441 -24.47787672 30.04062548
v -0.15053092 -24.48554523 30.05647659
v -0.36287951 -24.53025989 30.07393330
v -0.56824391 -24.61301163 30.09248525
v -0.75660972 -24.73130263 30.11129610
v -0.91936567 -24.87927489 30.12948669
v -1.05057424 -25.04864521 30.14626913
v -1.14939746 -25.23429692 30.16211279
v -1.21725106 -25.44034645 30.17955087
v -1.24872371 -25.65947548 30.19809537
v -1.24093308 -25.88177659 30.21690808
v -1.19460269 -26.09685808 30.23511171
v -1.11389963 -26.29541792 30.25191464
v -1.00291241 -26.47401951 30.26774712
v -0.85877720 -26.63605101 30.28516844
v -0.68505685 -26.77321620 30.30370548
v -0.48885768 -26.87803842 30.32252006
v -0.27952105 -26.94590949 30.34073487
v -0.06718846 -26.97574161 30.35755828
v 0.14295685 -26.96935087 30.37338518
v 0.35536679 -26.92599408 30.39078787
v 0.56115608 -26.84457600 30.40931560
v 0.75028877 -26.72746778 30.42813018
v 0.91407856 -26.58042312 30.44635803
v 1.04647747 -26.41165629 30.46320379
v 1.14637252 -26.22670121 30.47901951
v 1.21542974 -26.02128312 30.49640544
v 1.24826957 -25.80245584 30.51492386
v 1.24188850 -25.58008768 30.53374216
v 1.19687931 -25.36457777 30.55198118
v 1.11729803 -25.16529150 30.56884557
v 1.00744586 -24.98610690 30.58465570
v 0.86445879 -24.82335083 30.60202487
v 0.69168810 -24.68515560 30.62053211
v 0.49613934 -24.57908168 30.63935414
v 0.28709692 -24.50985275 30.65760434
v 0.07470087 -24.47868511 30.67448922
v -0.13538703 -24.48380180 30.69029376
v -0.34784566 -24.52580258 30.70764244
v -0.55404694 -24.60588329 30.72614223
v -0.74393529 -24.72179756 30.74496426
v -0.90875116 -24.86790717 30.76322749
v -1.04233704 -25.03605559 30.78013472
v -1.14330905 -25.22032894 30.79592995
v -1.21356209 -25.42511001 30.81326187
v -1.24776526 -25.64361878 30.83175234
v -1.24279445 -25.86604096 30.85057624
v -1.19911169 -26.08196810 30.86885065
v -1.12066080 -26.28196776 30.88577650
v -1.01193611 -26.46174841 30.90156801
v -0.87010214 -26.62521601 30.91888130
v -0.69829007 -26.76443011 30.93736246
v -0.50340372 -26.87175199 30.95618822
v -0.29466857 -26.94233507 30.97447194
v -0.08222128 -26.97484195 30.99141829
v 0.12782190 -26.97099932 31.00720420
v 0.34031665 -26.93035081 31.02449887
v 0.54691691 -26.85161121 31.04297258
v 0.73754962 -26.73689649 31.06179833
v 0.90338377 -26.59173682 31.08009510
v 1.03815284 -26.42421611 31.09706193
v 1.14020694 -26.24061331 31.11284226
v 1.21164834 -26.03648230 31.13011830
v 1.24721066 -25.81830136 31.14858270
v 1.24365080 -25.59584007 31.16741031
v 1.20129948 -25.37950873 31.18571825
v 1.12398749 -25.17880127 31.20270371
v 1.01638318 -24.99841526 31.21848032
v 0.87570708 -24.83424731 31.23573773
v 0.70486247 -24.69402365 31.25419095
v 0.51065040 -24.58546311 31.27301857
v 0.30223560 -24.51352403 31.29133955
v 0.08974926 -24.47967604 31.30834550
v -0.12026187 -24.48224835 31.32411838
v -0.33278015 -24.52154271 31.34135902
v -0.53976651 -24.59893934 31.35980293
v -0.73113217 -24.71244708 31.37863055
v -0.89797645 -24.85664934 31.39696270
v -1.03392499 -25.02353117 31.41398728
v -1.13706698 -25.20647272 31.42975643
v -1.20968861 -25.40994436 31.44697845
v -1.24660600 -25.62778257 31.46541119
v -1.24445744 -25.85027181 31.48424253
v -1.20344269 -26.06699429 31.50258213
v -1.12727785 -26.26840025 31.51962906
v -1.02078693 -26.44940093 31.53539822
v -0.88127336 -26.61425807 31.55259788
v -0.71140489 -26.75548196 31.57102317
v -0.51787891 -26.86527558 31.58985451
v -0.30979750 -26.93856694 31.60820529
v -0.09728442 -26.97375789 31.62526712
v 0.11270737 -26.97245963 31.64103627
v 0.32523664 -26.93451382 31.65821731
v 0.53259602 -26.85846388 31.67663515
v 0.72468322 -26.74616873 31.69546276
v 0.89252950 -26.60293505 31.71382472
v 1.02965347 -26.43670700 31.73090890
v 1.13388919 -26.25441365 31.74667433
v 1.20768312 -26.05161071 31.76383674
v 1.24595128 -25.83412640 31.78224340
v 1.24521425 -25.61162226 31.80107474
v 1.20554084 -25.39452165 31.81944788
v 1.13053166 -25.19242652 31.83655068
v 1.02514739 -25.01079999 31.85231239
v 0.88680052 -24.84526485 31.86945990
v 0.71791699 -24.70305376 31.88785538
v 0.52508881 -24.59203266 31.90668672
v 0.31735384 -24.51738901 31.92506731
v 0.10482635 -24.48085323 31.94218874
v -0.10515880 -24.48088117 31.95795417
v -0.31768664 -24.51747656 31.97507933
v -0.52540604 -24.59217981 31.99346364
v -0.71820320 -24.70325492 32.01229498
v -0.88704319 -24.84551072 32.03069046
v -1.02533842 -25.01107380 32.04783052
v -1.13067415 -25.19272827 32.06359595
v -1.20563223 -25.39485320 32.08069876
v -1.24524650 -25.61197057 32.09907562
v -1.24592124 -25.83447471 32.11790323
v -1.20759371 -26.05194226 32.13630989
v -1.13374833 -26.25471726 32.15346858
v 0.93531306 -25.18962137 30.03825247
v 0.83093898 -25.03915876 30.05450033
v 0.69823576 -24.90477636 30.07236868
v 0.54150238 -24.79406819 30.09111807
v 0.36759619 -24.71286990 30.10987677
v 0.18497359 -24.66428094 30.12777679
v 0.00237259 -24.64830689 30.14407679
v -0.18011752 -24.66344833 30.16032651
v -0.36285000 -24.71116185 30.17819300
v -0.53709908 -24.79152754 30.19694053
v -0.69438334 -24.90152046 30.21569923
v -0.82778843 -25.03537014 30.23360297
v -0.93294011 -25.18551238 30.24990112
v -1.01108616 -25.35111457 30.26614897
v -1.06114696 -25.53321607 30.28401546
v -1.07869273 -25.72429925 30.30276299
v -1.06209668 -25.91551095 30.32152355
v -1.01289852 -26.09797195 30.33942543
v -0.93546079 -26.26411989 30.35572544
v -0.83113520 -26.41460486 30.37197329
v -0.69847598 -26.54902078 30.38983978
v -0.54177718 -26.65977180 30.40858731
v -0.36789262 -26.74102224 30.42734787
v -0.18527709 -26.78966522 30.44524975
v -0.00266926 -26.80569328 30.46155162
v 0.17981403 -26.79060400 30.47779575
v 0.36255317 -26.74294263 30.49566224
v 0.53682347 -26.66263096 30.51440977
v 0.69414196 -26.55268274 30.53317033
v 0.82759088 -26.41886659 30.55107221
v 0.93279115 -26.26874298 30.56737781
v 1.01097883 -26.10317431 30.58362193
v 1.06109027 -25.92109516 30.60148470
v 1.07869192 -25.73001944 30.62023222
v 1.06215174 -25.53880028 30.63899279
v 1.01300445 -25.35631508 30.65689653
v 0.93560852 -25.19013733 30.67320026
v 0.83133136 -25.03963187 30.68944626
v 0.69871615 -24.90518428 30.70730716
v 0.54205192 -24.79438856 30.72605468
v 0.36818904 -24.71308596 30.74481525
v 0.18558060 -24.66438711 30.76272085
v 0.00296595 -24.64830689 30.77902645
v -0.17951053 -24.66334589 30.79526871
v -0.36225631 -24.71095137 30.81313148
v -0.53654780 -24.79121089 30.83187900
v -0.69390057 -24.90111440 30.85063957
v -0.82739315 -25.03489703 30.86854517
v -0.93264208 -25.18500015 30.88485077
v -1.01087149 -25.35053715 30.90109304
v -1.06103357 -25.53259581 30.91895394
v -1.07869098 -25.72366409 30.93769960
v -1.06220669 -25.91488883 30.95646203
v -1.01311028 -26.09739639 30.97436950
v -0.93575614 -26.26360580 30.99067695
v -0.83152746 -26.41412988 31.00691549
v -0.69895625 -26.54861100 31.02477826
v -0.54232666 -26.65945143 31.04352392
v -0.36848543 -26.74080618 31.06228635
v -0.18588411 -26.78955905 31.08019195
v -0.00326266 -26.80569142 31.09650128
v 0.17920704 -26.79070644 31.11274168
v 0.36195942 -26.74315497 31.13060258
v 0.53627213 -26.66294761 31.14934638
v 0.69365912 -26.55308880 31.16810881
v 0.82719547 -26.41933970 31.18601628
v 0.93249296 -26.26925707 31.20232560
v 1.01076404 -26.10375173 31.21856414
v 1.06097676 -25.92171542 31.23642318
v 1.07868994 -25.73065460 31.25517070
v 1.06226164 -25.53942055 31.27393126
v 1.01321598 -25.35689436 31.29183874
v 0.93590369 -25.19065142 31.30815178
v 0.83172350 -25.04010685 31.32439032
v 0.69919624 -24.90559220 31.34224564
v 0.54260134 -24.79470707 31.36099130
v 0.36878180 -24.71330203 31.37975559
v 0.18618762 -24.66449328 31.39766678
v 0.00355940 -24.64831062 31.41397610
v -0.17890355 -24.66324344 31.43021092
v -0.36166250 -24.71073903 31.44806996
v -0.53599640 -24.79089424 31.46681562
v -0.69341756 -24.90070835 31.48557991
v -0.82699768 -25.03442578 31.50348738
v -0.93234377 -25.18448606 31.51980042
v -1.01065647 -25.34995973 31.53603524
v -1.06091984 -25.53197555 31.55389428
v -1.07868889 -25.72302707 31.57263994
v -1.06231635 -25.91426857 31.59140050
v -1.01332169 -26.09681711 31.60931170
v -0.93605125 -26.26309171 31.62562475
v -0.83191943 -26.41365491 31.64185956
v -0.69943623 -26.54820308 31.65971860
v -0.54287596 -26.65913291 31.67846054
v -0.36907813 -26.74059197 31.69722483
v -0.18649113 -26.78945288 31.71513602
v -0.00385615 -26.80568956 31.73145279
v 0.17860005 -26.79080889 31.74768388
v 0.36136559 -26.74336545 31.76554292
v 0.53572061 -26.66326240 31.78428486
v 0.69317600 -26.55349486 31.80304542
v 0.82679978 -26.41981095 31.82096034
v 0.93219447 -26.26976930 31.83727339
v 1.01054891 -26.10432729 31.85350820
v 1.06086279 -25.92233382 31.87136352
v 1.07868749 -25.73128976 31.89010918
v 1.06237107 -25.54004267 31.90886974
v 1.01342727 -25.35747178 31.92678094
v 0.93619869 -25.19116737 31.94310144
v 0.83211530 -25.04058182 31.95933253
v 0.69967611 -24.90600199 31.97718784
v 0.54315053 -24.79502745 31.99592978
v 0.36937444 -24.71351624 32.01469406
v 0.18679464 -24.66459945 32.03260899
v 0.00415293 -24.64831248 32.04892203
v -0.17829656 -24.66314100 32.06515685
v -0.36106864 -24.71052855 32.08301216
v -0.53544476 -24.79057945 32.10175410
v -0.69293432 -24.90030415 32.12051839
v -0.82660187 -25.03395267 32.13843331
v -0.93204511 -25.18397383 32.15475008
v -1.01044122 -25.34938417 32.17097744
v -1.06080563 -25.53135529 32.18883649
v -1.07868633 -25.72239190 32.20757842
v -1.06242567 -25.91364644 32.22634271
v -1.01353286 -26.09623782 32.24425390
v -0.69991592 -26.54779330 32.29465336
v 0.17799306 -26.79090947 32.38262609
v 0.36077166 -26.74357779 32.40047768
v 0.53516886 -26.66357905 32.41922334
v 0.69269259 -26.55389905 32.43798763
v 1.01033342 -26.10490471 32.48845413
v 1.06074847 -25.92295408 32.50630200
v 1.07868493 -25.73192492 32.52504393
v 1.06248027 -25.54066293 32.54381195
v 1.01363822 -25.35805106 32.56172687
v 0.93649339 -25.19168146 32.57804736
v 0.83250680 -25.04105680 32.59427473
v 0.70015568 -24.90640990 32.61212632
v 0.54369954 -24.79534782 32.63086826
v 0.36996699 -24.71373230 32.64963254
v 0.18740165 -24.66470748 32.66754746
v 0.00474655 -24.64831434 32.68387541
v -0.17768958 -24.66304041 32.70009905
v -0.36047466 -24.71031807 32.71795064
v -0.53489296 -24.79026280 32.73668885
v -0.69245079 -24.89989810 32.75545686
v -0.82620571 -25.03347956 32.77337179
v -0.93174609 -25.18346161 32.78969973
v -1.01022562 -25.34880675 32.80592337
v -1.06069120 -25.53073503 32.82377124
v -1.07868342 -25.72175674 32.84251317
v -1.06253463 -25.91302618 32.86127746
v -1.01374369 -26.09565854 32.87919983
v -0.93664072 -26.26205981 32.89552405
v -0.83270238 -26.41270496 32.91174769
v -0.70039538 -26.54738538 32.92959556
v -0.54397393 -26.65849216 32.94833750
v -0.37026324 -26.74015798 32.96710178
v -0.18770515 -26.78923868 32.98502415
v -0.00504339 -26.80568397 33.00135210
v 0.17738609 -26.79101191 33.01757202
v 0.36017766 -26.74378827 33.03541988
v 0.53461693 -26.66389383 33.05416182
v 0.69220894 -26.55430511 33.07292610
v 0.82600751 -26.42075531 33.09084848
v 0.93159650 -26.27079561 33.10717270
v 1.01011770 -26.10548027 33.12339261
v 1.06063380 -25.92357434 33.14124420
v 1.07868179 -25.73256008 33.15998614
v 1.06258900 -25.54128505 33.17875043
v 1.01384893 -25.35863034 33.19666907
v 0.93678792 -25.19219741 33.21299702
v 0.83289796 -25.04153177 33.22921693
v 0.70063502 -24.90681969 33.24706480
v 0.54424832 -24.79566820 33.26580301
v 0.37055946 -24.71395023 33.28457102
v 0.18800866 -24.66481365 33.30249339
v 0.00534026 -24.64831620 33.31882507
v -0.17708262 -24.66293797 33.33504125
v -0.35988059 -24.71010759 33.35288912
v -0.53434091 -24.78994802 33.37162733
v -0.69196697 -24.89949390 33.39039534
v -0.82580926 -25.03300831 33.40831771
v -0.93144679 -25.18294752 33.42464939
v -1.01000967 -25.34823120 33.44086558
v -1.06057629 -25.53011663 33.45870972
v -1.07868016 -25.72112158 33.47745165
v -1.06264325 -25.91240220 33.49621966
v -1.01395417 -26.09507926 33.51414204
v -0.93693507 -26.26154386 33.53047743
v -0.83309342 -26.41222998 33.54669362
v -0.70087455 -26.54697560 33.56453404
v -0.54452266 -26.65817179 33.58327597
v -0.37085568 -26.73994191 33.60204399
v -0.18831217 -26.78913251 33.61996636
v -0.00563714 -26.80568211 33.63629803
v 0.17677911 -26.79111250 33.65251422
v 0.35958353 -26.74399875 33.67035836
v 0.53406489 -26.66420862 33.68909657
v 0.69172500 -26.55470930 33.70786831
v 0.82561088 -26.42122842 33.72578695
v 0.93129702 -26.27130784 33.74212235
v 1.00990164 -26.10605769 33.75833854
v 1.06051879 -25.92419460 33.77617896
v 1.07867841 -25.73319711 33.79492089
v 1.06269750 -25.54190718 33.81368518
v 1.01405929 -25.35920963 33.83161128
v 0.93708216 -25.19271336 33.84795040
v 0.83328882 -25.04200675 33.86416286
v 0.70111407 -24.90722947 33.88200328
v 0.54479693 -24.79598857 33.90074149
v 0.37115184 -24.71416630 33.91950950
v 0.18861568 -24.66492169 33.93743560
v 0.00593405 -24.64831993 33.95377472
v -0.17647563 -24.66283739 33.96998718
v -0.35928644 -24.70989712 33.98782760
v -0.53378876 -24.78963323 34.00656581
v -0.69148297 -24.89908971 34.02533382
v -0.82541246 -25.03253706 34.04326364
v -0.93114714 -25.18243529 34.05959532
v -1.00979349 -25.34765564 34.07580778
v -1.06046116 -25.52949637 34.09365192
v -1.07867655 -25.72048642 34.11239013
v -1.06275151 -25.91178194 34.13115814
v -1.01416430 -26.09449998 34.14908424
v -0.93722920 -26.26102977 34.16542336
v -0.83348411 -26.41175501 34.18163210
v -0.70135348 -26.54656582 34.19947252
v -0.54507121 -26.65785141 34.21821073
v -0.37144800 -26.73972584 34.23697874
v -0.18891919 -26.78902447 34.25490856
v -0.00623098 -26.80568025 34.27124768
v 0.17617215 -26.79121308 34.28745642
v 0.35898935 -26.74420737 34.30529684
v 0.53351262 -26.66452341 34.32403505
v 0.69124083 -26.55511349 34.34280306
v 0.82521397 -26.42169967 34.36073288
v 0.93099725 -26.27182007 34.37707201
v 1.00968522 -26.10663325 34.39328074
v 1.06040342 -25.92481300 34.41112116
v 1.07867457 -25.73383227 34.42985937
v 1.06280553 -25.54252744 34.44862738
v 1.01426931 -25.35979077 34.46655720
v 0.93737611 -25.19322932 34.48290005
v 0.83367934 -25.04248172 34.49910879
v 0.70159283 -24.90763925 34.51694548
v 0.54534536 -24.79631081 34.53568369
v 0.37174410 -24.71438423 34.55445170
v 0.18922272 -24.66502972 34.57238153
v 0.00652792 -24.64832366 34.58872065
v -0.17586866 -24.66273680 34.60492939
v -0.35869222 -24.70968664 34.62276980
v -0.53323642 -24.78932030 34.64150056
v -0.69099863 -24.89868551 34.66027603
v -0.82501542 -25.03206395 34.67820212
v -0.93084719 -25.18192306 34.69454497
v -1.00957695 -25.34708008 34.71075371
v -1.06034556 -25.52887611 34.72859040
v -1.07867247 -25.71984939 34.74732488
v -1.06285943 -25.91116168 34.76609662
v -1.01437431 -26.09391883 34.78402644
v -0.93752309 -26.26051195 34.80037302
v -0.83387451 -26.41128004 34.81657803
v -0.70183212 -26.54615603 34.83441100
v -0.54561952 -26.65752918 34.85314921
v -0.37204020 -26.73950791 34.87192094
v -0.18952621 -26.78891644 34.88985077
v -0.00682489 -26.80567466 34.90619734
v 0.17556516 -26.79131366 34.92240235
v 0.35839505 -26.74441785 34.94023532
v 0.53296017 -26.66483819 34.95897353
v -0.87764137 -26.46342851 35.07346660
v -0.73642854 -26.60464123 35.07346660
v -0.99218753 -26.29983984 35.07346660
v -0.57283969 -26.71918832 35.07346660
v -0.39184545 -26.80358663 35.07346660
v 1.07493531 -25.81699751 35.07346660
v 0.99218753 -25.15416034 35.07346660
v 0.99218753 -26.15026012 35.07346660
v 1.00139354 -26.12799406 35.07346660
v 1.00946857 -26.10720880 35.07346660
v 1.05182070 -25.96628852 35.07346660
v 1.06028758 -25.92543326 35.07346660
v 0.57283969 -24.73481186 35.07346660
v 0.73642854 -24.84935895 35.07346660
v 0.87764137 -24.99057166 35.07346660
v 0.39184545 -24.65041354 35.07346660
v 0.19894514 -24.59872514 35.07346660
v -0.00000000 -24.58132058 35.07346660
v -0.19894514 -24.59872514 35.07346660
v -0.99218753 -25.15416034 35.07346660
v -0.39184545 -24.65041354 35.07346660
v -0.57283969 -24.73481186 35.07346660
v -0.73642854 -24.84935895 35.07346660
v -0.87764137 -24.99057166 35.07346660
v -1.07658666 -26.11884475 35.07346660
v -1.07658666 -25.33515543 35.07346660
v -1.12827402 -25.52805468 35.07346660
v -1.12827402 -25.92594549 35.07346660
v -1.14567939 -25.72700009 35.07346660
v 0.99218753 -26.29983984 35.21003202
v 0.96335693 -26.28319524 35.19081324
v 0.99218753 -26.22526698 35.19501537
v 0.92770427 -26.33706853 35.18420830
v 0.86264801 -26.37462877 35.15997157
v 0.93417830 -26.26634762 35.17135978
v 0.99218753 -26.15026012 35.18275172
v 0.39369686 -26.73128434 35.07346660
v 0.35839505 -26.74441785 35.07346660
v 0.35839505 -26.74441785 35.01961008
v 0.17556516 -26.79131366 35.00177711
v 0.23075225 -26.78072639 35.07346660
v 0.17556516 -26.79131366 35.07346660
v -0.00682489 -26.80567466 34.98557210
v 0.12953946 -26.79788880 35.07346660
v 0.53296017 -26.66483819 35.03834829
v 0.69075637 -26.55551769 35.05711630
v 0.69075637 -26.55551769 35.07346660
v 0.56533044 -26.64568834 35.07346660
v 0.53296017 -26.66483819 35.07346660
v 0.41479256 -26.72275715 35.07346660
v 0.81476953 -26.43392049 35.07346660
v 0.75066375 -26.50165372 35.07346660
v 0.70392760 -26.54435672 35.07346660
v 0.93069708 -26.27233416 35.09139642
v 0.86264801 -26.37462877 35.07346660
v -0.00000000 -24.64830317 27.68365294
v -0.18254554 -24.66386184 27.69992687
v -0.36522382 -24.71201308 27.71781199
v -0.53930224 -24.79279600 27.73656510
v -0.69631165 -24.90314655 27.75532007
v -0.82936615 -25.03726259 27.77320333
v -0.93412888 -25.18756688 27.78947912
v -1.01194181 -25.35342425 27.80574933
v -1.06159714 -25.53569712 27.82363258
v -1.07869611 -25.72684176 27.84238756
v -1.06165302 -25.91799386 27.86114067
v -1.01204845 -26.10028721 27.87902579
v -0.93427708 -26.26617625 27.89530344
v -0.82956307 -26.41649917 27.91157551
v -0.69655239 -26.55064873 27.92945690
v -0.53957739 -26.66104585 27.94821002
v -0.36552045 -26.74187906 27.96696499
v -0.18284903 -26.79008618 27.98485197
v -0.00029650 -26.80569701 28.00112963
v 0.18224203 -26.79019049 28.01739797
v 0.36492720 -26.74209327 28.03527936
v 0.53902698 -26.66136436 28.05403247
v 0.69607084 -26.55105665 28.07278745
v 0.82916924 -26.41697414 28.09067443
v 0.93398057 -26.26669034 28.10695209
v 1.01183506 -26.10086463 28.12322229
v 1.06154114 -25.91861412 28.14110368
v 1.07869611 -25.72747692 28.15985680
v 1.06170878 -25.53631738 28.17861177
v 1.01215497 -25.35400167 28.19649875
v 0.93442528 -25.18807910 28.21277827
v 0.82975981 -25.03773570 28.22904661
v 0.69679308 -24.90355261 28.24692801
v 0.53985254 -24.79311265 28.26567926
v 0.36581708 -24.71222728 28.28443609
v 0.18315254 -24.66396615 28.30232307
v 0.00059302 -24.64830317 28.31860259
v -0.18193854 -24.66375753 28.33487093
v -0.36463051 -24.71180074 28.35275047
v -0.53875172 -24.79247749 28.37150171
v -0.69582998 -24.90273863 28.39025855
v -0.82897220 -25.03678948 28.40814739
v -0.93383214 -25.18705279 28.42442691
v -1.01172831 -25.35284683 28.44069526
v -1.06148515 -25.53507686 28.45857479
v -1.07869587 -25.72620474 28.47732604
v -1.06176443 -25.91737173 28.49608101
v -1.01226137 -26.09970979 28.51397172
v -0.93457341 -26.26566403 28.53025310
v -0.82995655 -26.41602606 28.54651771
v -0.69703371 -26.55024268 28.56439538
v -0.54012763 -26.66072734 28.58314849
v -0.36611364 -26.74166486 28.60190347
v -0.18345605 -26.78998187 28.61979418
v -0.00088956 -26.80569515 28.63607742
v 0.18163503 -26.79029480 28.65234204
v 0.36433383 -26.74230561 28.67021970
v 0.53847639 -26.66168101 28.68897095
v 0.69558900 -26.55146457 28.70772779
v 0.82877511 -26.41744725 28.72561850
v 0.93368371 -26.26720443 28.74190360
v 1.01162156 -26.10144205 28.75816450
v 1.06142904 -25.91923438 28.77604216
v 1.07869564 -25.72811209 28.79479341
v 1.06182008 -25.53693764 28.81355025
v 1.01236778 -25.35457909 28.83144096
v 0.93472144 -25.18859319 28.84772606
v 0.83015318 -25.03821068 28.86398882
v 0.69727423 -24.90396053 28.88186648
v 0.54040266 -24.79343116 28.90061773
v 0.36641018 -24.71244149 28.91937457
v 0.18375958 -24.66407046 28.93726528
v 0.00118612 -24.64830503 28.95355225
v -0.18133153 -24.66365509 28.96981500
v -0.36403709 -24.71158840 28.98768894
v -0.53820101 -24.79216084 29.00644019
v -0.69534802 -24.90233257 29.02519889
v -0.82857790 -25.03631637 29.04309146
v -0.93353511 -25.18653870 29.05937843
v -1.01151457 -25.35226941 29.07563746
v -1.06137281 -25.53445660 29.09351140
v -1.07869518 -25.72556958 29.11226265
v -1.06187549 -25.91675147 29.13101949
v -1.01247407 -26.09913051 29.14891392
v -0.93486946 -26.26514994 29.16520275
v -0.83034975 -26.41555294 29.18146178
v -0.69751474 -26.54983662 29.19933572
v -0.54067769 -26.66040882 29.21808697
v -0.36670672 -26.74145065 29.23684381
v -0.18406306 -26.78987570 29.25473824
v -0.00148270 -26.80569515 29.27102707
v 0.18102802 -26.79039724 29.28728424
v 0.36374034 -26.74251795 29.30515818
v 0.53792557 -26.66199766 29.32390943
v 0.69510692 -26.55187063 29.34266627
v 0.82838064 -26.41792037 29.36056070
v 0.93338650 -26.26771666 29.37685139
v 1.01140758 -26.10201947 29.39310856
v 1.06131646 -25.91985464 29.41098250
v 1.07869471 -25.72874725 29.42973189
v 1.06193102 -25.53755790 29.44849059
v 1.01258024 -25.35515837 29.46638502
v 0.93501736 -25.18910728 29.48267758
v 0.83054625 -25.03868379 29.49893288
v 0.69775514 -24.90436845 29.51680496
v 0.54095261 -24.79374968 29.53555435
v 0.36700323 -24.71265569 29.55431305
v 0.18436657 -24.66417663 29.57221121
v 0.00177931 -24.64830503 29.58850376
v -0.18072453 -24.66355078 29.60475720
v -0.36344360 -24.71137419 29.62262928
v -0.53765014 -24.79184419 29.64137867
v -0.69486577 -24.90192652 29.66013551
v -0.82818331 -25.03584325 29.67803366
v -0.93323778 -25.18602647 29.69432622
v -1.01130048 -25.35169199 29.71058153
v -1.06126000 -25.53383633 29.72844988
v -1.07869424 -25.72493441 29.74719927
v -1.06198632 -25.91613121 29.76595797
v -1.01268641 -26.09855309 29.78385799
v -0.93516527 -26.26463585 29.80015241
v -0.83074265 -26.41507797 29.81640399
v -0.69799548 -26.54942870 29.83427420
v -0.54122752 -26.66009031 29.85302359
v -0.36729971 -26.74123645 29.87178229
v -0.18467008 -26.78977139 29.88968045
v -0.00207594 -26.80569328 29.90597673
v 0.18042103 -26.79050155 29.92223017
v 0.36314680 -26.74273029 29.94009852
v 0.53737464 -26.66231431 29.95884791
v 0.69462461 -26.55227669 29.97760661
v 0.82798593 -26.41839348 29.99550477
v 0.93308900 -26.26823075 30.01180105
v 1.01119338 -26.10259689 30.02805263
v 1.06120366 -25.92047490 30.04592098
v 1.07869355 -25.72938241 30.06466851
v 1.06204150 -25.53818002 30.08342907
v 1.01279246 -25.35573579 30.10132723
v 0.93531306 -25.18962137 30.11762537
v 0.83093898 -25.03915876 30.13387695
v 0.69823576 -24.90477636 30.15174530
v 0.54150238 -24.79406819 30.17049283
v 0.36759619 -24.71286990 30.18925339
v 0.18497359 -24.66428094 30.20715341
v 0.00237259 -24.64830689 30.22345155
v -0.18011752 -24.66344833 30.23969941
v -0.36285000 -24.71116185 30.25756590
v -0.53709908 -24.79152754 30.27631529
v -0.69438334 -24.90152046 30.29507585
v -0.82778843 -25.03537014 30.31297773
v -0.93294011 -25.18551238 30.32927774
v -1.01108616 -25.35111457 30.34552373
v -1.06114696 -25.53321607 30.36339022
v -1.07869273 -25.72429925 30.38213961
v -1.06209668 -25.91551095 30.40089831
v -1.01289852 -26.09797195 30.41880019
v -0.93546079 -26.26411989 30.43510206
v -0.83113520 -26.41460486 30.45134805
v -0.69847598 -26.54902078 30.46921268
v -0.54177718 -26.65977180 30.48796020
v -0.36789262 -26.74102224 30.50672077
v -0.18527709 -26.78966522 30.52462451
v -0.00266926 -26.80569328 30.54092638
v 0.17981403 -26.79060400 30.55717237
v 0.36255317 -26.74294263 30.57503700
v 0.53682347 -26.66263096 30.59378453
v 0.69414196 -26.55268274 30.61254509
v 0.82759088 -26.41886659 30.63044883
v 0.93279115 -26.26874298 30.64675070
v 1.01097883 -26.10317431 30.66299669
v 1.06109027 -25.92109516 30.68086132
v 1.07869192 -25.73001944 30.69960698
v 1.06215174 -25.53880028 30.71836941
v 1.01300445 -25.35631508 30.73627315
v 0.93560852 -25.19013733 30.75257689
v 0.83133136 -25.03963187 30.76881915
v 0.69871615 -24.90518428 30.78668378
v 0.54205192 -24.79438856 30.80542944
v 0.36818904 -24.71308596 30.82419187
v 0.18558060 -24.66438711 30.84209561
v 0.00296595 -24.64830689 30.85840121
v -0.17951053 -24.66334589 30.87464347
v -0.36225631 -24.71095137 30.89250810
v -0.53654780 -24.79121089 30.91125377
v -0.69390057 -24.90111440 30.93001433
v -0.82739315 -25.03489703 30.94791993
v -0.93264208 -25.18500015 30.96422553
v -1.01087149 -25.35053715 30.98046593
v -1.06103357 -25.53259581 30.99832870
v -1.07869098 -25.72366409 31.01707622
v -1.06220669 -25.91488883 31.03583679
v -1.01311028 -26.09739639 31.05374426
v -0.93575614 -26.26360580 31.07005171
v -0.83152746 -26.41412988 31.08629212
v -0.69895625 -26.54861100 31.10415302
v -0.54232666 -26.65945143 31.12289868
v -0.36848543 -26.74080618 31.14166111
v -0.18588411 -26.78955905 31.15956672
v -0.00326266 -26.80569142 31.17587604
v 0.17920704 -26.79070644 31.19211644
v 0.36195942 -26.74315497 31.20997548
v 0.53627213 -26.66294761 31.22872114
v 0.69365912 -26.55308880 31.24748357
v 0.82719547 -26.41933970 31.26539290
v 0.93249296 -26.26925707 31.28169850
v 1.01076404 -26.10375173 31.29794076
v 1.06097676 -25.92171542 31.31579980
v 1.07868994 -25.73065460 31.33454546
v 1.06226164 -25.53942055 31.35330603
v 1.01321598 -25.35689436 31.37121722
v 0.93590369 -25.19065142 31.38752654
v 0.83172350 -25.04010685 31.40376136
v 0.69919624 -24.90559220 31.42162412
v 0.54260134 -24.79470707 31.44036978
v 0.36878180 -24.71330203 31.45913035
v 0.18618762 -24.66449328 31.47703782
v 0.00355940 -24.64831062 31.49335086
v -0.17890355 -24.66324344 31.50958568
v -0.36166250 -24.71073903 31.52744845
v -0.53599640 -24.79089424 31.54619038
v -0.69341756 -24.90070835 31.56495467
v -0.82699768 -25.03442578 31.58286214
v -0.93234377 -25.18448606 31.59917518
v -1.01065647 -25.34995973 31.61541000
v -1.06091984 -25.53197555 31.63326904
v -1.07868889 -25.72302707 31.65201470
v -1.06231635 -25.91426857 31.67077526
v -1.01332169 -26.09681711 31.68868646
v -0.93605125 -26.26309171 31.70499951
v -0.83191943 -26.41365491 31.72123432
v -0.69943623 -26.54820308 31.73909336
v -0.54287596 -26.65913291 31.75783902
v -0.36907813 -26.74059197 31.77659959
v -0.18649113 -26.78945288 31.79451078
v -0.00385615 -26.80568956 31.81082383
v 0.17860005 -26.79080889 31.82705864
v 0.36136559 -26.74336545 31.84491396
v 0.53572061 -26.66326240 31.86365962
v 0.69317600 -26.55349486 31.88242391
v 0.82679978 -26.41981095 31.90033510
v 0.93219447 -26.26976930 31.91665187
v 1.01054891 -26.10432729 31.93288296
v 1.06086279 -25.92233382 31.95073828
v 1.07868749 -25.73128976 31.96948394
v 1.06237107 -25.54004267 31.98824823
v 1.01342727 -25.35747178 32.00615570
v 0.93619869 -25.19116737 32.02247620
v 0.83211530 -25.04058182 32.03870729
v 0.69967611 -24.90600199 32.05655888
v 0.54315053 -24.79502745 32.07530454
v 0.36937444 -24.71351624 32.09406883
v 0.18679464 -24.66459945 32.11198375
v 0.00415293 -24.64831248 32.12830052
v -0.17829656 -24.66314100 32.14453161
v -0.36106864 -24.71052855 32.16238320
v -0.53544476 -24.79057945 32.18112886
v -0.69293432 -24.90030415 32.19989315
v -0.82660187 -25.03395267 32.21780807
v -0.93204511 -25.18397383 32.23412484
v -1.01044122 -25.34938417 32.25035593
v -1.06080563 -25.53135529 32.26820752
v -1.07868633 -25.72239190 32.28695318
v -1.06242567 -25.91364644 32.30571747
v -1.01353286 -26.09623782 32.32363239
v -0.93634607 -26.26257576 32.33994916
v -0.83231105 -26.41317993 32.35617653
v -0.69991592 -26.54779330 32.37403184
v -0.54342503 -26.65881440 32.39277378
v -0.36967074 -26.74037591 32.41153806
v -0.18709815 -26.78934671 32.42945299
v -0.00444973 -26.80568770 32.44577348
v 0.17799306 -26.79090947 32.46200085
v 0.36077166 -26.74357779 32.47985616
v 0.53516886 -26.66357905 32.49859437
v 0.69269259 -26.55389905 32.51736239
v 0.82640379 -26.42028406 32.53527731
v 0.93189563 -26.27028339 32.55160153
v 1.01033342 -26.10490471 32.56782517
v 1.06074847 -25.92295408 32.58567676
v 1.07868493 -25.73192492 32.60441869
v 1.06248027 -25.54066293 32.62318298
v 1.01363822 -25.35805106 32.64110163
v 0.93649339 -25.19168146 32.65742585
v 0.83250680 -25.04105680 32.67364949
v 0.70015568 -24.90640990 32.69150108
v 0.54369954 -24.79534782 32.71024302
v 0.36996699 -24.71373230 32.72900730
v 0.18740165 -24.66470748 32.74692595
v 0.00474655 -24.64831434 32.76325017
v -0.17768958 -24.66304041 32.77947381
v -0.36047466 -24.71031807 32.79732540
v -0.53489296 -24.79026280 32.81606734
v -0.69245079 -24.89989810 32.83483163
v -0.82620571 -25.03347956 32.85275027
v -0.93174609 -25.18346161 32.86907449
v -1.01022562 -25.34880675 32.88529813
v -1.06069120 -25.53073503 32.90314972
v -1.07868342 -25.72175674 32.92189166
v -1.06253463 -25.91302618 32.94065595
v -1.01374369 -26.09565854 32.95857087
v -0.93664072 -26.26205981 32.97489882
v -0.83270238 -26.41270496 32.99112245
v -0.70039538 -26.54738538 33.00897032
v -0.54397393 -26.65849216 33.02770853
v -0.37026324 -26.74015798 33.04647654
v -0.18770515 -26.78923868 33.06439519
v -0.00504339 -26.80568397 33.08072314
v 0.17738609 -26.79101191 33.09694678
v 0.36017766 -26.74378827 33.11479092
v 0.53461693 -26.66389383 33.13353285
v 0.69220894 -26.55430511 33.15230086
v 0.82600751 -26.42075531 33.17021951
v 0.93159650 -26.27079561 33.18655118
v 1.01011770 -26.10548027 33.20277110
v 1.06063380 -25.92357434 33.22061524
v 1.07868179 -25.73256008 33.23935717
v 1.06258900 -25.54128505 33.25812519
v 1.01384893 -25.35863034 33.27604756
v 0.93678792 -25.19219741 33.29237550
v 0.83289796 -25.04153177 33.30859542
v 0.70063502 -24.90681969 33.32643956
v 0.54424832 -24.79566820 33.34518149
v 0.37055946 -24.71395023 33.36394951
v 0.18800866 -24.66481365 33.38187188
v 0.00534026 -24.64831620 33.39819610
v -0.17708262 -24.66293797 33.41441602
v -0.35988059 -24.71010759 33.43226388
v -0.53434091 -24.78994802 33.45100582
v -0.69196697 -24.89949390 33.46977383
v -0.82580926 -25.03300831 33.48769248
v -0.93144679 -25.18294752 33.50402415
v -1.01000967 -25.34823120 33.52024034
v -1.06057629 -25.53011663 33.53808448
v -1.07868016 -25.72112158 33.55682641
v -1.06264325 -25.91240220 33.57559070
v -1.01395417 -26.09507926 33.59351680
v -0.93693507 -26.26154386 33.60984847
v -0.83309342 -26.41222998 33.62606466
v -0.70087455 -26.54697560 33.64390880
v -0.54452266 -26.65817179 33.66265073
v -0.37085568 -26.73994191 33.68141502
v -0.18831217 -26.78913251 33.69934112
v -0.00563714 -26.80568211 33.71567652
v 0.17677911 -26.79111250 33.73188898
v 0.35958353 -26.74399875 33.74973312
v 0.53406489 -26.66420862 33.76847133
v 0.69172500 -26.55470930 33.78723934
v 0.82561088 -26.42122842 33.80516544
v 0.93129702 -26.27130784 33.82149711
v 1.00990164 -26.10605769 33.83770958
v 1.06051879 -25.92419460 33.85555744
v 1.07867841 -25.73319711 33.87429565
v 1.06269750 -25.54190718 33.89306366
v 1.01405929 -25.35920963 33.91098604
v 0.93708216 -25.19271336 33.92732143
v 0.83328882 -25.04200675 33.94353762
v 0.70111407 -24.90722947 33.96138176
v 0.54479693 -24.79598857 33.98011625
v 0.37115184 -24.71416630 33.99888426
v 0.18861568 -24.66492169 34.01681036
v 0.00593405 -24.64831993 34.03314948
v -0.17647563 -24.66283739 34.04936194
v -0.35928644 -24.70989712 34.06720236
v -0.53378876 -24.78963323 34.08594057
v -0.69148297 -24.89908971 34.10470858
v -0.82541246 -25.03253706 34.12263468
v -0.93114714 -25.18243529 34.13897380
v -1.00979349 -25.34765564 34.15518627
v -1.06046116 -25.52949637 34.17302668
v -1.07867655 -25.72048642 34.19176489
v -1.06275151 -25.91178194 34.21053290
v -1.01416430 -26.09449998 34.22845900
v -0.93722920 -26.26102977 34.24479812
v -0.83348411 -26.41175501 34.26101059
v -0.70135348 -26.54656582 34.27885100
v -0.54507121 -26.65785141 34.29758921
v -0.37144800 -26.73972584 34.31635723
v -0.18891919 -26.78902447 34.33428332
v -0.00623098 -26.80568025 34.35062245
v 0.17617215 -26.79121308 34.36683118
v 0.35898935 -26.74420737 34.38467532
v 0.53351262 -26.66452341 34.40341353
v 0.69124083 -26.55511349 34.42218155
v 0.82521397 -26.42169967 34.44010392
v 0.93099725 -26.27182007 34.45644677
v 1.00968522 -26.10663325 34.47265550
v 1.06040342 -25.92481300 34.49049219
v 1.07867457 -25.73383227 34.50923041
v 1.06280553 -25.54252744 34.52800214
v 1.01426931 -25.35979077 34.54593197
v 0.93737611 -25.19322932 34.56227109
v 0.83367934 -25.04248172 34.57847983
v 0.70159283 -24.90763925 34.59631652
v 0.54534536 -24.79631081 34.61505473
v 0.37174410 -24.71438423 34.63382646
v 0.18922272 -24.66502972 34.65175629
v 0.00652792 -24.64832366 34.66809914
v -0.17586866 -24.66273680 34.68430415
v -0.35869222 -24.70968664 34.70214084
v -0.53323642 -24.78932030 34.72087905
v -0.69099863 -24.89868551 34.73964706
v -0.82501542 -25.03206395 34.75758061
v -0.93084719 -25.18192306 34.77392346
v -1.00957695 -25.34708008 34.79012847
v -1.06034556 -25.52887611 34.80796516
v -1.07867247 -25.71984939 34.82670337
v -1.06285943 -25.91116168 34.84547138
v -1.01437431 -26.09391883 34.86340493
v -0.93752309 -26.26051195 34.87974778
v -0.83387451 -26.41128004 34.89595279
v -0.70183212 -26.54615603 34.91378948
v -0.54561952 -26.65752918 34.93252397
v -0.37204020 -26.73950791 34.95129570
v -0.18952621 -26.78891644 34.96922553
v 0.82481676 -26.42217092 35.07346660
v 0.00921582 -27.47957595 -11.25312038
v 0.30433648 -27.45297365 -11.23220380
v -0.00000000 -27.47960016 -11.15453430
v 1.42834603 -24.71140400 -10.97673457
v 1.51779607 -24.85070005 -10.97673457
v 1.51327124 -24.84290861 -10.98812558
v 1.51779631 -24.85070005 -10.98878589
v 1.64496049 -25.12225881 -11.01094298
v 1.64690532 -25.12757480 -10.97673457
v 1.64690521 -25.12757480 -11.01136021
v 1.72537891 -25.41930787 -11.03351917
v 1.72597403 -25.42266436 -10.97673457
v 1.72597403 -25.42266436 -11.03376504
v 1.75258634 -25.72008967 -11.05484180
v 1.75259996 -25.72700009 -10.97673457
v 1.75259996 -25.72700009 -11.05531491
v 1.72781362 -26.02071315 -11.07608806
v 1.72597403 -26.03133582 -10.97673457
v 1.72597391 -26.03133582 -11.07686572
v 1.64985890 -26.31824650 -11.09862886
v 1.64690532 -26.32642537 -10.97673457
v 1.64690532 -26.32642537 -11.09926961
v 1.52043474 -26.59871429 -11.12145837
v 1.51779607 -26.60330012 -10.97673457
v 1.51779631 -26.60330012 -11.12184487
v 1.34599197 -26.84945799 -11.14352979
v 1.34256948 -26.85355023 -10.97673457
v 1.34256971 -26.85354836 -11.14390697
v 1.13497744 -27.06245147 -11.16438489
v 1.12654956 -27.06956863 -10.97673457
v 1.12654862 -27.06957050 -11.16516348
v 0.88614749 -27.23906748 -11.18638646
v 0.87629998 -27.24479698 -10.97673457
v 0.87629963 -27.24479698 -11.18722465
v 0.60698652 -27.37113275 -11.20920386
v 0.59942453 -27.37390436 -10.97673457
v 0.59942488 -27.37390436 -11.20979991
v 0.31002087 -27.45196223 -11.23178564
v 0.30433579 -27.45297365 -10.97673457
v -0.00000000 -27.47960016 -10.97673457
v -1.12762034 -27.06867084 -11.24322228
v -1.12066010 -27.07448974 -11.34180184
v -0.87772252 -27.24397369 -11.22118346
v -0.87629945 -27.24479698 -11.32028364
v -0.86964457 -27.24861912 -11.31972112
v -0.59786189 -27.37447247 -11.19836606
v -0.59942447 -27.37390622 -11.29770838
v -0.58899383 -27.37766504 -11.29688974
v -0.30433608 -27.45297365 -11.17608510
v -0.30433675 -27.45297365 -11.27530448
v -0.30063221 -27.45362371 -11.17581408
v -0.29138190 -27.45520882 -11.27435453
v -0.00000124 -27.47960016 -11.25375368
v -1.72610383 -26.03059821 -11.33147534
v -1.72454177 -26.03934892 -11.43005025
v -1.64690532 -26.32642537 -11.30901556
v -1.64690509 -26.32642537 -11.40823495
v -1.64330297 -26.33623034 -11.40746288
v -1.51779619 -26.60330012 -11.28644031
v -1.51779642 -26.60330012 -11.38565876
v -1.51545170 -26.60734765 -11.28609758
v -1.51086191 -26.61520243 -11.38464920
v -1.34256983 -26.85354836 -11.26437820
v -1.34257041 -26.85354836 -11.36359759
v -1.33975293 -26.85689740 -11.26407366
v -1.33393845 -26.86375566 -11.36265602
v -1.12654909 -27.06957050 -11.34234481
v -1.51849177 -24.85190518 -11.41939964
v -1.52280100 -24.85942654 -11.51798107
v -1.64690532 -25.12757480 -11.39692776
v -1.64690532 -25.12757480 -11.49614435
v -1.64851011 -25.13200231 -11.39657758
v -1.65146682 -25.14025941 -11.49514969
v -1.72597403 -25.42266436 -11.37452386
v -1.72597391 -25.42266250 -11.47373952
v -1.72713702 -25.42933449 -11.37403306
v -1.72859943 -25.43794923 -11.47262193
v -1.75259996 -25.72700009 -11.35297399
v -1.75259996 -25.72699822 -11.45218965
v -1.75259751 -25.72993562 -11.35277282
v -1.75256212 -25.73852055 -11.45140268
v -1.72597391 -26.03133582 -11.43063791
v 0.31249726 -27.45151520 -11.92613505
v 0.31933514 -27.45026164 -12.02484779
v 0.59942494 -27.37390436 -11.90432720
v 0.59942523 -27.37390436 -12.00354658
v 0.60930470 -27.37027593 -11.90355327
v 0.61595737 -27.36779302 -12.00224645
v 0.87629957 -27.24479698 -11.88175194
v 0.87629934 -27.24479698 -11.98097132
v 0.88820746 -27.23785862 -11.88074332
v 0.89435524 -27.23422833 -11.97944023
v 1.12654839 -27.06957050 -11.85969170
v 1.12654781 -27.06957050 -11.95891108
v 1.13670691 -27.06097998 -11.85875572
v 1.14207889 -27.05638483 -11.95747685
v 1.34256983 -26.85354836 -11.83843799
v 1.34257029 -26.85354836 -11.93765737
v 1.34740223 -26.84776485 -11.83790620
v 1.35196873 -26.84225142 -11.93661895
v 1.51779642 -26.60330012 -11.81637775
v 1.51779677 -26.60329826 -11.91559713
v 1.52151438 -26.59682743 -11.81582920
v 1.52515632 -26.59042552 -11.91450842
v 1.64690532 -26.32642537 -11.79380249
v 1.64690532 -26.32642351 -11.89302187
v 1.65056880 -26.31626278 -11.79300528
v 1.65306241 -26.30922943 -11.89166959
v 1.72597391 -26.03133582 -11.77139860
v 1.72597379 -26.03133768 -11.87061798
v 1.72814936 -26.01872943 -11.77047472
v 1.72937254 -26.01138875 -11.86915673
v 1.75259996 -25.72700195 -11.74984779
v 1.75259996 -25.72700195 -11.84906717
v 1.75257795 -25.71819909 -11.74924336
v 1.75252568 -25.71086586 -11.84796076
v 1.72597391 -25.42266436 -11.72829606
v 1.72597379 -25.42266250 -11.82751544
v 1.72504981 -25.41746758 -11.72791328
v 1.72369182 -25.40999278 -11.82658505
v 1.64690521 -25.12757480 -11.70589216
v 1.64690509 -25.12757480 -11.80511154
v 1.64433243 -25.12055263 -11.70533709
v 1.64163311 -25.11328459 -11.80398278
v 1.51779631 -24.85070005 -11.68331690
v 1.51779642 -24.85070005 -11.78253628
v 1.51239405 -24.84140918 -11.68252714
v 1.50844175 -24.83469434 -11.78117655
v 1.34257018 -24.60045181 -11.66125573
v 1.34257076 -24.60045181 -11.76047511
v 1.33590796 -24.59255978 -11.66052651
v 1.33090443 -24.58669245 -11.75920479
v 1.12654932 -24.38442968 -11.63999923
v 1.12654886 -24.38442968 -11.73921861
v 1.12305384 -24.38150533 -11.63967885
v 1.11705717 -24.37652275 -11.73834689
v 0.87629969 -24.20920320 -11.61793806
v 0.87629911 -24.20920320 -11.71715837
v 0.87246241 -24.20699410 -11.61761489
v 0.86550089 -24.20301922 -11.71624474
v 0.59942447 -24.08009395 -11.59536373
v 0.59942441 -24.08009395 -11.69458311
v 0.59213024 -24.07745831 -11.59478910
v 0.58448530 -24.07473326 -11.69340871
v 0.30433651 -24.00102653 -11.57295890
v 0.30433710 -24.00102653 -11.67217828
v 0.29469767 -23.99935387 -11.57225482
v 0.28672031 -23.99801277 -11.67089026
v 0.00000081 -23.97440001 -11.55140903
v 0.00000176 -23.97440001 -11.65062841
v -0.00586674 -23.97440933 -11.55100670
v -0.01382722 -23.97445403 -11.64968219
v -0.30433608 -24.00102653 -11.52985729
v -0.30433701 -24.00102653 -11.62907667
v -0.30656543 -24.00142141 -11.52969338
v -0.31467847 -24.00288172 -11.62831672
v -0.59942470 -24.08009395 -11.50745433
v -0.59942505 -24.08009581 -11.60667278
v -0.60358678 -24.08161573 -11.50712557
v -0.61147410 -24.08453077 -11.60572376
v -0.87629975 -24.20920320 -11.48487814
v -0.87629951 -24.20920320 -11.58409752
v -0.88297087 -24.21307564 -11.48431189
v -0.89025503 -24.21734668 -11.58291381
v -1.12654897 -24.38442968 -11.46281697
v -1.12654828 -24.38442968 -11.56203635
v -1.13217137 -24.38916825 -11.46229915
v -1.13853288 -24.39457737 -11.56092994
v -1.34256959 -24.60044995 -11.44156419
v -1.34256994 -24.60045181 -11.54077984
v -1.34898466 -24.60814081 -11.54007670
v -1.51779654 -24.85070005 -11.51871867
v 1.75230205 -25.69468692 -13.33513018
v 1.75225828 -25.69239400 -13.43419310
v 1.72597356 -25.42266063 -13.31579499
v 1.72597344 -25.42266063 -13.41501530
v 1.72062602 -25.39375424 -13.31366785
v 1.72016351 -25.39137565 -13.41271214
v 1.64690486 -25.12757480 -13.29339109
v 1.64690486 -25.12757480 -13.39261048
v 1.63573714 -25.09773895 -13.29103764
v 1.63483049 -25.09538643 -13.39006983
v 1.51779677 -24.85070191 -13.27081583
v 1.51779677 -24.85070191 -13.37003522
v 1.49999035 -24.82055873 -13.26825377
v 1.49865507 -24.81835335 -13.36728316
v 1.34257181 -24.60045367 -13.24875560
v 1.34257192 -24.60045367 -13.34797498
v 1.32039585 -24.57454056 -13.24635558
v 1.31868722 -24.57258664 -13.34539335
v 1.12654769 -24.38442968 -13.22750188
v 1.12654758 -24.38442968 -13.32671847
v 1.10463507 -24.36634339 -13.22549023
v 1.10255112 -24.36465397 -13.32452055
v 0.87629812 -24.20920320 -13.20543792
v 0.87629800 -24.20920320 -13.30465730
v 0.85130637 -24.19504523 -13.20332941
v 0.84885536 -24.19368550 -13.30234297
v 0.59942447 -24.08009395 -13.18286266
v 0.59942447 -24.08009395 -13.28208204
v 0.56913780 -24.06938374 -13.18049245
v 0.56641153 -24.06845056 -13.27949576
v 0.30433823 -24.00102653 -13.16046249
v 0.30433841 -24.00102653 -13.25967815
v 0.27094880 -23.99547026 -13.15802149
v 0.26806796 -23.99502322 -13.25702854
v 0.00000313 -23.97440001 -13.13891169
v 0.00000332 -23.97440001 -13.23812641
v -0.02937083 -23.97464588 -13.13689630
v -0.03229506 -23.97469804 -13.23591452
v -0.30433861 -24.00102653 -13.11735623
v -0.30433890 -24.00102653 -13.21657561
v -0.33028322 -24.00580235 -13.11544888
v -0.33329881 -24.00638349 -13.21444474
v -0.59942558 -24.08009581 -13.09495233
v -0.59942564 -24.08009581 -13.19417171
v -0.62641635 -24.09016900 -13.09282612
v -0.62938052 -24.09130894 -13.19181081
v -0.87629899 -24.20920320 -13.07237707
v -0.87629887 -24.20920320 -13.17159645
v -0.90384542 -24.22544360 -13.07003759
v -0.90661115 -24.22711253 -13.16901855
v -1.12654699 -24.38442782 -13.05031590
v -1.12654676 -24.38442782 -13.14953621
v -1.15022028 -24.40465428 -13.04812636
v -1.15265884 -24.40677956 -13.14711757
v -1.34257087 -24.60045181 -13.02906312
v -1.34257111 -24.60045181 -13.12828250
v -1.35877402 -24.62004870 -13.02726474
v -1.36087032 -24.62262660 -13.12624943
v -1.51779712 -24.85070191 -13.00700288
v -1.51779724 -24.85070191 -13.10622226
v -1.53047626 -24.87303875 -13.00511695
v -1.53215672 -24.87605810 -13.10407929
v -1.64690532 -25.12757480 -12.98442762
v -1.64690532 -25.12757480 -13.08364701
v -1.65662391 -25.15498176 -12.98227813
v -1.65777456 -25.15832521 -13.08123581
v -1.72597368 -25.42266250 -12.96202280
v -1.72597368 -25.42266250 -13.06124311
v -1.73106196 -25.45308135 -12.95979880
v -1.73161505 -25.45659989 -13.05876113
v -1.75259996 -25.72699636 -12.94047292
v -1.75259996 -25.72699636 -13.03969231
v -1.75240065 -25.75342916 -12.93865778
v -1.75234349 -25.75698495 -13.03763594
v -1.72597368 -26.03133768 -12.91892119
v -1.72597356 -26.03133954 -13.01813684
v -1.72176317 -26.05432086 -12.91723084
v -1.72106479 -26.05797164 -13.01618200
v -1.64690497 -26.32642537 -12.89651729
v -1.64690486 -26.32642537 -12.99573667
v -1.63791596 -26.35056898 -12.89461460
v -1.63654960 -26.35414526 -12.99354620
v -1.51779666 -26.60329826 -12.87394203
v -1.51779677 -26.60329826 -12.97316141
v -1.50311715 -26.62824653 -12.87182234
v -1.50111760 -26.63157322 -12.97075581
v -1.34257146 -26.85354650 -12.85188086
v -1.34257169 -26.85354650 -12.95110025
v -1.32429367 -26.87497810 -12.84989901
v -1.32175360 -26.87790059 -12.94884644
v -1.12654816 -27.06957050 -12.83062436
v -1.12654793 -27.06957050 -12.92984374
v -1.10926258 -27.08388679 -12.82903738
v -1.10619166 -27.08639205 -12.92797737
v -0.87629847 -27.24479698 -12.80856319
v -0.87629823 -27.24479698 -12.90778257
v -0.85661252 -27.25599334 -12.80690171
v -0.85302722 -27.25799754 -12.90582027
v -0.59942447 -27.37390622 -12.78598886
v -0.59942447 -27.37390622 -12.88520824
v -0.57489559 -27.38262713 -12.78406661
v -0.57093584 -27.38399617 -12.88297679
v -0.30433779 -27.45297365 -12.76358403
v -0.30433809 -27.45297365 -12.86280341
v -0.27688741 -27.45758928 -12.76158076
v -0.27273182 -27.45824866 -12.86049467
v -0.00000268 -27.47960016 -12.74203416
v -0.00000301 -27.47960016 -12.84125354
v 0.02348942 -27.47944184 -12.74042390
v 0.02767486 -27.47938223 -12.83935644
v 0.30433803 -27.45297365 -12.72048242
v 0.30433846 -27.45297365 -12.81970181
v 0.32435625 -27.44932473 -12.71901093
v 0.32864534 -27.44851075 -12.81791367
v 0.59942540 -27.37390436 -12.69807946
v 0.59942552 -27.37390436 -12.79729884
v 0.62071969 -27.36599743 -12.69639842
v 0.62491064 -27.36440487 -12.79528718
v 0.87629916 -27.24479698 -12.67550327
v 0.87629905 -27.24479698 -12.77472265
v 0.89864479 -27.23167464 -12.67360430
v 0.90253336 -27.22934447 -12.77249120
v 1.12654746 -27.06957050 -12.65344210
v 1.12654711 -27.06957236 -12.75266148
v 1.14573142 -27.05323882 -12.65166979
v 1.14914181 -27.05028467 -12.75057252
v 1.34257053 -26.85354836 -12.63218932
v 1.34257076 -26.85354836 -12.73140498
v 1.35499716 -26.83857083 -12.63081189
v 1.35791162 -26.83500759 -12.72970717
v 1.51779689 -26.60329826 -12.61012815
v 1.51779701 -26.60329826 -12.70934381
v 1.52750674 -26.58626065 -12.60868646
v 1.52983423 -26.58211067 -12.70755567
v 1.64690532 -26.32642351 -12.58754916
v 1.64690532 -26.32642537 -12.68676855
v 1.65462575 -26.30477212 -12.58585416
v 1.65621634 -26.30019560 -12.68471219
v 1.72597379 -26.03133768 -12.56514899
v 1.72597368 -26.03133768 -12.66436465
v 1.73011189 -26.00685693 -12.56335713
v 1.73088035 -26.00206435 -12.66222633
v 1.75259996 -25.72700195 -12.54359819
v 1.75259996 -25.72700195 -12.64281478
v 1.75247947 -25.70644952 -12.54219096
v 1.75241649 -25.70163459 -12.64107786
v 1.72597368 -25.42266250 -12.52204459
v 1.72597368 -25.42266250 -12.62126304
v 1.72287947 -25.40560812 -12.52079196
v 1.72195327 -25.40068142 -12.61964720
v 1.64690497 -25.12757480 -12.49964070
v 1.64690497 -25.12757480 -12.59886008
v 1.64007477 -25.10913089 -12.49818690
v 1.63825636 -25.10432526 -12.59702723
v 1.51779654 -24.85070005 -12.47706544
v 1.51779666 -24.85070005 -12.57628482
v 1.50622684 -24.83095974 -12.47538812
v 1.50356966 -24.82650802 -12.57422846
v 1.34257099 -24.60045181 -12.45500334
v 1.34257134 -24.60045181 -12.55422272
v 1.32817833 -24.58351851 -12.45343871
v 1.32481195 -24.57961999 -12.55229767
v 1.12654851 -24.38442968 -12.43375149
v 1.12654816 -24.38442968 -12.53297087
v 1.11387495 -24.37389642 -12.43258454
v 1.10982289 -24.37057160 -12.53143605
v 0.87629887 -24.20920320 -12.41168939
v 0.87629852 -24.20920320 -12.51090877
v 0.86190732 -24.20098521 -12.41047215
v 0.85719215 -24.19833094 -12.50929665
v 0.59942441 -24.08009395 -12.38911413
v 0.59942447 -24.08009395 -12.48833351
v 0.58064697 -24.07338098 -12.38763891
v 0.57545624 -24.07156676 -12.48645317
v 0.30433739 -24.00102653 -12.36671023
v 0.30433777 -24.00102653 -12.46592961
v 0.28282517 -23.99737015 -12.36513909
v 0.27739521 -23.99649099 -12.46395987
v 0.00000215 -23.97440001 -12.34515943
v 0.00000265 -23.97440001 -12.44437881
v -0.01761154 -23.97448942 -12.34395336
v -0.02305679 -23.97455089 -12.44279929
v -0.30433742 -24.00102653 -12.32360955
v -0.30433800 -24.00102653 -12.42282894
v -0.31842757 -24.00357090 -12.32257392
v -0.32399077 -24.00460653 -12.42138259
v -0.59942517 -24.08009581 -12.30120473
v -0.59942540 -24.08009581 -12.40042504
v -0.61501574 -24.08585325 -12.29997538
v -0.62043621 -24.08789471 -12.39876635
v -0.87629940 -24.20920320 -12.27863040
v -0.87629922 -24.20920320 -12.37784978
v -0.89343212 -24.21922423 -12.27717288
v -0.89844799 -24.22220819 -12.37596385
v -1.12654793 -24.38442968 -12.25656923
v -1.12654746 -24.38442968 -12.35578861
v -1.14122697 -24.39688519 -12.25521322
v -1.14561513 -24.40066263 -12.35402189
v -1.34257018 -24.60045181 -12.23531272
v -1.34257053 -24.60045181 -12.33453210
v -1.35120656 -24.61082488 -12.23435905
v -1.35494443 -24.61536415 -12.33316027
v -1.51779666 -24.85070005 -12.21325155
v -1.51779689 -24.85070191 -12.31247000
v -1.52451941 -24.86244962 -12.21226063
v -1.52750057 -24.86772835 -12.31103204
v -1.64690532 -25.12757480 -12.19067536
v -1.64690532 -25.12757480 -12.28989474
v -1.65260735 -25.14347993 -12.18942739
v -1.65464566 -25.14928579 -12.28819229
v -1.72597379 -25.42266250 -12.16827240
v -1.72597379 -25.42266250 -12.26749178
v -1.72914099 -25.44120699 -12.16691546
v -1.73013285 -25.44727363 -12.26569153
v -1.75259996 -25.72699822 -12.14672066
v -1.75259996 -25.72699822 -12.24594004
v -1.75253861 -25.74167401 -12.14571856
v -1.75247714 -25.74774809 -12.24451698
v -1.72597379 -26.03133768 -12.12517079
v -1.72597368 -26.03133768 -12.22439017
v -1.72397506 -26.04246326 -12.12435402
v -1.72282895 -26.04866400 -12.22311612
v -1.64690509 -26.32642537 -12.10276596
v -1.64690497 -26.32642537 -12.20198534
v -1.64221355 -26.33916028 -12.10176479
v -1.63995090 -26.34519711 -12.20050734
v -1.51779642 -26.60330012 -12.08019070
v -1.51779654 -26.60330012 -12.17941102
v -1.50931906 -26.61782131 -12.07895856
v -1.50601100 -26.62340179 -12.17770390
v -1.34257064 -26.85354836 -12.05813047
v -1.34257111 -26.85354836 -12.15734985
v -1.33204972 -26.86596848 -12.05698308
v -1.32786226 -26.87084861 -12.15575077
v -1.12654897 -27.06957050 -12.03687768
v -1.12654851 -27.06957050 -12.13609334
v -1.11847208 -27.07630582 -12.03613169
v -1.11344468 -27.08045766 -12.13488914
v -0.87629922 -27.24479698 -12.01481652
v -0.87629876 -27.24479698 -12.11403217
v -0.86719060 -27.25001983 -12.01404445
v -0.86135004 -27.25332975 -12.11276930
v -0.59942447 -27.37390622 -11.99224126
v -0.59942441 -27.37390622 -12.09145598
v -0.58639189 -27.37859078 -11.99121680
v -0.57997281 -27.38085575 -12.08993234
v -0.30433695 -27.45297365 -11.96983736
v -0.30433745 -27.45297365 -12.06905302
v -0.28876198 -27.45564841 -11.96869649
v -0.28205806 -27.45675482 -12.06742506
v -0.00000153 -27.47960016 -11.94828562
v -0.00000223 -27.47960016 -12.04750128
v 0.01173728 -27.47956105 -11.94748096
v 0.01844089 -27.47950330 -12.04623934
v 0.30433675 -27.45297365 -11.92673109
v 0.30433750 -27.45297365 -12.02595048
v 0.24718780 -23.99192005 -14.74379655
v 0.24940865 -23.99223670 -14.84317612
v 0.00000412 -23.97440001 -14.72640969
v 0.00000408 -23.97440001 -14.82562907
v -0.05292972 -23.97519909 -14.72277101
v -0.05079623 -23.97513576 -14.82213475
v -0.30434059 -24.00102653 -14.70485982
v -0.30434041 -24.00102653 -14.80407547
v -0.35397164 -24.01051857 -14.70119786
v -0.35190053 -24.01009202 -14.80056997
v -0.59942610 -24.08009581 -14.68245499
v -0.59942610 -24.08009581 -14.78167437
v -0.64912898 -24.09904450 -14.67852108
v -0.64721436 -24.09828268 -14.77789413
v -0.87629823 -24.20920320 -14.65987973
v -0.87629829 -24.20920320 -14.75910004
v -0.92452538 -24.23808724 -14.65576701
v -0.92284690 -24.23704602 -14.75512795
v -1.12654536 -24.38442782 -14.63781949
v -1.12654548 -24.38442782 -14.73703887
v -1.16801832 -24.42034706 -14.63396754
v -1.16662960 -24.41911027 -14.73331638
v -1.34257239 -24.60045367 -14.61656298
v -1.34257216 -24.60045367 -14.71578237
v -1.37374166 -24.63868074 -14.61306866
v -1.37261860 -24.63726327 -14.71241377
v -1.51779782 -24.85070378 -14.59450182
v -1.51779770 -24.85070191 -14.69372120
v -1.54217600 -24.89435300 -14.59082775
v -1.54133653 -24.89280142 -14.69017752
v -1.64690521 -25.12757480 -14.57192656
v -1.64690521 -25.12757480 -14.67114501
v -1.66441419 -25.17806366 -14.56798054
v -1.66388252 -25.17645434 -14.66732286
v -1.72597344 -25.42266063 -14.54952266
v -1.72597344 -25.42266063 -14.64874204
v -1.73465488 -25.47684126 -14.54557292
v -1.73442590 -25.47525801 -14.64490779
v -1.75259996 -25.72699636 -14.52797092
v -1.75259996 -25.72699636 -14.62719031
v -1.75188715 -25.77698044 -14.52453714
v -1.75192929 -25.77548102 -14.62385617
v -1.72597321 -26.03133954 -14.50642012
v -1.72597333 -26.03133954 -14.60563950
v -1.71708968 -26.07801184 -14.50297795
v -1.71738258 -26.07657574 -14.60230537
v -1.64690474 -26.32642537 -14.48401622
v -1.64690474 -26.32642537 -14.58323561
v -1.62908179 -26.37329698 -14.48031049
v -1.62959984 -26.37198940 -14.57963325
v -1.51779712 -26.60329826 -14.46144097
v -1.51779712 -26.60329826 -14.56066035
v -1.49050751 -26.64895169 -14.45754804
v -1.49120414 -26.64782479 -14.55686428
v -1.34257285 -26.85354464 -14.43938073
v -1.34257274 -26.85354650 -14.53860011
v -1.30862510 -26.89280733 -14.43573646
v -1.30944024 -26.89189091 -14.53504153
v -1.12654641 -27.06957236 -14.41812329
v -1.12654653 -27.06957236 -14.51734360
v -1.09066209 -27.09888294 -14.41484131
v -1.09157385 -27.09815837 -14.51414637
v -0.87629724 -27.24479698 -14.39606305
v -0.87629730 -27.24479698 -14.49528243
v -0.83532045 -27.26772986 -14.39261623
v -0.83629822 -27.26719901 -14.49191384
v -0.59942459 -27.37390436 -14.37348779
v -0.59942459 -27.37390436 -14.47270717
v -0.55182748 -27.39045769 -14.36976902
v -0.55281579 -27.39012986 -14.46906384
v -0.30433937 -27.45297365 -14.35108762
v -0.30433931 -27.45297365 -14.45030328
v -0.25312882 -27.46122330 -14.34735116
v -0.25407397 -27.46108547 -14.44664132
v -0.00000398 -27.47960016 -14.32953216
v -0.00000396 -27.47960016 -14.42875154
v 0.04703520 -27.47896872 -14.32630233
v 0.04616798 -27.47899108 -14.42558225
v 0.30434012 -27.45297365 -14.30798136
v 0.30434006 -27.45297365 -14.40720074
v 0.34805268 -27.44469233 -14.30475898
v 0.34725203 -27.44485438 -14.40403797
v 0.59942598 -27.37390436 -14.28557746
v 0.59942598 -27.37390436 -14.38479684
v 0.64346218 -27.35720389 -14.28209897
v 0.64276287 -27.35747956 -14.38136958
v 0.87629841 -27.24479698 -14.26300220
v 0.87629841 -27.24479698 -14.36222158
v 0.91937394 -27.21909806 -14.25933372
v 0.91879943 -27.21945196 -14.35860060
v 1.12654571 -27.06957236 -14.24094103
v 1.12654583 -27.06957236 -14.34016041
v 1.16359256 -27.03759447 -14.23750725
v 1.16315158 -27.03798562 -14.33676761
v 1.34257192 -26.85354650 -14.21968825
v 1.34257192 -26.85354650 -14.31890763
v 1.37002091 -26.82000026 -14.21661954
v 1.36969448 -26.82041004 -14.31587618
v 1.51779759 -26.60329826 -14.19762708
v 1.51779759 -26.60329826 -14.29684740
v 1.53927796 -26.56499110 -14.19440191
v 1.53905817 -26.56539530 -14.29365482
v 1.64690532 -26.32642537 -14.17505275
v 1.64690532 -26.32642537 -14.27427214
v 1.66249706 -26.28171630 -14.17155471
v 1.66237436 -26.28208324 -14.27080389
v 1.72597344 -26.03133954 -14.15264793
v 1.72597344 -26.03133954 -14.25186731
v 1.73378771 -25.98309889 -14.14913218
v 1.73374231 -25.98340623 -14.24836926
v 1.75259996 -25.72700381 -14.13109805
v 1.75259996 -25.72700381 -14.23031744
v 1.75204535 -25.68291128 -14.12806846
v 1.75205129 -25.68314597 -14.22730368
v 1.72597333 -25.42266063 -14.10954632
v 1.72597333 -25.42266063 -14.20876198
v 1.71828922 -25.38190782 -14.10654467
v 1.71832240 -25.38207360 -14.20577429
v 1.64690474 -25.12757480 -14.08714335
v 1.64690474 -25.12757480 -14.18636180
v 1.63132010 -25.08637495 -14.08388745
v 1.63135561 -25.08646436 -14.18311056
v 1.51779701 -24.85070191 -14.06456716
v 1.51779701 -24.85070191 -14.16378655
v 1.49368553 -24.81020615 -14.06111848
v 1.49369822 -24.81022663 -14.16033786
v 1.34257250 -24.60045367 -14.04250599
v 1.34257250 -24.60045367 -14.14172538
v 1.31256157 -24.56562594 -14.03927617
v 1.31253048 -24.56559055 -14.13849276
v 1.12654688 -24.38442782 -14.02124949
v 1.12654688 -24.38442782 -14.12046887
v 1.09533477 -24.35884438 -14.01839219
v 1.09524222 -24.35876988 -14.11760412
v 0.87629753 -24.20920320 -13.99918832
v 0.87629753 -24.20920320 -14.09840770
v 0.84066024 -24.18917790 -13.99618667
v 0.84049080 -24.18908477 -14.09539022
v 0.59942453 -24.08009395 -13.97661306
v 0.59942453 -24.08009395 -14.07583337
v 0.55760366 -24.06546846 -13.97334319
v 0.55735145 -24.06538464 -14.07253928
v 0.30433899 -24.00102653 -13.95420916
v 0.30433902 -24.00102653 -14.05342855
v 0.25906938 -23.99365418 -13.95090856
v 0.25873899 -23.99360389 -14.05010186
v 0.00000377 -23.97440001 -13.93265929
v 0.00000379 -23.97440001 -14.03187867
v -0.04114381 -23.97488244 -13.92983552
v -0.04154167 -23.97489175 -14.02902417
v -0.30433966 -24.00102653 -13.91110756
v -0.30433972 -24.00102653 -14.01032694
v -0.34213153 -24.00811948 -13.90832476
v -0.34260220 -24.00821261 -14.00750689
v -0.59942587 -24.08009581 -13.88870459
v -0.59942587 -24.08009581 -13.98792397
v -0.63778774 -24.09456857 -13.88567127
v -0.63830672 -24.09477159 -13.98484968
v -0.87629858 -24.20920320 -13.86612933
v -0.87629858 -24.20920320 -13.96534778
v -0.91421005 -24.23173189 -13.86289857
v -0.91474422 -24.23205785 -13.96207325
v -1.12654618 -24.38442782 -13.84406723
v -1.12654618 -24.38442782 -13.94328661
v -1.15915097 -24.41247553 -13.84104602
v -1.15966366 -24.41292815 -13.94021697
v -1.34257157 -24.60045367 -13.82281072
v -1.34257157 -24.60045367 -13.92203011
v -1.36628596 -24.62933399 -13.82016670
v -1.36676175 -24.62992631 -13.91933300
v -1.51779747 -24.85070191 -13.80074956
v -1.51779747 -24.85070191 -13.89996894
v -1.53636199 -24.88367446 -13.79797421
v -1.53676874 -24.88441579 -13.89713120
v -1.64690532 -25.12757480 -13.77817430
v -1.64690532 -25.12757480 -13.87739368
v -1.66055968 -25.16650967 -13.77512701
v -1.66085362 -25.16738139 -13.87428027
v -1.72597356 -25.42266063 -13.75577413
v -1.72597356 -25.42266063 -13.85498978
v -1.73289992 -25.46496131 -13.75268679
v -1.73304603 -25.46592802 -13.85183539
v -1.75259996 -25.72699636 -13.73422332
v -1.75259996 -25.72699636 -13.83343991
v -1.75218366 -25.76519921 -13.73160072
v -1.75216096 -25.76622926 -13.83074559
v -1.72597344 -26.03133954 -13.71266972
v -1.72597344 -26.03133954 -13.81188910
v -1.71946804 -26.06617101 -13.71010579
v -1.71924941 -26.06727742 -13.80924322
v -1.64690486 -26.32642537 -13.69026583
v -1.64690486 -26.32642537 -13.78948521
v -1.63353852 -26.36194788 -13.68745975
v -1.63309916 -26.36307664 -13.78659066
v -1.51779689 -26.60329826 -13.66769057
v -1.51779689 -26.60329826 -13.76690995
v -1.49684644 -26.63862333 -13.66468333
v -1.49618194 -26.63971297 -13.76381051
v -1.34257216 -26.85354650 -13.64562847
v -1.34257239 -26.85354650 -13.74484785
v -1.31648523 -26.88392438 -13.64281680
v -1.31561281 -26.88491531 -13.74194212
v -1.12654734 -27.06957050 -13.62437662
v -1.12654723 -27.06957236 -13.72359600
v -1.09999243 -27.09141374 -13.62194307
v -1.09890138 -27.09229290 -13.72106280
v -0.87629783 -27.24479698 -13.60231452
v -0.87629777 -27.24479698 -13.70153390
v -0.84598886 -27.26189792 -13.59975897
v -0.84467651 -27.26262063 -13.69886659
v -0.59942447 -27.37390436 -13.57973926
v -0.59942453 -27.37390436 -13.67895864
v -0.56337385 -27.38658339 -13.57691549
v -0.56188338 -27.38708816 -13.67601939
v -0.30433861 -27.45297365 -13.55733629
v -0.30433870 -27.45297365 -13.65655474
v -0.26500941 -27.45944820 -13.55446316
v -0.26340366 -27.45969221 -13.65356706
v -0.00000349 -27.47960016 -13.53578456
v -0.00000358 -27.47960016 -13.63500394
v 0.03525565 -27.47924626 -13.53336312
v 0.03691735 -27.47921273 -13.63246702
v 0.30433916 -27.45297365 -13.51423468
v 0.30433931 -27.45297365 -13.61345034
v 0.33620835 -27.44705044 -13.51188775
v 0.33795112 -27.44670585 -13.61097582
v 0.59942575 -27.37390436 -13.49182986
v 0.59942581 -27.37390436 -13.59104924
v 0.63210574 -27.36164071 -13.48924823
v 0.63384592 -27.36096643 -13.58833071
v 0.87629876 -27.24479698 -13.46925553
v 0.87629876 -27.24479698 -13.56847491
v 0.90903387 -27.22541988 -13.46646901
v 0.91068150 -27.22441964 -13.56554590
v 1.12654665 -27.06957236 -13.44719436
v 1.12654641 -27.06957236 -13.54641374
v 1.15469354 -27.04544179 -13.44458573
v 1.15616608 -27.04415098 -13.54366820
v 1.34257122 -26.85354836 -13.42593785
v 1.34257134 -26.85354650 -13.52515724
v 1.36253692 -26.82931535 -13.42371758
v 1.36382040 -26.82772651 -13.52279074
v 1.51779724 -26.60329826 -13.40387668
v 1.51779735 -26.60329826 -13.50309607
v 1.53342809 -26.57564916 -13.40154465
v 1.53446826 -26.57376602 -13.50060757
v 1.64690532 -26.32642537 -13.38130049
v 1.64690532 -26.32642537 -13.48051988
v 1.65860192 -26.29325725 -13.37870397
v 1.65932032 -26.29114874 -13.47776037
v 1.72597356 -26.03133768 -13.35889753
v 1.72597356 -26.03133768 -13.45811691
v 1.73199130 -25.99497885 -13.35624512
v 1.73233706 -25.99273622 -13.45530059
v 1.75259996 -25.72700381 -13.33734579
v 1.75259996 -25.72700381 -13.43656518
v -1.02455448 -24.30506423 -16.23453572
v -1.12654956 -24.38442968 -16.23453572
v -1.18556223 -24.43624474 -16.21982083
v -1.34256948 -24.60044995 -16.23453572
v -1.34257367 -24.60045554 -16.20406099
v -1.51779607 -24.85070005 -16.23453572
v -1.51779829 -24.85070378 -16.18200168
v -1.38848159 -24.65754934 -16.19886048
v -1.64690532 -25.12757480 -16.23453572
v -1.72597403 -25.42266436 -16.23453572
v -1.72597321 -25.42265877 -16.13702439
v -1.72992831 -25.44601075 -16.23453572
v -1.73791638 -25.50060675 -16.13135822
v -1.73703232 -25.49392171 -16.23105817
v -1.75259996 -25.72699636 -16.11547172
v -1.75259996 -25.72699636 -16.21468924
v -1.75105454 -25.80058388 -16.11039974
v -1.75131846 -25.79401061 -16.21007361
v -1.72597298 -26.03134140 -16.09391905
v -1.72597310 -26.03134140 -16.19313844
v -1.71208335 -26.10166930 -16.08872227
v -1.71349512 -26.09515935 -16.18842781
v -1.64690462 -26.32642724 -16.07151516
v -1.64690462 -26.32642724 -16.17073454
v -1.61993131 -26.39590204 -16.06600545
v -1.62245496 -26.38975717 -16.16571657
v -1.51779747 -26.60329826 -16.04893990
v -1.51779747 -26.60329826 -16.14815928
v -1.47762732 -26.66945569 -16.04328491
v -1.48112362 -26.66395158 -16.14297926
v -1.34257402 -26.85354464 -16.02687873
v -1.34257379 -26.85354464 -16.12609811
v -1.29275327 -26.91038325 -16.02158509
v -1.29700138 -26.90572478 -16.12124406
v -1.12654478 -27.06957422 -16.00562595
v -1.12654525 -27.06957236 -16.10484533
v -1.07182260 -27.11365186 -16.00063965
v -1.07680855 -27.10978314 -16.10030793
v -0.87629643 -27.24479884 -15.98356478
v -0.87629660 -27.24479884 -16.08278416
v -0.81385206 -27.27917582 -15.97832330
v -0.81946026 -27.27622353 -16.07800834
v -0.59942482 -27.37390436 -15.96098952
v -0.59942476 -27.37390436 -16.06020890
v -0.52866450 -27.39796415 -15.95547237
v -0.53463702 -27.39606239 -16.05515555
v -0.30434076 -27.45297365 -15.93858562
v -0.30434041 -27.45297365 -16.03780501
v -0.22936320 -27.46452764 -15.93313552
v -0.23541161 -27.46371739 -16.03279077
v -0.00000416 -27.47960016 -15.91703482
v -0.00000421 -27.47960016 -16.01625420
v 0.07063112 -27.47817710 -15.91216587
v 0.06469217 -27.47840621 -16.01179875
v 0.30434169 -27.45297365 -15.89548402
v 0.30434135 -27.45297365 -15.99469967
v 0.37171450 -27.43972652 -15.89050330
v 0.36583751 -27.44099312 -15.99015854
v 0.59942633 -27.37390436 -15.87308012
v 0.59942628 -27.37390436 -15.97229578
v 0.66608278 -27.34809183 -15.86779393
v 0.66054007 -27.35035866 -15.96745662
v 0.87629765 -27.24479698 -15.85050486
v 0.87629783 -27.24479698 -15.94972424
v 0.93990448 -27.20625140 -15.84506594
v 0.93494309 -27.20939182 -15.94471373
v 1.12654432 -27.06957422 -15.82844369
v 1.12654467 -27.06957422 -15.92766307
v 1.18120026 -27.02174895 -15.82335494
v 1.17700500 -27.02556364 -15.92296548
v 1.34257332 -26.85354464 -15.80718718
v 1.34257297 -26.85354464 -15.90640657
v 1.38481823 -26.80119127 -15.80241509
v 1.38133799 -26.80566162 -15.90203680
v 1.51779817 -26.60329640 -15.78512602
v 1.51779805 -26.60329640 -15.88434540
v 1.55076128 -26.54354461 -15.78010805
v 1.54810469 -26.54857002 -15.87974839
v 1.64690521 -26.32642537 -15.76255076
v 1.64690521 -26.32642537 -15.86177014
v 1.67004357 -26.25856549 -15.75725712
v 1.66833203 -26.26391128 -15.85689001
v 1.72597321 -26.03134140 -15.74014686
v 1.72597333 -26.03133954 -15.83936624
v 1.73713197 -25.95933340 -15.73491283
v 1.73639983 -25.96474439 -15.83451964
v 1.75259996 -25.72700381 -15.71859606
v 1.75259996 -25.72700381 -15.81781544
v 1.75129273 -25.65932088 -15.71393572
v 1.75148970 -25.66462569 -15.81352018
v 1.72597310 -25.42265877 -15.69704525
v 1.72597310 -25.42265877 -15.79626463
v 1.71336613 -25.35824105 -15.69228433
v 1.71448628 -25.36348626 -15.79189487
v 1.64690462 -25.12757294 -15.67464136
v 1.64690462 -25.12757294 -15.77386074
v 1.62224844 -25.06373823 -15.66958241
v 1.62425940 -25.06867796 -15.76919295
v 1.51779747 -24.85070191 -15.65206610
v 1.51779735 -24.85070191 -15.75128548
v 1.48087251 -24.78964999 -15.64685069
v 1.48365926 -24.79406819 -15.74645005
v 1.34257379 -24.60045554 -15.63000493
v 1.34257355 -24.60045554 -15.72922431
v 1.29673991 -24.54798669 -15.62512107
v 1.30012271 -24.55171756 -15.72469063
v 1.12654525 -24.38442595 -15.60874842
v 1.12654548 -24.38442782 -15.70796780
v 1.07655465 -24.34401959 -15.60418867
v 1.08051358 -24.34710972 -15.70376568
v 0.87629660 -24.20920134 -15.58668818
v 0.87629678 -24.20920134 -15.68590663
v 0.81923540 -24.17765744 -15.58189653
v 0.82367985 -24.18001555 -15.68148471
v 0.59942476 -24.08009395 -15.56411292
v 0.59942470 -24.08009395 -15.66333137
v 0.53446379 -24.05788191 -15.55904560
v 0.53918705 -24.05940183 -15.65863006
v 0.30434041 -24.00102653 -15.54171182
v 0.30434015 -24.00102653 -15.64092748
v 0.23530489 -23.99026789 -15.53668734
v 0.24007744 -23.99092168 -15.63625224
v 0.00000421 -23.97440001 -15.52015822
v 0.00000420 -23.97440001 -15.61937667
v -0.06472778 -23.97559583 -15.51570185
v -0.06005837 -23.97543006 -15.61524626
v -0.30434135 -24.00102653 -15.49860649
v -0.30434105 -24.00102653 -15.59782587
v -0.36580267 -24.01299961 -15.49406908
v -0.36119332 -24.01202358 -15.59363212
v -0.59942628 -24.08009581 -15.47620259
v -0.59942622 -24.08009581 -15.57542197
v -0.66043943 -24.10360053 -15.47137182
v -0.65610296 -24.10184219 -15.57093300
v -0.87629783 -24.20920320 -15.45362733
v -0.87629800 -24.20920320 -15.55284671
v -0.93479076 -24.24451150 -15.44863265
v -0.93091879 -24.24207702 -15.54818358
v -1.12654467 -24.38442595 -15.43156616
v -1.12654490 -24.38442595 -15.53078555
v -1.17682223 -24.42827076 -15.42689092
v -1.17355643 -24.42532033 -15.52641578
v -1.34257297 -24.60045554 -15.41031338
v -1.34257274 -24.60045367 -15.50953276
v -1.38114044 -24.64808524 -15.40596690
v -1.37844030 -24.64463748 -15.50549921
v -1.51779805 -24.85070378 -15.38825221
v -1.51779794 -24.85070378 -15.48747160
v -1.54791772 -24.90507625 -15.38368128
v -1.54585973 -24.90121312 -15.48322476
v -1.64690521 -25.12757480 -15.36567789
v -1.64690521 -25.12757480 -15.46489727
v -1.66818756 -25.18963814 -15.36083408
v -1.66686147 -25.18553846 -15.46037011
v -1.72597333 -25.42266063 -15.34327306
v -1.72597333 -25.42266063 -15.44249244
v -1.73632696 -25.48872493 -15.33846371
v -1.73575454 -25.48458986 -15.43798205
v -1.75259996 -25.72699636 -15.32172319
v -1.75259996 -25.72699636 -15.42094257
v -1.75151089 -25.78877658 -15.31746890
v -1.75164849 -25.78474209 -15.41696768
v -1.72597310 -26.03134140 -15.30017145
v -1.72597321 -26.03134140 -15.39938711
v -1.71462819 -26.08984523 -15.29585104
v -1.71546452 -26.08587034 -15.39536379
v -1.64690462 -26.32642537 -15.27776849
v -1.64690462 -26.32642537 -15.37698787
v -1.62454601 -26.38461441 -15.27315658
v -1.62605173 -26.38088353 -15.37267305
v -1.51779735 -26.60329826 -15.25519229
v -1.51779724 -26.60329826 -15.35441168
v -1.48410094 -26.65922977 -15.25041647
v -1.48618477 -26.65590309 -15.34991898
v -1.34257344 -26.85354464 -15.23313113
v -1.34257332 -26.85354464 -15.33235051
v -1.30071421 -26.90162696 -15.22866171
v -1.30323635 -26.89882927 -15.32814093
v -1.12654560 -27.06957236 -15.21187462
v -1.12654583 -27.06957236 -15.31109400
v -1.08127191 -27.10629627 -15.20774327
v -1.08420954 -27.10398845 -15.30722715
v -0.87629678 -27.24479884 -15.18981345
v -0.87629689 -27.24479698 -15.28903283
v -0.82460797 -27.27348916 -15.18547069
v -0.82789268 -27.27173269 -15.28496202
v -0.59942470 -27.37390436 -15.16723819
v -0.59942465 -27.37390436 -15.26645757
v -0.54025743 -27.39425190 -15.16261976
v -0.54373353 -27.39312127 -15.26210643
v -0.30434009 -27.45297365 -15.14483429
v -0.30433989 -27.45297365 -15.24405368
v -0.24124645 -27.46291645 -15.14024194
v -0.24474313 -27.46242657 -15.23971371
v -0.00000419 -27.47960016 -15.12328442
v -0.00000416 -27.47960016 -15.22250380
v 0.05882728 -27.47861296 -15.11923410
v 0.05542638 -27.47872286 -15.21868911
v 0.30434097 -27.45297365 -15.10173362
v 0.30434076 -27.45297365 -15.20095207
v 0.35988833 -27.44225226 -15.09763114
v 0.35654762 -27.44294889 -15.19710105
v 0.59942622 -27.37390436 -15.07932972
v 0.59942616 -27.37390436 -15.17854910
v 0.65478811 -27.35268697 -15.07494412
v 0.65166107 -27.35394426 -15.17441403
v 0.87629806 -27.24479698 -15.05675446
v 0.87629812 -27.24479698 -15.15597384
v 0.92966435 -27.21270919 -15.05219750
v 0.92688669 -27.21444331 -15.15165623
v 1.12654502 -27.06957422 -15.03469236
v 1.12654525 -27.06957236 -15.13391174
v 1.17242825 -27.02969685 -15.03042690
v 1.17009797 -27.03179047 -15.12986701
v 1.34257262 -26.85354650 -15.01343586
v 1.34257250 -26.85354650 -15.11265524
v 1.37744821 -26.81062557 -15.00951778
v 1.37553387 -26.81305446 -15.10895602
v 1.51779794 -26.60329640 -14.99137469
v 1.51779782 -26.60329640 -15.09059407
v 1.54505589 -26.55429021 -14.98725545
v 1.54360372 -26.55699663 -15.08670114
v 1.64690521 -26.32642537 -14.96879943
v 1.64690521 -26.32642537 -15.06801881
v 1.66631106 -26.27015300 -14.96440824
v 1.66537822 -26.27300471 -15.06384648
v 1.72597333 -26.03133954 -14.94639926
v 1.72597333 -26.03133954 -15.04561491
v 1.73550134 -25.97121708 -14.94201832
v 1.73509656 -25.97407624 -15.04144631
v 1.75259996 -25.72700381 -14.92484473
v 1.75259996 -25.72700381 -15.02406411
v 1.75170903 -25.67112260 -14.92100395
v 1.75179506 -25.67388862 -15.02041332
v 1.72597321 -25.42265877 -14.90329485
v 1.72597321 -25.42265877 -15.00251424
v 1.71586929 -25.37006885 -14.89941590
v 1.71642995 -25.37277527 -14.99883272
v 1.64690462 -25.12757294 -14.88089096
v 1.64690474 -25.12757480 -14.98011034
v 1.62682380 -25.07504076 -14.87673260
v 1.62783184 -25.07756092 -14.97615315
v 1.51779724 -24.85070191 -14.85831570
v 1.51779712 -24.85070191 -14.95753508
v 1.48731261 -24.79990385 -14.85398319
v 1.48869958 -24.80213158 -14.95339163
v 1.34257320 -24.60045554 -14.83625453
v 1.34257309 -24.60045554 -14.93547298
v 1.30467594 -24.55677465 -14.83219676
v 1.30634219 -24.55863543 -14.93159216
v 1.12654606 -24.38442782 -14.81500175
v 1.12654618 -24.38442782 -14.91422113
v 1.08597439 -24.35140312 -14.81129415
v 1.08789629 -24.35292304 -14.91068583
v 0.87629701 -24.20920134 -14.79294058
v 0.87629713 -24.20920134 -14.89215903
v 0.82996965 -24.18338135 -14.78904299
v 0.83209883 -24.18452874 -14.88843840
v 0.59942465 -24.08009395 -14.77036439
v 0.59942459 -24.08009395 -14.86958377
v 0.54604537 -24.06163514 -14.76619206
v 0.54827647 -24.06236716 -14.86558747
v 0.30433974 -24.00102653 -14.74796142
v 0.30433960 -24.00102653 -14.84718081
v -1.67187920 -25.20123683 -16.15368389
v -1.64690521 -25.12757480 -16.15942642
v -1.55358680 -24.91584420 -16.17653482
v -0.00000000 -27.26478502 -11.03051286
v -0.00000000 -27.04996988 -10.90648677
v -0.00000000 -27.04996988 -10.80726739
v -0.00000000 -27.04996988 -10.70805173
v -0.00000000 -27.15200558 -10.64913906
v -1.42359186 -26.30852349 -16.28973894
v -1.50347326 -26.05003491 -16.31244831
v -1.29345153 -26.00490861 -16.43647254
v -1.13802881 -26.76125057 -16.24526642
v -1.29958335 -26.54911019 -16.26699977
v -1.11804309 -26.43426880 -16.39102213
v -0.71901962 -27.08633617 -16.20203070
v -0.94482495 -26.94029734 -16.22433029
v -0.81284129 -26.77080967 -16.34835266
v -0.20655739 -27.25084871 -16.15681313
v -0.46910695 -27.19148621 -16.17917605
v -0.40357688 -26.98691189 -16.30320027
v 0.32099709 -27.23090909 -16.11418463
v 0.05676290 -27.26373635 -16.13582298
v 0.04883362 -27.04906836 -16.25984348
v 0.82034781 -27.02769637 -16.06873795
v 0.57957816 -27.15138718 -16.09148085
v 0.49861625 -26.95241012 -16.21550135
v 1.21202832 -26.67345107 -16.02606103
v 1.03274046 -26.86639875 -16.04699157
v 0.88847574 -26.70723572 -16.17101394
v 1.46384584 -26.19810402 -15.98091610
v 1.35835458 -26.44787170 -16.00377075
v 1.16860459 -26.34717152 -16.12779498
v 1.53681089 -25.67226999 -15.93754627
v 1.52357051 -25.93560517 -15.95854200
v 1.31074130 -25.90646408 -16.08256996
v 1.42517511 -25.14936775 -15.89321904
v 1.50434300 -25.40804073 -15.91591723
v 1.29419961 -25.45259520 -16.03993960
v 1.14076759 -24.69577082 -15.84871672
v 1.30180828 -24.90841597 -15.87047242
v 1.11995719 -25.02276562 -15.99449478
v 0.72272198 -24.36962910 -15.80551080
v 0.94807585 -24.51624162 -15.82779177
v 0.81563811 -24.68537353 -15.95181413
v 0.21065133 -24.20371026 -15.76027460
v 0.47309930 -24.26379733 -15.78265242
v 0.40701151 -24.46819469 -15.90667851
v -0.31692212 -24.22222681 -15.71765356
v -0.05269706 -24.19011854 -15.73926769
v -0.04533575 -24.40480702 -15.86329006
v -0.81681676 -24.42408353 -15.67220874
v -0.57568494 -24.30103719 -15.69495909
v -0.49526687 -24.50023219 -15.81898145
v -1.20948593 -24.77730252 -15.62952064
v -1.02971448 -24.58486520 -15.65043814
v -0.88587252 -24.74441193 -15.77446423
v -1.46255549 -25.25190637 -15.58439247
v -1.35638483 -25.00242926 -15.60724713
v -1.16690993 -25.10364540 -15.73126949
v -1.53695024 -25.77766404 -15.54099005
v -1.52300438 -25.51430091 -15.56200814
v -1.31025421 -25.54401383 -15.68602957
v -1.42674777 -26.30073577 -15.49669541
v -1.50520133 -26.04188398 -15.51938988
v -1.29493803 -25.99789761 -15.64341225
v -1.14349963 -26.75519884 -15.45216329
v -1.30402402 -26.54204890 -15.47394600
v -1.12186349 -26.42819285 -15.59796836
v -0.72641851 -27.08239667 -15.40898811
v -0.95131877 -26.93521231 -15.43124951
v -0.81842800 -26.76643617 -15.55527188
v -0.21474516 -27.24971808 -15.36373608
v -0.47708853 -27.18890645 -15.38613345
v -0.41044349 -26.98469162 -15.51015582
v 0.31284583 -27.23262645 -15.32112341
v 0.04863281 -27.26401575 -15.34271426
v 0.04183924 -27.04930864 -15.46673663
v 0.81327884 -27.03212947 -15.27568139
v 0.57178742 -27.15452947 -15.29843640
v 0.49191382 -26.95511654 -15.42246155
v 1.20693562 -26.67993680 -15.23297839
v 1.02667988 -26.87186375 -15.25388937
v 0.88326185 -26.71193518 -15.37791174
v 1.46125408 -26.20608173 -15.18786885
v 1.35440531 -26.45526454 -15.21072350
v 1.16520701 -26.35353245 -15.33474680
v 1.53707888 -25.68039857 -15.14443569
v 1.52242708 -25.94379149 -15.16546961
v 1.30975759 -25.91350861 -15.28949197
v 1.42830971 -25.15716292 -15.10017551
v 1.50604849 -25.41619353 -15.12285881
v 1.29566691 -25.45960993 -15.24688117
v 1.14622479 -24.70184118 -15.05561452
v 1.30623078 -24.91549216 -15.07741492
v 1.12376199 -25.02885275 -15.20144101
v 0.73010911 -24.37358722 -15.01246355
v 0.95455366 -24.52134155 -15.03471192
v 0.82121097 -24.68976192 -15.15873335
v 0.21883883 -24.20486510 -14.96720128
v 0.48107462 -24.26640131 -14.98960983
v 0.41387280 -24.47043359 -15.11363126
v -0.30876833 -24.22053181 -14.92459234
v -0.04457017 -24.18986149 -14.94615711
v -0.03834412 -24.40458536 -15.07018413
v -0.80973422 -24.41966906 -14.87915032
v -0.56788576 -24.29791167 -14.90191557
v -0.48855715 -24.49754439 -15.02593793
v -1.20437774 -24.77083169 -14.83643986
v -1.02363667 -24.57941510 -14.85733874
v -0.88064378 -24.73972179 -14.98136111
v -1.45994173 -25.24393424 -14.79134895
v -1.35241600 -24.99504760 -14.81420081
v -1.16349547 -25.09729564 -14.93822318
v -1.53719657 -25.76953918 -14.74788319
v -1.52183860 -25.50611459 -14.76893015
v -1.30925130 -25.53696930 -14.89295717
v -1.42986095 -26.29293315 -14.70365655
v -1.50688435 -26.03372931 -14.72632773
v -1.29638601 -25.99088103 -14.85035010
v -1.14894309 -26.74911171 -14.65906389
v -1.30842836 -26.53495967 -14.68088757
v -1.12565258 -26.42209455 -14.80491366
v -0.73379377 -27.07841806 -14.61593993
v -0.95778046 -26.93009563 -14.63816967
v -0.82398707 -26.76203474 -14.76219203
v -0.22293230 -27.24854089 -14.57066368
v -0.48505756 -27.18628198 -14.59308527
v -0.41729934 -26.98243223 -14.71711136
v 0.30468960 -27.23429725 -14.52806499
v 0.04050920 -27.26425231 -14.54960462
v 0.03485043 -27.04951167 -14.67362698
v 0.80618280 -27.03652345 -14.48262297
v 0.56397991 -27.15763263 -14.50539567
v 0.48519691 -26.95778571 -14.62941803
v 1.20181206 -26.68638900 -14.43989854
v 1.02058495 -26.87729895 -14.46078997
v 0.87801827 -26.71661228 -14.58481234
v 1.45861832 -26.21404827 -14.39482626
v 1.35041692 -26.46263316 -14.41767719
v 1.16177567 -26.35987289 -14.54169955
v 1.53730356 -25.68852156 -14.35132604
v 1.52123882 -25.95197968 -14.37239535
v 1.30873523 -25.92055127 -14.49641772
v 1.43140159 -25.16497485 -14.30713665
v 1.50770892 -25.42435005 -14.32979666
v 1.29709544 -25.46662837 -14.45381902
v 1.15165464 -24.70794506 -14.26251512
v 1.31061673 -24.92259629 -14.28436022
v 1.12753524 -25.03496408 -14.40838631
v 0.73747244 -24.37758632 -14.21941631
v 0.96099917 -24.52647313 -14.24162649
v 0.82675618 -24.69417639 -14.36564885
v 0.22702554 -24.20606464 -14.17412516
v 0.48903725 -24.26904812 -14.19656537
v 0.42072311 -24.47270975 -14.32058774
v -0.30060971 -24.21888337 -14.13153391
v -0.03644994 -24.18964729 -14.15304653
v -0.03135821 -24.40440096 -14.27707262
v -0.80262468 -24.41529185 -14.08609562
v -0.56006992 -24.29483272 -14.10887204
v -0.48183315 -24.49489385 -14.23289906
v -1.19923882 -24.76439439 -14.04335629
v -1.01752451 -24.57399294 -14.06423934
v -0.87538542 -24.73505773 -14.18826170
v -1.45728397 -25.23597330 -13.99830263
v -1.34840806 -24.98769015 -14.02115356
v -1.16004748 -25.09096451 -14.14517500
v -1.53739983 -25.76142177 -13.95477168
v -1.52062788 -25.49792826 -13.97585683
v -1.30820961 -25.52992664 -14.09988292
v -1.43293140 -26.28511377 -13.91061209
v -1.50852220 -26.02556907 -13.93326558
v -1.29779510 -25.98386258 -14.05728795
v -1.15435908 -26.74299106 -13.86596449
v -1.31279603 -26.52784064 -13.88783287
v -1.12941011 -26.41597204 -14.01185803
v -0.74114511 -27.07440034 -13.82288896
v -0.96420979 -26.92494914 -13.84508424
v -0.82951825 -26.75760724 -13.96910660
v -0.23111847 -27.24731900 -13.77758943
v -0.49301371 -27.18361281 -13.80004175
v -0.42414409 -26.98013745 -13.92406505
v 0.29652871 -27.23592520 -13.73500284
v 0.03239241 -27.26444416 -13.75649311
v 0.02786748 -27.04967745 -13.88051640
v 0.79905993 -27.04088204 -13.68956827
v 0.55615586 -27.16069296 -13.71235307
v 0.47846587 -26.96041763 -13.83637544
v 1.19665789 -26.69281140 -13.64681311
v 1.01445569 -26.88270807 -13.66769057
v 0.87274524 -26.72126703 -13.79171666
v 1.45593868 -26.22199990 -13.60178180
v 1.34638965 -26.46997944 -13.62462901
v 1.15831092 -26.36619098 -13.74865137
v 1.53748528 -25.69663711 -13.55821546
v 1.52000564 -25.96016414 -13.57932296
v 1.30767445 -25.92759393 -13.70334439
v 1.43445050 -25.17280355 -13.51409219
v 1.50932430 -25.43251216 -13.53673451
v 1.29848521 -25.47364868 -13.66075687
v 1.15705666 -24.71408248 -13.46941851
v 1.31496601 -24.92972463 -13.49130552
v 1.13127695 -25.04109778 -13.61533068
v 0.74481178 -24.38162267 -13.42636626
v 0.96741226 -24.53163452 -13.44854292
v 0.83227339 -24.69861694 -13.57256528
v 0.23521108 -24.20730889 -13.38105462
v 0.49698685 -24.27173778 -13.40352278
v 0.42756222 -24.47502501 -13.52754515
v -0.29244664 -24.21727963 -13.33846804
v -0.02833668 -24.18947592 -13.35993689
v -0.02437830 -24.40425381 -13.48395925
v -0.79548848 -24.41095188 -13.29304092
v -0.55223785 -24.29179475 -13.31583317
v -0.47509512 -24.49227870 -13.43985461
v -1.19406939 -24.75798875 -13.25027086
v -1.01137825 -24.56859872 -13.27114366
v -0.87009772 -24.73041601 -13.39516602
v -1.45458232 -25.22802725 -13.20525818
v -1.34436134 -24.98035692 -13.22810538
v -1.15656597 -25.08465573 -13.35212775
v -1.53756002 -25.75330995 -13.16165738
v -1.51937222 -25.48974194 -13.18278816
v -1.30712951 -25.52288584 -13.30681052
v -1.43595890 -26.27727762 -13.11757322
v -1.51011522 -26.01740509 -13.14020343
v -1.29916554 -25.97683854 -13.26422580
v -1.15974725 -26.73683688 -13.07286974
v -1.31712679 -26.52070113 -13.09477817
v -1.13313587 -26.40982717 -13.21880333
v -0.74847235 -27.07034349 -13.02984264
v -0.97060658 -26.91977285 -13.05199973
v -0.83502149 -26.75315179 -13.17602210
v -0.23930329 -27.24605054 -12.98451982
v -0.50095667 -27.18090080 -13.00699916
v -0.43097747 -26.97780356 -13.13102059
v 0.28836355 -27.23750658 -12.94193603
v 0.02428277 -27.26459317 -12.96337880
v 0.02089069 -27.04980597 -13.08740117
v 0.79191045 -27.04520337 -12.89651729
v 0.54831576 -27.16370858 -12.91931234
v 0.47172094 -26.96301416 -13.04333471
v 1.19147345 -26.69920027 -12.85372954
v 1.00829231 -26.88808925 -12.87459489
v 0.86744287 -26.72589570 -12.99861725
v 1.45321514 -26.22994035 -12.80873828
v 1.34232349 -26.47729963 -12.83157803
v 1.15481287 -26.37249045 -12.95560412
v 1.53762405 -25.70474334 -12.76510023
v 1.51872763 -25.96834861 -12.78624870
v 1.30657491 -25.93463473 -12.91027572
v 1.43745646 -25.18064715 -12.72104960
v 1.51089474 -25.44067800 -12.74367236
v 1.29983621 -25.48067458 -12.86769472
v 1.16243074 -24.72025342 -12.67631911
v 1.31927826 -24.93688092 -12.69825362
v 1.13498676 -25.04725382 -12.82227598
v 0.75212674 -24.38569814 -12.63331901
v 0.97379269 -24.53682758 -12.65545748
v 0.83776255 -24.70308356 -12.77947985
v 0.24339509 -24.20859970 -12.58798223
v 0.50492299 -24.27447215 -12.61047460
v 0.43438977 -24.47737753 -12.73450069
v -0.28427946 -24.21572059 -12.54540496
v -0.02023073 -24.18934740 -12.56682165
v -0.01740468 -24.40414391 -12.69084495
v -0.78832591 -24.40664917 -12.49999087
v -0.54438977 -24.28879961 -12.52278872
v -0.46834338 -24.48970266 -12.64681108
v -1.18886994 -24.75161664 -12.45718636
v -1.00519788 -24.56323057 -12.47804798
v -0.86478074 -24.72579852 -12.60207035
v -1.45183690 -25.22009425 -12.41221558
v -1.34027610 -24.97304790 -12.43505441
v -1.15305139 -25.07836930 -12.55908143
v -1.53767737 -25.74520558 -12.36854400
v -1.51807175 -25.48155934 -12.38971390
v -1.30601064 -25.51584505 -12.51374092
v -1.43894332 -26.26942471 -12.32452970
v -1.51166308 -26.00923739 -12.34713849
v -1.30049721 -25.96981078 -12.47116365
v -1.16510713 -26.73064731 -12.27977406
v -1.32142042 -26.51353180 -12.30172627
v -1.13682973 -26.40365995 -12.42574863
v -0.75577502 -27.06624940 -12.23679446
v -0.97697065 -26.91456489 -12.25891616
v -0.84049650 -26.74867213 -12.38293853
v -0.24748640 -27.24473923 -12.19144743
v -0.50888595 -27.17814408 -12.21395470
v -0.43779911 -26.97543427 -12.33797707
v 0.28019445 -27.23904327 -12.14887388
v 0.01618061 -27.26469934 -12.17026543
v 0.01392032 -27.04989724 -12.29428779
v 0.78473479 -27.04948746 -12.10346352
v 0.54045988 -27.16668323 -12.12626975
v 0.46496248 -26.96557157 -12.25029211
v 1.18625897 -26.70555562 -12.06064038
v 1.00209506 -26.89344250 -12.08149921
v 0.86211134 -26.73050016 -12.20552437
v 1.45044783 -26.23786591 -12.01569568
v 1.33821904 -26.48459747 -12.03853171
v 1.15128176 -26.37876756 -12.16255408
v 1.53771997 -25.71284398 -11.97198313
v 1.51740469 -25.97653121 -11.99317910
v 1.30543672 -25.94167367 -12.11720519
v 1.44041935 -25.18850565 -11.92800887
v 1.51242013 -25.44884756 -11.95060741
v 1.30114856 -25.48770420 -12.07462884
v 1.16777641 -24.72645976 -11.88322715
v 1.32355315 -24.94406328 -11.90519892
v 1.13866455 -25.05343221 -12.02922128
v 0.75941707 -24.38981272 -11.84026711
v 0.98014029 -24.54204857 -11.86236925
v 0.84322342 -24.70757626 -11.98639162
v 0.25157721 -24.20993336 -11.79491263
v 0.51284541 -24.27725121 -11.81743480
v 0.44120545 -24.47976731 -11.94145810
v -0.27610856 -24.21420626 -11.75233908
v -0.01213243 -24.18926358 -11.77370362
v -0.01043763 -24.40407127 -11.89772971
v -0.78113715 -24.40238371 -11.70693617
v -0.53652615 -24.28584732 -11.72974985
v -0.46157822 -24.48716387 -11.85377222
v -1.18364056 -24.74527806 -11.66409906
v -0.99898374 -24.55789223 -11.68495230
v -0.85943466 -24.72120523 -11.80897932
v -1.44904782 -25.21217614 -11.61917113
v -1.33615232 -24.96576495 -11.64200809
v -1.14950375 -25.07210150 -11.76603045
v -1.53775187 -25.73710866 -11.57542504
v -1.51672633 -25.47337674 -11.59664430
v -1.30485313 -25.50880611 -11.72067039
v -1.44188455 -26.26155876 -11.53148524
v -1.51316600 -26.00106597 -11.55407634
v -1.30179012 -25.96278116 -11.67809777
v -1.17043860 -26.72442421 -11.48668211
v -1.32567668 -26.50633641 -11.50867529
v -1.14049145 -26.39747038 -11.63269766
v -0.76305290 -27.06211619 -11.44374348
v -0.98330167 -26.90932900 -11.46582700
v -0.84594317 -26.74416825 -11.58984937
v -0.25566743 -27.24338323 -11.39837783
v -0.51680132 -27.17534453 -11.42091211
v -0.44460874 -26.97302215 -11.54493447
v 0.27202183 -27.24053524 -11.35580800
v 0.00808624 -27.26476453 -11.37714647
v 0.00695666 -27.04995126 -11.50116883
v 0.77753305 -27.05373429 -11.31041255
v 0.53258857 -27.16961317 -11.33322529
v 0.45819074 -26.96809359 -11.45724766
v 1.18101481 -26.71187930 -11.26755215
v 0.99586404 -26.89876780 -11.28840633
v 0.85675076 -26.73508227 -11.41242869
v 1.44763687 -26.24577843 -11.22265123
v 1.33407617 -26.49186924 -11.24548074
v 1.14771759 -26.38502233 -11.36950310
v 1.53777318 -25.72093531 -11.17886417
v 1.51603657 -25.98471195 -11.20011322
v 1.30425987 -25.94871260 -11.32413559
v 1.44333881 -25.19638091 -11.13496628
v 1.51390058 -25.45702271 -11.15754154
v 1.30242214 -25.49473569 -11.28156390
v -1.49045151 -26.08275972 -10.75645722
v -1.30304438 -25.95574781 -10.88503283
v -1.24295917 -26.18010342 -10.86246781
v -1.11803703 -24.62860942 -16.41982235
v -1.03575771 -24.59034324 -16.44354314
v -1.21456303 -24.78380315 -16.42260142
v -0.19184443 -24.36963655 -16.61627926
v -0.27966121 -24.43392575 -16.63473435
v -0.50196191 -24.50295538 -16.61202312
v -0.05233282 -24.40506592 -16.65639691
v -0.00004225 -24.39694852 -16.65708423
v 0.03284975 -24.40443821 -16.66416600
v -0.70878438 -24.60991591 -16.58929139
v -0.66741655 -24.41572770 -16.51578397
v -0.44100970 -24.37343076 -16.56353287
v -0.89107157 -24.74912442 -16.56756736
v -0.90346456 -24.50305969 -16.46585949
v -0.80362376 -24.46030080 -16.48702286
v -1.46512513 -25.25988966 -16.37743600
v -1.47987867 -24.97749776 -16.32828079
v -1.36031467 -25.00983328 -16.40029438
v -1.30406511 -24.78136122 -16.37628861
v -1.21803570 -24.70506355 -16.39717631
v -1.52412546 -25.52248910 -16.35508239
v -1.62224984 -25.19884706 -16.28107391
v 1.32779067 -24.95127171 -11.11214794
v 1.17309345 -24.73269962 -11.09013520
v 1.27701554 -24.54164810 -10.96649747
v 0.98645478 -24.54730123 -11.06928196
v 1.07296673 -24.36933108 -10.95460262
v 0.76668244 -24.39396456 -11.04721613
v 0.84376690 -24.23052117 -10.94209682
v 0.81562984 -24.21669476 -10.94060577
v 0.52075362 -24.28007312 -11.02439221
v 0.56709466 -24.12047051 -10.92781778
v 0.25975707 -24.21131171 -11.00184675
v 0.30541336 -24.06396531 -10.91497950
v -0.00404208 -24.18922074 -10.98058559
v 0.01583707 -24.04974215 -10.90146787
v -0.24663901 -24.08034913 -10.88915206
v -0.26793432 -24.21273664 -10.95927320
v -0.27890672 -24.08711053 -10.88757347
v -0.52864733 -24.28293787 -10.93670540
v -0.52569230 -24.16214161 -10.87493356
v -0.77392254 -24.39815551 -10.91388520
v -0.76104491 -24.27683957 -10.86186152
v -0.99273596 -24.55258183 -10.89186128
v -0.98297698 -24.43396486 -10.84838249
v -1.16859726 -24.61699210 -10.83588414
v -1.17838162 -24.73897114 -10.87101083
v -1.19014306 -24.64248985 -10.83429065
v -1.33199047 -24.95850436 -10.84895711
v -1.33277301 -24.84549582 -10.82204934
v -1.44621509 -25.20427108 -10.82612760
v -1.51533587 -25.46519786 -10.80357842
v -1.54070416 -25.45532584 -10.78860648
v -1.51933322 -25.32664873 -10.79533063
v -1.48449861 -25.19043349 -10.80262847
v -1.44325546 -25.07181466 -10.80914401
v -1.54061650 -25.84333904 -10.76913811
v -1.53778377 -25.72902106 -10.78230795
v -1.55080995 -25.72699822 -10.77494211
v -1.55099051 -25.57617798 -10.78244112
v -1.39445742 -26.32739767 -10.74235328
v -1.14412082 -26.39125660 -10.83964761
v -1.27012632 -26.53463557 -10.72928868
v -1.01150060 -26.57971159 -10.81761159
v -1.10694324 -26.72706358 -10.71592979
v -0.85136131 -26.73963830 -10.79676114
v -0.92539302 -26.88125893 -10.70354786
v -0.90024155 -26.89890936 -10.70190407
v -0.66270086 -26.87202394 -10.77471580
v -0.70238061 -27.01293305 -10.68938710
v -0.45140606 -26.97057649 -10.75189374
v -0.48578749 -27.09555626 -10.67635231
v -0.45621116 -27.10387111 -10.67461725
v -0.22698910 -27.03035250 -10.72933432
v -0.23175633 -27.14585327 -10.66179108
v -1.32296910 -25.72873794 -10.90633031
v -1.30365696 -25.50176904 -10.92760079
v -1.24419166 -25.27729236 -10.95015462
v -1.14592328 -25.06585792 -10.97297855
v -1.01377221 -24.87699129 -10.99503227
v -0.85405959 -24.71663803 -11.01588737
v -0.66581240 -24.58378300 -11.03790663
v -0.45480000 -24.48466048 -11.06072776
v -0.23050628 -24.42426607 -11.08329929
v -0.00347744 -24.40403402 -11.10460889
v 0.22347132 -24.42304045 -11.12586912
v 0.44800897 -24.48219620 -11.14841364
v 0.65958372 -24.58017878 -11.17124315
v 0.84865582 -24.71209504 -11.19330432
v 1.00922282 -24.87159334 -11.21415850
v 1.14231021 -25.05963296 -11.23617031
v 1.24171725 -25.27050488 -11.25898864
v 1.32295990 -25.72178282 -11.30289119
v 1.24541484 -26.17330849 -11.34667359
v 1.01603754 -26.57430060 -11.39157824
v 0.66891860 -26.86840110 -11.43443398
v 0.23402281 -27.02910826 -11.47983037
v -0.21995298 -27.03155763 -11.52240392
v -0.65646117 -26.87561139 -11.56776585
v -1.00693875 -26.58509277 -11.61070447
v -1.24046602 -26.18688531 -11.65551227
v -1.32294162 -25.73569678 -11.69944741
v -1.24662858 -25.28409287 -11.74319722
v -1.01829646 -24.88241531 -11.78812142
v -0.67201926 -24.58742075 -11.83096226
v -0.23753865 -24.42552894 -11.87636610
v 0.21643411 -24.42185394 -11.91893872
v 0.65333326 -24.57660623 -11.96429320
v 1.00464839 -24.86622520 -12.00724952
v 1.23920559 -25.26372857 -12.05203123
v 1.32291415 -25.71482211 -12.09600829
v 1.24783313 -26.16650239 -12.13971712
v 1.02054910 -26.56886168 -12.18466647
v 0.67511428 -26.86474845 -12.22748589
v 0.24105379 -27.02782489 -12.27289718
v -0.21291476 -27.03272551 -12.31547259
v -0.65019995 -26.87916718 -12.36081682
v -1.00235199 -26.59044601 -12.40379643
v -1.23793574 -26.19365416 -12.44855113
v -1.32287748 -25.74266307 -12.49256637
v -1.24902825 -25.29090457 -12.53624167
v -1.02279533 -24.88786913 -12.58120872
v -0.67820377 -24.59109016 -12.62401324
v -0.24456816 -24.42683280 -12.66942825
v 0.20939496 -24.42070656 -12.71200739
v 0.64706133 -24.57306720 -12.75734045
v 1.00004952 -24.86088686 -12.80034520
v 1.23665656 -25.25696717 -12.84507569
v 1.32283161 -25.70785210 -12.88912259
v 1.25021383 -26.15968324 -12.93276157
v 1.02503516 -26.56339295 -12.97775190
v 0.68128761 -26.86106227 -13.02054059
v 0.24808172 -27.02650242 -13.06596305
v -0.20587476 -27.03385428 -13.10854219
v -0.64391742 -26.88269131 -13.15386500
v -0.99774089 -26.59577131 -13.19689211
v -1.23536820 -26.20040812 -13.24159559
v -1.32277654 -25.74963495 -13.28567974
v -1.25139009 -25.29772930 -13.32928427
v -1.02726859 -24.89335090 -13.37429322
v -0.68436586 -24.59479310 -13.41706794
v -0.25159444 -24.42817390 -13.46249413
v 0.20235417 -24.41959642 -13.50507699
v 0.64076821 -24.56955984 -13.55039235
v 0.99542609 -24.85557832 -13.59344088
v 1.23407051 -25.25021881 -13.63811456
v 1.32271228 -25.70087649 -13.68223783
v 1.25255692 -26.15285292 -13.72580417
v 1.02949538 -26.55789629 -13.77083547
v 0.68743835 -26.85734443 -13.81359436
v 0.25510628 -27.02514082 -13.85902520
v -0.19883328 -27.03494392 -13.90161272
v -0.63761376 -26.88618004 -13.94691598
v -0.99310547 -26.60106681 -13.98999151
v -1.23276364 -26.20714903 -14.03463818
v -1.32263871 -25.75661242 -14.07879405
v -1.25371432 -25.30456521 -14.12232779
v -1.03171577 -24.89886247 -14.16737866
v -0.69050520 -24.59852584 -14.21012171
v -0.25861722 -24.42955412 -14.25555628
v 0.19531208 -24.41852540 -14.29815125
v 0.63445413 -24.56608787 -14.34343867
v 0.99077867 -24.85029772 -14.38653655
v 1.23144756 -25.24348535 -14.43115808
v 1.32255594 -25.69389530 -14.47535120
v 1.25486229 -26.14601143 -14.51884862
v 1.03392964 -26.55237168 -14.56391998
v 0.69356622 -26.85359493 -14.60664906
v 0.26212717 -27.02374198 -14.65208735
v -0.19179065 -27.03599446 -14.69468605
v -0.63128932 -26.88963711 -14.73996229
v -0.98844606 -26.60633251 -14.78308719
v -1.23012217 -26.21387690 -14.82767891
v -1.32246397 -25.76359734 -14.87190556
v -1.25600083 -25.31141415 -14.91537225
v -1.03613688 -24.90440011 -14.96046223
v -0.69662154 -24.60229211 -15.00317641
v -0.26563613 -24.43097159 -15.04861843
v 0.18826900 -24.41749349 -15.09122364
v 0.62811933 -24.56264757 -15.13648592
v 0.98610739 -24.84504692 -15.17963596
v 1.22878759 -25.23676492 -15.22419788
v 1.32236257 -25.68690851 -15.26845805
v 1.25712994 -26.13915876 -15.31189494
v 1.03833748 -26.54682100 -15.35700541
v 0.69967104 -26.84981376 -15.39970376
v 0.26914407 -27.02230401 -15.44514578
v -0.18474717 -27.03700773 -15.48776217
v -0.62494428 -26.89305879 -15.53300954
v -0.98376290 -26.61156841 -15.57619032
v -1.22744380 -26.22058988 -15.62072150
v -1.32225198 -25.77058785 -15.66501521
v -1.25824951 -25.31827241 -15.70841484
v -1.04053144 -24.90996569 -15.75354300
v -0.70271472 -24.60608818 -15.79623111
v -0.27265091 -24.43243004 -15.84167592
v 0.18122522 -24.41650070 -15.88429697
v 0.62176416 -24.55924079 -15.92953317
v 0.98141260 -24.83982407 -15.97273909
v 1.22609083 -25.23005754 -16.01724327
v 1.32213207 -25.67991614 -16.06156863
v 1.25935953 -26.13229491 -16.10493846
v 1.04271877 -26.54124051 -16.15008526
v 0.70575246 -26.84600092 -16.19275846
v 0.27615664 -27.02082694 -16.23820700
v -0.17770316 -27.03798190 -16.28083549
v -0.61857898 -26.89644881 -16.32605679
v -0.97905635 -26.61677450 -16.36928879
v -1.22472877 -26.22728981 -16.41376130
v -1.32200285 -25.77758394 -16.45812206
v -1.04489946 -24.91555922 -16.54662564
v -1.17029063 -25.11001565 -16.52431674
v -1.26046012 -25.32514185 -16.50146209
v -1.31121872 -25.55105835 -16.47910662
v -1.53666071 -25.78579634 -16.33410156
v -1.32704049 -25.81540868 -16.65715501
v -0.99059998 -25.72700009 -16.99653454
v -0.97555056 -25.89901537 -16.99653454
v -0.78816898 -24.17565323 -16.24705084
v -0.66450553 -24.12561700 -16.25335589
v 0.17201589 -24.75144900 -16.99653454
v -0.00000000 -24.40403029 -16.66416600
v -0.00000000 -24.73640069 -16.99653454
v -0.05233282 -24.40506592 -16.66416600
v -0.17201589 -24.75144900 -16.99653454
v -0.33880514 -24.79614131 -16.99653454
v -0.27966121 -24.43392575 -16.66416600
v -0.22973136 -24.42412823 -16.66416600
v -0.49529999 -24.86911602 -16.99653454
v -0.50196191 -24.50295538 -16.66416600
v -0.45248246 -24.48381484 -16.66416600
v -0.63674542 -24.96815659 -16.99653454
v -0.70878438 -24.60991591 -16.66416600
v -0.66148513 -24.58127402 -16.66416600
v -0.75884361 -25.09025484 -16.99653454
v -0.89107157 -24.74912442 -16.66416600
v -0.85038884 -24.71354604 -16.66416600
v -0.85788476 -25.23170039 -16.99653454
v -1.04489946 -24.91555922 -16.66416600
v -1.01345393 -24.87661131 -16.66416600
v -0.93085953 -25.38819425 -16.99653454
v -1.17029063 -25.11001565 -16.66416600
v -1.14572584 -25.06551519 -16.66416600
v -0.97555056 -25.55498481 -16.99653454
v -1.26046012 -25.32514185 -16.66416600
v -1.24318537 -25.27451701 -16.66416600
v -1.32256234 -25.69415048 -16.66416600
v -1.31121872 -25.55105835 -16.66416600
v -1.30287127 -25.49726889 -16.66416600
v -0.85788476 -26.22229978 -16.99653454
v -1.24513125 -26.26842260 -16.62938111
v -0.93085953 -26.06580593 -16.99653454
v -1.30207953 -26.06353164 -16.64226688
v -1.30860577 -26.02745034 -16.64447971
v -0.63674542 -26.48584358 -16.99653454
v -1.00796437 -26.67763643 -16.60160348
v -0.75884361 -26.36374533 -16.99653454
v -1.13193830 -26.50477178 -16.61373861
v -1.15514395 -26.46484599 -16.61645062
v -0.33880514 -26.65786073 -16.99653454
v -0.64697716 -26.98249929 -16.57473855
v -0.49529999 -26.58488415 -16.99653454
v -0.82905951 -26.85460076 -16.58755355
v -0.85337838 -26.83402598 -16.58936590
v -0.00000000 -26.71759948 -16.99653454
v -0.18147736 -27.15638094 -16.54627733
v -0.17201589 -26.70255117 -16.99653454
v -0.39657578 -27.09919401 -16.55878499
v -0.44392879 -27.08156966 -16.56167395
v 0.33880514 -26.65786073 -16.99653454
v 0.30754801 -27.16168948 -16.51985012
v 0.17201589 -26.70255117 -16.99653454
v 0.07586330 -27.17969194 -16.53246209
v 0.04459725 -27.17933059 -16.53411798
v 0.63674542 -26.48584358 -16.99653454
v 0.79435931 -26.99443698 -16.49134047
v 0.49529999 -26.58488415 -16.99653454
v 0.58282941 -27.09071524 -16.50409400
v 0.53691317 -27.10655145 -16.50678180
v 0.85788476 -26.22229978 -16.99653454
v 1.19231048 -26.67368762 -16.46469347
v 0.75884361 -26.36374533 -16.99653454
v 1.02110137 -26.83979273 -16.47684909
v 0.99128566 -26.86382644 -16.47881791
v 0.97555056 -25.89901537 -16.99653454
v 1.46865414 -26.22401901 -16.43666066
v 0.93085953 -26.06580593 -16.99653454
v 1.36585801 -26.43411607 -16.44908823
v 1.36337499 -26.43832937 -16.44935086
v 1.36159675 -26.44132823 -16.44953527
v 1.33875909 -26.47853643 -16.45185240
v 0.97555056 -25.55498481 -16.99653454
v 1.57753949 -25.70023388 -16.40936732
v 0.99059998 -25.72700009 -16.99653454
v 1.55092508 -25.94196424 -16.42138325
v 1.54123688 -25.98880231 -16.42381959
v 0.85788476 -25.23170039 -16.99653454
v 1.50355045 -25.16533434 -16.38210192
v 0.93085953 -25.38819425 -16.99653454
v 1.56048429 -25.41092224 -16.39495976
v 1.56577863 -25.44927597 -16.39691554
v 0.63674542 -24.96815659 -16.99653454
v 1.24479504 -24.66987818 -16.35403000
v 0.75884361 -25.09025484 -16.99653454
v 1.38247875 -24.88112450 -16.36640914
v 1.40711747 -24.92816374 -16.36907458
v 0.49529999 -24.86911602 -16.99653454
v 1.04452856 -24.45360646 -16.34014770
v 1.07124529 -24.47827533 -16.34187438
v -0.53901691 -24.08570424 -16.25959389
v -0.27481132 -24.03431013 -16.27228409
v -0.00772387 -24.02439527 -16.28451422
v 0.04017915 -24.02699925 -16.28665999
v 0.30228027 -24.06610921 -16.29895903
v 0.55210770 -24.14507605 -16.31163247
v 0.33880514 -24.79614131 -16.99653454
v 0.60432544 -24.16725829 -16.31441154
v 0.83695952 -24.29378964 -16.32743888
v -0.00000000 -25.72700009 -16.99653454
v -0.26378394 -27.24199183 -11.05179079
v -1.32200285 -25.77758394 -16.65655710
v 1.46855100 -26.18322521 -16.42608829
v -0.58938609 -24.30664562 -16.14019647
v -0.82917686 -24.43191409 -16.11747779
v -1.04024867 -24.59445223 -16.09579287
v -0.33133867 -24.22533557 -16.16291702
v -0.06715609 -24.19068106 -16.18460938
v 0.45877317 -24.25924316 -16.22787677
v 0.93628519 -24.50710163 -16.27306268
v 1.13079255 -24.68484268 -16.29402675
v 1.29365362 -24.89558980 -16.31569304
v 1.50109071 -25.39307065 -16.36113226
v 1.52557134 -25.92043206 -16.40378125
v 1.16860459 -26.34717152 -16.32623374
v 1.05086563 -26.53069794 -16.34726115
v 1.04271877 -26.54124051 -16.34852029
v 0.89821575 -26.69831738 -16.36823453
v 0.88847574 -26.70723572 -16.36945270
v 0.71718910 -26.83870681 -16.38989151
v 0.70575246 -26.84600092 -16.39119722
v 0.51130186 -26.94717236 -16.41259529
v 0.49861625 -26.95241012 -16.41394012
v 0.28951222 -27.01790445 -16.43532328
v 0.27615664 -27.02082694 -16.43664204
v 0.06223525 -27.04850584 -16.45705104
v 0.04883362 -27.04906836 -16.45828225
v -0.16416721 -27.03974582 -16.47798158
v -0.17770316 -27.03798190 -16.47927426
v -0.39030076 -26.99108608 -16.50027931
v -0.40357688 -26.98691189 -16.50163904
v -0.60619425 -26.90291591 -16.52312838
v -0.61857898 -26.89644881 -16.52449183
v -0.80190029 -26.77923813 -16.54548384
v -0.81284129 -26.77080967 -16.54679142
v -0.96980284 -26.62685141 -16.56646840
v -0.97905635 -26.61677450 -16.56772755
v -1.11046701 -26.44610591 -16.58810675
v -1.11804309 -26.43426880 -16.58946089
v -1.21928123 -26.24042332 -16.61080681
v -1.22472877 -26.22728981 -16.61220007
v -1.29040203 -26.01874061 -16.63354225
v -1.29345153 -26.00490861 -16.63491130
v -1.32139865 -25.79146624 -16.65527932
v -0.52458240 -27.17254311 -11.07434370
v -0.77014073 -27.05803886 -11.09716110
v -1.32970395 -26.49944462 -11.16207521
v -1.17554038 -26.71840787 -11.14004664
v -0.98940870 -26.90422349 -11.11920085
v -1.44462939 -26.25409514 -11.18489169
v -1.51453656 -25.99338815 -11.20745298
v -1.51544309 -25.46581998 -11.25001069
v -1.53778295 -25.72957426 -11.22874673
v -1.44645339 -25.20493232 -11.27255522
v -1.33237138 -24.95916560 -11.29537635
v -0.99340198 -24.55314435 -11.33827679
v -1.17890222 -24.73959327 -11.31742634
v -0.77474583 -24.39863607 -11.36028953
v -0.52960560 -24.28328805 -11.38310321
v -0.26898994 -24.21292290 -11.40567102
v -0.00514766 -24.18922260 -11.42698340
v 0.25857679 -24.21111055 -11.44822873
v 0.51955326 -24.27964099 -11.47076674
v 0.76552533 -24.39330146 -11.49359252
v 0.98540192 -24.54642206 -11.51565649
v 1.17216678 -24.73160625 -11.53650414
v 1.32702105 -24.94995482 -11.55850478
v 1.44278782 -25.19488521 -11.58131473
v 1.51361176 -25.45540780 -11.60388999
v 1.53776573 -25.71927756 -11.62522100
v 1.51633145 -25.98297223 -11.64645236
v 1.44825981 -26.24403685 -11.66897826
v 1.33502355 -26.49021335 -11.69180684
v 1.18225219 -26.71039291 -11.71388384
v 0.99738163 -26.89747512 -11.73473336
v 0.77934051 -27.05267444 -11.75672095
v 0.53462270 -27.16886066 -11.77952625
v 0.27419470 -27.24014223 -11.80210989
v 0.01029865 -27.26475149 -11.82345860
v -0.25336863 -27.24376880 -11.84467133
v -0.51451824 -27.17615664 -11.86719444
v -0.76089968 -27.06334367 -11.89001836
v -0.98138175 -26.91092342 -11.91210933
v -1.16878143 -26.72636695 -11.93296071
v -1.32432301 -26.50863491 -11.95493620
v -1.44092867 -26.26412921 -11.97774243
v -1.51266868 -26.00379661 -12.00032793
v -1.53773115 -25.73987469 -12.02169340
v -1.51720154 -25.47623590 -12.04289310
v -1.45004841 -25.21500178 -12.06540596
v -1.33766013 -24.96841736 -12.08823361
v -1.18559017 -24.74763431 -12.11033668
v -1.00134767 -24.55991507 -12.13118993
v -0.78392483 -24.40403216 -12.15315051
v -0.53963374 -24.28700775 -12.17595395
v -0.27939814 -24.21480976 -12.19855156
v -0.01545291 -24.18929338 -12.21993100
v 0.24815951 -24.20937084 -12.24111300
v 0.50947745 -24.27606471 -12.26361655
v 0.75626397 -24.38802645 -12.28644978
v 0.97734807 -24.53974448 -12.30856217
v 1.16538443 -24.72367510 -12.32941728
v 1.32160971 -24.94078688 -12.35136576
v 1.43905194 -25.18486232 -12.37416454
v 1.51170744 -25.44500120 -12.39677053
v 1.53767935 -25.70896968 -12.41816394
v 1.51805324 -25.97255446 -12.43933477
v 1.45181944 -26.23395436 -12.46182807
v 1.34028133 -26.48094296 -12.48466503
v 1.18891615 -26.70232579 -12.50678953
v 1.00529997 -26.89068206 -12.52764743
v 0.78849855 -27.04724669 -12.54958194
v 0.54463849 -27.16510743 -12.57237606
v 0.28460016 -27.23821998 -12.59498857
v 0.02061034 -27.26464719 -12.61640154
v -0.24294954 -27.24547312 -12.63755374
v -0.50443102 -27.17969753 -12.66004331
v -0.75161812 -27.06858516 -12.68287934
v -0.97330107 -26.91757493 -12.70501502
v -1.16197590 -26.73427016 -12.72587292
v -1.31888117 -26.51778236 -12.74779718
v -1.43715774 -26.27413906 -12.77058758
v -1.51072792 -26.01420134 -12.79320847
v -1.53761019 -25.75019002 -12.81463634
v -1.51888700 -25.48665553 -12.83577736
v -1.45357277 -25.22509359 -12.85825577
v -1.34288694 -24.97770824 -12.88109086
v -1.19223003 -24.75572750 -12.90324237
v -1.00923865 -24.56673235 -12.92410400
v -0.79306174 -24.40948784 -12.94601150
v -0.54963696 -24.29079637 -12.96880003
v -0.28980066 -24.21676926 -12.99142651
v -0.02577087 -24.18943122 -13.01287394
v 0.23773880 -24.20770377 -13.03399913
v 0.49937901 -24.27255735 -13.05646729
v 0.74696232 -24.38281663 -13.07930704
v 0.96924079 -24.53311719 -13.10146786
v 1.15855597 -24.71579798 -13.12233321
v 1.31613773 -24.93165992 -13.14423047
v 1.43524609 -25.17486550 -13.16701528
v 1.50973012 -25.43460019 -13.18964548
v 1.53752370 -25.69864690 -13.21110688
v 1.51970226 -25.96213296 -13.23221903
v 1.45530829 -26.22385137 -13.25468160
v 1.34547695 -26.47163160 -13.27752229
v 1.19553180 -26.69420652 -13.29969522
v 1.01316359 -26.88384242 -13.32056336
v 0.79761422 -27.04175934 -13.34244665
v 0.55462902 -27.16128342 -13.36522680
v 0.29499954 -27.23622508 -13.38786539
v 0.03093439 -27.26447396 -13.40934075
v -0.23252741 -27.24710293 -13.43044080
v -0.49432152 -27.18316950 -13.45289312
v -0.74229663 -27.07376517 -13.47573660
v -0.96516719 -26.92417800 -13.49791698
v -1.15512451 -26.74212120 -13.51879444
v -1.31337915 -26.52688697 -13.54066189
v -1.43331697 -26.28412284 -13.56343739
v -1.50871405 -26.02459863 -13.58608343
v -1.53741974 -25.76051652 -13.60757556
v -1.52049959 -25.49707703 -13.62866443
v -1.45702600 -25.23520961 -13.65110464
v -1.34805124 -24.98704009 -13.67394812
v -1.19882124 -24.76387471 -13.69614433
v -1.01707468 -24.57359619 -13.71702366
v -0.80215599 -24.41500500 -13.73887621
v -0.55961456 -24.29465577 -13.76164891
v -0.30019673 -24.21880141 -13.78430240
v -0.03610084 -24.18963797 -13.80580943
v 0.22731544 -24.20610934 -13.82688619
v 0.48925861 -24.26912263 -13.84932082
v 0.73762110 -24.37766828 -13.87216337
v 0.96108037 -24.52653833 -13.89436983
v 1.15168188 -24.70797487 -13.91525473
v 1.31060556 -24.92257766 -13.93709145
v 1.43137039 -25.16489476 -13.95986043
v 1.50767982 -25.42420477 -13.98251858
v 1.53729843 -25.68831481 -14.00404237
v 1.52127864 -25.95170960 -14.02510516
v 1.45872601 -26.21372603 -14.04753234
v 1.35060982 -26.46227926 -14.07037955
v 1.20209844 -26.68603137 -14.09259718
v 1.02097192 -26.87695622 -14.11348395
v 0.80668693 -27.03621238 -14.13531136
v 0.56459347 -27.15739049 -14.15807288
v 0.30539211 -27.23415568 -14.18073755
v 0.04127013 -27.26423182 -14.20227997
v -0.22210300 -27.24866197 -14.22332879
v -0.48419042 -27.18656883 -14.24574386
v -0.73293585 -27.07888372 -14.26859107
v -0.95698040 -26.93073265 -14.29081894
v -1.14822795 -26.74991451 -14.31171410
v -1.30781718 -26.53594688 -14.33352567
v -1.42940646 -26.29408054 -14.35628813
v -1.50662730 -26.03498846 -14.37895559
v -1.53715967 -25.77085607 -14.40051477
v -1.52203953 -25.50750412 -14.42155056
v -1.46040821 -25.24534613 -14.44395818
v -1.35315256 -24.99641106 -14.46680538
v -1.20536308 -24.77207407 -14.48904630
v -1.02485518 -24.58050288 -14.50994518
v -0.81120699 -24.42058176 -14.53174092
v -0.56956575 -24.29858223 -14.55449872
v -0.31058560 -24.22090620 -14.57717549
v -0.04644216 -24.18991551 -14.59874399
v 0.21689017 -24.20458756 -14.61977419
v 0.47911701 -24.26575683 -14.64216970
v 0.72824082 -24.37258139 -14.66501690
v 0.95286738 -24.52000976 -14.68726806
v 1.14476285 -24.70020764 -14.70817439
v 1.30501390 -24.91353638 -14.72996082
v 1.42742519 -25.15495010 -14.75271024
v 1.50555652 -25.41381866 -14.77539074
v 1.53700332 -25.67797154 -14.79697786
v 1.52278214 -25.94128437 -14.81799595
v 1.46207248 -26.20357834 -14.84038122
v 1.35567959 -26.45288967 -14.86323215
v 1.20861537 -26.67780593 -14.88549542
v 1.02872460 -26.87002532 -14.90640454
v 0.81571611 -27.03060582 -14.92817607
v 0.57453121 -27.15342864 -14.95092176
v 0.31577708 -27.23201364 -14.97360878
v 0.05161686 -27.26392075 -14.99521267
v -0.21167705 -27.25014649 -15.01621958
v -0.47403848 -27.18989737 -15.03859740
v -0.72353636 -27.08393708 -15.06144833
v -0.94874122 -26.93723701 -15.08371718
v -1.14128669 -26.75765380 -15.10463562
v -1.30219583 -26.54496580 -15.12639038
v -1.42542657 -26.30401216 -15.14913328
v -1.50446745 -26.04537271 -15.17182868
v -1.53682951 -25.78120492 -15.19344654
v -1.52350671 -25.51792935 -15.21444134
v -1.46371895 -25.25550313 -15.23680892
v -1.35819055 -25.00581928 -15.25965985
v -1.21185509 -24.78032745 -15.28194454
v -1.03258004 -24.58745614 -15.30286856
v -0.82021416 -24.42621812 -15.32460935
v -0.57948986 -24.30257946 -15.34734573
v -0.32096650 -24.22308363 -15.37004393
v -0.05679414 -24.19026382 -15.39167948
v 0.20646374 -24.20313843 -15.41266404
v 0.46895494 -24.26246367 -15.43502323
v 0.71882230 -24.36755970 -15.45787416
v 0.94460213 -24.51352961 -15.48016630
v 1.13779947 -24.69249815 -15.50109964
v 1.29936298 -24.90454167 -15.52282553
v 1.42341072 -25.14503337 -15.54555725
v 1.50336011 -25.40344000 -15.56826197
v 1.53663813 -25.66761710 -15.58991056
v 1.52421300 -25.93085729 -15.61088767
v 1.46534760 -26.19341202 -15.63323475
v 1.36068568 -26.44346096 -15.65608568
v 1.21508213 -26.66952834 -15.67838900
v 1.03642140 -26.86305158 -15.69932885
v 0.82470110 -27.02494152 -15.72104357
v 0.58444147 -27.14939602 -15.74376784
v 0.32615371 -27.22979896 -15.76648094
v 0.06197391 -27.26353519 -15.78814350
v -0.20125032 -27.25156024 -15.80910943
v -0.46386648 -27.19315514 -15.83145000
v -0.71409886 -27.08892711 -15.85430093
v -0.94045006 -26.94369107 -15.87661542
v -1.13430142 -26.76533721 -15.89756273
v -1.29651558 -26.55394003 -15.91925882
v -1.42137753 -26.31391399 -15.94198309
v -1.50223461 -26.05574578 -15.96469618
v -1.53642916 -25.79156496 -15.98637737
v -1.52490125 -25.52835643 -16.00733586
v -1.46695820 -25.26567876 -16.02966152
v -1.36316486 -25.01526661 -16.05251245
v -1.21829647 -24.78863113 -16.07483812
v -0.22693566 -27.03036182 -10.92776470
v -0.45130291 -26.97061375 -10.95031854
v -0.66255889 -26.87210590 -10.97313873
v -0.85119711 -26.73977613 -10.99517848
v -1.01132784 -26.57991648 -11.01602428
v -1.14412082 -26.39125660 -11.03808172
v -1.24282751 -26.18046477 -11.06086653
v -1.30296929 -25.95617436 -11.08342689
v -1.32296840 -25.72921477 -11.10472437
v -1.30365696 -25.50176904 -11.12603955
v -1.24439679 -25.27786046 -11.14853285
v -1.14625099 -25.06642602 -11.17135398
v -1.01422006 -24.87752587 -11.19340397
v -0.85463247 -24.71712232 -11.21425163
v -0.66581240 -24.58378300 -11.23634633
v -0.45562439 -24.48496222 -11.25908084
v -0.23141444 -24.42442626 -11.28164865
v -0.00442857 -24.40403774 -11.30296104
v 0.22347132 -24.42304045 -11.32430788
v 0.44697628 -24.48182367 -11.34674437
v 0.65858825 -24.57960695 -11.36956550
v 0.84775005 -24.71133694 -11.39163133
v 1.00842549 -24.87065457 -11.41248085
v 1.14164804 -25.05850233 -11.43448241
v 1.24124321 -25.26921593 -11.45729236
v 1.30217371 -25.49334615 -11.47986762
v 1.32295350 -25.72035603 -11.50119863
v 1.30451343 -25.94721504 -11.52242906
v 1.24595070 -26.17181093 -11.54495589
v 1.14853261 -26.38359740 -11.56778168
v 1.01710204 -26.57302283 -11.58986054
v 0.85805624 -26.73397027 -11.61070727
v 0.67047362 -26.86748840 -11.63269766
v 0.45994070 -26.96744539 -11.65550388
v 0.23589213 -27.02876925 -11.67808753
v 0.00886002 -27.04994008 -11.69943344
v -0.21797529 -27.03188919 -11.72064897
v -0.21995298 -27.03155763 -11.72083896
v -0.44264464 -26.97372250 -11.74316742
v -0.65460877 -26.87666751 -11.76599599
v -0.84429147 -26.74553916 -11.78808790
v -1.00551290 -26.58676356 -11.80893835
v -1.00693875 -26.58509277 -11.80914324
v -1.13932684 -26.39944665 -11.83091383
v -1.23964378 -26.18909627 -11.85371634
v -1.30136241 -25.96512996 -11.87630557
v -1.32292381 -25.73807724 -11.89767104
v -1.30526198 -25.51126480 -11.91886701
v -1.30485313 -25.50880611 -11.91910543
v -1.24748959 -25.28652363 -11.94138359
v -1.15080096 -25.07438511 -11.96421124
v -1.01997377 -24.88444187 -11.98631339
v -0.86146826 -24.72294681 -12.00716384
v -0.85943466 -24.72120523 -12.00741343
v -0.67441748 -24.58883822 -12.02912908
v -0.46425170 -24.48816225 -12.05192786
v -0.24036870 -24.42604862 -12.07452454
v -0.01329428 -24.40409735 -12.09590398
v 0.21349384 -24.42136966 -12.11709064
v 0.21643411 -24.42185394 -12.11737376
v 0.43830802 -24.47874658 -12.13959511
v 0.65062061 -24.57506955 -12.16242649
v 0.84082125 -24.70559441 -12.18453981
v 1.00259064 -24.86382984 -12.20539492
v 1.00464839 -24.86622520 -12.20568828
v 1.13699259 -25.05061403 -12.22734340
v 1.23802922 -25.26059560 -12.25014310
v 1.30053540 -25.48439428 -12.27274444
v 1.32287922 -25.71148798 -12.29414158
v 1.30599481 -25.93825199 -12.31530961
v 1.30543672 -25.94167367 -12.31564023
v 1.24901324 -26.16313845 -12.33780570
v 1.15305593 -26.37562342 -12.36064266
v 1.02283515 -26.56608261 -12.38276716
v 0.86486852 -26.72812529 -12.40362041
v 0.86211134 -26.73050016 -12.40396034
v 0.67835231 -26.86281875 -12.42555864
v 0.46855735 -26.96421556 -12.44835369
v 0.24484404 -27.02711523 -12.47096248
v 0.01773126 -27.04985067 -12.49237638
v -0.20901165 -27.03335509 -12.51353137
v -0.21291476 -27.03272551 -12.51390856
v -0.43396652 -26.97676979 -12.53601722
v -0.64662378 -26.88117698 -12.55885419
v -0.83733961 -26.75126120 -12.58099265
v -0.99965825 -26.59356408 -12.60185055
v -1.00235199 -26.59044601 -12.60223519
v -1.13464519 -26.40731633 -12.62377482
v -1.23639964 -26.19770728 -12.64656521
v -1.29969267 -25.97408183 -12.66918518
v -1.32281973 -25.74695088 -12.69061398
v -1.30671205 -25.52022971 -12.71175500
v -1.30601064 -25.51584505 -12.71217503
v -1.25052151 -25.29520541 -12.73423247
v -1.15529762 -25.08237772 -12.75706850
v -1.02568616 -24.89140630 -12.77922001
v -0.86825702 -24.72881228 -12.80008163
v -0.86478074 -24.72579852 -12.80050911
v -0.68227807 -24.59353395 -12.82199007
v -0.47285756 -24.49142002 -12.84477673
v -0.24931808 -24.42773432 -12.86740508
v -0.02217090 -24.40421470 -12.88884692
v 0.20452881 -24.41993542 -12.90997304
v 0.42962021 -24.47572909 -12.93244492
v 0.64261834 -24.57058616 -12.95528375
v 0.83384645 -24.69989285 -12.97744550
v 0.25379073 -27.02539973 -13.26383837
v 0.47715227 -26.96092613 -13.24120071
v 0.68619463 -26.85810067 -13.21841963
v 0.87163365 -26.72224119 -13.19653820
v 1.02852669 -26.55909583 -13.17566913
v 1.15752581 -26.36761218 -13.15349992
v 1.25201466 -26.15444548 -13.13065644
v 1.30741356 -25.92928708 -13.10819667
v 1.32274535 -25.70260875 -13.08708452
v 1.29883422 -25.47544613 -13.06561939
v 1.23475492 -25.25199391 -13.04298919
v 1.13228499 -25.04276298 -13.02020438
v 1.00004952 -24.86088686 -12.99878024
v 0.99671597 -24.85705353 -12.99831085
v 0.16865229 -24.41482432 -16.08153805
v 0.19603690 -24.20176193 -16.20555855
v 0.02661313 -27.04970166 -13.28531839
v -0.20004540 -27.03475766 -13.30641843
v -0.42526919 -26.97975561 -13.32887076
v -0.63860440 -26.88563429 -13.35171144
v -0.83034189 -26.75694227 -13.37389462
v -0.99376391 -26.60031803 -13.39476742
v -1.12991175 -26.41515061 -13.41663953
v -1.23309530 -26.20629780 -13.43941502
v -1.29796017 -25.98302625 -13.46205827
v -1.32265594 -25.75583570 -13.48355319
v -1.30809937 -25.52919649 -13.50463741
v -1.25349243 -25.30390769 -13.52708228
v -1.15974050 -25.09040572 -13.54992576
v -1.03135663 -24.89841543 -13.57212197
v -0.87499840 -24.73471500 -13.59299757
v -0.69010194 -24.59827997 -13.61485384
v -0.48144138 -24.49473925 -13.63762654
v -0.25826192 -24.42948334 -13.66027631
v -0.03105788 -24.40439351 -13.68178613
v 0.19556150 -24.41856265 -13.70286103
v 0.42091354 -24.47277494 -13.72529380
v 0.63458201 -24.56615679 -13.74814101
v 0.82682603 -24.69423227 -13.77034746
v 0.99080219 -24.85032380 -13.79122864
v 1.12752558 -25.03494732 -13.81306909
v 1.23142067 -25.24341643 -13.83583806
v 1.29707041 -25.46650358 -13.85849528
v 1.32255151 -25.69371834 -13.88002001
v 1.30876957 -25.92032030 -13.90108280
v 1.25495496 -26.14573389 -13.92350998
v 1.16194168 -26.35956742 -13.94635253
v 1.03417598 -26.55206434 -13.96857109
v 0.87835122 -26.71631798 -13.98945786
v 0.69399993 -26.85332857 -14.01128527
v 0.48572480 -26.95757709 -14.03404959
v 0.26273154 -27.02361904 -14.05671518
v 0.03550506 -27.04949304 -14.07825481
v -0.19107718 -27.03609876 -14.09930643
v -0.41655332 -26.98267996 -14.12172150
v -0.63055125 -26.89003758 -14.14456870
v -0.82329876 -26.76258236 -14.16679658
v -0.98783069 -26.60702355 -14.18768894
v -1.12512673 -26.42294578 -14.20950424
v -1.22973113 -26.21486410 -14.23226204
v -1.29616482 -25.99196509 -14.25493322
v -1.32243207 -25.76472983 -14.27648868
v -1.30942417 -25.53816512 -14.29752819
v -1.25640223 -25.31262860 -14.31993302
v -1.16412924 -25.09846725 -14.34278302
v -1.03698461 -24.90546927 -14.36502021
v -0.88169205 -24.74065870 -14.38591816
v -0.69788861 -24.60307814 -14.40771855
v -0.49000245 -24.49811995 -14.43047356
v -0.26719953 -24.43129383 -14.45314847
v -0.03995460 -24.40463379 -14.47472163
v 0.18659254 -24.41725507 -14.49575182
v 0.41218862 -24.46988039 -14.51814733
v 0.62651210 -24.56178144 -14.54099454
v 0.81976026 -24.68861453 -14.56324570
v 0.98484964 -24.84364249 -14.58415203
v 1.12271507 -25.02717078 -14.60593380
v 1.22802658 -25.23486130 -14.62868787
v 1.29524362 -25.45756660 -14.65136837
v 1.32229761 -25.68482049 -14.67295550
v 1.31006306 -25.91134980 -14.69397359
v 1.25783402 -26.13700554 -14.71635886
v 1.16630318 -26.35148913 -14.73920979
v 1.03978254 -26.54498629 -14.76147305
v 0.88502088 -26.71035565 -14.78238311
v 0.70176780 -26.84850432 -14.80415370
v 0.49427431 -26.95416845 -14.82689939
v 0.27166583 -27.02177688 -14.84958641
v 0.04440645 -27.04922482 -14.87119030
v -0.18210766 -27.03737654 -14.89219628
v -0.40781952 -26.98554471 -14.91457503
v -0.62246475 -26.89438500 -14.93742224
v -0.81621052 -26.76817775 -14.95969482
v -0.98185905 -26.61368065 -14.98061232
v -1.12029060 -26.43070370 -15.00236802
v -1.22630713 -26.22340806 -15.02511092
v -1.29430671 -26.00089833 -15.04780538
v -1.32214802 -25.77363327 -15.06942324
v -1.31068635 -25.54713562 -15.09041991
v -1.25925045 -25.32136627 -15.11278655
v -1.16846350 -25.10656230 -15.13563748
v -1.04256964 -24.91256781 -15.15791751
v -0.88833779 -24.74663965 -15.17884247
v -0.70563750 -24.60792661 -15.20058699
v -0.49854029 -24.50155839 -15.22332244
v -0.27613033 -24.43316765 -15.24602156
v -0.04886051 -24.40493181 -15.26765339
v 0.17762260 -24.41600710 -15.28864168
v 0.40344612 -24.46704730 -15.31099807
v 0.61840925 -24.55746196 -15.33384901
v 0.81264961 -24.68304150 -15.35614394
v 0.97885903 -24.83700775 -15.37707727
v 1.11785356 -25.01943149 -15.39880317
v 1.22457289 -25.22632852 -15.42153489
v 1.29335409 -25.44863895 -15.44423960
v 1.32198341 -25.67591146 -15.46588819
v 1.31129404 -25.90237930 -15.48686530
v 1.26065151 -26.12825856 -15.50921239
v 1.17061008 -26.34337917 -15.53206332
v 1.04534591 -26.53786540 -15.55436663
v 0.89164253 -26.70435607 -15.57530649
v 0.70949772 -26.84362978 -15.59701841
v 0.50280022 -26.95070021 -15.61974641
v 0.28059294 -27.01987140 -15.64245485
v 0.05331671 -27.04889514 -15.66412114
v -0.17313745 -27.03859285 -15.68508707
v -0.39906846 -26.98834613 -15.70742391
v -0.61434560 -26.89867839 -15.73027484
v -0.80907758 -26.77373216 -15.75258933
v -0.97584963 -26.62029117 -15.77354036
v -1.11540384 -26.43842436 -15.79523645
v -1.22282375 -26.23192780 -15.81795700
v -1.29238574 -26.00982413 -15.84067382
v -1.32180366 -25.78254417 -15.86235128
v -1.31188612 -25.55610426 -15.88330977
v -1.26203720 -25.33012256 -15.90563916
v -1.17274281 -25.11468902 -15.92849009
v -1.04811124 -24.91971292 -15.95081575
v -0.89493522 -24.75265786 -15.97177051
v -0.71334821 -24.61282536 -15.99345170
v -0.50705409 -24.50505644 -16.01616852
v -0.28505360 -24.43510480 -16.03888907
v -0.05777498 -24.40529130 -16.06058516
v 0.39468665 -24.46427569 -16.10385068
v 0.40701151 -24.46819469 -16.10511355
v 0.70936600 -24.36260134 -16.25072770
v 0.61027391 -24.55319650 -16.12670161
v 0.62176416 -24.55924079 -16.12796821
v 0.80549443 -24.67750944 -16.14903845
v 0.81563811 -24.68537353 -16.15024917
v 0.97283087 -24.83042330 -16.17000438
v 1.11294165 -25.01172945 -16.19167067
v 1.11995719 -25.02276562 -16.19293354
v 1.41932722 -25.13514459 -16.33840613
v 1.22105982 -25.21782182 -16.21438377
v 1.22609083 -25.23005754 -16.21568017
v 1.29140180 -25.43971688 -16.23710804
v 1.29419961 -25.45259520 -16.23837836
v 1.53620250 -25.65725148 -16.38284139
v 1.32160867 -25.66699497 -16.25881530
v 1.32213207 -25.67991614 -16.26000367
v 1.31246261 -25.89340881 -16.27975889
v 1.31074130 -25.90646408 -16.28100313
v 1.17486180 -26.33523569 -16.32491685
v 1.25935953 -26.13229491 -16.30337723
v 1.26340752 -26.11949481 -16.30206592
v -1.04489946 -24.91555922 -16.64584316
v -1.31121872 -25.55105835 -16.57832786
v -1.26046012 -25.32514185 -16.60068147
v -1.32200285 -25.77758394 -16.55734330
v -1.17029063 -25.11001565 -16.62353799
v -1.01150060 -26.57971159 -10.91683097
v -0.85136131 -26.73963830 -10.89597680
v -0.66270086 -26.87202394 -10.87393519
v -0.45140606 -26.97057649 -10.85110940
v -0.22698910 -27.03035250 -10.82855277
v -1.30365696 -25.50176904 -11.02682017
v -1.32296910 -25.72873794 -11.00554969
v -1.30304438 -25.95574781 -10.98425221
v -1.24295917 -26.18010342 -10.96168812
v -1.14412082 -26.39125660 -10.93886700
v -0.66581240 -24.58378300 -11.13712601
v -0.85405959 -24.71663803 -11.11510303
v -1.01377221 -24.87699129 -11.09425165
v -1.14592328 -25.06585792 -11.07219793
v -1.24419166 -25.27729236 -11.04937401
v 0.22347132 -24.42304045 -11.22508850
v -0.00347744 -24.40403402 -11.20382827
v -0.23050628 -24.42426607 -11.18251495
v -0.45480000 -24.48466048 -11.15994714
v 1.14231021 -25.05963296 -11.33538969
v 1.00922282 -24.87159334 -11.31337695
v 0.84865582 -24.71209504 -11.29252370
v 0.65958372 -24.58017878 -11.27046160
v 0.44800897 -24.48219620 -11.24763303
v 1.30425987 -25.94871260 -11.42335497
v 1.32295990 -25.72178282 -11.40210964
v 1.30242214 -25.49473569 -11.38078328
v 1.24171725 -25.27050488 -11.35820802
v 0.85675076 -26.73508227 -11.51164807
v 1.01603754 -26.57430060 -11.49079390
v 1.14771759 -26.38502233 -11.46872249
v 1.24541484 -26.17330849 -11.44589297
v -0.21995298 -27.03155763 -11.62162330
v 0.00695666 -27.04995126 -11.60038821
v 0.23402281 -27.02910826 -11.57904975
v 0.45819074 -26.96809359 -11.55646704
v 0.66891860 -26.86840110 -11.53365429
v -1.00693875 -26.58509277 -11.70992386
v -0.84594317 -26.74416825 -11.68906875
v -0.65646117 -26.87561139 -11.66698523
v -0.44460874 -26.97302215 -11.64415386
v -1.30485313 -25.50880611 -11.81988604
v -1.32294162 -25.73569678 -11.79866679
v -1.30179012 -25.96278116 -11.77731808
v -1.24046602 -26.18688531 -11.75472699
v -1.14049145 -26.39747038 -11.73191704
v -0.85943466 -24.72120523 -11.90819498
v -1.01829646 -24.88241531 -11.88734081
v -1.14950375 -25.07210150 -11.86524983
v -1.24662858 -25.28409287 -11.84241287
v 0.21643411 -24.42185394 -12.01815438
v -0.01043763 -24.40407127 -11.99694537
v -0.23753865 -24.42552894 -11.97558455
v -0.46157822 -24.48716387 -11.95299160
v -0.67201926 -24.58742075 -11.93017792
v 1.00464839 -24.86622520 -12.10646890
v 0.84322342 -24.70757626 -12.08561100
v 0.65333326 -24.57660623 -12.06350885
v 0.44120545 -24.47976731 -12.04067748
v 1.30543672 -25.94167367 -12.21642084
v 1.32291415 -25.71482211 -12.19522767
v 1.30114856 -25.48770420 -12.17384916
v 1.23920559 -25.26372857 -12.15125062
v 1.13866455 -25.05343221 -12.12844066
v 0.86211134 -26.73050016 -12.30474375
v 1.02054910 -26.56886168 -12.28388585
v 1.15128176 -26.37876756 -12.26177346
v 1.24783313 -26.16650239 -12.23893743
v -0.21291476 -27.03272551 -12.41468918
v 0.01392032 -27.04989724 -12.39350718
v 0.24105379 -27.02782489 -12.37211563
v 0.46496248 -26.96557157 -12.34951150
v 0.67511428 -26.86474845 -12.32670527
v -1.00235199 -26.59044601 -12.50301581
v -0.84049650 -26.74867213 -12.48215791
v -0.65019995 -26.87916718 -12.46003620
v -0.43779911 -26.97543427 -12.43719645
v -1.30601064 -25.51584505 -12.61295564
v -1.32287748 -25.74266307 -12.59178575
v -1.30049721 -25.96981078 -12.57038303
v -1.23793574 -26.19365416 -12.54777052
v -1.13682973 -26.40365995 -12.52496801
v -0.86478074 -24.72579852 -12.70128973
v -1.02279533 -24.88786913 -12.68042810
v -1.15305139 -25.07836930 -12.65829615
v -1.24902825 -25.29090457 -12.63545733
v 1.00004952 -24.86088686 -12.89956458
v 0.83776255 -24.70308356 -12.87869923
v 0.64706133 -24.57306720 -12.85656076
v 0.43438977 -24.47737753 -12.83372007
v 0.20939496 -24.42070656 -12.81122304
v -0.01740468 -24.40414391 -12.79006340
v -0.24456816 -24.42683280 -12.76864763
v -0.46834338 -24.48970266 -12.74603046
v -0.67820377 -24.59109016 -12.72323262
v 0.02089069 -27.04980597 -13.18662055
v 0.24808172 -27.02650242 -13.16517871
v 0.47172094 -26.96301416 -13.14255409
v 0.68128761 -26.86106227 -13.11975997
v 0.86744287 -26.72589570 -13.09783664
v 1.02503516 -26.56339295 -13.07697129
v 1.15481287 -26.37249045 -13.05482350
v 1.25021383 -26.15968324 -13.03198095
v 1.30657491 -25.93463473 -13.00949510
v 1.32283161 -25.70785210 -12.98834197
v 1.29983621 -25.48067458 -12.96691410
v 1.23665656 -25.25696717 -12.94429135
v 1.13498676 -25.04725382 -12.92149536
v 0.40701151 -24.46819469 -16.00589417
v 0.18122522 -24.41650070 -15.98351635
v -0.04533575 -24.40480702 -15.96250944
v -0.27265091 -24.43243004 -15.94089530
v -0.49526687 -24.50023219 -15.91820084
v -0.70271472 -24.60608818 -15.89545049
v -0.88587252 -24.74441193 -15.87368362
v -1.04053144 -24.90996569 -15.85276239
v -1.16690993 -25.10364540 -15.83048888
v -1.25824951 -25.31827241 -15.80763422
v -1.31025421 -25.54401383 -15.78524895
v -1.32225198 -25.77058785 -15.76423459
v -1.29493803 -25.99789761 -15.74263163
v -1.22744380 -26.22058988 -15.71994089
v -1.12186349 -26.42819285 -15.69718681
v -0.98376290 -26.61156841 -15.67540504
v -0.81842800 -26.76643617 -15.65449126
v -0.62494428 -26.89305879 -15.63222893
v -0.41044349 -26.98469162 -15.60937520
v -0.18474717 -27.03700773 -15.58697782
v 0.04183924 -27.04930864 -15.56595601
v 0.26914407 -27.02230401 -15.54436516
v 0.49191382 -26.95511654 -15.52167814
v 0.69967104 -26.84981376 -15.49892314
v 0.88326185 -26.71193518 -15.47713112
v 1.03833748 -26.54682100 -15.45622107
v 1.16520701 -26.35353245 -15.43396525
v 1.25712994 -26.13915876 -15.41111059
v 1.30975759 -25.91350861 -15.38871136
v 1.32236257 -25.68690851 -15.36767744
v 1.29566691 -25.45960993 -15.34610055
v 1.22878759 -25.23676492 -15.32341726
v 1.12376199 -25.02885275 -15.30066039
v 0.98610739 -24.84504692 -15.27885534
v 0.82121097 -24.68976192 -15.25795273
v 0.62811933 -24.56264757 -15.23570530
v 0.41387280 -24.47043359 -15.21285158
v 0.18826900 -24.41749349 -15.19044302
v -0.03834412 -24.40458536 -15.16940352
v -0.26563613 -24.43097159 -15.14783408
v -0.48855715 -24.49754439 -15.12515731
v -0.69662154 -24.60229211 -15.10239206
v -0.88064378 -24.73972179 -15.08058049
v -1.03613688 -24.90440011 -15.05968161
v -1.16349547 -25.09729564 -15.03744256
v -1.25600083 -25.31141415 -15.01459163
v -1.30925130 -25.53696930 -14.99217190
v -1.32246397 -25.76359734 -14.97112494
v -1.29638601 -25.99088103 -14.94956948
v -1.23012217 -26.21387690 -14.92689829
v -1.12565258 -26.42209455 -14.90412932
v -0.98844606 -26.60633251 -14.88230564
v -0.82398707 -26.76203474 -14.86141142
v -0.63128932 -26.88963711 -14.83918168
v -0.41729934 -26.98243223 -14.81632702
v -0.19179065 -27.03599446 -14.79390543
v 0.03485043 -27.04951167 -14.77284636
v 0.26212717 -27.02374198 -14.75130673
v 0.48519691 -26.95778571 -14.72863741
v 0.69356622 -26.85359493 -14.70586471
v 0.87801827 -26.71661228 -14.68403172
v 1.03392964 -26.55237168 -14.66313936
v 1.16177567 -26.35987289 -14.64091893
v 1.25486229 -26.14601143 -14.61806800
v 1.30873523 -25.92055127 -14.59563710
v 1.32255594 -25.69389530 -14.57456686
v 1.29709544 -25.46662837 -14.55303840
v 1.23144756 -25.24348535 -14.53037839
v 1.12753524 -25.03496408 -14.50760197
v 0.99077867 -24.85029772 -14.48575594
v 0.82675618 -24.69417639 -14.46486823
v 0.63445413 -24.56608787 -14.44265805
v 0.42072311 -24.47270975 -14.41980712
v 0.19531208 -24.41852540 -14.39737063
v -0.03135821 -24.40440096 -14.37629201
v -0.25861722 -24.42955412 -14.35477566
v -0.48183315 -24.49489385 -14.33211844
v -0.69050520 -24.59852584 -14.30933736
v -0.87538542 -24.73505773 -14.28748108
v -1.03171577 -24.89886247 -14.26659804
v -1.16004748 -25.09096451 -14.24439531
v -1.25371432 -25.30456521 -14.22154438
v -1.30820961 -25.52992664 -14.19909857
v -1.32263871 -25.75661242 -14.17801343
v -1.29779510 -25.98386258 -14.15650733
v -1.23276364 -26.20714903 -14.13385384
v -1.12941011 -26.41597204 -14.11107462
v -0.99310547 -26.60106681 -14.08920623
v -0.82951825 -26.75760724 -14.06832598
v -0.63761376 -26.88618004 -14.04613536
v -0.42414409 -26.98013745 -14.02328350
v -0.19883328 -27.03494392 -14.00083117
v 0.02786748 -27.04967745 -13.97973578
v 0.25510628 -27.02514082 -13.95824458
v 0.47846587 -26.96041763 -13.93559482
v 0.68743835 -26.85734443 -13.91281001
v 0.87274524 -26.72126703 -13.89093231
v 1.02949538 -26.55789629 -13.87005486
v 1.15831092 -26.36619098 -13.84787075
v 1.25255692 -26.15285292 -13.82502355
v 1.30767445 -25.92759393 -13.80256470
v 1.32271228 -25.70087649 -13.78145721
v 1.29848521 -25.47364868 -13.75997625
v 1.23407051 -25.25021881 -13.73733394
v 1.13127695 -25.04109778 -13.71454727
v 0.99542609 -24.85557832 -13.69266026
v 0.83227339 -24.69861694 -13.67178466
v 0.64076821 -24.56955984 -13.64960801
v 0.42756222 -24.47502501 -13.62676453
v 0.20235417 -24.41959642 -13.60429637
v -0.02437830 -24.40425381 -13.58317863
v -0.25159444 -24.42817390 -13.56171351
v -0.47509512 -24.49227870 -13.53907399
v -0.68436586 -24.59479310 -13.51628639
v -0.87009772 -24.73041601 -13.49438541
v -1.02726859 -24.89335090 -13.47351260
v -1.15656597 -25.08465573 -13.45134713
v -1.25139009 -25.29772930 -13.42849992
v -1.30712951 -25.52288584 -13.40602990
v -1.32277654 -25.74963495 -13.38489912
v -1.29916554 -25.97683854 -13.36344518
v -1.23536820 -26.20040812 -13.34081497
v -1.13313587 -26.40982717 -13.31802271
v -0.99774089 -26.59577131 -13.29611149
v -0.83502149 -26.75315179 -13.27524148
v -0.64391742 -26.88269131 -13.25308438
v -0.43097747 -26.97780356 -13.23024090
v -0.20587476 -27.03385428 -13.20776157
v 0.62176416 -24.55924079 -16.02875255
v 0.81563811 -24.68537353 -16.05103351
v 1.11995719 -25.02276562 -16.09371416
v 0.98141260 -24.83982407 -16.07195847
v 1.22609083 -25.23005754 -16.11646079
v 1.29419961 -25.45259520 -16.13916084
v 1.32213207 -25.67991614 -16.16078801
v 1.31074130 -25.90646408 -16.18178748
v 1.25935953 -26.13229491 -16.20415971
v 1.16860459 -26.34717152 -16.22701250
v 1.04271877 -26.54124051 -16.24930277
v 0.88847574 -26.70723572 -16.27023332
v 0.70575246 -26.84600092 -16.29197970
v 0.49861625 -26.95241012 -16.31472260
v 0.27615664 -27.02082694 -16.33742638
v 0.04883362 -27.04906836 -16.35906473
v -0.17770316 -27.03798190 -16.38005488
v -0.40357688 -26.98691189 -16.40241779
v -0.61857898 -26.89644881 -16.42527618
v -0.81284129 -26.77080967 -16.44757204
v -0.97905635 -26.61677450 -16.46850817
v -1.11804309 -26.43426880 -16.49024151
v -1.22472877 -26.22728981 -16.51298068
v -1.29345153 -26.00490861 -16.53569005
v 0.12953946 -26.79788880 37.53754497
v 0.12953946 -26.79788880 37.45816648
v 0.86264801 -26.37462877 38.17622364
v -0.00000000 -26.87267959 38.39818388
v -0.00000000 -26.87267959 38.27920184
v 0.18334883 -26.76682360 38.48800436
v 0.06458242 -26.83539316 38.26417774
v 0.34458310 -26.67373419 38.53637353
v 0.12953946 -26.79788880 38.25191781
v 0.49609377 -26.58625878 38.55167702
v 0.12953946 -26.79788880 38.17254305
v 0.12953946 -26.79788880 38.09316456
v 0.86264801 -26.37462877 38.33497316
v 0.86264801 -26.37462877 35.63622385
v 0.12953946 -26.79788880 36.98191792
v 0.06448325 -26.83545090 37.43392974
v 0.06458242 -26.83539316 36.99417785
v -0.00000000 -26.87267959 37.40810230
v -0.00000000 -26.87267959 37.00920194
v 0.92760508 -26.33712627 35.62396020
v 0.99218753 -26.29983984 35.60893983
v 0.12953946 -26.79788880 37.61691600
v 0.06448325 -26.83545090 38.06893155
v 0.06458242 -26.83539316 37.62917966
v -0.00000000 -26.87267959 38.04310784
v -0.00000000 -26.87267959 37.64420003
v 0.86264801 -26.37462877 38.25559467
v 0.86264801 -26.37462877 36.27122194
v 0.86264801 -26.37462877 36.35059670
v 0.12953946 -26.79788880 35.71191803
v 0.86264801 -26.37462877 36.42997518
v 0.86264801 -26.37462877 36.90622374
v 0.92770427 -26.33706853 36.45420820
v 0.92760508 -26.33712627 36.89396009
v 0.99218753 -26.29983984 36.48003563
v 0.99218753 -26.29983984 36.87893972
v 0.86264801 -26.37462877 37.54122183
v 0.86264801 -26.37462877 37.62059659
v 0.86264801 -26.37462877 37.69997135
v 0.92770427 -26.33706853 37.72420809
v 0.92760508 -26.33712627 38.16395998
v 0.99218753 -26.29983984 37.75003552
v 0.99218753 -26.29983984 38.14893588
v 0.12953946 -26.79788880 36.34691611
v 0.12953946 -26.79788880 36.26754507
v 0.12953946 -26.79788880 36.18816659
v 0.06448325 -26.83545090 36.16392985
v 0.06458242 -26.83539316 35.72417796
v -0.00000000 -26.87267959 36.13810614
v -0.00000000 -26.87267959 35.73920205
v 0.86264801 -26.37462877 35.71559489
v 0.86264801 -26.37462877 35.79496965
v 0.92770427 -26.33706853 35.81921011
v 0.92760508 -26.33712627 36.25896201
v 0.99218753 -26.29983984 35.84503382
v 0.99218753 -26.29983984 36.24393791
v 0.99218753 -26.29983984 38.38503733
v 0.99218753 -26.29983984 38.39818388
v 0.92770427 -26.33706853 38.35920990
v 0.80883864 -26.40569583 38.48800436
v 0.86264801 -26.37462877 36.98559478
v 0.86264801 -26.37462877 37.06497326
v 0.92770427 -26.33706853 37.08921000
v 0.92760508 -26.33712627 37.52896190
v 0.99218753 -26.29983984 37.11503744
v 0.99218753 -26.29983984 37.51393780
v -0.00000000 -26.87267959 35.50310433
v 0.06448325 -26.83545090 35.52893177
v 0.12953946 -26.79788880 35.55316851
v 0.12953946 -26.79788880 35.63254327
v 0.12953946 -26.79788880 36.90254316
v 0.12953946 -26.79788880 36.82316840
v 0.06448325 -26.83545090 36.79893166
v 0.06458242 -26.83539316 36.35917976
v -0.00000000 -26.87267959 36.77310422
v -0.00000000 -26.87267959 36.37420386
v 0.64760441 -26.49878524 38.53637353
v -0.86264801 -26.37462877 35.52671149
v -0.86264801 -26.37462877 35.44733301
v -0.12953946 -26.79788880 36.16539016
v -0.99218753 -26.29983984 38.39818388
v -0.99218753 -26.29983984 38.17336634
v -0.80883864 -26.40569583 38.48800436
v -0.92760508 -26.33712627 38.15834969
v -0.64760441 -26.49878524 38.53637353
v -0.86264801 -26.37462877 38.14608231
v -0.49609377 -26.58625878 38.55167702
v -0.86264801 -26.37462877 38.06671128
v -0.86264801 -26.37462877 37.98733652
v -0.12953946 -26.79788880 38.22913766
v -0.06458242 -26.83539316 35.51812842
v -0.12953946 -26.79788880 37.43539006
v -0.12953946 -26.79788880 37.51476109
v -0.86264801 -26.37462877 36.87608242
v -0.12953946 -26.79788880 37.59413958
v -0.12953946 -26.79788880 38.07038814
v -0.06448325 -26.83545090 37.61837631
v -0.06458242 -26.83539316 38.05812821
v -0.12953946 -26.79788880 38.14976662
v -0.86264801 -26.37462877 37.51108423
v -0.92760508 -26.33712627 37.52334416
v -0.99218753 -26.29983984 37.53836825
v -0.99218753 -26.29983984 37.93727234
v -0.86264801 -26.37462877 37.43170947
v -0.86264801 -26.37462877 37.35233471
v -0.92770427 -26.33706853 37.32809797
v -0.92760508 -26.33712627 36.88834608
v -0.99218753 -26.29983984 37.30227426
v -0.99218753 -26.29983984 36.90336645
v -0.92770427 -26.33706853 35.42309627
v -0.99218753 -26.29983984 35.39727256
v -0.06448325 -26.83545090 38.25337440
v -0.18334883 -26.76682360 38.48800436
v -0.86264801 -26.37462877 35.60608253
v -0.86264801 -26.37462877 36.79671139
v -0.86264801 -26.37462877 36.71733290
v -0.86264801 -26.37462877 36.24108434
v -0.92770427 -26.33706853 36.69309616
v -0.92760508 -26.33712627 36.25334427
v -0.99218753 -26.29983984 36.66727245
v -0.99218753 -26.29983984 36.26836836
v -0.86264801 -26.37462877 36.16170958
v -0.12953946 -26.79788880 36.80038825
v -0.86264801 -26.37462877 36.08233482
v -0.92770427 -26.33706853 36.05809808
v -0.92760508 -26.33712627 35.61834618
v -0.99218753 -26.29983984 36.03227064
v -0.99218753 -26.29983984 35.63337028
v -0.12953946 -26.79788880 36.87976301
v -0.12953946 -26.79788880 36.95913777
v -0.06448325 -26.83545090 36.98337451
v -0.06458242 -26.83539316 37.42312640
v -0.34458310 -26.67373419 38.53637353
v -0.12953946 -26.79788880 35.53038836
v -0.12953946 -26.79788880 35.60976312
v -0.12953946 -26.79788880 35.68914160
v -0.06448325 -26.83545090 35.71337461
v -0.06458242 -26.83539316 36.15312651
v -0.12953946 -26.79788880 36.24476120
v -0.12953946 -26.79788880 36.32413968
v -0.06448325 -26.83545090 36.34837642
v -0.06458242 -26.83539316 36.78812832
v -0.99218753 -26.15026012 38.04393113
v -0.99218753 -26.15026012 38.12330589
v -0.99218753 -25.30374005 37.40524873
v -0.99218753 -25.15416034 38.39818388
v -0.99218753 -25.15416034 38.06753457
v -0.99218753 -25.36587417 38.48800436
v -0.99218753 -25.22873320 38.05251420
v -0.99218753 -25.55205114 38.53637353
v -0.99218753 -25.30374005 38.04025427
v -0.99218753 -25.30374005 35.42087600
v -0.99218753 -25.30374005 35.34150496
v -0.99218753 -26.15026012 36.05955467
v -0.99218753 -26.22526698 35.41229293
v -0.99218753 -25.22861771 35.31726450
v -0.99218753 -25.15416034 35.29144078
v -0.99218753 -25.30374005 35.50025076
v -0.99218753 -26.15026012 37.96455264
v -0.99218753 -25.30374005 37.96087578
v -0.99218753 -25.30374005 37.88150102
v -0.99218753 -25.22861771 37.85726428
v -0.99218753 -25.22873320 37.41751611
v -0.99218753 -25.15416034 37.83144057
v -0.99218753 -25.15416034 37.43253276
v -0.99218753 -25.30374005 37.32587770
v -0.99218753 -25.30374005 37.24650294
v -0.99218753 -25.30374005 36.77025065
v -0.99218753 -25.22861771 37.22226247
v -0.99218753 -25.22873320 36.78251430
v -0.99218753 -25.15416034 37.19643876
v -0.99218753 -25.15416034 36.79753467
v -0.99218753 -26.15026012 36.13892943
v -0.99218753 -26.15026012 36.21830419
v -0.99218753 -26.15026012 36.69455647
v -0.99218753 -26.22538060 36.24254093
v -0.99218753 -26.22526698 36.68229282
v -0.99218753 -25.30374005 36.13524884
v -0.99218753 -25.30374005 36.05587780
v -0.99218753 -25.30374005 35.97650304
v -0.99218753 -25.22861771 35.95226258
v -0.99218753 -25.22873320 35.51251069
v -0.99218753 -25.15416034 35.92643887
v -0.99218753 -25.15416034 35.52753478
v -0.99218753 -26.22538060 37.51254454
v -0.99218753 -26.15026012 37.48830408
v -0.99218753 -26.15026012 37.40893304
v -0.99218753 -26.15026012 37.32955456
v -0.99218753 -25.30374005 36.69087589
v -0.99218753 -25.30374005 36.61150113
v -0.99218753 -25.22861771 36.58726439
v -0.99218753 -25.22873320 36.14751250
v -0.99218753 -25.15416034 36.56144068
v -0.99218753 -25.15416034 36.16253287
v -0.99218753 -26.15026012 35.42455658
v -0.99218753 -26.15026012 35.50392762
v -0.99218753 -26.15026012 35.58330610
v -0.99218753 -26.22538060 35.60754284
v -0.99218753 -26.22526698 36.04729474
v -0.99218753 -26.22538060 38.14754635
v -0.99218753 -26.08812600 38.48800436
v -0.99218753 -25.90194903 38.53637353
v -0.99218753 -25.72700009 38.55167702
v -0.99218753 -26.15026012 36.77393124
v -0.99218753 -26.15026012 36.85330600
v -0.99218753 -26.22538060 36.87754273
v -0.99218753 -26.22526698 37.31729463
v -0.18334883 -24.68717657 38.48800436
v -0.12953946 -24.65610951 38.46516833
v -0.12953946 -24.65610951 38.41066733
v -0.12953946 -24.65610951 37.77566925
v -0.06448325 -24.61854927 37.75142878
v -0.12953946 -24.65610951 37.29942068
v -0.12953946 -24.65610951 37.93441877
v -0.06448325 -24.61854927 38.38643059
v -0.06458242 -24.61860701 37.94667870
v -0.00000000 -24.58132058 38.36060688
v -0.00000000 -24.58132058 37.96169907
v -0.06458242 -24.61860701 37.31168061
v -0.00000000 -24.58132058 37.72560507
v -0.00000000 -24.58132058 37.32670099
v -0.92760508 -25.11687391 35.30646116
v -0.64760441 -24.95521493 38.53637353
v -0.49609377 -24.86773953 38.55167702
v -0.34458310 -24.78026599 38.53637353
v -0.12953946 -24.65610951 37.85504028
v -0.86264801 -25.07937141 38.01747039
v -0.06448325 -24.61854927 35.21142900
v -0.00000000 -24.58132058 35.18560529
v -0.12953946 -24.65610951 35.31504422
v -0.12953946 -24.65610951 35.23566946
v -0.86264801 -25.07937141 35.95372289
v -0.86264801 -25.07937141 37.93809935
v -0.86264801 -25.07937141 37.85872087
v -0.86264801 -25.07937141 37.22371906
v -0.86264801 -25.07937141 37.30309755
v -0.12953946 -24.65610951 36.66441888
v -0.86264801 -25.07937141 37.38247231
v -0.92770427 -25.11693165 37.40671277
v -0.92760508 -25.11687391 37.84645721
v -0.92770427 -25.11693165 38.04171085
v -0.80883864 -25.04830435 38.48800436
v -0.12953946 -24.65610951 36.02942079
v -0.12953946 -24.65610951 35.95004231
v -0.86264801 -25.07937141 36.58872098
v -0.12953946 -24.65610951 35.87066755
v -0.12953946 -24.65610951 35.39441526
v -0.06448325 -24.61854927 35.84643081
v -0.06458242 -24.61860701 35.40668264
v -0.00000000 -24.58132058 35.82060710
v -0.00000000 -24.58132058 35.42169929
v -0.12953946 -24.65610951 36.58504412
v -0.12953946 -24.65610951 36.50566936
v -0.06448325 -24.61854927 36.48142889
v -0.06458242 -24.61860701 36.04168072
v -0.00000000 -24.58132058 36.45560518
v -0.00000000 -24.58132058 36.05670109
v -0.12953946 -24.65610951 37.22004220
v -0.12953946 -24.65610951 37.14066744
v -0.06448325 -24.61854927 37.11642697
v -0.06458242 -24.61860701 36.67668253
v -0.00000000 -24.58132058 37.09060699
v -0.00000000 -24.58132058 36.69169918
v -0.86264801 -25.07937141 35.31872109
v -0.86264801 -25.07937141 35.39809957
v -0.86264801 -25.07937141 35.47747061
v -0.92770427 -25.11693165 35.50170735
v -0.92760508 -25.11687391 35.94145924
v -0.86264801 -25.07937141 36.03309765
v -0.86264801 -25.07937141 36.11247241
v -0.92770427 -25.11693165 36.13671288
v -0.92760508 -25.11687391 36.57646105
v -0.86264801 -25.07937141 36.66809946
v -0.86264801 -25.07937141 36.74747050
v -0.92770427 -25.11693165 36.77171096
v -0.92760508 -25.11687391 37.21145913
v 0.86264801 -25.07937141 35.20920873
v 0.86264801 -25.07937141 35.12983397
v 0.12953946 -24.65610951 35.84788740
v 0.06458242 -24.61860701 35.20062566
v 0.12953946 -24.65610951 35.21288931
v 0.86264801 -25.07937141 35.28858721
v 0.99218753 -25.15416034 38.25477138
v 0.99218753 -25.15416034 37.85587102
v 0.92760508 -25.11687391 37.84084693
v 0.12953946 -24.65610951 35.37163883
v 0.06448325 -24.61854927 35.39587930
v 0.06458242 -24.61860701 35.83562747
v 0.12953946 -24.65610951 38.46516833
v 0.18334883 -24.68717657 38.48800436
v 0.12953946 -24.65610951 38.42676058
v 0.86264801 -25.07937141 37.82858700
v 0.12953946 -24.65610951 38.38789091
v 0.99218753 -25.15416034 35.07977352
v 0.92770427 -25.11693165 35.10559723
v 0.12953946 -24.65610951 35.29226407
v 0.12953946 -24.65610951 35.92726588
v 0.12953946 -24.65610951 36.00663692
v 0.12953946 -24.65610951 36.48288548
v 0.06448325 -24.61854927 36.03087738
v 0.06458242 -24.61860701 36.47062555
v 0.86520013 -25.08084476 38.46400976
v 0.86264801 -25.07937141 38.46358508
v 0.80883864 -25.04830435 38.48800436
v 0.86264801 -25.07937141 38.38421032
v 0.64760441 -24.95521493 38.53637353
v 0.49609377 -24.86773953 38.55167702
v 0.12953946 -24.65610951 36.56226397
v 0.86264801 -25.07937141 35.92358530
v 0.12953946 -24.65610951 36.64163873
v 0.12953946 -24.65610951 37.11789101
v 0.06448325 -24.61854927 36.66587919
v 0.06458242 -24.61860701 37.10562363
v 0.86264801 -25.07937141 35.84420681
v 0.86264801 -25.07937141 35.76483577
v 0.92770427 -25.11693165 35.74059531
v 0.92760508 -25.11687391 35.30084714
v 0.99218753 -25.15416034 35.71477160
v 0.99218753 -25.15416034 35.31586751
v 0.92770427 -25.11693165 38.28059882
v 0.86264801 -25.07937141 38.30483556
v 0.34458310 -24.78026599 38.53637353
v 0.86264801 -25.07937141 36.55858710
v 0.86264801 -25.07937141 36.47920862
v 0.86264801 -25.07937141 36.39983386
v 0.92770427 -25.11693165 36.37559339
v 0.92760508 -25.11687391 35.93584895
v 0.99218753 -25.15416034 36.34977341
v 0.99218753 -25.15416034 35.95086560
v 0.12953946 -24.65610951 37.75288910
v 0.12953946 -24.65610951 37.83226386
v 0.86264801 -25.07937141 37.19358519
v 0.12953946 -24.65610951 37.91163862
v 0.06448325 -24.61854927 37.93587536
v 0.06458242 -24.61860701 38.37562725
v 0.86264801 -25.07937141 37.74920851
v 0.86264801 -25.07937141 37.66983375
v 0.92770427 -25.11693165 37.64559701
v 0.92760508 -25.11687391 37.20584512
v 0.99218753 -25.15416034 37.61977330
v 0.99218753 -25.15416034 37.22086549
v 0.12953946 -24.65610951 37.19726577
v 0.12953946 -24.65610951 37.27663681
v 0.06448325 -24.61854927 37.30087727
v 0.06458242 -24.61860701 37.74062544
v 0.86264801 -25.07937141 37.11420670
v 0.86264801 -25.07937141 37.03483567
v 0.92770427 -25.11693165 37.01059893
v 0.92760508 -25.11687391 36.57084703
v 0.99218753 -25.15416034 36.98477149
v 0.99218753 -25.15416034 36.58586740
v 0.99218753 -25.30374005 38.36143017
v 0.99218753 -25.30374005 38.44080865
v 0.99218753 -26.15026012 37.72275150
v 0.99218753 -25.30374005 35.10705382
v 0.99218753 -25.22873320 35.09479389
v 0.99218753 -25.30374005 35.74205562
v 0.99218753 -26.15026012 36.45275161
v 0.99218753 -26.15026012 36.37337312
v 0.99218753 -25.30374005 37.01205552
v 0.99218753 -26.15026012 36.29400209
v 0.99218753 -26.15026012 35.81775352
v 0.99218753 -26.22538060 36.26976535
v 0.99218753 -26.22526698 35.83001345
v 0.99218753 -26.15026012 35.73837504
v 0.99218753 -25.30374005 36.37705743
v 0.99218753 -26.15026012 35.65900028
v 0.99218753 -26.22538060 35.63476354
v 0.99218753 -25.30374005 37.09143028
v 0.99218753 -25.30374005 37.17080504
v 0.99218753 -25.30374005 37.64705732
v 0.99218753 -25.22862144 37.19504178
v 0.99218753 -25.22873320 37.63479367
v 0.99218753 -25.28674714 38.44611719
v 0.99218753 -25.26994795 38.45147043
v 0.99218753 -25.36587417 38.48800436
v 0.99218753 -25.30374005 35.82143039
v 0.99218753 -25.30374005 35.90080515
v 0.99218753 -25.22862144 35.92504188
v 0.99218753 -25.22873320 36.36479005
v 0.99218753 -25.30374005 36.45642847
v 0.99218753 -25.30374005 36.53580323
v 0.99218753 -25.22862144 36.56004369
v 0.99218753 -25.22873320 36.99979559
v 0.99218753 -25.30374005 35.18643230
v 0.99218753 -25.30374005 35.26580334
v 0.99218753 -25.22862144 35.29004380
v 0.99218753 -25.22873320 35.72979197
v 0.99218753 -25.30374005 38.28205541
v 0.99218753 -26.15026012 37.08774969
v 0.99218753 -26.15026012 37.00837865
v 0.99218753 -26.15026012 36.92900017
v 0.99218753 -26.22538060 36.90476343
v 0.99218753 -26.22526698 36.46501154
v 0.99218753 -26.15026012 38.27837855
v 0.99218753 -26.15026012 38.19900006
v 0.99218753 -26.22538060 38.17476332
v 0.99218753 -26.22526698 37.73501143
v 0.99218753 -26.15026012 37.64337674
v 0.99218753 -26.15026012 37.56400198
v 0.99218753 -26.22538060 37.53976524
v 0.99218753 -26.22526698 37.10001335
v 0.99218753 -25.30374005 37.72642836
v 0.99218753 -25.30374005 37.80580685
v 0.99218753 -25.22862144 37.83004358
v 0.99218753 -25.22873320 38.26979548
v 0.99218753 -26.08812600 38.48800436
v 0.99218753 -26.22526698 38.37001324
v 0.99218753 -25.90194903 38.53637353
v 0.99218753 -26.15026012 38.35774958
v 0.99218753 -25.72700009 38.55167702
v 0.99218753 -25.55205114 38.53637353
v 0.96335693 -26.28319524 36.26316041
v 0.93417830 -26.26634762 36.28261015
v 0.93417830 -26.26634762 36.36198863
v 0.93417830 -26.26634762 36.44135967
v 0.96335693 -26.28319524 36.46081686
v 0.96335693 -26.28319524 36.89815849
v 0.93417830 -26.26634762 36.91761196
v 0.93417830 -26.26634762 36.99698672
v 0.93417830 -26.26634762 37.07636148
v 0.96335693 -26.28319524 37.09581494
v 0.96335693 -26.28319524 37.53315657
v 0.93417830 -26.26634762 37.55261377
v 0.93417830 -26.26634762 37.63198853
v 0.93417830 -26.26634762 37.71135956
v 0.96335693 -26.28319524 37.73081675
v 0.96335693 -26.28319524 38.16815838
v 0.93417830 -26.26634762 38.18761185
v 0.93417830 -26.26634762 38.26698661
v 0.93417830 -26.26634762 38.34636137
v 0.96335693 -26.28319524 38.36581483
v 0.96335693 -25.17080493 35.09899229
v 0.93417830 -25.18765256 35.11844575
v 0.93417830 -25.18765256 35.19782051
v 0.93417830 -25.18765256 35.27719527
v 0.96335693 -25.17080493 35.29664502
v 0.96335693 -25.17080493 35.73399410
v 0.93417830 -25.18765256 35.75344384
v 0.93417830 -25.18765256 35.83282232
v 0.93417830 -25.18765256 35.91219336
v 0.96335693 -25.17080493 35.93164682
v 0.96335693 -25.17080493 36.36899218
v 0.93417830 -25.18765256 36.38844565
v 0.93417830 -25.18765256 36.46782041
v 0.93417830 -25.18765256 36.54719517
v 0.96335693 -25.17080493 36.56664491
v 0.96335693 -25.17080493 37.00399399
v 0.93417830 -25.18765256 37.02344373
v 0.93417830 -25.18765256 37.10282221
v 0.93417830 -25.18765256 37.18219325
v 0.96335693 -25.17080493 37.20165044
v 0.96335693 -25.17080493 37.63899207
v 0.93417830 -25.18765256 37.65844181
v 0.93417830 -25.18765256 37.73782030
v 0.93417830 -25.18765256 37.81719506
v 0.96335693 -25.17080493 37.83664852
v -0.62057300 -25.50113015 38.88346627
v -0.65036706 -25.61232261 38.88346627
v -0.00000000 -25.72700009 38.88346627
v -0.66040002 -25.72700009 38.88346627
v -0.65036706 -25.84167756 38.88346627
v -0.42449695 -25.22110380 38.88346627
v -0.50589576 -25.30250326 38.88346627
v -0.57192316 -25.39679967 38.88346627
v -0.11467726 -25.07663332 38.88346627
v -0.22587010 -25.10642633 38.88346627
v -0.33020001 -25.15507676 38.88346627
v 0.22587010 -25.10642633 38.88346627
v 0.11467726 -25.07663332 38.88346627
v -0.00000000 -25.06659925 38.88346627
v 0.50589576 -25.30250326 38.88346627
v 0.42449695 -25.22110380 38.88346627
v 0.33020001 -25.15507676 38.88346627
v 0.65036706 -25.61232261 38.88346627
v 0.62057300 -25.50113015 38.88346627
v 0.57192316 -25.39679967 38.88346627
v 0.62057300 -25.95287003 38.88346627
v 0.65036706 -25.84167756 38.88346627
v 0.66040002 -25.72700009 38.88346627
v 0.42449695 -26.23289637 38.88346627
v 0.50589576 -26.15149692 38.88346627
v 0.57192316 -26.05720051 38.88346627
v 0.11467726 -26.37736686 38.88346627
v 0.22587010 -26.34757385 38.88346627
v 0.33020001 -26.29892342 38.88346627
v -0.22587010 -26.34757385 38.88346627
v -0.11467726 -26.37736686 38.88346627
v -0.00000000 -26.38740093 38.88346627
v -0.50589576 -26.15149692 38.88346627
v -0.42449695 -26.23289637 38.88346627
v -0.33020001 -26.29892342 38.88346627
v -0.62057300 -25.95287003 38.88346627
v -0.57192316 -26.05720051 38.88346627
v -0.00000000 -24.61461350 38.37982565
v -0.00000000 -24.64830317 38.39927539
v -0.00000000 -24.64830317 38.46516833
v -0.00000000 -24.64830317 38.43815252
v 0.96335693 -25.17080493 38.27399015
v 0.93417830 -25.18765256 38.29344735
v 0.93417830 -25.18765256 38.37282211
v 0.93417830 -25.18765256 38.45219314
v 0.94130199 -25.18353984 38.45694289
v 0.92759728 -25.16301535 38.45827281
v 0.90116449 -25.12614429 38.46075758
v -0.00000000 -24.61461350 35.20482779
v -0.00000000 -24.64830317 35.22427753
v -0.00000000 -24.64830317 35.30365229
v -0.00000000 -24.64830317 35.38303077
v -0.00000000 -24.61461350 35.40248051
v -0.00000000 -24.61461350 35.83982587
v -0.00000000 -24.64830317 35.85927933
v -0.00000000 -24.64830317 35.93865037
v -0.00000000 -24.64830317 36.01802886
v -0.00000000 -24.61461350 36.03747860
v -0.00000000 -24.61461350 36.47482768
v -0.00000000 -24.64830317 36.49427742
v -0.00000000 -24.64830317 36.57365590
v -0.00000000 -24.64830317 36.65302694
v -0.00000000 -24.61461350 36.67248040
v -0.00000000 -24.61461350 37.10982576
v -0.00000000 -24.64830317 37.12927923
v -0.00000000 -24.64830317 37.20865399
v -0.00000000 -24.64830317 37.28802875
v -0.00000000 -24.61461350 37.30747849
v -0.00000000 -24.61461350 37.74482757
v -0.00000000 -24.64830317 37.76427731
v -0.00000000 -24.64830317 37.84365579
v -0.00000000 -24.64830317 37.92302683
v -0.00000000 -24.61461350 37.94248030
v -0.96335693 -25.17080493 35.31065583
v -0.93417830 -25.18765256 35.33011302
v -0.93417830 -25.18765256 35.40948406
v -0.93417830 -25.18765256 35.48886254
v -0.96335693 -25.17080493 35.50831228
v -0.96335693 -25.17080493 35.94566137
v -0.93417830 -25.18765256 35.96511111
v -0.93417830 -25.18765256 36.04448587
v -0.93417830 -25.18765256 36.12386435
v -0.96335693 -25.17080493 36.14331409
v -0.96335693 -25.17080493 36.58065945
v -0.93417830 -25.18765256 36.60011292
v -0.93417830 -25.18765256 36.67948395
v -0.93417830 -25.18765256 36.75886244
v -0.96335693 -25.17080493 36.77831218
v -0.96335693 -25.17080493 37.21566126
v -0.93417830 -25.18765256 37.23511100
v -0.93417830 -25.18765256 37.31448576
v -0.93417830 -25.18765256 37.39386052
v -0.96335693 -25.17080493 37.41331398
v -0.96335693 -25.17080493 37.85065934
v -0.93417830 -25.18765256 37.87011281
v -0.93417830 -25.18765256 37.94948757
v -0.93417830 -25.18765256 38.02886233
v -0.96335693 -25.17080493 38.04831207
v -0.96335693 -26.28319524 35.41649133
v -0.93417830 -26.26634762 35.43594480
v -0.93417830 -26.26634762 35.51531956
v -0.93417830 -26.26634762 35.59469432
v -0.96335693 -26.28319524 35.61414778
v -0.96335693 -26.28319524 36.05148941
v -0.93417830 -26.26634762 36.07094660
v -0.93417830 -26.26634762 36.15031764
v -0.93417830 -26.26634762 36.22969612
v -0.96335693 -26.28319524 36.24914959
v -0.96335693 -26.28319524 36.68649122
v -0.93417830 -26.26634762 36.70594469
v -0.93417830 -26.26634762 36.78531945
v -0.93417830 -26.26634762 36.86469793
v -0.96335693 -26.28319524 36.88414767
v -0.96335693 -26.28319524 37.32149303
v -0.93417830 -26.26634762 37.34094650
v -0.93417830 -26.26634762 37.42031753
v -0.93417830 -26.26634762 37.49969602
v -0.96335693 -26.28319524 37.51914576
v -0.96335693 -26.28319524 37.95649484
v -0.93417830 -26.26634762 37.97594458
v -0.93417830 -26.26634762 38.05531934
v -0.93417830 -26.26634762 38.13469782
v -0.96335693 -26.28319524 38.15414757
v -0.00000000 -26.83938853 35.52232683
v -0.00000000 -26.80569701 35.54178029
v -0.00000000 -26.80569701 35.62115505
v -0.00000000 -26.80569701 35.70052609
v -0.00000000 -26.83938853 35.71998328
v -0.00000000 -26.83938853 36.15732491
v -0.00000000 -26.80569701 36.17677838
v -0.00000000 -26.80569701 36.25615314
v -0.00000000 -26.80569701 36.33552790
v -0.00000000 -26.83938853 36.35498136
v -0.00000000 -26.83938853 36.79232299
v -0.00000000 -26.80569701 36.81178018
v -0.00000000 -26.80569701 36.89115494
v -0.00000000 -26.80569701 36.97052598
v -0.00000000 -26.83938853 36.98997945
v -0.00000000 -26.83938853 37.42732480
v -0.00000000 -26.80569701 37.44677827
v -0.00000000 -26.80569701 37.52615303
v -0.00000000 -26.80569701 37.60553151
v -0.00000000 -26.83938853 37.62498125
v -0.00000000 -26.83938853 38.06232288
v -0.00000000 -26.80569701 38.08178008
v -0.00000000 -26.80569701 38.16115111
v -0.00000000 -26.80569701 38.24052960
v -0.00000000 -26.83938853 38.25997934
v 0.96335693 -26.28319524 35.62815860
v 0.93417830 -26.26634762 35.64761207
v 0.93417830 -26.26634762 35.72698683
v 0.93417830 -26.26634762 35.80636159
v 0.96335693 -26.28319524 35.82581505
f 1 2 3
f 4 5 6
f 7 8 9
f 10 11 12
f 12 11 13
f 8 7 14
f 14 7 15
f 14 15 10
f 10 15 16
f 10 16 11
f 17 18 9
f 9 18 19
f 9 19 7
f 20 21 22
f 22 21 23
f 22 23 17
f 17 23 24
f 17 24 18
f 25 26 22
f 22 26 27
f 22 27 20
f 28 29 30
f 30 29 31
f 30 31 25
f 25 31 32
f 25 32 26
f 33 34 35
f 35 34 28
f 35 28 36
f 36 28 30
f 37 38 39
f 39 38 40
f 39 40 33
f 33 40 41
f 33 41 34
f 37 39 42
f 42 39 43
f 42 43 44
f 44 43 45
f 45 43 46
f 45 46 47
f 47 46 48
f 48 46 49
f 48 49 50
f 50 49 51
f 50 51 52
f 52 51 53
f 53 51 54
f 53 54 55
f 55 54 56
f 55 56 57
f 58 59 60
f 60 61 58
f 58 61 62
f 58 62 56
f 56 62 63
f 56 63 57
f 64 65 66
f 66 65 67
f 66 67 59
f 59 67 68
f 59 68 60
f 69 70 64
f 64 70 71
f 64 71 65
f 72 73 74
f 74 73 75
f 74 75 69
f 69 75 76
f 69 76 70
f 72 74 77
f 77 74 78
f 77 78 79
f 79 78 80
f 80 78 81
f 80 81 82
f 82 81 83
f 83 81 84
f 83 84 85
f 85 84 86
f 85 86 87
f 87 86 88
f 88 86 89
f 88 89 90
f 90 89 91
f 91 89 92
f 91 92 93
f 94 95 96
f 96 97 94
f 94 97 98
f 94 98 92
f 92 98 99
f 92 99 93
f 100 101 102
f 102 101 103
f 102 103 95
f 95 103 104
f 95 104 96
f 6 5 105
f 13 105 12
f 12 105 5
f 12 5 106
f 106 5 107
f 106 107 100
f 100 107 108
f 100 108 101
f 109 110 111
f 111 110 112
f 111 112 113
f 113 112 114
f 113 114 115
f 115 114 116
f 115 116 117
f 117 116 118
f 117 118 119
f 119 118 120
f 119 120 121
f 121 120 122
f 121 122 123
f 123 122 124
f 123 124 125
f 125 124 126
f 125 126 127
f 127 126 128
f 127 128 129
f 129 128 130
f 129 130 131
f 131 130 132
f 131 132 133
f 133 132 134
f 133 134 135
f 135 134 136
f 135 136 137
f 135 137 138
f 138 137 139
f 138 139 140
f 140 139 141
f 140 141 142
f 142 141 143
f 142 143 144
f 144 143 145
f 144 145 6
f 6 145 146
f 6 146 4
f 147 148 109
f 109 148 149
f 109 149 110
f 150 151 152
f 152 151 153
f 152 153 154
f 154 153 155
f 154 155 156
f 156 155 157
f 156 157 158
f 158 157 159
f 158 159 160
f 160 159 161
f 160 161 162
f 162 161 163
f 162 163 164
f 164 163 165
f 164 165 166
f 166 165 167
f 166 167 168
f 168 167 169
f 168 169 170
f 170 169 171
f 170 171 172
f 172 171 173
f 172 173 174
f 174 173 175
f 174 175 176
f 176 175 177
f 176 177 178
f 178 177 179
f 178 179 180
f 180 179 181
f 180 181 182
f 182 181 183
f 182 183 184
f 184 183 185
f 184 185 186
f 186 185 187
f 186 187 188
f 188 187 189
f 188 189 190
f 190 189 191
f 190 191 192
f 192 191 193
f 192 193 194
f 194 193 195
f 194 195 196
f 196 195 197
f 196 197 198
f 198 197 199
f 198 199 200
f 200 199 201
f 200 201 202
f 202 201 203
f 202 203 204
f 204 203 205
f 204 205 206
f 206 205 207
f 206 207 208
f 208 207 209
f 208 209 210
f 210 209 211
f 210 211 212
f 212 211 213
f 212 213 214
f 214 213 215
f 214 215 216
f 216 215 217
f 216 217 218
f 218 217 219
f 218 219 220
f 220 219 221
f 220 221 222
f 222 221 223
f 222 223 224
f 224 223 225
f 224 225 226
f 226 225 227
f 226 227 228
f 228 227 229
f 228 229 230
f 230 229 231
f 230 231 232
f 232 231 233
f 232 233 234
f 234 233 235
f 234 235 236
f 236 235 237
f 236 237 238
f 238 237 239
f 238 239 240
f 240 239 241
f 240 241 242
f 242 241 243
f 242 243 244
f 244 243 245
f 244 245 246
f 246 245 247
f 246 247 248
f 248 247 249
f 248 249 250
f 250 249 251
f 250 251 252
f 252 251 253
f 252 253 254
f 254 253 255
f 254 255 256
f 256 255 257
f 256 257 258
f 258 257 259
f 258 259 260
f 260 259 261
f 260 261 262
f 262 261 263
f 262 263 264
f 264 263 265
f 264 265 266
f 266 265 267
f 266 267 268
f 268 267 269
f 268 269 270
f 270 269 271
f 270 271 272
f 272 271 273
f 272 273 274
f 274 273 275
f 274 275 276
f 276 275 277
f 276 277 278
f 278 277 279
f 278 279 280
f 280 279 281
f 280 281 282
f 282 281 283
f 282 283 284
f 284 283 285
f 284 285 286
f 286 285 287
f 286 287 288
f 288 287 289
f 288 289 290
f 290 289 291
f 290 291 292
f 292 291 293
f 292 293 294
f 294 293 295
f 294 295 296
f 296 295 297
f 296 297 298
f 298 297 299
f 298 299 300
f 300 299 301
f 300 301 302
f 302 301 303
f 302 303 304
f 304 303 305
f 304 305 306
f 306 305 307
f 306 307 308
f 308 307 309
f 308 309 310
f 310 309 311
f 310 311 312
f 312 311 313
f 312 313 314
f 314 313 315
f 314 315 316
f 316 315 317
f 316 317 318
f 318 317 319
f 318 319 320
f 320 319 321
f 320 321 322
f 322 321 323
f 322 323 324
f 324 323 325
f 324 325 326
f 326 325 327
f 326 327 328
f 328 327 329
f 328 329 330
f 330 329 331
f 330 331 332
f 332 331 333
f 332 333 334
f 334 333 335
f 334 335 336
f 336 335 337
f 336 337 338
f 336 338 339
f 339 338 340
f 339 340 341
f 341 340 342
f 341 342 343
f 343 342 344
f 343 344 345
f 345 344 346
f 345 346 347
f 347 346 348
f 347 348 349
f 349 348 350
f 349 350 351
f 351 350 352
f 351 352 353
f 353 352 354
f 353 354 355
f 355 354 356
f 355 356 357
f 357 356 358
f 357 358 147
f 147 358 359
f 147 359 148
f 360 361 362
f 362 361 363
f 362 363 364
f 364 363 365
f 364 365 366
f 366 365 367
f 366 367 368
f 368 367 369
f 368 369 370
f 370 369 371
f 370 371 372
f 372 371 373
f 372 373 374
f 374 373 375
f 374 375 376
f 376 375 377
f 376 377 378
f 378 377 379
f 378 379 380
f 380 379 381
f 380 381 382
f 382 381 383
f 382 383 384
f 384 383 385
f 384 385 386
f 386 385 387
f 386 387 388
f 388 387 389
f 388 389 390
f 390 389 391
f 390 391 392
f 392 391 393
f 392 393 394
f 394 393 395
f 394 395 396
f 396 395 397
f 396 397 398
f 398 397 399
f 398 399 400
f 400 399 401
f 400 401 402
f 402 401 403
f 402 403 404
f 404 403 405
f 404 405 406
f 406 405 407
f 406 407 408
f 408 407 409
f 408 409 410
f 410 409 411
f 410 411 412
f 412 411 413
f 412 413 414
f 414 413 415
f 414 415 416
f 416 415 417
f 416 417 418
f 418 417 419
f 418 419 420
f 420 419 421
f 420 421 422
f 422 421 423
f 422 423 424
f 424 423 425
f 424 425 426
f 426 425 427
f 426 427 428
f 428 427 429
f 428 429 430
f 430 429 431
f 430 431 432
f 432 431 433
f 432 433 434
f 434 433 435
f 434 435 436
f 436 435 437
f 436 437 438
f 438 437 439
f 438 439 440
f 440 439 441
f 440 441 442
f 442 441 443
f 442 443 444
f 444 443 445
f 444 445 446
f 446 445 447
f 446 447 448
f 448 447 449
f 448 449 450
f 450 449 451
f 450 451 452
f 452 451 453
f 452 453 454
f 454 453 455
f 454 455 456
f 456 455 457
f 456 457 458
f 458 457 459
f 458 459 460
f 460 459 461
f 460 461 462
f 462 461 463
f 462 463 464
f 464 463 465
f 464 465 466
f 466 465 467
f 466 467 468
f 468 467 469
f 468 469 470
f 470 469 471
f 470 471 472
f 472 471 473
f 472 473 474
f 474 473 475
f 474 475 476
f 476 475 477
f 476 477 478
f 478 477 479
f 478 479 480
f 480 479 481
f 480 481 482
f 482 481 483
f 482 483 484
f 484 483 485
f 484 485 486
f 486 485 487
f 486 487 488
f 488 487 489
f 488 489 490
f 490 489 491
f 490 491 492
f 492 491 493
f 492 493 494
f 494 493 495
f 494 495 496
f 496 495 497
f 496 497 498
f 498 497 499
f 498 499 500
f 500 499 501
f 500 501 502
f 502 501 503
f 502 503 504
f 504 503 505
f 504 505 506
f 506 505 507
f 506 507 508
f 508 507 509
f 508 509 510
f 510 509 511
f 510 511 512
f 512 511 513
f 512 513 514
f 514 513 515
f 514 515 516
f 516 515 517
f 516 517 518
f 518 517 519
f 518 519 520
f 520 519 521
f 520 521 522
f 522 521 523
f 522 523 524
f 524 523 525
f 524 525 526
f 526 525 527
f 526 527 528
f 528 527 529
f 528 529 530
f 530 529 531
f 530 531 532
f 532 531 533
f 532 533 534
f 534 533 535
f 534 535 536
f 536 535 537
f 536 537 538
f 538 537 539
f 538 539 540
f 540 539 541
f 540 541 542
f 542 541 543
f 542 543 544
f 544 543 545
f 544 545 546
f 546 545 547
f 546 547 548
f 548 547 549
f 548 549 550
f 550 549 551
f 550 551 552
f 552 551 553
f 552 553 554
f 554 553 555
f 554 555 556
f 556 555 557
f 556 557 558
f 558 557 559
f 558 559 560
f 560 559 561
f 560 561 562
f 562 561 563
f 562 563 564
f 564 563 565
f 564 565 566
f 566 565 567
f 566 567 568
f 568 567 569
f 568 569 570
f 570 569 571
f 570 571 572
f 572 571 573
f 572 573 574
f 574 573 575
f 574 575 576
f 576 575 577
f 576 577 578
f 578 577 579
f 578 579 580
f 580 579 581
f 580 581 582
f 582 581 583
f 582 583 584
f 584 583 585
f 584 585 586
f 586 585 587
f 586 587 588
f 588 587 589
f 588 589 590
f 590 589 591
f 590 591 592
f 592 591 593
f 592 593 594
f 594 593 595
f 594 595 596
f 596 595 597
f 596 597 598
f 598 597 599
f 598 599 600
f 600 599 601
f 600 601 602
f 602 601 603
f 602 603 604
f 604 603 605
f 604 605 606
f 606 605 607
f 606 607 608
f 608 607 609
f 608 609 610
f 610 609 611
f 610 611 612
f 612 611 613
f 612 613 614
f 614 613 615
f 614 615 150
f 150 615 151
f 616 617 618
f 618 617 619
f 618 619 620
f 620 619 621
f 620 621 622
f 622 621 623
f 622 623 624
f 624 623 625
f 624 625 626
f 626 625 627
f 626 627 628
f 628 627 629
f 628 629 630
f 630 629 631
f 630 631 632
f 632 631 633
f 632 633 634
f 634 633 635
f 634 635 636
f 636 635 637
f 636 637 638
f 638 637 639
f 638 639 640
f 640 639 641
f 640 641 642
f 642 641 643
f 642 643 644
f 644 643 645
f 644 645 646
f 646 645 647
f 646 647 648
f 648 647 649
f 648 649 650
f 650 649 651
f 650 651 652
f 652 651 653
f 652 653 654
f 654 653 655
f 654 655 656
f 656 655 657
f 656 657 658
f 658 657 659
f 658 659 660
f 660 659 661
f 660 661 662
f 662 661 663
f 662 663 664
f 664 663 665
f 664 665 666
f 666 665 667
f 666 667 668
f 668 667 669
f 668 669 670
f 670 669 671
f 670 671 672
f 672 671 673
f 672 673 674
f 674 673 675
f 674 675 676
f 676 675 677
f 676 677 678
f 678 677 679
f 678 679 680
f 680 679 681
f 680 681 682
f 682 681 683
f 682 683 684
f 684 683 685
f 684 685 686
f 686 685 687
f 686 687 688
f 688 687 689
f 688 689 690
f 690 689 691
f 690 691 692
f 692 691 693
f 692 693 694
f 694 693 695
f 694 695 696
f 696 695 697
f 696 697 698
f 698 697 699
f 698 699 700
f 700 699 701
f 700 701 702
f 702 701 703
f 702 703 704
f 704 703 705
f 704 705 706
f 706 705 707
f 706 707 708
f 708 707 709
f 708 709 710
f 710 709 711
f 710 711 712
f 712 711 713
f 712 713 714
f 714 713 715
f 714 715 716
f 716 715 717
f 716 717 718
f 718 717 719
f 718 719 720
f 720 719 721
f 720 721 722
f 722 721 723
f 722 723 724
f 724 723 725
f 724 725 726
f 726 725 727
f 726 727 728
f 728 727 729
f 728 729 730
f 730 729 731
f 730 731 732
f 732 731 733
f 732 733 734
f 734 733 735
f 734 735 736
f 736 735 737
f 736 737 738
f 738 737 739
f 738 739 740
f 740 739 741
f 740 741 742
f 742 741 743
f 742 743 744
f 744 743 745
f 744 745 746
f 746 745 747
f 746 747 748
f 748 747 749
f 748 749 750
f 750 749 751
f 750 751 752
f 752 751 753
f 752 753 754
f 754 753 755
f 754 755 756
f 756 755 757
f 756 757 758
f 758 757 759
f 758 759 760
f 760 759 761
f 760 761 762
f 762 761 763
f 762 763 764
f 764 763 765
f 764 765 766
f 766 765 767
f 766 767 768
f 768 767 769
f 768 769 770
f 770 769 771
f 770 771 772
f 772 771 773
f 772 773 774
f 774 773 775
f 774 775 776
f 776 775 777
f 776 777 778
f 778 777 779
f 778 779 780
f 780 779 781
f 780 781 782
f 782 781 783
f 782 783 784
f 784 783 785
f 784 785 786
f 786 785 787
f 786 787 788
f 788 787 789
f 788 789 790
f 790 789 791
f 790 791 792
f 792 791 793
f 792 793 794
f 794 793 795
f 794 795 796
f 796 795 797
f 796 797 798
f 798 797 799
f 798 799 800
f 800 799 801
f 800 801 802
f 802 801 803
f 802 803 804
f 804 803 805
f 804 805 806
f 806 805 807
f 806 807 808
f 808 807 809
f 808 809 810
f 810 809 811
f 810 811 812
f 812 811 813
f 812 813 814
f 814 813 815
f 814 815 816
f 816 815 817
f 816 817 818
f 818 817 819
f 818 819 820
f 820 819 821
f 820 821 822
f 822 821 823
f 822 823 824
f 824 823 825
f 824 825 826
f 826 825 827
f 826 827 828
f 828 827 829
f 828 829 830
f 830 829 831
f 830 831 832
f 832 831 833
f 832 833 834
f 834 833 835
f 834 835 836
f 836 835 837
f 836 837 838
f 838 837 839
f 838 839 840
f 840 839 841
f 840 841 842
f 842 841 843
f 842 843 844
f 844 843 845
f 844 845 846
f 846 845 847
f 846 847 848
f 848 847 849
f 848 849 850
f 850 849 851
f 850 851 852
f 852 851 853
f 852 853 854
f 854 853 855
f 854 855 856
f 856 855 857
f 856 857 858
f 858 857 859
f 858 859 860
f 860 859 861
f 860 861 862
f 862 861 863
f 862 863 864
f 864 863 865
f 864 865 866
f 866 865 867
f 866 867 868
f 868 867 869
f 868 869 870
f 870 869 871
f 870 871 360
f 360 871 361
f 872 873 874
f 874 873 875
f 874 875 876
f 876 875 877
f 876 877 878
f 878 877 879
f 878 879 880
f 880 879 881
f 880 881 882
f 882 881 883
f 882 883 884
f 884 883 885
f 884 885 886
f 886 885 887
f 886 887 888
f 888 887 889
f 888 889 890
f 890 889 891
f 890 891 892
f 892 891 893
f 892 893 894
f 894 893 895
f 894 895 896
f 896 895 897
f 896 897 898
f 898 897 899
f 898 899 900
f 900 899 901
f 900 901 902
f 902 901 903
f 902 903 904
f 904 903 905
f 904 905 906
f 906 905 907
f 906 907 908
f 908 907 909
f 908 909 910
f 910 909 911
f 910 911 912
f 912 911 913
f 912 913 914
f 914 913 915
f 914 915 916
f 916 915 917
f 916 917 918
f 918 917 919
f 918 919 920
f 920 919 921
f 920 921 922
f 922 921 923
f 922 923 924
f 924 923 925
f 924 925 926
f 926 925 927
f 926 927 928
f 928 927 929
f 928 929 930
f 930 929 931
f 930 931 932
f 932 931 933
f 932 933 934
f 934 933 935
f 934 935 936
f 936 935 937
f 936 937 938
f 938 937 939
f 938 939 940
f 940 939 941
f 940 941 942
f 942 941 943
f 942 943 944
f 944 943 945
f 944 945 946
f 946 945 947
f 946 947 948
f 948 947 949
f 948 949 950
f 950 949 951
f 950 951 952
f 952 951 953
f 952 953 954
f 954 953 955
f 954 955 956
f 956 955 957
f 956 957 958
f 958 957 959
f 958 959 960
f 960 959 961
f 960 961 962
f 962 961 963
f 962 963 964
f 964 963 965
f 964 965 966
f 966 965 967
f 966 967 968
f 968 967 969
f 968 969 970
f 970 969 971
f 970 971 972
f 972 971 973
f 972 973 974
f 974 973 975
f 974 975 976
f 976 975 977
f 976 977 978
f 978 977 979
f 978 979 980
f 980 979 981
f 980 981 982
f 982 981 983
f 982 983 984
f 984 983 985
f 984 985 986
f 986 985 987
f 986 987 988
f 988 987 989
f 988 989 990
f 990 989 991
f 990 991 992
f 992 991 993
f 992 993 994
f 994 993 995
f 994 995 996
f 996 995 997
f 996 997 998
f 998 997 999
f 998 999 1000
f 1000 999 1001
f 1000 1001 1002
f 1002 1001 1003
f 1002 1003 1004
f 1004 1003 1005
f 1004 1005 1006
f 1006 1005 1007
f 1006 1007 1008
f 1008 1007 1009
f 1008 1009 1010
f 1010 1009 1011
f 1010 1011 1012
f 1012 1011 1013
f 1012 1013 1014
f 1014 1013 1015
f 1014 1015 1016
f 1016 1015 1017
f 1016 1017 1018
f 1018 1017 1019
f 1018 1019 1020
f 1020 1019 1021
f 1020 1021 1022
f 1022 1021 1023
f 1022 1023 1024
f 1024 1023 1025
f 1024 1025 1026
f 1026 1025 1027
f 1026 1027 1028
f 1028 1027 1029
f 1028 1029 1030
f 1030 1029 1031
f 1030 1031 1032
f 1032 1031 1033
f 1032 1033 1034
f 1034 1033 1035
f 1034 1035 1036
f 1036 1035 1037
f 1036 1037 1038
f 1038 1037 1039
f 1038 1039 1040
f 1040 1039 1041
f 1040 1041 1042
f 1042 1041 1043
f 1042 1043 1044
f 1044 1043 1045
f 1044 1045 1046
f 1046 1045 1047
f 1046 1047 1048
f 1048 1047 1049
f 1048 1049 1050
f 1050 1049 1051
f 1050 1051 1052
f 1052 1051 1053
f 1052 1053 1054
f 1054 1053 1055
f 1054 1055 1056
f 1056 1055 1057
f 1056 1057 1058
f 1058 1057 1059
f 1058 1059 1060
f 1060 1059 1061
f 1060 1061 1062
f 1062 1061 1063
f 1062 1063 1064
f 1064 1063 1065
f 1064 1065 1066
f 1066 1065 1067
f 1066 1067 1068
f 1068 1067 1069
f 1068 1069 1070
f 1070 1069 1071
f 1070 1071 1072
f 1072 1071 1073
f 1072 1073 1074
f 1074 1073 1075
f 1074 1075 1076
f 1076 1075 1077
f 1076 1077 1078
f 1078 1077 1079
f 1078 1079 1080
f 1080 1079 1081
f 1080 1081 1082
f 1082 1081 1083
f 1082 1083 1084
f 1084 1083 1085
f 1084 1085 1086
f 1086 1085 1087
f 1086 1087 1088
f 1088 1087 1089
f 1088 1089 1090
f 1090 1089 1091
f 1090 1091 1092
f 1092 1091 1093
f 1092 1093 1094
f 1094 1093 1095
f 1094 1095 1096
f 1096 1095 1097
f 1096 1097 1098
f 1098 1097 1099
f 1098 1099 1100
f 1100 1099 1101
f 1100 1101 1102
f 1102 1101 1103
f 1102 1103 1104
f 1104 1103 1105
f 1104 1105 1106
f 1106 1105 1107
f 1106 1107 1108
f 1108 1107 1109
f 1108 1109 1110
f 1110 1109 1111
f 1110 1111 1112
f 1112 1111 1113
f 1112 1113 1114
f 1114 1113 1115
f 1114 1115 1116
f 1116 1115 1117
f 1116 1117 1118
f 1118 1117 1119
f 1118 1119 1120
f 1120 1119 1121
f 1120 1121 1122
f 1122 1121 1123
f 1122 1123 1124
f 1124 1123 1125
f 1124 1125 1126
f 1126 1125 1127
f 1126 1127 616
f 616 1127 617
f 1128 1129 1130
f 1130 1129 1131
f 1130 1131 1132
f 1132 1131 1133
f 1132 1133 1134
f 1134 1133 1135
f 1134 1135 1136
f 1136 1135 1137
f 1136 1137 1138
f 1138 1137 1139
f 1138 1139 1140
f 1140 1139 1141
f 1140 1141 1142
f 1142 1141 1143
f 1142 1143 1144
f 1144 1143 1145
f 1144 1145 1146
f 1146 1145 1147
f 1146 1147 1148
f 1148 1147 1149
f 1148 1149 1150
f 1150 1149 1151
f 1150 1151 1152
f 1152 1151 1153
f 1152 1153 1154
f 1154 1153 1155
f 1154 1155 1156
f 1156 1155 1157
f 1156 1157 1158
f 1158 1157 1159
f 1158 1159 1160
f 1160 1159 1161
f 1160 1161 1162
f 1162 1161 1163
f 1162 1163 1164
f 1164 1163 1165
f 1164 1165 1166
f 1166 1165 1167
f 1166 1167 1168
f 1168 1167 1169
f 1168 1169 1170
f 1170 1169 1171
f 1170 1171 1172
f 1172 1171 1173
f 1172 1173 1174
f 1174 1173 1175
f 1174 1175 1176
f 1176 1175 1177
f 1176 1177 1178
f 1178 1177 1179
f 1178 1179 1180
f 1180 1179 1181
f 1180 1181 1182
f 1182 1181 1183
f 1182 1183 1184
f 1184 1183 1185
f 1184 1185 1186
f 1186 1185 1187
f 1186 1187 1188
f 1188 1187 1189
f 1188 1189 1190
f 1190 1189 1191
f 1190 1191 1192
f 1192 1191 1193
f 1192 1193 1194
f 1194 1193 1195
f 1194 1195 1196
f 1196 1195 1197
f 1196 1197 1198
f 1198 1197 1199
f 1198 1199 1200
f 1200 1199 1201
f 1200 1201 1202
f 1202 1201 1203
f 1202 1203 1204
f 1204 1203 1205
f 1204 1205 1206
f 1206 1205 1207
f 1206 1207 1208
f 1208 1207 1209
f 1208 1209 1210
f 1210 1209 1211
f 1210 1211 1212
f 1212 1211 1213
f 1212 1213 1214
f 1214 1213 1215
f 1214 1215 1216
f 1216 1215 1217
f 1216 1217 1218
f 1218 1217 1219
f 1218 1219 1220
f 1220 1219 1221
f 1220 1221 1222
f 1222 1221 1223
f 1222 1223 1224
f 1224 1223 1225
f 1224 1225 1226
f 1226 1225 1227
f 1226 1227 1228
f 1228 1227 1229
f 1228 1229 1230
f 1230 1229 1231
f 1230 1231 1232
f 1232 1231 1233
f 1232 1233 1234
f 1234 1233 1235
f 1234 1235 1236
f 1236 1235 1237
f 1236 1237 1238
f 1238 1237 1239
f 1238 1239 1240
f 1240 1239 1241
f 1240 1241 1242
f 1242 1241 1243
f 1242 1243 1244
f 1244 1243 1245
f 1244 1245 1246
f 1246 1245 1247
f 1246 1247 1248
f 1248 1247 1249
f 1248 1249 1250
f 1250 1249 1251
f 1250 1251 1252
f 1252 1251 1253
f 1252 1253 1254
f 1254 1253 1255
f 1254 1255 1256
f 1256 1255 1257
f 1256 1257 1258
f 1258 1257 1259
f 1258 1259 1260
f 1260 1259 1261
f 1260 1261 1262
f 1262 1261 1263
f 1262 1263 1264
f 1264 1263 1265
f 1264 1265 1266
f 1266 1265 1267
f 1266 1267 1268
f 1268 1267 1269
f 1268 1269 1270
f 1270 1269 1271
f 1270 1271 1272
f 1272 1271 1273
f 1272 1273 1274
f 1274 1273 1275
f 1274 1275 1276
f 1276 1275 1277
f 1276 1277 1278
f 1278 1277 1279
f 1278 1279 1280
f 1280 1279 1281
f 1280 1281 1282
f 1282 1281 1283
f 1282 1283 1284
f 1284 1283 1285
f 1284 1285 1286
f 1286 1285 1287
f 1286 1287 1288
f 1288 1287 1289
f 1288 1289 1290
f 1290 1289 1291
f 1290 1291 1292
f 1292 1291 1293
f 1292 1293 1294
f 1294 1293 1295
f 1294 1295 1296
f 1296 1295 1297
f 1296 1297 1298
f 1298 1297 1299
f 1298 1299 1300
f 1300 1299 1301
f 1300 1301 1302
f 1302 1301 1303
f 1302 1303 1304
f 1304 1303 1305
f 1304 1305 1306
f 1306 1305 1307
f 1306 1307 1308
f 1308 1307 1309
f 1308 1309 1310
f 1310 1309 1311
f 1310 1311 1312
f 1312 1311 1313
f 1312 1313 1314
f 1314 1313 1315
f 1314 1315 1316
f 1316 1315 1317
f 1316 1317 1318
f 1318 1317 1319
f 1318 1319 1320
f 1320 1319 1321
f 1320 1321 1322
f 1322 1321 1323
f 1322 1323 1324
f 1324 1323 1325
f 1324 1325 1326
f 1326 1325 1327
f 1326 1327 1328
f 1328 1327 1329
f 1328 1329 1330
f 1330 1329 1331
f 1330 1331 1332
f 1332 1331 1333
f 1332 1333 1334
f 1334 1333 1335
f 1334 1335 1336
f 1336 1335 1337
f 1336 1337 1338
f 1338 1337 1339
f 1338 1339 1340
f 1340 1339 1341
f 1340 1341 1342
f 1342 1341 1343
f 1342 1343 1344
f 1344 1343 1345
f 1344 1345 1346
f 1346 1345 1347
f 1346 1347 1348
f 1348 1347 1349
f 1348 1349 1350
f 1350 1349 1351
f 1350 1351 1352
f 1352 1351 1353
f 1352 1353 1354
f 1354 1353 1355
f 1354 1355 1356
f 1356 1355 1357
f 1356 1357 1358
f 1358 1357 1359
f 1358 1359 1360
f 1360 1359 1361
f 1360 1361 1362
f 1362 1361 1363
f 1362 1363 1364
f 1364 1363 1365
f 1364 1365 1366
f 1366 1365 1367
f 1366 1367 1368
f 1368 1367 1369
f 1368 1369 1370
f 1370 1369 1371
f 1370 1371 1372
f 1372 1371 1373
f 1372 1373 1374
f 1374 1373 1375
f 1374 1375 1376
f 1376 1375 1377
f 1376 1377 1378
f 1378 1377 1379
f 1378 1379 1380
f 1380 1379 1381
f 1380 1381 1382
f 1382 1381 1383
f 1382 1383 872
f 872 1383 873
f 1384 1385 3
f 3 1385 1386
f 3 1386 1
f 1387 1388 1384
f 1384 1388 1389
f 1384 1389 1385
f 1390 1391 1387
f 1387 1391 1392
f 1387 1392 1388
f 1393 1394 1390
f 1390 1394 1395
f 1390 1395 1391
f 1129 1128 1396
f 1396 1128 1397
f 1396 1397 1398
f 1398 1397 1399
f 1398 1399 1400
f 1400 1399 1401
f 1400 1401 1402
f 1402 1401 1403
f 1402 1403 1404
f 1404 1403 1405
f 1404 1405 1406
f 1406 1405 1407
f 1406 1407 1408
f 1408 1407 1409
f 1408 1409 1410
f 1410 1409 1411
f 1410 1411 1412
f 1412 1411 1413
f 1412 1413 1414
f 1414 1413 1415
f 1414 1415 1416
f 1416 1415 1417
f 1416 1417 1418
f 1418 1417 1419
f 1418 1419 1420
f 1420 1419 1421
f 1420 1421 1422
f 1422 1421 1423
f 1422 1423 1424
f 1424 1423 1425
f 1424 1425 1426
f 1426 1425 1427
f 1426 1427 1428
f 1428 1427 1429
f 1428 1429 1430
f 1430 1429 1431
f 1430 1431 1432
f 1432 1431 1433
f 1432 1433 1434
f 1434 1433 1435
f 1434 1435 1436
f 1436 1435 1437
f 1436 1437 1438
f 1438 1437 1439
f 1438 1439 1440
f 1440 1439 1441
f 1440 1441 1442
f 1442 1441 1443
f 1442 1443 1444
f 1444 1443 1445
f 1444 1445 1446
f 1446 1445 1447
f 1446 1447 1448
f 1448 1447 1449
f 1448 1449 1450
f 1450 1449 1451
f 1450 1451 1452
f 1452 1451 1453
f 1452 1453 1454
f 1454 1453 1455
f 1454 1455 1456
f 1456 1455 1457
f 1456 1457 1458
f 1458 1457 1459
f 1458 1459 1460
f 1460 1459 1461
f 1460 1461 1462
f 1462 1461 1463
f 1462 1463 1464
f 1464 1463 1465
f 1464 1465 1466
f 1466 1465 1467
f 1466 1467 1468
f 1468 1467 1469
f 1468 1469 1470
f 1470 1469 1471
f 1470 1471 1472
f 1472 1471 1473
f 1472 1473 1474
f 1474 1473 1475
f 1474 1475 1476
f 1476 1475 1477
f 1476 1477 1478
f 1478 1477 1479
f 1478 1479 1480
f 1480 1479 1481
f 1480 1481 1482
f 1482 1481 1483
f 1482 1483 1484
f 1484 1483 1485
f 1484 1485 1486
f 1486 1485 1487
f 1486 1487 1488
f 1488 1487 1489
f 1488 1489 1490
f 1490 1489 1491
f 1490 1491 1492
f 1492 1491 1493
f 1492 1493 1494
f 1494 1493 1495
f 1494 1495 1496
f 1496 1495 1497
f 1496 1497 1498
f 1498 1497 1499
f 1498 1499 1500
f 1500 1499 1501
f 1500 1501 1502
f 1502 1501 1503
f 1502 1503 1504
f 1504 1503 1505
f 1504 1505 1506
f 1506 1505 1507
f 1506 1507 1508
f 1508 1507 1509
f 1508 1509 1510
f 1510 1509 1511
f 1510 1511 1512
f 1512 1511 1513
f 1512 1513 1514
f 1514 1513 1515
f 1514 1515 1516
f 1516 1515 1517
f 1516 1517 1518
f 1518 1517 1519
f 1518 1519 1520
f 1520 1519 1521
f 1520 1521 1522
f 1522 1521 1523
f 1522 1523 1524
f 1524 1523 1525
f 1524 1525 1526
f 1526 1525 1527
f 1526 1527 1528
f 1528 1527 1529
f 1528 1529 1530
f 1530 1529 1531
f 1530 1531 1532
f 1532 1531 1533
f 1532 1533 1534
f 1534 1533 1535
f 1534 1535 1536
f 1536 1535 1537
f 1536 1537 1538
f 1538 1537 1539
f 1538 1539 1540
f 1540 1539 1541
f 1540 1541 1542
f 1542 1541 1543
f 1542 1543 1544
f 1544 1543 1545
f 1544 1545 1546
f 1546 1545 1547
f 1546 1547 1548
f 1548 1547 1549
f 1548 1549 1550
f 1550 1549 1551
f 1550 1551 1552
f 1552 1551 1553
f 1552 1553 1554
f 1554 1553 1555
f 1554 1555 1556
f 1556 1555 1557
f 1556 1557 1558
f 1558 1557 1559
f 1558 1559 1560
f 1560 1559 1561
f 1560 1561 1562
f 1562 1561 1563
f 1562 1563 1564
f 1564 1563 1565
f 1564 1565 1566
f 1566 1565 1567
f 1566 1567 1568
f 1568 1567 1569
f 1568 1569 1570
f 1570 1569 1571
f 1570 1571 1572
f 1572 1571 1573
f 1572 1573 1574
f 1574 1573 1575
f 1574 1575 1576
f 1576 1575 1577
f 1576 1577 1578
f 1578 1577 1579
f 1578 1579 1580
f 1580 1579 1581
f 1580 1581 1582
f 1582 1581 1583
f 1582 1583 1584
f 1584 1583 1585
f 1584 1585 1586
f 1586 1585 1587
f 1586 1587 1588
f 1588 1587 1589
f 1588 1589 1590
f 1590 1589 1591
f 1590 1591 1592
f 1592 1591 1593
f 1592 1593 1594
f 1594 1593 1595
f 1594 1595 1596
f 1596 1595 1597
f 1596 1597 1598
f 1598 1597 1599
f 1598 1599 1600
f 1600 1599 1601
f 1600 1601 1602
f 1602 1601 1603
f 1602 1603 1604
f 1604 1603 1605
f 1604 1605 1606
f 1606 1605 1607
f 1606 1607 1608
f 1608 1607 1609
f 1608 1609 1610
f 1610 1609 1611
f 1610 1611 1612
f 1612 1611 1613
f 1612 1613 1614
f 1614 1613 1615
f 1614 1615 1616
f 1616 1615 1617
f 1616 1617 1618
f 1618 1617 1619
f 1618 1619 1620
f 1620 1619 1621
f 1620 1621 1622
f 1622 1621 1623
f 1622 1623 1624
f 1624 1623 1625
f 1624 1625 1626
f 1626 1625 1627
f 1626 1627 1628
f 1628 1627 1629
f 1628 1629 1630
f 1630 1629 1631
f 1630 1631 1632
f 1632 1631 1633
f 1632 1633 1634
f 1634 1633 1635
f 1634 1635 1636
f 1636 1635 1637
f 1636 1637 1638
f 1638 1637 1639
f 1638 1639 1640
f 1640 1639 1641
f 1640 1641 1642
f 1642 1641 1643
f 1642 1643 1644
f 1644 1643 1645
f 1644 1645 1646
f 1646 1645 1647
f 1646 1647 1648
f 1648 1647 1649
f 1648 1649 1393
f 1393 1649 1394
f 142 144 1650
f 1651 1652 1653
f 1653 1652 1654
f 1653 1654 1655
f 1656 1657 1658
f 1658 1657 1659
f 1658 1659 1660
f 1660 1659 1661
f 1660 1661 1662
f 1663 1664 1665
f 1665 1664 1666
f 1665 1666 1667
f 1668 1669 1670
f 1670 1669 1671
f 1672 1673 1674
f 1674 1673 1675
f 1676 1677 1678
f 1678 1677 1679
f 1678 1679 1680
f 1681 1682 1683
f 1683 1682 1684
f 1685 1686 1687
f 1687 1686 1688
f 1687 1688 1689
f 1690 1691 1692
f 1693 1694 1695
f 1695 1696 1693
f 1693 1696 1697
f 1693 1697 1698
f 1697 1699 1698
f 1698 1699 1700
f 1698 1700 1701
f 1701 1700 1702
f 1701 1702 1703
f 1703 1702 1704
f 1703 1704 1705
f 1704 1706 1705
f 1705 1706 1707
f 1705 1707 1708
f 1708 1707 1709
f 1708 1709 1710
f 1710 1709 1711
f 1710 1711 1712
f 1712 1711 1713
f 1712 1713 1714
f 1713 1715 1714
f 1714 1715 1716
f 1714 1716 1717
f 1717 1716 1718
f 1716 1719 1718
f 1718 1719 1720
f 1718 1720 1721
f 1720 1722 1721
f 1721 1722 1723
f 1721 1723 1724
f 1724 1723 1725
f 1724 1725 1651
f 1651 1725 1726
f 1651 1726 1652
f 140 1727 138
f 138 1727 1728
f 138 1728 135
f 1729 133 1728
f 1728 133 135
f 1730 129 1729
f 1729 129 131
f 1729 131 133
f 1731 123 1732
f 1732 123 125
f 1732 125 1730
f 1730 125 127
f 1730 127 129
f 1733 119 1731
f 1731 119 121
f 1731 121 123
f 1734 115 1733
f 1733 115 117
f 1733 117 119
f 1735 111 1734
f 1734 111 113
f 1734 113 115
f 1736 355 1737
f 1737 355 357
f 1737 357 1738
f 1738 357 147
f 1738 147 1735
f 1735 147 109
f 1735 109 111
f 1739 351 1736
f 1736 351 353
f 1736 353 355
f 1740 347 1739
f 1739 347 349
f 1739 349 351
f 1741 343 1740
f 1740 343 345
f 1740 345 347
f 1742 339 1741
f 1741 339 341
f 1741 341 343
f 1743 336 1742
f 1742 336 339
f 1744 332 1743
f 1743 332 334
f 1743 334 336
f 1745 328 1744
f 1744 328 330
f 1744 330 332
f 1746 324 1745
f 1745 324 326
f 1745 326 328
f 1747 320 1746
f 1746 320 322
f 1746 322 324
f 1748 316 1747
f 1747 316 318
f 1747 318 320
f 1749 312 1748
f 1748 312 314
f 1748 314 316
f 1750 308 1749
f 1749 308 310
f 1749 310 312
f 1751 304 1750
f 1750 304 306
f 1750 306 308
f 1752 300 1751
f 1751 300 302
f 1751 302 304
f 1753 296 1752
f 1752 296 298
f 1752 298 300
f 1754 292 1753
f 1753 292 294
f 1753 294 296
f 1755 288 1754
f 1754 288 290
f 1754 290 292
f 1756 284 1755
f 1755 284 286
f 1755 286 288
f 1757 280 1756
f 1756 280 282
f 1756 282 284
f 1758 276 1757
f 1757 276 278
f 1757 278 280
f 1759 272 1758
f 1758 272 274
f 1758 274 276
f 1760 268 1759
f 1759 268 270
f 1759 270 272
f 1761 264 1760
f 1760 264 266
f 1760 266 268
f 1762 260 1761
f 1761 260 262
f 1761 262 264
f 1763 256 1762
f 1762 256 258
f 1762 258 260
f 248 250 1764
f 1764 250 252
f 1764 252 1763
f 1763 252 254
f 1763 254 256
f 246 1765 244
f 244 1765 1766
f 244 1766 242
f 242 1766 240
f 238 1767 236
f 236 1767 1768
f 236 1768 234
f 234 1768 232
f 230 1769 228
f 228 1769 1770
f 228 1770 226
f 226 1770 224
f 222 1771 220
f 220 1771 1772
f 220 1772 218
f 218 1772 216
f 214 1773 212
f 212 1773 1774
f 212 1774 210
f 210 1774 208
f 206 1775 204
f 204 1775 1776
f 204 1776 202
f 202 1776 200
f 198 1777 196
f 196 1777 1778
f 196 1778 194
f 194 1778 192
f 190 1779 188
f 188 1779 1780
f 188 1780 186
f 186 1780 184
f 182 1781 180
f 180 1781 1782
f 180 1782 178
f 178 1782 176
f 174 1783 172
f 172 1783 1784
f 172 1784 170
f 170 1784 168
f 166 1785 164
f 164 1785 1786
f 164 1786 162
f 162 1786 160
f 158 1787 156
f 156 1787 1788
f 156 1788 154
f 154 1788 152
f 150 1789 614
f 614 1789 1790
f 614 1790 612
f 612 1790 610
f 608 1791 606
f 606 1791 1792
f 606 1792 604
f 604 1792 602
f 600 1793 598
f 598 1793 1794
f 598 1794 596
f 596 1794 594
f 592 1795 590
f 590 1795 1796
f 590 1796 588
f 588 1796 586
f 584 1797 582
f 582 1797 1798
f 582 1798 580
f 580 1798 578
f 576 1799 574
f 574 1799 1800
f 574 1800 572
f 572 1800 570
f 568 1801 566
f 566 1801 1802
f 566 1802 564
f 564 1802 562
f 560 1803 558
f 558 1803 1804
f 558 1804 556
f 556 1804 554
f 552 1805 550
f 550 1805 1806
f 550 1806 548
f 548 1806 546
f 544 1807 542
f 542 1807 1808
f 542 1808 540
f 540 1808 538
f 536 1809 534
f 534 1809 1810
f 534 1810 532
f 532 1810 530
f 528 1811 526
f 526 1811 1812
f 526 1812 524
f 524 1812 522
f 520 1813 518
f 518 1813 1814
f 518 1814 516
f 516 1814 514
f 512 1815 510
f 510 1815 1816
f 510 1816 508
f 508 1816 506
f 504 1817 502
f 502 1817 1818
f 502 1818 500
f 500 1818 498
f 496 1819 494
f 494 1819 1820
f 494 1820 492
f 492 1820 490
f 488 1821 486
f 486 1821 1822
f 486 1822 484
f 484 1822 482
f 480 1823 478
f 478 1823 1824
f 478 1824 476
f 476 1824 474
f 472 1825 470
f 470 1825 1826
f 470 1826 468
f 468 1826 466
f 464 1827 462
f 462 1827 1828
f 462 1828 460
f 460 1828 458
f 456 1829 454
f 454 1829 1830
f 454 1830 452
f 452 1830 450
f 448 1831 446
f 446 1831 1832
f 446 1832 444
f 444 1832 442
f 440 1833 438
f 438 1833 1834
f 438 1834 436
f 436 1834 434
f 432 1835 430
f 430 1835 1836
f 430 1836 428
f 428 1836 426
f 424 1837 422
f 422 1837 1838
f 422 1838 420
f 420 1838 418
f 416 1839 414
f 414 1839 1840
f 414 1840 412
f 412 1840 410
f 408 1841 406
f 406 1841 1842
f 406 1842 404
f 404 1842 402
f 400 1843 398
f 398 1843 1844
f 398 1844 396
f 396 1844 394
f 392 1845 390
f 390 1845 1846
f 390 1846 388
f 388 1846 386
f 384 1847 382
f 382 1847 1848
f 382 1848 380
f 380 1848 378
f 376 1849 374
f 374 1849 1850
f 374 1850 372
f 372 1850 370
f 368 1851 366
f 366 1851 1852
f 366 1852 364
f 364 1852 362
f 360 1853 870
f 870 1853 1854
f 870 1854 868
f 868 1854 866
f 864 1855 862
f 862 1855 1856
f 862 1856 860
f 860 1856 858
f 856 1857 854
f 854 1857 1858
f 854 1858 852
f 852 1858 850
f 848 1859 846
f 846 1859 1860
f 846 1860 844
f 844 1860 842
f 840 1861 838
f 838 1861 1862
f 838 1862 836
f 836 1862 834
f 832 1863 830
f 830 1863 1864
f 830 1864 828
f 828 1864 826
f 824 1865 822
f 822 1865 1866
f 822 1866 820
f 820 1866 818
f 816 1867 814
f 814 1867 1868
f 814 1868 812
f 812 1868 810
f 808 1869 806
f 806 1869 1870
f 806 1870 804
f 804 1870 802
f 800 1871 798
f 798 1871 1872
f 798 1872 796
f 796 1872 794
f 792 1873 790
f 790 1873 1874
f 790 1874 788
f 788 1874 786
f 784 1875 782
f 782 1875 1876
f 782 1876 780
f 780 1876 778
f 776 1877 774
f 774 1877 1878
f 774 1878 772
f 772 1878 770
f 768 1879 766
f 766 1879 1880
f 766 1880 764
f 764 1880 762
f 760 1881 758
f 758 1881 1882
f 758 1882 756
f 756 1882 754
f 752 1883 750
f 750 1883 1884
f 750 1884 748
f 748 1884 746
f 744 1885 742
f 742 1885 1886
f 742 1886 740
f 740 1886 738
f 736 1887 734
f 734 1887 1888
f 734 1888 732
f 732 1888 730
f 728 1889 726
f 726 1889 1890
f 726 1890 724
f 724 1890 722
f 720 1891 718
f 718 1891 1892
f 718 1892 716
f 716 1892 714
f 712 1893 710
f 710 1893 1894
f 710 1894 708
f 708 1894 706
f 704 1895 702
f 702 1895 1896
f 702 1896 700
f 700 1896 698
f 696 1897 694
f 694 1897 1898
f 694 1898 692
f 692 1898 690
f 688 1899 686
f 686 1899 1900
f 686 1900 684
f 684 1900 682
f 680 1901 678
f 678 1901 1902
f 678 1902 676
f 676 1902 674
f 672 1903 670
f 670 1903 1904
f 670 1904 668
f 668 1904 666
f 664 1905 662
f 662 1905 1906
f 662 1906 660
f 660 1906 658
f 656 1907 654
f 654 1907 1908
f 654 1908 652
f 652 1908 650
f 648 1909 646
f 646 1909 1910
f 646 1910 644
f 644 1910 642
f 640 1911 638
f 638 1911 1912
f 638 1912 636
f 636 1912 634
f 632 1913 630
f 630 1913 1914
f 630 1914 628
f 628 1914 626
f 624 1915 622
f 622 1915 1916
f 622 1916 620
f 620 1916 618
f 616 1917 1126
f 1126 1917 1918
f 1126 1918 1124
f 1124 1918 1122
f 1120 1919 1118
f 1118 1919 1920
f 1118 1920 1116
f 1116 1920 1114
f 1112 1921 1110
f 1110 1921 1922
f 1110 1922 1108
f 1108 1922 1106
f 1104 1923 1102
f 1102 1923 1924
f 1102 1924 1100
f 1100 1924 1098
f 1096 1925 1094
f 1094 1925 1926
f 1094 1926 1092
f 1092 1926 1090
f 1088 1927 1086
f 1086 1927 1928
f 1086 1928 1084
f 1084 1928 1082
f 1080 1929 1078
f 1078 1929 1930
f 1078 1930 1076
f 1076 1930 1074
f 1072 1931 1070
f 1070 1931 1932
f 1070 1932 1068
f 1068 1932 1066
f 1064 1933 1062
f 1062 1933 1934
f 1062 1934 1060
f 1060 1934 1058
f 1056 1935 1054
f 1054 1935 1936
f 1054 1936 1052
f 1052 1936 1050
f 1048 1937 1046
f 1046 1937 1938
f 1046 1938 1044
f 1044 1938 1042
f 1040 1939 1038
f 1038 1939 1940
f 1038 1940 1036
f 1036 1940 1034
f 1032 1941 1030
f 1030 1941 1942
f 1030 1942 1028
f 1028 1942 1026
f 1024 1943 1022
f 1022 1943 1944
f 1022 1944 1020
f 1020 1944 1018
f 1016 1945 1014
f 1014 1945 1946
f 1014 1946 1012
f 1012 1946 1010
f 1008 1947 1006
f 1006 1947 1948
f 1006 1948 1004
f 1004 1948 1002
f 1000 1949 998
f 998 1949 1950
f 998 1950 996
f 996 1950 994
f 992 1951 990
f 990 1951 1952
f 990 1952 988
f 988 1952 986
f 984 1953 982
f 982 1953 1954
f 982 1954 980
f 980 1954 978
f 976 1955 974
f 974 1955 1956
f 974 1956 972
f 972 1956 970
f 968 1957 966
f 966 1957 1958
f 966 1958 964
f 964 1958 962
f 960 1959 958
f 958 1959 1960
f 958 1960 956
f 956 1960 954
f 952 1961 950
f 950 1961 1962
f 950 1962 948
f 948 1962 946
f 944 1963 942
f 942 1963 1964
f 942 1964 940
f 940 1964 938
f 936 1965 934
f 934 1965 1966
f 934 1966 932
f 932 1966 930
f 928 1967 926
f 926 1967 1968
f 926 1968 924
f 924 1968 922
f 920 1969 918
f 918 1969 1970
f 918 1970 916
f 916 1970 914
f 912 1971 910
f 910 1971 1972
f 910 1972 908
f 908 1972 906
f 904 1973 902
f 902 1973 1974
f 902 1974 900
f 900 1974 898
f 896 1975 894
f 894 1975 1976
f 894 1976 892
f 892 1976 890
f 888 1977 886
f 886 1977 1978
f 886 1978 884
f 884 1978 882
f 880 1979 878
f 878 1979 1980
f 878 1980 876
f 876 1980 874
f 872 1981 1382
f 1382 1981 1982
f 1382 1982 1380
f 1380 1982 1378
f 1376 1983 1374
f 1374 1983 1984
f 1374 1984 1372
f 1372 1984 1370
f 1368 1985 1366
f 1366 1985 1986
f 1366 1986 1364
f 1364 1986 1362
f 1360 1987 1358
f 1358 1987 1988
f 1358 1988 1356
f 1356 1988 1354
f 1352 1989 1350
f 1350 1989 1990
f 1350 1990 1348
f 1348 1990 1346
f 1344 1991 1342
f 1342 1991 1992
f 1342 1992 1340
f 1340 1992 1338
f 1336 1993 1334
f 1334 1993 1994
f 1334 1994 1332
f 1332 1994 1330
f 1328 1995 1326
f 1326 1995 1996
f 1326 1996 1324
f 1324 1996 1322
f 1320 1997 1318
f 1318 1997 1998
f 1318 1998 1316
f 1316 1998 1314
f 1312 1999 1310
f 1310 1999 2000
f 1310 2000 1308
f 1308 2000 1306
f 1304 2001 1302
f 1302 2001 2002
f 1302 2002 1300
f 1300 2002 1298
f 1296 2003 1294
f 1294 2003 2004
f 1294 2004 1292
f 1292 2004 1290
f 1288 2005 1286
f 1286 2005 2006
f 1286 2006 1284
f 1284 2006 1282
f 1280 2007 1278
f 1278 2007 2008
f 1278 2008 1276
f 1276 2008 1274
f 1272 2009 1270
f 1270 2009 2010
f 1270 2010 1268
f 1268 2010 1266
f 1264 2011 1262
f 1262 2011 2012
f 1262 2012 1260
f 1260 2012 1258
f 1256 2013 1254
f 1254 2013 2014
f 1254 2014 1252
f 1252 2014 1250
f 1248 2015 1246
f 1246 2015 2016
f 1246 2016 1244
f 1244 2016 1242
f 1240 2017 1238
f 1238 2017 2018
f 1238 2018 1236
f 1236 2018 1234
f 1232 2019 1230
f 1230 2019 2020
f 1230 2020 1228
f 1228 2020 1226
f 1224 2021 1222
f 1222 2021 2022
f 1222 2022 1220
f 1220 2022 1218
f 1216 2023 1214
f 1214 2023 2024
f 2025 1210 2024
f 2024 1210 1212
f 2024 1212 1214
f 2026 1206 2025
f 2025 1206 1208
f 2025 1208 1210
f 2027 1202 2026
f 2026 1202 1204
f 2026 1204 1206
f 2028 1198 2027
f 2027 1198 1200
f 2027 1200 1202
f 1190 1192 2029
f 2029 1192 1194
f 2029 1194 2028
f 2028 1194 1196
f 2028 1196 1198
f 1188 2030 1186
f 1186 2030 2031
f 1186 2031 1184
f 1184 2031 1182
f 1180 2032 1178
f 1178 2032 2033
f 1178 2033 1176
f 1176 2033 1174
f 1172 2034 1170
f 1170 2034 2035
f 1170 2035 1168
f 1168 2035 1166
f 1164 2036 1162
f 1162 2036 2037
f 1162 2037 1160
f 1160 2037 1158
f 1156 2038 1154
f 1154 2038 2039
f 1154 2039 1152
f 1152 2039 1150
f 1148 2040 1146
f 1146 2040 2041
f 1146 2041 1144
f 1144 2041 1142
f 1140 2042 1138
f 1138 2042 2043
f 1138 2043 1136
f 1136 2043 1134
f 1132 2044 1130
f 1130 2044 2045
f 1130 2045 1128
f 1128 2045 1397
f 1399 2046 1401
f 1401 2046 2047
f 1401 2047 1403
f 1403 2047 1405
f 1407 2048 1409
f 1409 2048 2049
f 1409 2049 1411
f 1411 2049 1413
f 1415 2050 1417
f 1417 2050 2051
f 1417 2051 1419
f 1419 2051 1421
f 1423 2052 1425
f 1425 2052 2053
f 1425 2053 1427
f 1427 2053 1429
f 1431 2054 1433
f 1433 2054 2055
f 1433 2055 1435
f 1435 2055 1437
f 1439 2056 1441
f 1441 2056 2057
f 1441 2057 1443
f 1443 2057 1445
f 1447 2058 1449
f 1449 2058 2059
f 1449 2059 1451
f 1451 2059 1453
f 1455 2060 1457
f 1457 2060 2061
f 1457 2061 1459
f 1459 2061 1461
f 1463 2062 1465
f 1465 2062 2063
f 1465 2063 1467
f 1467 2063 1469
f 1471 2064 1473
f 1473 2064 2065
f 1473 2065 1475
f 1475 2065 1477
f 1479 2066 1481
f 1481 2066 2067
f 1481 2067 1483
f 1483 2067 1485
f 1487 2068 1489
f 1489 2068 2069
f 1489 2069 1491
f 1491 2069 1493
f 1495 2070 1497
f 1497 2070 2071
f 1497 2071 1499
f 1499 2071 1501
f 1503 2072 1505
f 1505 2072 2073
f 1505 2073 1507
f 1507 2073 1509
f 1511 2074 1513
f 1513 2074 2075
f 1513 2075 1515
f 1515 2075 1517
f 1519 2076 1521
f 1521 2076 2077
f 1521 2077 1523
f 1523 2077 1525
f 1527 2078 1529
f 1529 2078 2079
f 1529 2079 1531
f 1531 2079 1533
f 1535 2080 1537
f 1537 2080 2081
f 1537 2081 1539
f 1539 2081 1541
f 1543 2082 1545
f 1545 2082 2083
f 1545 2083 1547
f 1547 2083 1549
f 1551 2084 1553
f 1553 2084 2085
f 1553 2085 1555
f 1555 2085 1557
f 1559 2086 1561
f 1561 2086 2087
f 1561 2087 1563
f 1563 2087 1565
f 1567 2088 1569
f 1569 2088 2089
f 1569 2089 1571
f 1571 2089 1573
f 1575 2090 1577
f 1577 2090 2091
f 1577 2091 1579
f 1579 2091 1581
f 1583 2092 1585
f 1585 2092 2093
f 1585 2093 1587
f 1587 2093 1589
f 1591 2094 1593
f 1593 2094 2095
f 1593 2095 1595
f 1595 2095 1597
f 1599 2096 1601
f 1601 2096 2097
f 1601 2097 1603
f 1603 2097 1605
f 1607 2098 1609
f 1609 2098 2099
f 1609 2099 1611
f 1611 2099 1613
f 1615 2100 1617
f 1617 2100 2101
f 1617 2101 1619
f 1619 2101 1621
f 1623 2102 1625
f 1625 2102 2103
f 1625 2103 1627
f 1627 2103 1629
f 1631 2104 1633
f 1633 2104 2105
f 1633 2105 1635
f 1635 2105 1637
f 1639 2106 1641
f 1641 2106 2107
f 1641 2107 1643
f 1643 2107 1645
f 1647 2108 1649
f 1649 2108 2109
f 1649 2109 1394
f 1394 2109 1395
f 1391 2110 1392
f 1392 2110 2111
f 1392 2111 1388
f 1388 2111 1389
f 1385 2112 1386
f 1386 2112 2113
f 1386 2113 1
f 1 2113 2
f 2114 1650 2115
f 2115 1650 144
f 2115 144 6
f 2114 2116 1650
f 1650 2116 1727
f 1650 1727 142
f 142 1727 140
f 1727 2116 2117
f 1727 2117 1728
f 1728 2117 2118
f 1728 2118 1729
f 1729 2118 2119
f 1729 2119 1730
f 1730 2119 2120
f 1730 2120 1732
f 1732 2120 2121
f 1732 2121 1731
f 2121 2122 1731
f 1731 2122 2123
f 1731 2123 1733
f 1733 2123 2124
f 1733 2124 1734
f 1734 2124 2125
f 1734 2125 1735
f 1735 2125 2126
f 1735 2126 1738
f 1738 2126 2127
f 1738 2127 1737
f 1737 2127 2128
f 1737 2128 1736
f 2128 2129 1736
f 1736 2129 2130
f 1736 2130 1739
f 1739 2130 2131
f 1739 2131 1740
f 1740 2131 2132
f 1740 2132 1741
f 1741 2132 2133
f 1741 2133 1742
f 1742 2133 2134
f 1742 2134 1743
f 2134 2135 1743
f 1743 2135 2136
f 1743 2136 1744
f 1744 2136 2137
f 1744 2137 1745
f 1745 2137 2138
f 1745 2138 1746
f 1746 2138 2139
f 1746 2139 1747
f 1747 2139 2140
f 1747 2140 1748
f 1748 2140 2141
f 1748 2141 1749
f 1749 2141 2142
f 1749 2142 1750
f 1750 2142 2143
f 1750 2143 1751
f 1751 2143 2144
f 1751 2144 1752
f 1752 2144 2145
f 1752 2145 1753
f 1753 2145 2146
f 1753 2146 1754
f 1754 2146 2147
f 1754 2147 1755
f 1755 2147 2148
f 1755 2148 1756
f 1756 2148 2149
f 1756 2149 1757
f 1757 2149 2150
f 1757 2150 1758
f 1758 2150 2151
f 1758 2151 1759
f 1759 2151 2152
f 1759 2152 1760
f 1760 2152 2153
f 1760 2153 1761
f 1761 2153 2154
f 1761 2154 1762
f 1762 2154 2155
f 1762 2155 1763
f 2156 1764 2157
f 2157 1764 1763
f 2157 1763 2158
f 2158 1763 2155
f 2156 2159 1764
f 1764 2159 1765
f 1764 1765 248
f 248 1765 246
f 2160 1766 2161
f 2161 1766 1765
f 2161 1765 2162
f 2162 1765 2159
f 2160 2163 1766
f 1766 2163 1767
f 1766 1767 240
f 240 1767 238
f 2164 1768 2165
f 2165 1768 1767
f 2165 1767 2166
f 2166 1767 2163
f 2164 2167 1768
f 1768 2167 1769
f 1768 1769 232
f 232 1769 230
f 2168 1770 2169
f 2169 1770 1769
f 2169 1769 2170
f 2170 1769 2167
f 2168 2171 1770
f 1770 2171 1771
f 1770 1771 224
f 224 1771 222
f 2172 1772 2173
f 2173 1772 1771
f 2173 1771 2174
f 2174 1771 2171
f 2172 2175 1772
f 1772 2175 1773
f 1772 1773 216
f 216 1773 214
f 2176 1774 2177
f 2177 1774 1773
f 2177 1773 2178
f 2178 1773 2175
f 2176 2179 1774
f 1774 2179 1775
f 1774 1775 208
f 208 1775 206
f 2180 1776 2181
f 2181 1776 1775
f 2181 1775 2182
f 2182 1775 2179
f 2180 2183 1776
f 1776 2183 1777
f 1776 1777 200
f 200 1777 198
f 2184 1778 2185
f 2185 1778 1777
f 2185 1777 2186
f 2186 1777 2183
f 2184 2187 1778
f 1778 2187 1779
f 1778 1779 192
f 192 1779 190
f 2188 1780 2189
f 2189 1780 1779
f 2189 1779 2190
f 2190 1779 2187
f 2188 2191 1780
f 1780 2191 1781
f 1780 1781 184
f 184 1781 182
f 2192 1782 2193
f 2193 1782 1781
f 2193 1781 2194
f 2194 1781 2191
f 2192 2195 1782
f 1782 2195 1783
f 1782 1783 176
f 176 1783 174
f 2196 1784 2197
f 2197 1784 1783
f 2197 1783 2198
f 2198 1783 2195
f 2196 2199 1784
f 1784 2199 1785
f 1784 1785 168
f 168 1785 166
f 2200 1786 2201
f 2201 1786 1785
f 2201 1785 2202
f 2202 1785 2199
f 2200 2203 1786
f 1786 2203 1787
f 1786 1787 160
f 160 1787 158
f 2204 1788 2205
f 2205 1788 1787
f 2205 1787 2206
f 2206 1787 2203
f 2204 2207 1788
f 1788 2207 1789
f 1788 1789 152
f 152 1789 150
f 2208 1790 2209
f 2209 1790 1789
f 2209 1789 2210
f 2210 1789 2207
f 2208 2211 1790
f 1790 2211 1791
f 1790 1791 610
f 610 1791 608
f 2212 1792 2213
f 2213 1792 1791
f 2213 1791 2214
f 2214 1791 2211
f 2212 2215 1792
f 1792 2215 1793
f 1792 1793 602
f 602 1793 600
f 2216 1794 2217
f 2217 1794 1793
f 2217 1793 2218
f 2218 1793 2215
f 2216 2219 1794
f 1794 2219 1795
f 1794 1795 594
f 594 1795 592
f 2220 1796 2221
f 2221 1796 1795
f 2221 1795 2222
f 2222 1795 2219
f 2220 2223 1796
f 1796 2223 1797
f 1796 1797 586
f 586 1797 584
f 2224 1798 2225
f 2225 1798 1797
f 2225 1797 2226
f 2226 1797 2223
f 2224 2227 1798
f 1798 2227 1799
f 1798 1799 578
f 578 1799 576
f 2228 1800 2229
f 2229 1800 1799
f 2229 1799 2230
f 2230 1799 2227
f 2228 2231 1800
f 1800 2231 1801
f 1800 1801 570
f 570 1801 568
f 2232 1802 2233
f 2233 1802 1801
f 2233 1801 2234
f 2234 1801 2231
f 2232 2235 1802
f 1802 2235 1803
f 1802 1803 562
f 562 1803 560
f 2236 1804 2237
f 2237 1804 1803
f 2237 1803 2238
f 2238 1803 2235
f 2236 2239 1804
f 1804 2239 1805
f 1804 1805 554
f 554 1805 552
f 2240 1806 2241
f 2241 1806 1805
f 2241 1805 2242
f 2242 1805 2239
f 2240 2243 1806
f 1806 2243 1807
f 1806 1807 546
f 546 1807 544
f 2244 1808 2245
f 2245 1808 1807
f 2245 1807 2246
f 2246 1807 2243
f 2244 2247 1808
f 1808 2247 1809
f 1808 1809 538
f 538 1809 536
f 2248 1810 2249
f 2249 1810 1809
f 2249 1809 2250
f 2250 1809 2247
f 2248 2251 1810
f 1810 2251 1811
f 1810 1811 530
f 530 1811 528
f 2252 1812 2253
f 2253 1812 1811
f 2253 1811 2254
f 2254 1811 2251
f 2252 2255 1812
f 1812 2255 1813
f 1812 1813 522
f 522 1813 520
f 2256 1814 2257
f 2257 1814 1813
f 2257 1813 2258
f 2258 1813 2255
f 2256 2259 1814
f 1814 2259 1815
f 1814 1815 514
f 514 1815 512
f 2260 1816 2261
f 2261 1816 1815
f 2261 1815 2262
f 2262 1815 2259
f 2260 2263 1816
f 1816 2263 1817
f 1816 1817 506
f 506 1817 504
f 2264 1818 2265
f 2265 1818 1817
f 2265 1817 2266
f 2266 1817 2263
f 2264 2267 1818
f 1818 2267 1819
f 1818 1819 498
f 498 1819 496
f 2268 1820 2269
f 2269 1820 1819
f 2269 1819 2270
f 2270 1819 2267
f 2268 2271 1820
f 1820 2271 1821
f 1820 1821 490
f 490 1821 488
f 2272 1822 2273
f 2273 1822 1821
f 2273 1821 2274
f 2274 1821 2271
f 2272 2275 1822
f 1822 2275 1823
f 1822 1823 482
f 482 1823 480
f 2276 1824 2277
f 2277 1824 1823
f 2277 1823 2278
f 2278 1823 2275
f 2276 2279 1824
f 1824 2279 1825
f 1824 1825 474
f 474 1825 472
f 2280 1826 2281
f 2281 1826 1825
f 2281 1825 2282
f 2282 1825 2279
f 2280 2283 1826
f 1826 2283 1827
f 1826 1827 466
f 466 1827 464
f 2284 1828 2285
f 2285 1828 1827
f 2285 1827 2286
f 2286 1827 2283
f 2284 2287 1828
f 1828 2287 1829
f 1828 1829 458
f 458 1829 456
f 2288 1830 2289
f 2289 1830 1829
f 2289 1829 2290
f 2290 1829 2287
f 2288 2291 1830
f 1830 2291 1831
f 1830 1831 450
f 450 1831 448
f 2292 1832 2293
f 2293 1832 1831
f 2293 1831 2294
f 2294 1831 2291
f 2292 2295 1832
f 1832 2295 1833
f 1832 1833 442
f 442 1833 440
f 2296 1834 2297
f 2297 1834 1833
f 2297 1833 2298
f 2298 1833 2295
f 2296 2299 1834
f 1834 2299 1835
f 1834 1835 434
f 434 1835 432
f 2300 1836 2301
f 2301 1836 1835
f 2301 1835 2302
f 2302 1835 2299
f 2300 2303 1836
f 1836 2303 1837
f 1836 1837 426
f 426 1837 424
f 2304 1838 2305
f 2305 1838 1837
f 2305 1837 2306
f 2306 1837 2303
f 2304 2307 1838
f 1838 2307 1839
f 1838 1839 418
f 418 1839 416
f 2308 1840 2309
f 2309 1840 1839
f 2309 1839 2310
f 2310 1839 2307
f 2308 2311 1840
f 1840 2311 1841
f 1840 1841 410
f 410 1841 408
f 2312 1842 2313
f 2313 1842 1841
f 2313 1841 2314
f 2314 1841 2311
f 2312 2315 1842
f 1842 2315 1843
f 1842 1843 402
f 402 1843 400
f 2316 1844 2317
f 2317 1844 1843
f 2317 1843 2318
f 2318 1843 2315
f 2316 2319 1844
f 1844 2319 1845
f 1844 1845 394
f 394 1845 392
f 2320 1846 2321
f 2321 1846 1845
f 2321 1845 2322
f 2322 1845 2319
f 2320 2323 1846
f 1846 2323 1847
f 1846 1847 386
f 386 1847 384
f 2324 1848 2325
f 2325 1848 1847
f 2325 1847 2326
f 2326 1847 2323
f 2324 2327 1848
f 1848 2327 1849
f 1848 1849 378
f 378 1849 376
f 2328 1850 2329
f 2329 1850 1849
f 2329 1849 2330
f 2330 1849 2327
f 2328 2331 1850
f 1850 2331 1851
f 1850 1851 370
f 370 1851 368
f 2332 1852 2333
f 2333 1852 1851
f 2333 1851 2334
f 2334 1851 2331
f 2332 2335 1852
f 1852 2335 1853
f 1852 1853 362
f 362 1853 360
f 2336 1854 2337
f 2337 1854 1853
f 2337 1853 2338
f 2338 1853 2335
f 2336 2339 1854
f 1854 2339 1855
f 1854 1855 866
f 866 1855 864
f 2340 1856 2341
f 2341 1856 1855
f 2341 1855 2342
f 2342 1855 2339
f 2340 2343 1856
f 1856 2343 1857
f 1856 1857 858
f 858 1857 856
f 2344 1858 2345
f 2345 1858 1857
f 2345 1857 2346
f 2346 1857 2343
f 2344 2347 1858
f 1858 2347 1859
f 1858 1859 850
f 850 1859 848
f 2348 1860 2349
f 2349 1860 1859
f 2349 1859 2350
f 2350 1859 2347
f 2348 2351 1860
f 1860 2351 1861
f 1860 1861 842
f 842 1861 840
f 2352 1862 2353
f 2353 1862 1861
f 2353 1861 2354
f 2354 1861 2351
f 2352 2355 1862
f 1862 2355 1863
f 1862 1863 834
f 834 1863 832
f 2356 1864 2357
f 2357 1864 1863
f 2357 1863 2358
f 2358 1863 2355
f 2356 2359 1864
f 1864 2359 1865
f 1864 1865 826
f 826 1865 824
f 2360 1866 2361
f 2361 1866 1865
f 2361 1865 2362
f 2362 1865 2359
f 2360 2363 1866
f 1866 2363 1867
f 1866 1867 818
f 818 1867 816
f 2364 1868 2365
f 2365 1868 1867
f 2365 1867 2366
f 2366 1867 2363
f 2364 2367 1868
f 1868 2367 1869
f 1868 1869 810
f 810 1869 808
f 2368 1870 2369
f 2369 1870 1869
f 2369 1869 2370
f 2370 1869 2367
f 2368 2371 1870
f 1870 2371 1871
f 1870 1871 802
f 802 1871 800
f 2372 1872 2373
f 2373 1872 1871
f 2373 1871 2374
f 2374 1871 2371
f 2372 2375 1872
f 1872 2375 1873
f 1872 1873 794
f 794 1873 792
f 2376 1874 2377
f 2377 1874 1873
f 2377 1873 2378
f 2378 1873 2375
f 2376 2379 1874
f 1874 2379 1875
f 1874 1875 786
f 786 1875 784
f 2380 1876 2381
f 2381 1876 1875
f 2381 1875 2382
f 2382 1875 2379
f 2380 2383 1876
f 1876 2383 1877
f 1876 1877 778
f 778 1877 776
f 2384 1878 2385
f 2385 1878 1877
f 2385 1877 2386
f 2386 1877 2383
f 2384 2387 1878
f 1878 2387 1879
f 1878 1879 770
f 770 1879 768
f 2388 1880 2389
f 2389 1880 1879
f 2389 1879 2390
f 2390 1879 2387
f 2388 2391 1880
f 1880 2391 1881
f 1880 1881 762
f 762 1881 760
f 2392 1882 2393
f 2393 1882 1881
f 2393 1881 2394
f 2394 1881 2391
f 2392 2395 1882
f 1882 2395 1883
f 1882 1883 754
f 754 1883 752
f 2396 1884 2397
f 2397 1884 1883
f 2397 1883 2398
f 2398 1883 2395
f 2396 2399 1884
f 1884 2399 1885
f 1884 1885 746
f 746 1885 744
f 2400 1886 2401
f 2401 1886 1885
f 2401 1885 2402
f 2402 1885 2399
f 2400 2403 1886
f 1886 2403 1887
f 1886 1887 738
f 738 1887 736
f 2404 1888 2405
f 2405 1888 1887
f 2405 1887 2406
f 2406 1887 2403
f 2404 2407 1888
f 1888 2407 1889
f 1888 1889 730
f 730 1889 728
f 2408 1890 2409
f 2409 1890 1889
f 2409 1889 2410
f 2410 1889 2407
f 2408 2411 1890
f 1890 2411 1891
f 1890 1891 722
f 722 1891 720
f 2412 1892 2413
f 2413 1892 1891
f 2413 1891 2414
f 2414 1891 2411
f 2412 2415 1892
f 1892 2415 1893
f 1892 1893 714
f 714 1893 712
f 2416 1894 2417
f 2417 1894 1893
f 2417 1893 2418
f 2418 1893 2415
f 2416 2419 1894
f 1894 2419 1895
f 1894 1895 706
f 706 1895 704
f 2420 1896 2421
f 2421 1896 1895
f 2421 1895 2422
f 2422 1895 2419
f 2420 2423 1896
f 1896 2423 1897
f 1896 1897 698
f 698 1897 696
f 2424 1898 2425
f 2425 1898 1897
f 2425 1897 2426
f 2426 1897 2423
f 2424 2427 1898
f 1898 2427 1899
f 1898 1899 690
f 690 1899 688
f 2428 1900 2429
f 2429 1900 1899
f 2429 1899 2430
f 2430 1899 2427
f 2428 2431 1900
f 1900 2431 1901
f 1900 1901 682
f 682 1901 680
f 2432 1902 2433
f 2433 1902 1901
f 2433 1901 2434
f 2434 1901 2431
f 2432 2435 1902
f 1902 2435 1903
f 1902 1903 674
f 674 1903 672
f 2436 1904 2437
f 2437 1904 1903
f 2437 1903 2438
f 2438 1903 2435
f 2436 2439 1904
f 1904 2439 1905
f 1904 1905 666
f 666 1905 664
f 2440 1906 2441
f 2441 1906 1905
f 2441 1905 2442
f 2442 1905 2439
f 2440 2443 1906
f 1906 2443 1907
f 1906 1907 658
f 658 1907 656
f 2444 1908 2445
f 2445 1908 1907
f 2445 1907 2446
f 2446 1907 2443
f 2444 2447 1908
f 1908 2447 1909
f 1908 1909 650
f 650 1909 648
f 2448 1910 2449
f 2449 1910 1909
f 2449 1909 2450
f 2450 1909 2447
f 2448 2451 1910
f 1910 2451 1911
f 1910 1911 642
f 642 1911 640
f 2452 1912 2453
f 2453 1912 1911
f 2453 1911 2454
f 2454 1911 2451
f 2452 2455 1912
f 1912 2455 1913
f 1912 1913 634
f 634 1913 632
f 2456 1914 2457
f 2457 1914 1913
f 2457 1913 2458
f 2458 1913 2455
f 2456 2459 1914
f 1914 2459 1915
f 1914 1915 626
f 626 1915 624
f 2460 1916 2461
f 2461 1916 1915
f 2461 1915 2462
f 2462 1915 2459
f 2460 2463 1916
f 1916 2463 1917
f 1916 1917 618
f 618 1917 616
f 2464 1918 2465
f 2465 1918 1917
f 2465 1917 2466
f 2466 1917 2463
f 2464 2467 1918
f 1918 2467 1919
f 1918 1919 1122
f 1122 1919 1120
f 2468 1920 2469
f 2469 1920 1919
f 2469 1919 2470
f 2470 1919 2467
f 2468 2471 1920
f 1920 2471 1921
f 1920 1921 1114
f 1114 1921 1112
f 2472 1922 2473
f 2473 1922 1921
f 2473 1921 2474
f 2474 1921 2471
f 2472 2475 1922
f 1922 2475 1923
f 1922 1923 1106
f 1106 1923 1104
f 2476 1924 2477
f 2477 1924 1923
f 2477 1923 2478
f 2478 1923 2475
f 2476 2479 1924
f 1924 2479 1925
f 1924 1925 1098
f 1098 1925 1096
f 2480 1926 2481
f 2481 1926 1925
f 2481 1925 2482
f 2482 1925 2479
f 2480 2483 1926
f 1926 2483 1927
f 1926 1927 1090
f 1090 1927 1088
f 2484 1928 2485
f 2485 1928 1927
f 2485 1927 2486
f 2486 1927 2483
f 2484 2487 1928
f 1928 2487 1929
f 1928 1929 1082
f 1082 1929 1080
f 2488 1930 2489
f 2489 1930 1929
f 2489 1929 2490
f 2490 1929 2487
f 2488 2491 1930
f 1930 2491 1931
f 1930 1931 1074
f 1074 1931 1072
f 2492 1932 2493
f 2493 1932 1931
f 2493 1931 2494
f 2494 1931 2491
f 2492 2495 1932
f 1932 2495 1933
f 1932 1933 1066
f 1066 1933 1064
f 2496 1934 2497
f 2497 1934 1933
f 2497 1933 2498
f 2498 1933 2495
f 2496 2499 1934
f 1934 2499 1935
f 1934 1935 1058
f 1058 1935 1056
f 2500 1936 2501
f 2501 1936 1935
f 2501 1935 2502
f 2502 1935 2499
f 2500 2503 1936
f 1936 2503 1937
f 1936 1937 1050
f 1050 1937 1048
f 2504 1938 2505
f 2505 1938 1937
f 2505 1937 2506
f 2506 1937 2503
f 2504 2507 1938
f 1938 2507 1939
f 1938 1939 1042
f 1042 1939 1040
f 2508 1940 2509
f 2509 1940 1939
f 2509 1939 2510
f 2510 1939 2507
f 2508 2511 1940
f 1940 2511 1941
f 1940 1941 1034
f 1034 1941 1032
f 2512 1942 2513
f 2513 1942 1941
f 2513 1941 2514
f 2514 1941 2511
f 2512 2515 1942
f 1942 2515 1943
f 1942 1943 1026
f 1026 1943 1024
f 2516 1944 2517
f 2517 1944 1943
f 2517 1943 2518
f 2518 1943 2515
f 2516 2519 1944
f 1944 2519 1945
f 1944 1945 1018
f 1018 1945 1016
f 2520 1946 2521
f 2521 1946 1945
f 2521 1945 2522
f 2522 1945 2519
f 2520 2523 1946
f 1946 2523 1947
f 1946 1947 1010
f 1010 1947 1008
f 2524 1948 2525
f 2525 1948 1947
f 2525 1947 2526
f 2526 1947 2523
f 2524 2527 1948
f 1948 2527 1949
f 1948 1949 1002
f 1002 1949 1000
f 2528 1950 2529
f 2529 1950 1949
f 2529 1949 2530
f 2530 1949 2527
f 2528 2531 1950
f 1950 2531 1951
f 1950 1951 994
f 994 1951 992
f 2532 1952 2533
f 2533 1952 1951
f 2533 1951 2534
f 2534 1951 2531
f 2532 2535 1952
f 1952 2535 1953
f 1952 1953 986
f 986 1953 984
f 2536 1954 2537
f 2537 1954 1953
f 2537 1953 2538
f 2538 1953 2535
f 2536 2539 1954
f 1954 2539 1955
f 1954 1955 978
f 978 1955 976
f 2540 1956 2541
f 2541 1956 1955
f 2541 1955 2542
f 2542 1955 2539
f 2540 2543 1956
f 1956 2543 1957
f 1956 1957 970
f 970 1957 968
f 2544 1958 2545
f 2545 1958 1957
f 2545 1957 2546
f 2546 1957 2543
f 2544 2547 1958
f 1958 2547 1959
f 1958 1959 962
f 962 1959 960
f 2548 1960 2549
f 2549 1960 1959
f 2549 1959 2550
f 2550 1959 2547
f 2548 2551 1960
f 1960 2551 1961
f 1960 1961 954
f 954 1961 952
f 2552 1962 2553
f 2553 1962 1961
f 2553 1961 2554
f 2554 1961 2551
f 2552 2555 1962
f 1962 2555 1963
f 1962 1963 946
f 946 1963 944
f 2556 1964 2557
f 2557 1964 1963
f 2557 1963 2558
f 2558 1963 2555
f 2556 2559 1964
f 1964 2559 1965
f 1964 1965 938
f 938 1965 936
f 2560 1966 2561
f 2561 1966 1965
f 2561 1965 2562
f 2562 1965 2559
f 2560 2563 1966
f 1966 2563 1967
f 1966 1967 930
f 930 1967 928
f 2564 1968 2565
f 2565 1968 1967
f 2565 1967 2566
f 2566 1967 2563
f 2564 2567 1968
f 1968 2567 1969
f 1968 1969 922
f 922 1969 920
f 2568 1970 2569
f 2569 1970 1969
f 2569 1969 2570
f 2570 1969 2567
f 2568 2571 1970
f 1970 2571 1971
f 1970 1971 914
f 914 1971 912
f 2572 1972 2573
f 2573 1972 1971
f 2573 1971 2574
f 2574 1971 2571
f 2572 2575 1972
f 1972 2575 1973
f 1972 1973 906
f 906 1973 904
f 2576 1974 2577
f 2577 1974 1973
f 2577 1973 2578
f 2578 1973 2575
f 2576 2579 1974
f 1974 2579 1975
f 1974 1975 898
f 898 1975 896
f 2580 1976 2581
f 2581 1976 1975
f 2581 1975 2582
f 2582 1975 2579
f 2580 2583 1976
f 1976 2583 1977
f 1976 1977 890
f 890 1977 888
f 2584 1978 2585
f 2585 1978 1977
f 2585 1977 2586
f 2586 1977 2583
f 2584 2587 1978
f 1978 2587 1979
f 1978 1979 882
f 882 1979 880
f 2588 1980 2589
f 2589 1980 1979
f 2589 1979 2590
f 2590 1979 2587
f 2588 2591 1980
f 1980 2591 1981
f 1980 1981 874
f 874 1981 872
f 2592 1982 2593
f 2593 1982 1981
f 2593 1981 2594
f 2594 1981 2591
f 2592 2595 1982
f 1982 2595 1983
f 1982 1983 1378
f 1378 1983 1376
f 2596 1984 2597
f 2597 1984 1983
f 2597 1983 2598
f 2598 1983 2595
f 2596 2599 1984
f 1984 2599 1985
f 1984 1985 1370
f 1370 1985 1368
f 2600 1986 2601
f 2601 1986 1985
f 2601 1985 2602
f 2602 1985 2599
f 2600 2603 1986
f 1986 2603 1987
f 1986 1987 1362
f 1362 1987 1360
f 2604 1988 2605
f 2605 1988 1987
f 2605 1987 2606
f 2606 1987 2603
f 2604 2607 1988
f 1988 2607 1989
f 1988 1989 1354
f 1354 1989 1352
f 2608 1990 2609
f 2609 1990 1989
f 2609 1989 2610
f 2610 1989 2607
f 2608 2611 1990
f 1990 2611 1991
f 1990 1991 1346
f 1346 1991 1344
f 2612 1992 2613
f 2613 1992 1991
f 2613 1991 2614
f 2614 1991 2611
f 2612 2615 1992
f 1992 2615 1993
f 1992 1993 1338
f 1338 1993 1336
f 2616 1994 2617
f 2617 1994 1993
f 2617 1993 2618
f 2618 1993 2615
f 2616 2619 1994
f 1994 2619 1995
f 1994 1995 1330
f 1330 1995 1328
f 2620 1996 2621
f 2621 1996 1995
f 2621 1995 2622
f 2622 1995 2619
f 2620 2623 1996
f 1996 2623 1997
f 1996 1997 1322
f 1322 1997 1320
f 2624 1998 2625
f 2625 1998 1997
f 2625 1997 2626
f 2626 1997 2623
f 2624 2627 1998
f 1998 2627 1999
f 1998 1999 1314
f 1314 1999 1312
f 2628 2000 2629
f 2629 2000 1999
f 2629 1999 2630
f 2630 1999 2627
f 2628 2631 2000
f 2000 2631 2001
f 2000 2001 1306
f 1306 2001 1304
f 2632 2002 2633
f 2633 2002 2001
f 2633 2001 2634
f 2634 2001 2631
f 2632 2635 2002
f 2002 2635 2003
f 2002 2003 1298
f 1298 2003 1296
f 2636 2004 2637
f 2637 2004 2003
f 2637 2003 2638
f 2638 2003 2635
f 2636 2639 2004
f 2004 2639 2005
f 2004 2005 1290
f 1290 2005 1288
f 2640 2006 2641
f 2641 2006 2005
f 2641 2005 2642
f 2642 2005 2639
f 2640 2643 2006
f 2006 2643 2007
f 2006 2007 1282
f 1282 2007 1280
f 2644 2008 2645
f 2645 2008 2007
f 2645 2007 2646
f 2646 2007 2643
f 2644 2647 2008
f 2008 2647 2009
f 2008 2009 1274
f 1274 2009 1272
f 2648 2010 2649
f 2649 2010 2009
f 2649 2009 2650
f 2650 2009 2647
f 2648 2651 2010
f 2010 2651 2011
f 2010 2011 1266
f 1266 2011 1264
f 2652 2012 2653
f 2653 2012 2011
f 2653 2011 2654
f 2654 2011 2651
f 2652 2655 2012
f 2012 2655 2013
f 2012 2013 1258
f 1258 2013 1256
f 2656 2014 2657
f 2657 2014 2013
f 2657 2013 2658
f 2658 2013 2655
f 2656 2659 2014
f 2014 2659 2015
f 2014 2015 1250
f 1250 2015 1248
f 2660 2016 2661
f 2661 2016 2015
f 2661 2015 2662
f 2662 2015 2659
f 2660 2663 2016
f 2016 2663 2017
f 2016 2017 1242
f 1242 2017 1240
f 2664 2018 2665
f 2665 2018 2017
f 2665 2017 2666
f 2666 2017 2663
f 2664 2667 2018
f 2018 2667 2019
f 2018 2019 1234
f 1234 2019 1232
f 2668 2020 2669
f 2669 2020 2019
f 2669 2019 2670
f 2670 2019 2667
f 2668 2671 2020
f 2020 2671 2021
f 2020 2021 1226
f 1226 2021 1224
f 2672 2022 2673
f 2673 2022 2021
f 2673 2021 2674
f 2674 2021 2671
f 2672 2675 2022
f 2022 2675 2023
f 2022 2023 1218
f 1218 2023 1216
f 2675 2676 2023
f 2023 2676 2677
f 2023 2677 2024
f 2024 2677 2678
f 2024 2678 2025
f 2678 2679 2025
f 2025 2679 2680
f 2025 2680 2026
f 2026 2680 2681
f 2681 2682 2026
f 2026 2682 2683
f 2026 2683 2027
f 2027 2683 2684
f 2027 2684 2028
f 2684 2685 2028
f 2028 2685 2686
f 2028 2686 2029
f 2029 2686 2687
f 2687 2688 2029
f 2029 2688 2030
f 2029 2030 1190
f 1190 2030 1188
f 2688 2689 2030
f 2030 2689 2690
f 2030 2690 2031
f 2031 2690 2691
f 2691 2692 2031
f 2031 2692 2032
f 2031 2032 1182
f 1182 2032 1180
f 2692 2693 2032
f 2032 2693 2694
f 2032 2694 2033
f 2033 2694 2695
f 2695 2696 2033
f 2033 2696 2034
f 2033 2034 1174
f 1174 2034 1172
f 2696 2697 2034
f 2034 2697 2698
f 2034 2698 2035
f 2035 2698 2699
f 2699 2700 2035
f 2035 2700 2036
f 2035 2036 1166
f 1166 2036 1164
f 2700 2701 2036
f 2036 2701 2702
f 2036 2702 2037
f 2037 2702 2703
f 2703 2704 2037
f 2037 2704 2038
f 2037 2038 1158
f 1158 2038 1156
f 2704 2705 2038
f 2038 2705 2706
f 2038 2706 2039
f 2039 2706 2707
f 2707 2708 2039
f 2039 2708 2040
f 2039 2040 1150
f 1150 2040 1148
f 2708 2709 2040
f 2040 2709 2710
f 2040 2710 2041
f 2041 2710 2711
f 2711 2712 2041
f 2041 2712 2042
f 2041 2042 1142
f 1142 2042 1140
f 2712 2713 2042
f 2042 2713 2714
f 2042 2714 2043
f 2043 2714 2715
f 2715 2716 2043
f 2043 2716 2044
f 2043 2044 1134
f 1134 2044 1132
f 2716 2717 2044
f 2044 2717 2718
f 2044 2718 2045
f 2045 2718 2719
f 2719 2720 2045
f 2045 2720 2046
f 2045 2046 1397
f 1397 2046 1399
f 2720 2721 2046
f 2046 2721 2722
f 2046 2722 2047
f 2047 2722 2723
f 2723 2724 2047
f 2047 2724 2048
f 2047 2048 1405
f 1405 2048 1407
f 2724 2725 2048
f 2048 2725 2726
f 2048 2726 2049
f 2049 2726 2727
f 2727 2728 2049
f 2049 2728 2050
f 2049 2050 1413
f 1413 2050 1415
f 2728 2729 2050
f 2050 2729 2730
f 2050 2730 2051
f 2051 2730 2731
f 2731 2732 2051
f 2051 2732 2052
f 2051 2052 1421
f 1421 2052 1423
f 2732 2733 2052
f 2052 2733 2734
f 2052 2734 2053
f 2053 2734 2735
f 2735 2736 2053
f 2053 2736 2054
f 2053 2054 1429
f 1429 2054 1431
f 2736 2737 2054
f 2054 2737 2738
f 2054 2738 2055
f 2055 2738 2739
f 2739 2740 2055
f 2055 2740 2056
f 2055 2056 1437
f 1437 2056 1439
f 2740 2741 2056
f 2056 2741 2742
f 2056 2742 2057
f 2057 2742 2743
f 2743 2744 2057
f 2057 2744 2058
f 2057 2058 1445
f 1445 2058 1447
f 2744 2745 2058
f 2058 2745 2746
f 2058 2746 2059
f 2059 2746 2747
f 2747 2748 2059
f 2059 2748 2060
f 2059 2060 1453
f 1453 2060 1455
f 2748 2749 2060
f 2060 2749 2750
f 2060 2750 2061
f 2061 2750 2751
f 2751 2752 2061
f 2061 2752 2062
f 2061 2062 1461
f 1461 2062 1463
f 2752 2753 2062
f 2062 2753 2754
f 2062 2754 2063
f 2063 2754 2755
f 2755 2756 2063
f 2063 2756 2064
f 2063 2064 1469
f 1469 2064 1471
f 2756 2757 2064
f 2064 2757 2758
f 2064 2758 2065
f 2065 2758 2759
f 2759 2760 2065
f 2065 2760 2066
f 2065 2066 1477
f 1477 2066 1479
f 2760 2761 2066
f 2066 2761 2762
f 2066 2762 2067
f 2067 2762 2763
f 2763 2764 2067
f 2067 2764 2068
f 2067 2068 1485
f 1485 2068 1487
f 2764 2765 2068
f 2068 2765 2766
f 2068 2766 2069
f 2069 2766 2767
f 2767 2768 2069
f 2069 2768 2070
f 2069 2070 1493
f 1493 2070 1495
f 2768 2769 2070
f 2070 2769 2770
f 2070 2770 2071
f 2071 2770 2771
f 2771 2772 2071
f 2071 2772 2072
f 2071 2072 1501
f 1501 2072 1503
f 2772 2773 2072
f 2072 2773 2774
f 2072 2774 2073
f 2073 2774 2775
f 2775 2776 2073
f 2073 2776 2074
f 2073 2074 1509
f 1509 2074 1511
f 2776 2777 2074
f 2074 2777 2778
f 2074 2778 2075
f 2075 2778 2779
f 2779 2780 2075
f 2075 2780 2076
f 2075 2076 1517
f 1517 2076 1519
f 2780 2781 2076
f 2076 2781 2782
f 2076 2782 2077
f 2077 2782 2783
f 2783 2784 2077
f 2077 2784 2078
f 2077 2078 1525
f 1525 2078 1527
f 2784 2785 2078
f 2078 2785 2786
f 2078 2786 2079
f 2079 2786 2787
f 2787 2788 2079
f 2079 2788 2080
f 2079 2080 1533
f 1533 2080 1535
f 2788 2789 2080
f 2080 2789 2790
f 2080 2790 2081
f 2081 2790 2791
f 2791 2792 2081
f 2081 2792 2082
f 2081 2082 1541
f 1541 2082 1543
f 2792 2793 2082
f 2082 2793 2794
f 2082 2794 2083
f 2083 2794 2795
f 2795 2796 2083
f 2083 2796 2084
f 2083 2084 1549
f 1549 2084 1551
f 2796 2797 2084
f 2084 2797 2798
f 2084 2798 2085
f 2085 2798 2799
f 2799 2800 2085
f 2085 2800 2086
f 2085 2086 1557
f 1557 2086 1559
f 2800 2801 2086
f 2086 2801 2802
f 2086 2802 2087
f 2087 2802 2803
f 2803 2804 2087
f 2087 2804 2088
f 2087 2088 1565
f 1565 2088 1567
f 2804 2805 2088
f 2088 2805 2806
f 2088 2806 2089
f 2089 2806 2807
f 2807 2808 2089
f 2089 2808 2090
f 2089 2090 1573
f 1573 2090 1575
f 2808 2809 2090
f 2090 2809 2810
f 2090 2810 2091
f 2091 2810 2811
f 2811 2812 2091
f 2091 2812 2092
f 2091 2092 1581
f 1581 2092 1583
f 2812 2813 2092
f 2092 2813 2814
f 2092 2814 2093
f 2093 2814 2815
f 2815 2816 2093
f 2093 2816 2094
f 2093 2094 1589
f 1589 2094 1591
f 2816 2817 2094
f 2094 2817 2818
f 2094 2818 2095
f 2095 2818 2819
f 2819 2820 2095
f 2095 2820 2096
f 2095 2096 1597
f 1597 2096 1599
f 2820 2821 2096
f 2096 2821 2822
f 2096 2822 2097
f 2097 2822 2823
f 2823 2824 2097
f 2097 2824 2098
f 2097 2098 1605
f 1605 2098 1607
f 2824 2825 2098
f 2098 2825 2826
f 2098 2826 2099
f 2099 2826 2827
f 2827 2828 2099
f 2099 2828 2100
f 2099 2100 1613
f 1613 2100 1615
f 2828 2829 2100
f 2100 2829 2830
f 2100 2830 2101
f 2101 2830 2831
f 2831 2832 2101
f 2101 2832 2102
f 2101 2102 1621
f 1621 2102 1623
f 2832 2833 2102
f 2102 2833 2834
f 2102 2834 2103
f 2103 2834 2835
f 2835 2836 2103
f 2103 2836 2104
f 2103 2104 1629
f 1629 2104 1631
f 2836 2837 2104
f 2104 2837 2838
f 2104 2838 2105
f 2105 2838 2839
f 2839 2840 2105
f 2105 2840 2106
f 2105 2106 1637
f 1637 2106 1639
f 2840 2841 2106
f 2106 2841 2842
f 2106 2842 2107
f 2107 2842 2843
f 2843 2844 2107
f 2107 2844 2108
f 2107 2108 1645
f 1645 2108 1647
f 2844 2845 2108
f 2108 2845 2846
f 2108 2846 2109
f 2109 2846 2847
f 2847 2848 2109
f 2109 2848 2110
f 2109 2110 1395
f 1395 2110 1391
f 2848 2849 2110
f 2110 2849 2850
f 2110 2850 2111
f 2111 2850 2851
f 2851 2852 2111
f 2111 2852 2112
f 2111 2112 1389
f 1389 2112 1385
f 2852 2853 2112
f 2112 2853 2854
f 2112 2854 2113
f 2113 2854 2855
f 2855 2856 2113
f 2113 2856 1660
f 2113 1660 2
f 2 1660 1662
f 2856 2857 1660
f 1660 2857 2858
f 1660 2858 1658
f 1658 2858 2859
f 2859 2860 1658
f 1658 2860 1667
f 1658 1667 1656
f 1656 1667 1666
f 2860 2861 1667
f 1667 2861 2862
f 1667 2862 1665
f 1665 2862 2863
f 2863 2864 1665
f 1665 2864 1668
f 1665 1668 1663
f 1663 1668 1670
f 2864 2865 1668
f 1668 2865 2866
f 1668 2866 1669
f 1669 2866 2867
f 2867 2868 1669
f 1669 2868 1672
f 1669 1672 1671
f 1671 1672 1674
f 2868 2869 1672
f 1672 2869 2870
f 1672 2870 1673
f 1673 2870 2871
f 2871 2872 1673
f 1673 2872 1677
f 1673 1677 1675
f 1675 1677 1676
f 2872 2873 1677
f 1677 2873 2874
f 1677 2874 1679
f 1679 2874 2875
f 2875 2876 1679
f 1679 2876 1681
f 1679 1681 1680
f 1680 1681 1683
f 2876 2877 1681
f 1681 2877 2878
f 1681 2878 1682
f 1682 2878 2879
f 2879 2880 1682
f 1682 2880 1686
f 1682 1686 1684
f 1684 1686 1685
f 2880 2881 1686
f 1686 2881 2882
f 1686 2882 1688
f 1688 2882 2883
f 2883 2884 1688
f 1688 2884 1690
f 1688 1690 1689
f 1689 1690 1692
f 2884 2885 1690
f 1690 2885 2886
f 1690 2886 1691
f 1691 2886 2887
f 1691 2887 1694
f 1694 2887 2888
f 1694 2888 1695
f 1636 1638 2889
f 1632 1634 2890
f 1628 1630 2891
f 1624 1626 2892
f 1620 1622 2893
f 1616 1618 2894
f 1612 1614 2895
f 1608 1610 2896
f 1604 1606 2897
f 1600 1602 2898
f 1596 1598 2899
f 1592 1594 2900
f 1588 1590 2901
f 1584 1586 2902
f 1580 1582 2903
f 1576 1578 2904
f 1572 1574 2905
f 1568 1570 2906
f 1564 1566 2907
f 1560 1562 2908
f 1556 1558 2909
f 1552 1554 2910
f 1548 1550 2911
f 1544 1546 2912
f 1540 1542 2913
f 1536 1538 2914
f 1532 1534 2915
f 1528 1530 2916
f 1524 1526 2917
f 1520 1522 2918
f 1516 1518 2919
f 1512 1514 2920
f 1508 1510 2921
f 1504 1506 2922
f 1500 1502 2923
f 1496 1498 2924
f 1492 1494 2925
f 1488 1490 2926
f 1484 1486 2927
f 1480 1482 2928
f 1476 1478 2929
f 1472 1474 2930
f 1468 1470 2931
f 1464 1466 2932
f 1460 1462 2933
f 1456 1458 2934
f 1452 1454 2935
f 1448 1450 2936
f 1444 1446 2937
f 1440 1442 2938
f 1436 1438 2939
f 1432 1434 2940
f 1428 1430 2941
f 1424 1426 2942
f 1420 1422 2943
f 1416 1418 2944
f 1412 1414 2945
f 1408 1410 2946
f 1404 1406 2947
f 1400 1402 2948
f 1396 1398 2949
f 1131 1129 2950
f 1135 1133 2951
f 1139 1137 2952
f 1143 1141 2953
f 1147 1145 2954
f 1151 1149 2955
f 1155 1153 2956
f 1159 1157 2957
f 1163 1161 2958
f 1167 1165 2959
f 1171 1169 2960
f 1175 1173 2961
f 1179 1177 2962
f 1183 1181 2963
f 1187 1185 2964
f 1191 1189 2965
f 1195 1193 2966
f 1199 1197 2967
f 1203 1201 2968
f 1207 1205 2969
f 1211 1209 2970
f 1215 1213 2971
f 1219 1217 2972
f 1223 1221 2973
f 1227 1225 2974
f 1231 1229 2975
f 1235 1233 2976
f 1239 1237 2977
f 1243 1241 2978
f 1247 1245 2979
f 1251 1249 2980
f 1255 1253 2981
f 1259 1257 2982
f 1263 1261 2983
f 1267 1265 2984
f 1271 1269 2985
f 1275 1273 2986
f 1279 1277 2987
f 1283 1281 2988
f 1287 1285 2989
f 1291 1289 2990
f 1295 1293 2991
f 1299 1297 2992
f 1303 1301 2993
f 1307 1305 2994
f 1311 1309 2995
f 1315 1313 2996
f 1319 1317 2997
f 1323 1321 2998
f 1327 1325 2999
f 1331 1329 3000
f 1335 1333 3001
f 1339 1337 3002
f 1343 1341 3003
f 1347 1345 3004
f 1351 1349 3005
f 1355 1353 3006
f 1359 1357 3007
f 1363 1361 3008
f 1367 1365 3009
f 1371 1369 3010
f 1375 1373 3011
f 1379 1377 3012
f 1383 1381 3013
f 875 873 3014
f 879 877 3015
f 883 881 3016
f 887 885 3017
f 891 889 3018
f 895 893 3019
f 899 897 3020
f 903 901 3021
f 907 905 3022
f 911 909 3023
f 915 913 3024
f 919 917 3025
f 923 921 3026
f 927 925 3027
f 931 929 3028
f 935 933 3029
f 947 945 3030
f 951 949 3031
f 955 953 3032
f 959 957 3033
f 979 977 3034
f 983 981 3035
f 3036 3037 3038
f 3039 3040 3041
f 3042 3043 3044
f 3045 3046 3047
f 3048 3049 3050
f 3051 3052 3053
f 3054 3055 3056
f 3057 3058 3059
f 3060 3061 3062
f 3063 3064 3065
f 3066 3067 3068
f 3069 3070 3071
f 3072 3073 3074
f 3075 3076 3077
f 3078 3079 3080
f 3081 3082 3083
f 3084 3085 3086
f 3087 3088 3089
f 3090 3091 3092
f 3093 3094 3095
f 3096 3097 3098
f 3099 3100 3101
f 3102 3103 3104
f 3105 3106 3107
f 3108 3109 3110
f 3111 3112 3113
f 3114 3115 3116
f 3117 3118 3119
f 3120 3121 3122
f 3123 3124 3125
f 3126 3127 3128
f 3129 3130 3131
f 3132 3133 3134
f 3135 3136 3137
f 3138 3139 3140
f 3141 3142 3143
f 3144 3145 3146
f 3147 3148 3149
f 3150 3151 3152
f 3153 3154 3155
f 3156 3157 3158
f 3159 3160 3161
f 3162 3163 3164
f 3165 3166 3167
f 3168 3169 3170
f 3171 3172 3173
f 3174 3175 3176
f 3177 3178 3179
f 3180 3181 3182
f 3183 3184 3185
f 3186 3187 3188
f 3189 3190 3191
f 3192 3193 3194
f 3195 3196 3197
f 3198 3199 3200
f 3201 3202 3203
f 3204 3205 3206
f 3207 3208 3209
f 3210 3211 3212
f 3213 3214 3215
f 3216 3217 3218
f 3219 3220 3221
f 3222 3223 3224
f 3225 3226 3227
f 3228 3229 3230
f 3231 3232 3233
f 3234 3235 3236
f 3237 3238 3239
f 3240 3241 3242
f 3243 3244 3245
f 3245 3244 3246
f 3245 3246 3247
f 3247 3246 3248
f 3247 3248 3249
f 3250 1648 3251
f 3251 1648 3252
f 3251 3252 3253
f 3253 3252 3254
f 3253 3254 3255
f 3255 3254 3256
f 3255 3256 3257
f 3257 3256 3258
f 3257 3258 3259
f 3260 3261 3262
f 3263 3260 3264
f 3242 3241 3265
f 3239 3238 3266
f 3266 3238 3267
f 3266 3267 3268
f 3236 3235 3269
f 3233 3232 3270
f 3270 3232 3271
f 3270 3271 3272
f 3272 3271 3273
f 3272 3273 3274
f 3274 3273 3275
f 3274 3275 3276
f 3230 3229 3277
f 3227 3226 3278
f 3224 3223 3279
f 3221 3220 3280
f 3218 3217 3281
f 3215 3214 3282
f 3212 3211 3283
f 3209 3208 3284
f 3206 3205 3285
f 3203 3202 3286
f 3200 3199 3287
f 3197 3196 3288
f 3194 3193 3289
f 3191 3190 3290
f 3188 3187 3291
f 3185 3184 3292
f 3182 3181 3293
f 3179 3178 3294
f 3176 3175 3295
f 3173 3172 3296
f 3170 3169 3297
f 3167 3166 3298
f 3164 3163 3299
f 3161 3160 3300
f 3158 3157 3301
f 3155 3154 3302
f 3152 3151 3303
f 3149 3148 3304
f 3146 3145 3305
f 3143 3142 3306
f 3140 3139 3307
f 3137 3136 3308
f 3134 3133 3309
f 3131 3130 3310
f 3128 3127 3311
f 3125 3124 3312
f 3122 3121 3313
f 3119 3118 3314
f 3116 3115 3315
f 3113 3112 3316
f 3110 3109 3317
f 3107 3106 3318
f 3104 3103 3319
f 3101 3100 3320
f 3098 3097 3321
f 3095 3094 3322
f 3092 3091 3323
f 3089 3088 3324
f 3086 3085 3325
f 3083 3082 3326
f 3080 3079 3327
f 3077 3076 3328
f 3074 3073 3329
f 3071 3070 3330
f 3068 3067 3331
f 3065 3064 3332
f 3062 3061 3333
f 3059 3058 3334
f 3056 3055 3335
f 3053 3052 3336
f 3050 3049 3337
f 3338 3339 3035
f 3044 3043 3340
f 3041 3040 3341
f 3038 3037 3342
f 3249 3248 3259
f 3259 3248 3343
f 3259 3343 3257
f 3257 3343 3344
f 3257 3344 3255
f 3255 3344 3345
f 3255 3345 3253
f 3253 3345 3346
f 3253 3346 3251
f 3251 3346 3347
f 3251 3347 3250
f 3250 3347 3348
f 3250 3348 3349
f 3260 3262 3264
f 3264 3262 105
f 3264 105 13
f 13 11 3264
f 3264 11 3240
f 3264 3240 3263
f 3263 3240 3242
f 11 16 3240
f 3240 16 15
f 3240 15 3241
f 3241 15 7
f 7 19 3241
f 3241 19 3237
f 3241 3237 3265
f 3265 3237 3239
f 21 3267 23
f 23 3267 3238
f 23 3238 24
f 24 3238 3237
f 24 3237 18
f 18 3237 19
f 21 20 3267
f 3267 20 3234
f 3267 3234 3268
f 3268 3234 3236
f 32 3235 26
f 26 3235 3234
f 26 3234 27
f 27 3234 20
f 32 31 3235
f 3235 31 3231
f 3235 3231 3269
f 3269 3231 3233
f 31 29 3231
f 3231 29 28
f 3231 28 3232
f 3232 28 34
f 3232 34 3271
f 3271 34 41
f 3271 41 3273
f 37 3275 38
f 38 3275 3273
f 38 3273 40
f 40 3273 41
f 37 42 3275
f 3275 42 3228
f 3275 3228 3276
f 3276 3228 3230
f 47 3229 45
f 45 3229 3228
f 45 3228 44
f 44 3228 42
f 47 48 3229
f 3229 48 3225
f 3229 3225 3277
f 3277 3225 3227
f 53 3226 52
f 52 3226 3225
f 52 3225 50
f 50 3225 48
f 3226 53 3222
f 3226 3222 3278
f 3278 3222 3224
f 63 3223 57
f 57 3223 3222
f 57 3222 55
f 55 3222 53
f 63 62 3223
f 3223 62 3219
f 3223 3219 3279
f 3279 3219 3221
f 68 3220 60
f 60 3220 3219
f 60 3219 61
f 61 3219 62
f 68 67 3220
f 3220 67 3216
f 3220 3216 3280
f 3280 3216 3218
f 70 3217 71
f 71 3217 3216
f 71 3216 65
f 65 3216 67
f 70 76 3217
f 3217 76 3213
f 3217 3213 3281
f 3281 3213 3215
f 72 3214 73
f 73 3214 3213
f 73 3213 75
f 75 3213 76
f 72 77 3214
f 3214 77 3210
f 3214 3210 3282
f 3282 3210 3212
f 82 3211 80
f 80 3211 3210
f 80 3210 79
f 79 3210 77
f 82 83 3211
f 3211 83 3207
f 3211 3207 3283
f 3283 3207 3209
f 88 3208 87
f 87 3208 3207
f 87 3207 85
f 85 3207 83
f 88 90 3208
f 3208 90 3204
f 3208 3204 3284
f 3284 3204 3206
f 99 3205 93
f 93 3205 3204
f 93 3204 91
f 91 3204 90
f 99 98 3205
f 3205 98 3201
f 3205 3201 3285
f 3285 3201 3203
f 104 3202 96
f 96 3202 3201
f 96 3201 97
f 97 3201 98
f 104 103 3202
f 3202 103 3198
f 3202 3198 3286
f 3286 3198 3200
f 107 3199 108
f 108 3199 3198
f 108 3198 101
f 101 3198 103
f 107 5 3199
f 3199 5 3195
f 3199 3195 3287
f 3287 3195 3197
f 145 3196 146
f 146 3196 3195
f 146 3195 4
f 4 3195 5
f 145 143 3196
f 3196 143 3192
f 3196 3192 3288
f 3288 3192 3194
f 137 3193 139
f 139 3193 3192
f 139 3192 141
f 141 3192 143
f 137 136 3193
f 3193 136 3189
f 3193 3189 3289
f 3289 3189 3191
f 130 3190 132
f 132 3190 3189
f 132 3189 134
f 134 3189 136
f 130 128 3190
f 3190 128 3186
f 3190 3186 3290
f 3290 3186 3188
f 122 3187 124
f 124 3187 3186
f 124 3186 126
f 126 3186 128
f 122 120 3187
f 3187 120 3183
f 3187 3183 3291
f 3291 3183 3185
f 114 3184 116
f 116 3184 3183
f 116 3183 118
f 118 3183 120
f 114 112 3184
f 3184 112 3180
f 3184 3180 3292
f 3292 3180 3182
f 148 3181 149
f 149 3181 3180
f 149 3180 110
f 110 3180 112
f 148 359 3181
f 3181 359 3177
f 3181 3177 3293
f 3293 3177 3179
f 354 3178 356
f 356 3178 3177
f 356 3177 358
f 358 3177 359
f 354 352 3178
f 3178 352 3174
f 3178 3174 3294
f 3294 3174 3176
f 346 3175 348
f 348 3175 3174
f 348 3174 350
f 350 3174 352
f 346 344 3175
f 3175 344 3171
f 3175 3171 3295
f 3295 3171 3173
f 338 3172 340
f 340 3172 3171
f 340 3171 342
f 342 3171 344
f 338 337 3172
f 3172 337 3168
f 3172 3168 3296
f 3296 3168 3170
f 331 3169 333
f 333 3169 3168
f 333 3168 335
f 335 3168 337
f 331 329 3169
f 3169 329 3165
f 3169 3165 3297
f 3297 3165 3167
f 323 3166 325
f 325 3166 3165
f 325 3165 327
f 327 3165 329
f 323 321 3166
f 3166 321 3162
f 3166 3162 3298
f 3298 3162 3164
f 315 3163 317
f 317 3163 3162
f 317 3162 319
f 319 3162 321
f 315 313 3163
f 3163 313 3159
f 3163 3159 3299
f 3299 3159 3161
f 307 3160 309
f 309 3160 3159
f 309 3159 311
f 311 3159 313
f 307 305 3160
f 3160 305 3156
f 3160 3156 3300
f 3300 3156 3158
f 299 3157 301
f 301 3157 3156
f 301 3156 303
f 303 3156 305
f 299 297 3157
f 3157 297 3153
f 3157 3153 3301
f 3301 3153 3155
f 291 3154 293
f 293 3154 3153
f 293 3153 295
f 295 3153 297
f 291 289 3154
f 3154 289 3150
f 3154 3150 3302
f 3302 3150 3152
f 283 3151 285
f 285 3151 3150
f 285 3150 287
f 287 3150 289
f 283 281 3151
f 3151 281 3147
f 3151 3147 3303
f 3303 3147 3149
f 275 3148 277
f 277 3148 3147
f 277 3147 279
f 279 3147 281
f 275 273 3148
f 3148 273 3144
f 3148 3144 3304
f 3304 3144 3146
f 267 3145 269
f 269 3145 3144
f 269 3144 271
f 271 3144 273
f 267 265 3145
f 3145 265 3141
f 3145 3141 3305
f 3305 3141 3143
f 259 3142 261
f 261 3142 3141
f 261 3141 263
f 263 3141 265
f 259 257 3142
f 3142 257 3138
f 3142 3138 3306
f 3306 3138 3140
f 251 3139 253
f 253 3139 3138
f 253 3138 255
f 255 3138 257
f 251 249 3139
f 3139 249 3135
f 3139 3135 3307
f 3307 3135 3137
f 243 3136 245
f 245 3136 3135
f 245 3135 247
f 247 3135 249
f 243 241 3136
f 3136 241 3132
f 3136 3132 3308
f 3308 3132 3134
f 235 3133 237
f 237 3133 3132
f 237 3132 239
f 239 3132 241
f 235 233 3133
f 3133 233 3129
f 3133 3129 3309
f 3309 3129 3131
f 227 3130 229
f 229 3130 3129
f 229 3129 231
f 231 3129 233
f 227 225 3130
f 3130 225 3126
f 3130 3126 3310
f 3310 3126 3128
f 219 3127 221
f 221 3127 3126
f 221 3126 223
f 223 3126 225
f 219 217 3127
f 3127 217 3123
f 3127 3123 3311
f 3311 3123 3125
f 211 3124 213
f 213 3124 3123
f 213 3123 215
f 215 3123 217
f 211 209 3124
f 3124 209 3120
f 3124 3120 3312
f 3312 3120 3122
f 203 3121 205
f 205 3121 3120
f 205 3120 207
f 207 3120 209
f 203 201 3121
f 3121 201 3117
f 3121 3117 3313
f 3313 3117 3119
f 195 3118 197
f 197 3118 3117
f 197 3117 199
f 199 3117 201
f 195 193 3118
f 3118 193 3114
f 3118 3114 3314
f 3314 3114 3116
f 187 3115 189
f 189 3115 3114
f 189 3114 191
f 191 3114 193
f 187 185 3115
f 3115 185 3111
f 3115 3111 3315
f 3315 3111 3113
f 179 3112 181
f 181 3112 3111
f 181 3111 183
f 183 3111 185
f 179 177 3112
f 3112 177 3108
f 3112 3108 3316
f 3316 3108 3110
f 171 3109 173
f 173 3109 3108
f 173 3108 175
f 175 3108 177
f 171 169 3109
f 3109 169 3105
f 3109 3105 3317
f 3317 3105 3107
f 163 3106 165
f 165 3106 3105
f 165 3105 167
f 167 3105 169
f 163 161 3106
f 3106 161 3102
f 3106 3102 3318
f 3318 3102 3104
f 155 3103 157
f 157 3103 3102
f 157 3102 159
f 159 3102 161
f 155 153 3103
f 3103 153 3099
f 3103 3099 3319
f 3319 3099 3101
f 613 3100 615
f 615 3100 3099
f 615 3099 151
f 151 3099 153
f 613 611 3100
f 3100 611 3096
f 3100 3096 3320
f 3320 3096 3098
f 605 3097 607
f 607 3097 3096
f 607 3096 609
f 609 3096 611
f 605 603 3097
f 3097 603 3093
f 3097 3093 3321
f 3321 3093 3095
f 597 3094 599
f 599 3094 3093
f 599 3093 601
f 601 3093 603
f 597 595 3094
f 3094 595 3090
f 3094 3090 3322
f 3322 3090 3092
f 589 3091 591
f 591 3091 3090
f 591 3090 593
f 593 3090 595
f 589 587 3091
f 3091 587 3087
f 3091 3087 3323
f 3323 3087 3089
f 581 3088 583
f 583 3088 3087
f 583 3087 585
f 585 3087 587
f 581 579 3088
f 3088 579 3084
f 3088 3084 3324
f 3324 3084 3086
f 573 3085 575
f 575 3085 3084
f 575 3084 577
f 577 3084 579
f 573 571 3085
f 3085 571 3081
f 3085 3081 3325
f 3325 3081 3083
f 565 3082 567
f 567 3082 3081
f 567 3081 569
f 569 3081 571
f 565 563 3082
f 3082 563 3078
f 3082 3078 3326
f 3326 3078 3080
f 557 3079 559
f 559 3079 3078
f 559 3078 561
f 561 3078 563
f 557 555 3079
f 3079 555 3075
f 3079 3075 3327
f 3327 3075 3077
f 549 3076 551
f 551 3076 3075
f 551 3075 553
f 553 3075 555
f 549 547 3076
f 3076 547 3072
f 3076 3072 3328
f 3328 3072 3074
f 541 3073 543
f 543 3073 3072
f 543 3072 545
f 545 3072 547
f 541 539 3073
f 3073 539 3069
f 3073 3069 3329
f 3329 3069 3071
f 533 3070 535
f 535 3070 3069
f 535 3069 537
f 537 3069 539
f 533 531 3070
f 3070 531 3066
f 3070 3066 3330
f 3330 3066 3068
f 525 3067 527
f 527 3067 3066
f 527 3066 529
f 529 3066 531
f 525 523 3067
f 3067 523 3063
f 3067 3063 3331
f 3331 3063 3065
f 517 3064 519
f 519 3064 3063
f 519 3063 521
f 521 3063 523
f 517 515 3064
f 3064 515 3060
f 3064 3060 3332
f 3332 3060 3062
f 509 3061 511
f 511 3061 3060
f 511 3060 513
f 513 3060 515
f 509 507 3061
f 3061 507 3057
f 3061 3057 3333
f 3333 3057 3059
f 501 3058 503
f 503 3058 3057
f 503 3057 505
f 505 3057 507
f 501 499 3058
f 3058 499 3054
f 3058 3054 3334
f 3334 3054 3056
f 493 3055 495
f 495 3055 3054
f 495 3054 497
f 497 3054 499
f 493 491 3055
f 3055 491 3051
f 3055 3051 3335
f 3335 3051 3053
f 485 3052 487
f 487 3052 3051
f 487 3051 489
f 489 3051 491
f 485 483 3052
f 3052 483 3048
f 3052 3048 3336
f 3336 3048 3050
f 477 3049 479
f 479 3049 3048
f 479 3048 481
f 481 3048 483
f 477 475 3049
f 3049 475 3045
f 3049 3045 3337
f 3337 3045 3047
f 475 473 3045
f 3045 473 471
f 3045 471 3046
f 471 469 3046
f 3046 469 467
f 3046 467 3350
f 467 465 3350
f 3350 465 463
f 3350 463 3351
f 463 461 3351
f 3351 461 459
f 3351 459 3352
f 459 457 3352
f 3352 457 455
f 3352 455 3353
f 455 453 3353
f 3353 453 451
f 3353 451 3354
f 451 449 3354
f 3354 449 447
f 3354 447 3355
f 447 445 3355
f 3355 445 443
f 3355 443 3356
f 443 441 3356
f 3356 441 439
f 3356 439 3357
f 439 437 3357
f 3357 437 435
f 3357 435 3358
f 435 433 3358
f 3358 433 431
f 3358 431 3359
f 431 429 3359
f 3359 429 427
f 3359 427 3360
f 427 425 3360
f 3360 425 423
f 3360 423 3361
f 423 421 3361
f 3361 421 419
f 3361 419 3362
f 419 417 3362
f 3362 417 415
f 3362 415 3363
f 415 413 3363
f 3363 413 411
f 3363 411 3364
f 411 409 3364
f 3364 409 407
f 3364 407 3365
f 407 405 3365
f 3365 405 403
f 3365 403 3366
f 403 401 3366
f 3366 401 399
f 3366 399 3367
f 399 397 3367
f 3367 397 395
f 3367 395 3368
f 395 393 3368
f 3368 393 391
f 3368 391 3369
f 391 389 3369
f 3369 389 387
f 3369 387 3370
f 387 385 3370
f 3370 385 383
f 3370 383 3371
f 383 381 3371
f 3371 381 379
f 3371 379 3372
f 379 377 3372
f 3372 377 375
f 3372 375 3373
f 375 373 3373
f 3373 373 371
f 3373 371 3374
f 371 369 3374
f 3374 369 367
f 3374 367 3375
f 367 365 3375
f 3375 365 363
f 3375 363 3376
f 363 361 3376
f 3376 361 871
f 3376 871 3377
f 871 869 3377
f 3377 869 867
f 3377 867 3378
f 867 865 3378
f 3378 865 863
f 3378 863 3379
f 863 861 3379
f 3379 861 859
f 3379 859 3380
f 859 857 3380
f 3380 857 855
f 3380 855 3381
f 855 853 3381
f 3381 853 851
f 3381 851 3382
f 851 849 3382
f 3382 849 847
f 3382 847 3383
f 847 845 3383
f 3383 845 843
f 3383 843 3384
f 843 841 3384
f 3384 841 839
f 3384 839 3385
f 839 837 3385
f 3385 837 835
f 3385 835 3386
f 835 833 3386
f 3386 833 831
f 3386 831 3387
f 831 829 3387
f 3387 829 827
f 3387 827 3388
f 827 825 3388
f 3388 825 823
f 3388 823 3389
f 823 821 3389
f 3389 821 819
f 3389 819 3390
f 819 817 3390
f 3390 817 815
f 3390 815 3391
f 815 813 3391
f 3391 813 811
f 3391 811 3392
f 811 809 3392
f 3392 809 807
f 3392 807 3393
f 807 805 3393
f 3393 805 803
f 3393 803 3394
f 803 801 3394
f 3394 801 799
f 3394 799 3395
f 799 797 3395
f 3395 797 795
f 3395 795 3396
f 795 793 3396
f 3396 793 791
f 3396 791 3397
f 791 789 3397
f 3397 789 787
f 3397 787 3398
f 787 785 3398
f 3398 785 783
f 3398 783 3399
f 783 781 3399
f 3399 781 779
f 3399 779 3400
f 779 777 3400
f 3400 777 775
f 3400 775 3401
f 775 773 3401
f 3401 773 771
f 3401 771 3402
f 771 769 3402
f 3402 769 767
f 3402 767 3403
f 767 765 3403
f 3403 765 763
f 3403 763 3404
f 763 761 3404
f 3404 761 759
f 3404 759 3405
f 759 757 3405
f 3405 757 755
f 3405 755 3406
f 755 753 3406
f 3406 753 751
f 3406 751 3407
f 751 749 3407
f 3407 749 747
f 3407 747 3408
f 747 745 3408
f 3408 745 743
f 3408 743 3409
f 743 741 3409
f 3409 741 739
f 3409 739 3410
f 739 737 3410
f 3410 737 735
f 3410 735 3411
f 735 733 3411
f 3411 733 731
f 3411 731 3412
f 731 729 3412
f 3412 729 727
f 3412 727 3413
f 727 725 3413
f 3413 725 723
f 3413 723 3414
f 723 721 3414
f 3414 721 719
f 3414 719 3415
f 719 717 3415
f 3415 717 715
f 3415 715 3416
f 715 713 3416
f 3416 713 711
f 3416 711 3417
f 711 709 3417
f 3417 709 707
f 3417 707 3418
f 707 705 3418
f 3418 705 703
f 3418 703 3419
f 703 701 3419
f 3419 701 699
f 3419 699 3420
f 699 697 3420
f 3420 697 695
f 3420 695 3421
f 695 693 3421
f 3421 693 691
f 3421 691 3422
f 691 689 3422
f 3422 689 687
f 3422 687 3423
f 687 685 3423
f 3423 685 683
f 3423 683 3424
f 683 681 3424
f 3424 681 679
f 3424 679 3425
f 679 677 3425
f 3425 677 675
f 3425 675 3426
f 675 673 3426
f 3426 673 671
f 3426 671 3427
f 671 669 3427
f 3427 669 667
f 3427 667 3428
f 667 665 3428
f 3428 665 663
f 3428 663 3429
f 663 661 3429
f 3429 661 659
f 3429 659 3430
f 659 657 3430
f 3430 657 655
f 3430 655 3431
f 655 653 3431
f 3431 653 651
f 3431 651 3432
f 651 649 3432
f 3432 649 647
f 3432 647 3433
f 647 645 3433
f 3433 645 643
f 3433 643 3434
f 643 641 3434
f 3434 641 639
f 3434 639 3435
f 639 637 3435
f 3435 637 635
f 3435 635 3436
f 635 633 3436
f 3436 633 631
f 3436 631 3437
f 631 629 3437
f 3437 629 627
f 3437 627 3438
f 627 625 3438
f 3438 625 623
f 3438 623 3439
f 623 621 3439
f 3439 621 619
f 3439 619 3440
f 619 617 3440
f 3440 617 1127
f 3440 1127 3441
f 1127 1125 3441
f 3441 1125 1123
f 3441 1123 3442
f 1123 1121 3442
f 3442 1121 1119
f 3442 1119 3443
f 1119 1117 3443
f 3443 1117 1115
f 3443 1115 3444
f 1115 1113 3444
f 3444 1113 1111
f 3444 1111 3445
f 1111 1109 3445
f 3445 1109 1107
f 3445 1107 3446
f 1107 1105 3446
f 3446 1105 1103
f 3446 1103 3447
f 1103 1101 3447
f 3447 1101 1099
f 3447 1099 3448
f 1099 1097 3448
f 3448 1097 1095
f 3448 1095 3449
f 1095 1093 3449
f 3449 1093 1091
f 3449 1091 3450
f 1091 1089 3450
f 3450 1089 1087
f 3450 1087 3451
f 1087 1085 3451
f 3451 1085 1083
f 3451 1083 3452
f 1083 1081 3452
f 3452 1081 1079
f 3452 1079 3453
f 1079 1077 3453
f 3453 1077 1075
f 3453 1075 3454
f 1075 1073 3454
f 3454 1073 1071
f 3454 1071 3455
f 1071 1069 3455
f 3455 1069 1067
f 3455 1067 3456
f 1067 1065 3456
f 3456 1065 1063
f 3456 1063 3457
f 1063 1061 3457
f 3457 1061 1059
f 3457 1059 3458
f 1059 1057 3458
f 3458 1057 1055
f 3458 1055 3459
f 1055 1053 3459
f 3459 1053 1051
f 3459 1051 3460
f 1051 1049 3460
f 3460 1049 1047
f 3460 1047 3461
f 1047 1045 3461
f 3461 1045 1043
f 3461 1043 3462
f 1043 1041 3462
f 3462 1041 1039
f 3462 1039 3463
f 1039 1037 3463
f 3463 1037 1035
f 3463 1035 3464
f 1035 1033 3464
f 3464 1033 1031
f 3464 1031 3465
f 1031 1029 3465
f 3465 1029 1027
f 3465 1027 3466
f 1027 1025 3466
f 3466 1025 1023
f 3466 1023 3467
f 1023 1021 3467
f 3467 1021 1019
f 3467 1019 3468
f 1019 1017 3468
f 3468 1017 1015
f 3468 1015 3469
f 1015 1013 3469
f 3469 1013 1011
f 3469 1011 3470
f 1011 1009 3470
f 3470 1009 1007
f 3470 1007 3471
f 1007 1005 3471
f 3471 1005 1003
f 3471 1003 3472
f 1003 1001 3472
f 3472 1001 999
f 3472 999 3473
f 999 997 3473
f 3473 997 995
f 3473 995 3474
f 995 993 3474
f 3474 993 991
f 3474 991 3475
f 991 989 3475
f 3475 989 987
f 3475 987 3476
f 3476 987 985
f 3476 985 983
f 3047 3046 3477
f 3477 3046 3350
f 3477 3350 3478
f 3478 3350 3351
f 3478 3351 3479
f 3479 3351 3352
f 3479 3352 3480
f 3480 3352 3353
f 3480 3353 3481
f 3481 3353 3354
f 3481 3354 3482
f 3482 3354 3355
f 3482 3355 3483
f 3483 3355 3356
f 3483 3356 3484
f 3484 3356 3357
f 3484 3357 3485
f 3485 3357 3358
f 3485 3358 3486
f 3486 3358 3359
f 3486 3359 3487
f 3487 3359 3360
f 3487 3360 3488
f 3488 3360 3361
f 3488 3361 3489
f 3489 3361 3362
f 3489 3362 3490
f 3490 3362 3363
f 3490 3363 3491
f 3491 3363 3364
f 3491 3364 3492
f 3492 3364 3365
f 3492 3365 3493
f 3493 3365 3366
f 3493 3366 3494
f 3494 3366 3367
f 3494 3367 3495
f 3495 3367 3368
f 3495 3368 3496
f 3496 3368 3369
f 3496 3369 3497
f 3497 3369 3370
f 3497 3370 3498
f 3498 3370 3371
f 3498 3371 3499
f 3499 3371 3372
f 3499 3372 3500
f 3500 3372 3373
f 3500 3373 3501
f 3501 3373 3374
f 3501 3374 3502
f 3502 3374 3375
f 3502 3375 3503
f 3503 3375 3376
f 3503 3376 3504
f 3504 3376 3377
f 3504 3377 3505
f 3505 3377 3378
f 3505 3378 3506
f 3506 3378 3379
f 3506 3379 3507
f 3507 3379 3380
f 3507 3380 3508
f 3508 3380 3381
f 3508 3381 3509
f 3509 3381 3382
f 3509 3382 3510
f 3510 3382 3383
f 3510 3383 3511
f 3511 3383 3384
f 3511 3384 3512
f 3512 3384 3385
f 3512 3385 3513
f 3513 3385 3386
f 3513 3386 3514
f 3514 3386 3387
f 3514 3387 3515
f 3515 3387 3388
f 3515 3388 3516
f 3516 3388 3389
f 3516 3389 3517
f 3517 3389 3390
f 3517 3390 3518
f 3518 3390 3391
f 3518 3391 3519
f 3519 3391 3392
f 3519 3392 3520
f 3520 3392 3393
f 3520 3393 3521
f 3521 3393 3394
f 3521 3394 3522
f 3522 3394 3395
f 3522 3395 3523
f 3523 3395 3396
f 3523 3396 3524
f 3524 3396 3397
f 3524 3397 3525
f 3525 3397 3398
f 3525 3398 3526
f 3526 3398 3399
f 3526 3399 3527
f 3527 3399 3400
f 3527 3400 3528
f 3528 3400 3401
f 3528 3401 3529
f 3529 3401 3402
f 3529 3402 3530
f 3530 3402 3403
f 3530 3403 3531
f 3531 3403 3404
f 3531 3404 3532
f 3532 3404 3405
f 3532 3405 3533
f 3533 3405 3406
f 3533 3406 3534
f 3534 3406 3407
f 3534 3407 3535
f 3535 3407 3408
f 3535 3408 3536
f 3536 3408 3409
f 3536 3409 3537
f 3537 3409 3410
f 3537 3410 3538
f 3538 3410 3411
f 3538 3411 3539
f 3539 3411 3412
f 3539 3412 3540
f 3540 3412 3413
f 3540 3413 3541
f 3541 3413 3414
f 3541 3414 3542
f 3542 3414 3415
f 3542 3415 3543
f 3543 3415 3416
f 3543 3416 3544
f 3544 3416 3417
f 3544 3417 3545
f 3545 3417 3418
f 3545 3418 3546
f 3546 3418 3419
f 3546 3419 3547
f 3547 3419 3420
f 3547 3420 3548
f 3548 3420 3421
f 3548 3421 3549
f 3549 3421 3422
f 3549 3422 3550
f 3550 3422 3423
f 3550 3423 3551
f 3551 3423 3424
f 3551 3424 3552
f 3552 3424 3425
f 3552 3425 3553
f 3553 3425 3426
f 3553 3426 3554
f 3554 3426 3427
f 3554 3427 3555
f 3555 3427 3428
f 3555 3428 3556
f 3556 3428 3429
f 3556 3429 3557
f 3557 3429 3430
f 3557 3430 3558
f 3558 3430 3431
f 3558 3431 3559
f 3559 3431 3432
f 3559 3432 3560
f 3560 3432 3433
f 3560 3433 3561
f 3561 3433 3434
f 3561 3434 3562
f 3562 3434 3435
f 3562 3435 3563
f 3563 3435 3436
f 3563 3436 3564
f 3564 3436 3437
f 3564 3437 3565
f 3565 3437 3438
f 3565 3438 3566
f 3566 3438 3439
f 3566 3439 3567
f 3567 3439 3440
f 3567 3440 3568
f 3568 3440 3441
f 3568 3441 3569
f 3569 3441 3442
f 3569 3442 3570
f 3570 3442 3443
f 3570 3443 3571
f 3571 3443 3444
f 3571 3444 3572
f 3572 3444 3445
f 3572 3445 3573
f 3573 3445 3446
f 3573 3446 3574
f 3574 3446 3447
f 3574 3447 3575
f 3575 3447 3448
f 3575 3448 3576
f 3576 3448 3449
f 3576 3449 3577
f 3577 3449 3450
f 3577 3450 3578
f 3578 3450 3451
f 3578 3451 3579
f 3579 3451 3452
f 3579 3452 3580
f 3580 3452 3453
f 3580 3453 3581
f 3581 3453 3454
f 3581 3454 3582
f 3582 3454 3455
f 3582 3455 3583
f 3583 3455 3456
f 3583 3456 3584
f 3584 3456 3457
f 3584 3457 3585
f 3585 3457 3458
f 3585 3458 3586
f 3586 3458 3459
f 3586 3459 3587
f 3587 3459 3460
f 3587 3460 3588
f 3588 3460 3461
f 3588 3461 3589
f 3589 3461 3462
f 3589 3462 3590
f 3590 3462 3463
f 3590 3463 3591
f 3591 3463 3464
f 3591 3464 3592
f 3592 3464 3465
f 3592 3465 3593
f 3593 3465 3466
f 3593 3466 3594
f 3594 3466 3467
f 3594 3467 3595
f 3595 3467 3468
f 3595 3468 3596
f 3596 3468 3469
f 3596 3469 3597
f 3597 3469 3470
f 3597 3470 3598
f 3598 3470 3471
f 3598 3471 3599
f 3599 3471 3472
f 3599 3472 3600
f 3600 3472 3473
f 3600 3473 3601
f 3601 3473 3474
f 3601 3474 3602
f 3602 3474 3475
f 3602 3475 3339
f 3339 3475 3476
f 3339 3476 3035
f 3035 3476 983
f 981 979 3035
f 3035 979 3034
f 3035 3034 3338
f 3338 3034 3603
f 977 975 3034
f 3034 975 3042
f 3034 3042 3603
f 3603 3042 3044
f 969 3043 971
f 971 3043 3042
f 971 3042 973
f 973 3042 975
f 969 967 3043
f 3043 967 3039
f 3043 3039 3340
f 3340 3039 3041
f 961 3040 963
f 963 3040 3039
f 963 3039 965
f 965 3039 967
f 961 959 3040
f 3040 959 3033
f 3040 3033 3341
f 3341 3033 3604
f 957 955 3033
f 3033 955 3032
f 3033 3032 3604
f 3604 3032 3605
f 953 951 3032
f 3032 951 3031
f 3032 3031 3605
f 3605 3031 3606
f 949 947 3031
f 3031 947 3030
f 3031 3030 3606
f 3606 3030 3607
f 945 943 3030
f 3030 943 3036
f 3030 3036 3607
f 3607 3036 3038
f 937 3037 939
f 939 3037 3036
f 939 3036 941
f 941 3036 943
f 937 935 3037
f 3037 935 3029
f 3037 3029 3342
f 3342 3029 3608
f 933 931 3029
f 3029 931 3028
f 3029 3028 3608
f 3608 3028 3609
f 929 927 3028
f 3028 927 3027
f 3028 3027 3609
f 3609 3027 3610
f 925 923 3027
f 3027 923 3026
f 3027 3026 3610
f 3610 3026 3611
f 921 919 3026
f 3026 919 3025
f 3026 3025 3611
f 3611 3025 3612
f 917 915 3025
f 3025 915 3024
f 3025 3024 3612
f 3612 3024 3613
f 913 911 3024
f 3024 911 3023
f 3024 3023 3613
f 3613 3023 3614
f 909 907 3023
f 3023 907 3022
f 3023 3022 3614
f 3614 3022 3615
f 905 903 3022
f 3022 903 3021
f 3022 3021 3615
f 3615 3021 3616
f 901 899 3021
f 3021 899 3020
f 3021 3020 3616
f 3616 3020 3617
f 897 895 3020
f 3020 895 3019
f 3020 3019 3617
f 3617 3019 3618
f 893 891 3019
f 3019 891 3018
f 3019 3018 3618
f 3618 3018 3619
f 889 887 3018
f 3018 887 3017
f 3018 3017 3619
f 3619 3017 3620
f 885 883 3017
f 3017 883 3016
f 3017 3016 3620
f 3620 3016 3621
f 881 879 3016
f 3016 879 3015
f 3016 3015 3621
f 3621 3015 3622
f 877 875 3015
f 3015 875 3014
f 3015 3014 3622
f 3622 3014 3623
f 873 1383 3014
f 3014 1383 3013
f 3014 3013 3623
f 3623 3013 3624
f 1381 1379 3013
f 3013 1379 3012
f 3013 3012 3624
f 3624 3012 3625
f 1377 1375 3012
f 3012 1375 3011
f 3012 3011 3625
f 3625 3011 3626
f 1373 1371 3011
f 3011 1371 3010
f 3011 3010 3626
f 3626 3010 3627
f 1369 1367 3010
f 3010 1367 3009
f 3010 3009 3627
f 3627 3009 3628
f 1365 1363 3009
f 3009 1363 3008
f 3009 3008 3628
f 3628 3008 3629
f 1361 1359 3008
f 3008 1359 3007
f 3008 3007 3629
f 3629 3007 3630
f 1357 1355 3007
f 3007 1355 3006
f 3007 3006 3630
f 3630 3006 3631
f 1353 1351 3006
f 3006 1351 3005
f 3006 3005 3631
f 3631 3005 3632
f 1349 1347 3005
f 3005 1347 3004
f 3005 3004 3632
f 3632 3004 3633
f 1345 1343 3004
f 3004 1343 3003
f 3004 3003 3633
f 3633 3003 3634
f 1341 1339 3003
f 3003 1339 3002
f 3003 3002 3634
f 3634 3002 3635
f 1337 1335 3002
f 3002 1335 3001
f 3002 3001 3635
f 3635 3001 3636
f 1333 1331 3001
f 3001 1331 3000
f 3001 3000 3636
f 3636 3000 3637
f 1329 1327 3000
f 3000 1327 2999
f 3000 2999 3637
f 3637 2999 3638
f 1325 1323 2999
f 2999 1323 2998
f 2999 2998 3638
f 3638 2998 3639
f 1321 1319 2998
f 2998 1319 2997
f 2998 2997 3639
f 3639 2997 3640
f 1317 1315 2997
f 2997 1315 2996
f 2997 2996 3640
f 3640 2996 3641
f 1313 1311 2996
f 2996 1311 2995
f 2996 2995 3641
f 3641 2995 3642
f 1309 1307 2995
f 2995 1307 2994
f 2995 2994 3642
f 3642 2994 3643
f 1305 1303 2994
f 2994 1303 2993
f 2994 2993 3643
f 3643 2993 3644
f 1301 1299 2993
f 2993 1299 2992
f 2993 2992 3644
f 3644 2992 3645
f 1297 1295 2992
f 2992 1295 2991
f 2992 2991 3645
f 3645 2991 3646
f 1293 1291 2991
f 2991 1291 2990
f 2991 2990 3646
f 3646 2990 3647
f 1289 1287 2990
f 2990 1287 2989
f 2990 2989 3647
f 3647 2989 3648
f 1285 1283 2989
f 2989 1283 2988
f 2989 2988 3648
f 3648 2988 3649
f 1281 1279 2988
f 2988 1279 2987
f 2988 2987 3649
f 3649 2987 3650
f 1277 1275 2987
f 2987 1275 2986
f 2987 2986 3650
f 3650 2986 3651
f 1273 1271 2986
f 2986 1271 2985
f 2986 2985 3651
f 3651 2985 3652
f 1269 1267 2985
f 2985 1267 2984
f 2985 2984 3652
f 3652 2984 3653
f 1265 1263 2984
f 2984 1263 2983
f 2984 2983 3653
f 3653 2983 3654
f 1261 1259 2983
f 2983 1259 2982
f 2983 2982 3654
f 3654 2982 3655
f 1257 1255 2982
f 2982 1255 2981
f 2982 2981 3655
f 3655 2981 3656
f 1253 1251 2981
f 2981 1251 2980
f 2981 2980 3656
f 3656 2980 3657
f 1249 1247 2980
f 2980 1247 2979
f 2980 2979 3657
f 3657 2979 3658
f 1245 1243 2979
f 2979 1243 2978
f 2979 2978 3658
f 3658 2978 3659
f 1241 1239 2978
f 2978 1239 2977
f 2978 2977 3659
f 3659 2977 3660
f 1237 1235 2977
f 2977 1235 2976
f 2977 2976 3660
f 3660 2976 3661
f 1233 1231 2976
f 2976 1231 2975
f 2976 2975 3661
f 3661 2975 3662
f 1229 1227 2975
f 2975 1227 2974
f 2975 2974 3662
f 3662 2974 3663
f 1225 1223 2974
f 2974 1223 2973
f 2974 2973 3663
f 3663 2973 3664
f 1221 1219 2973
f 2973 1219 2972
f 2973 2972 3664
f 3664 2972 3665
f 1217 1215 2972
f 2972 1215 2971
f 2972 2971 3665
f 3665 2971 3666
f 1213 1211 2971
f 2971 1211 2970
f 2971 2970 3666
f 3666 2970 3667
f 1209 1207 2970
f 2970 1207 2969
f 2970 2969 3667
f 3667 2969 3668
f 1205 1203 2969
f 2969 1203 2968
f 2969 2968 3668
f 3668 2968 3669
f 1201 1199 2968
f 2968 1199 2967
f 2968 2967 3669
f 3669 2967 3670
f 1197 1195 2967
f 2967 1195 2966
f 2967 2966 3670
f 3670 2966 3671
f 1193 1191 2966
f 2966 1191 2965
f 2966 2965 3671
f 3671 2965 3672
f 1189 1187 2965
f 2965 1187 2964
f 2965 2964 3672
f 3672 2964 3673
f 1185 1183 2964
f 2964 1183 2963
f 2964 2963 3673
f 3673 2963 3674
f 1181 1179 2963
f 2963 1179 2962
f 2963 2962 3674
f 3674 2962 3675
f 1177 1175 2962
f 2962 1175 2961
f 2962 2961 3675
f 3675 2961 3676
f 1173 1171 2961
f 2961 1171 2960
f 2961 2960 3676
f 3676 2960 3677
f 1169 1167 2960
f 2960 1167 2959
f 2960 2959 3677
f 3677 2959 3678
f 1165 1163 2959
f 2959 1163 2958
f 2959 2958 3678
f 3678 2958 3679
f 1161 1159 2958
f 2958 1159 2957
f 2958 2957 3679
f 3679 2957 3680
f 1157 1155 2957
f 2957 1155 2956
f 2957 2956 3680
f 3680 2956 3681
f 1153 1151 2956
f 2956 1151 2955
f 2956 2955 3681
f 3681 2955 3682
f 1149 1147 2955
f 2955 1147 2954
f 2955 2954 3682
f 3682 2954 3683
f 1145 1143 2954
f 2954 1143 2953
f 2954 2953 3683
f 3683 2953 3684
f 1141 1139 2953
f 2953 1139 2952
f 2953 2952 3684
f 3684 2952 3685
f 1137 1135 2952
f 2952 1135 2951
f 2952 2951 3685
f 3685 2951 3686
f 1133 1131 2951
f 2951 1131 2950
f 2951 2950 3686
f 3686 2950 3687
f 1129 1396 2950
f 2950 1396 2949
f 2950 2949 3687
f 3687 2949 3688
f 1398 1400 2949
f 2949 1400 2948
f 2949 2948 3688
f 3688 2948 3689
f 1402 1404 2948
f 2948 1404 2947
f 2948 2947 3689
f 3689 2947 3690
f 1406 1408 2947
f 2947 1408 2946
f 2947 2946 3690
f 3690 2946 3691
f 1410 1412 2946
f 2946 1412 2945
f 2946 2945 3691
f 3691 2945 3692
f 1414 1416 2945
f 2945 1416 2944
f 2945 2944 3692
f 3692 2944 3693
f 1418 1420 2944
f 2944 1420 2943
f 2944 2943 3693
f 3693 2943 3694
f 1422 1424 2943
f 2943 1424 2942
f 2943 2942 3694
f 3694 2942 3695
f 1426 1428 2942
f 2942 1428 2941
f 2942 2941 3695
f 3695 2941 3696
f 1430 1432 2941
f 2941 1432 2940
f 2941 2940 3696
f 3696 2940 3697
f 1434 1436 2940
f 2940 1436 2939
f 2940 2939 3697
f 3697 2939 3698
f 1438 1440 2939
f 2939 1440 2938
f 2939 2938 3698
f 3698 2938 3699
f 1442 1444 2938
f 2938 1444 2937
f 2938 2937 3699
f 3699 2937 3700
f 1446 1448 2937
f 2937 1448 2936
f 2937 2936 3700
f 3700 2936 3701
f 1450 1452 2936
f 2936 1452 2935
f 2936 2935 3701
f 3701 2935 3702
f 1454 1456 2935
f 2935 1456 2934
f 2935 2934 3702
f 3702 2934 3703
f 1458 1460 2934
f 2934 1460 2933
f 2934 2933 3703
f 3703 2933 3704
f 1462 1464 2933
f 2933 1464 2932
f 2933 2932 3704
f 3704 2932 3705
f 1466 1468 2932
f 2932 1468 2931
f 2932 2931 3705
f 3705 2931 3706
f 1470 1472 2931
f 2931 1472 2930
f 2931 2930 3706
f 3706 2930 3707
f 1474 1476 2930
f 2930 1476 2929
f 2930 2929 3707
f 3707 2929 3708
f 1478 1480 2929
f 2929 1480 2928
f 2929 2928 3708
f 3708 2928 3709
f 1482 1484 2928
f 2928 1484 2927
f 2928 2927 3709
f 3709 2927 3710
f 1486 1488 2927
f 2927 1488 2926
f 2927 2926 3710
f 3710 2926 3711
f 1490 1492 2926
f 2926 1492 2925
f 2926 2925 3711
f 3711 2925 3712
f 1494 1496 2925
f 2925 1496 2924
f 2925 2924 3712
f 3712 2924 3713
f 1498 1500 2924
f 2924 1500 2923
f 2924 2923 3713
f 3713 2923 3714
f 1502 1504 2923
f 2923 1504 2922
f 2923 2922 3714
f 3714 2922 3715
f 1506 1508 2922
f 2922 1508 2921
f 2922 2921 3715
f 3715 2921 3716
f 1510 1512 2921
f 2921 1512 2920
f 2921 2920 3716
f 3716 2920 3717
f 1514 1516 2920
f 2920 1516 2919
f 2920 2919 3717
f 3717 2919 3718
f 1518 1520 2919
f 2919 1520 2918
f 2919 2918 3718
f 3718 2918 3719
f 1522 1524 2918
f 2918 1524 2917
f 2918 2917 3719
f 3719 2917 3720
f 1526 1528 2917
f 2917 1528 2916
f 2917 2916 3720
f 3720 2916 3721
f 1530 1532 2916
f 2916 1532 2915
f 2916 2915 3721
f 3721 2915 3722
f 1534 1536 2915
f 2915 1536 2914
f 2915 2914 3722
f 3722 2914 3723
f 1538 1540 2914
f 2914 1540 2913
f 2914 2913 3723
f 3723 2913 3724
f 1542 1544 2913
f 2913 1544 2912
f 2913 2912 3724
f 3724 2912 3725
f 1546 1548 2912
f 2912 1548 2911
f 2912 2911 3725
f 3725 2911 3726
f 1550 1552 2911
f 2911 1552 2910
f 2911 2910 3726
f 3726 2910 3727
f 1554 1556 2910
f 2910 1556 2909
f 2910 2909 3727
f 3727 2909 3728
f 1558 1560 2909
f 2909 1560 2908
f 2909 2908 3728
f 3728 2908 3729
f 1562 1564 2908
f 2908 1564 2907
f 2908 2907 3729
f 3729 2907 3730
f 1566 1568 2907
f 2907 1568 2906
f 2907 2906 3730
f 3730 2906 3731
f 1570 1572 2906
f 2906 1572 2905
f 2906 2905 3731
f 3731 2905 3732
f 1574 1576 2905
f 2905 1576 2904
f 2905 2904 3732
f 3732 2904 3733
f 1578 1580 2904
f 2904 1580 2903
f 2904 2903 3733
f 3733 2903 3734
f 1582 1584 2903
f 2903 1584 2902
f 2903 2902 3734
f 3734 2902 3735
f 1586 1588 2902
f 2902 1588 2901
f 2902 2901 3735
f 3735 2901 3736
f 1590 1592 2901
f 2901 1592 2900
f 2901 2900 3736
f 3736 2900 3737
f 1594 1596 2900
f 2900 1596 2899
f 2900 2899 3737
f 3737 2899 3738
f 1598 1600 2899
f 2899 1600 2898
f 2899 2898 3738
f 3738 2898 3739
f 1602 1604 2898
f 2898 1604 2897
f 2898 2897 3739
f 3739 2897 3740
f 1606 1608 2897
f 2897 1608 2896
f 2897 2896 3740
f 3740 2896 3741
f 1610 1612 2896
f 2896 1612 2895
f 2896 2895 3741
f 3741 2895 3742
f 1614 1616 2895
f 2895 1616 2894
f 2895 2894 3742
f 3742 2894 3743
f 1618 1620 2894
f 2894 1620 2893
f 2894 2893 3743
f 3743 2893 3744
f 1622 1624 2893
f 2893 1624 2892
f 2893 2892 3744
f 3744 2892 3745
f 1626 1628 2892
f 2892 1628 2891
f 2892 2891 3745
f 3745 2891 3746
f 1630 1632 2891
f 2891 1632 2890
f 2891 2890 3746
f 3746 2890 3747
f 1634 1636 2890
f 2890 1636 2889
f 2890 2889 3747
f 3747 2889 3748
f 1638 1640 2889
f 2889 1640 3349
f 2889 3349 3748
f 3748 3349 3348
f 1640 1642 3349
f 3349 1642 1644
f 3349 1644 3250
f 3250 1644 1646
f 3250 1646 1648
f 3749 3750 3751
f 3751 3750 3752
f 3751 3752 3753
f 3753 1721 3751
f 3751 1721 1724
f 3751 1724 1651
f 3754 3248 3755
f 3248 3246 3755
f 3755 3246 3244
f 3755 3244 3243
f 3756 3757 3755
f 3755 3757 3758
f 3758 3759 3755
f 3755 3759 3760
f 3755 3760 3754
f 3761 3755 3762
f 3762 3755 3763
f 3761 3764 3755
f 3755 3764 3765
f 3755 3765 3766
f 3766 3767 3768
f 3768 3767 3769
f 3769 3770 3768
f 3768 3770 3771
f 3768 3771 3772
f 3773 3751 3768
f 3768 3774 3773
f 3773 3774 3775
f 3773 3775 3776
f 3776 3775 3777
f 3778 3779 3780
f 3779 3778 3781
f 3781 3782 3779
f 3779 3782 3783
f 3779 3783 3780
f 3780 3783 3784
f 3785 3786 3787
f 3758 3345 3759
f 3759 3345 3344
f 3759 3344 3760
f 3760 3344 3754
f 3754 3344 3343
f 3754 3343 3248
f 3787 3786 3788
f 3786 3789 3788
f 3788 3789 3790
f 3788 3790 3791
f 3791 3790 3792
f 3791 3792 1655
f 3793 3794 3795
f 3795 3796 3793
f 3793 3796 3797
f 3793 3797 3787
f 3787 3797 3798
f 3787 3798 3785
f 3799 3800 3794
f 3794 3800 3801
f 3794 3801 3795
f 3758 3757 3345
f 3345 3757 3756
f 3345 3756 3346
f 3346 3756 3802
f 3346 3802 3347
f 3347 3802 3803
f 3756 3784 3802
f 3802 3784 3783
f 3802 3783 3803
f 3803 3783 3782
f 2116 2114 3804
f 2116 3804 3805
f 2116 3805 2117
f 2117 3805 3806
f 2117 3806 2118
f 2118 3806 3807
f 2118 3807 2119
f 2119 3807 3808
f 2119 3808 2120
f 2120 3808 3809
f 2120 3809 2121
f 2121 3809 3810
f 2121 3810 2122
f 2122 3810 3811
f 2122 3811 2123
f 2123 3811 2124
f 2124 3811 3812
f 2124 3812 2125
f 2125 3812 3813
f 2125 3813 2126
f 2126 3813 3814
f 2126 3814 2127
f 2127 3814 3815
f 2127 3815 2128
f 2128 3815 3816
f 2128 3816 2129
f 2129 3816 3817
f 2129 3817 2130
f 2130 3817 2131
f 2131 3817 3818
f 2131 3818 2132
f 2132 3818 3819
f 2132 3819 2133
f 2133 3819 3820
f 2133 3820 2134
f 2134 3820 3821
f 2134 3821 2135
f 2135 3821 3822
f 2135 3822 2136
f 2136 3822 2137
f 2137 3822 3823
f 2137 3823 2138
f 2138 3823 3824
f 2138 3824 2139
f 2139 3824 3825
f 2139 3825 2140
f 2140 3825 3826
f 2140 3826 2141
f 2141 3826 3827
f 2141 3827 2142
f 2142 3827 3828
f 2142 3828 2143
f 2143 3828 3829
f 2143 3829 2144
f 2144 3829 3830
f 2144 3830 2145
f 2145 3830 3831
f 2145 3831 2146
f 2146 3831 3832
f 2146 3832 2147
f 2147 3832 3833
f 2147 3833 2148
f 2148 3833 3834
f 2148 3834 2149
f 2149 3834 3835
f 2149 3835 2150
f 2150 3835 3836
f 2150 3836 2151
f 2151 3836 3837
f 2151 3837 2152
f 2152 3837 3838
f 2152 3838 2153
f 2153 3838 3839
f 2153 3839 2154
f 2154 3839 3840
f 2154 3840 2155
f 2155 3840 3841
f 2155 3841 2158
f 2158 3841 3842
f 2158 3842 2157
f 2157 3842 2156
f 2156 3842 3843
f 2156 3843 2159
f 2159 3843 2162
f 2162 3843 3844
f 2162 3844 2161
f 2161 3844 2160
f 2160 3844 3845
f 2160 3845 2163
f 2163 3845 2166
f 2166 3845 3846
f 2166 3846 2165
f 2165 3846 2164
f 2164 3846 3847
f 2164 3847 2167
f 2167 3847 2170
f 2170 3847 3848
f 2170 3848 2169
f 2169 3848 2168
f 2168 3848 3849
f 2168 3849 2171
f 2171 3849 2174
f 2174 3849 3850
f 2174 3850 2173
f 2173 3850 2172
f 2172 3850 3851
f 2172 3851 2175
f 2175 3851 2178
f 2178 3851 3852
f 2178 3852 2177
f 2177 3852 2176
f 2176 3852 3853
f 2176 3853 2179
f 2179 3853 2182
f 2182 3853 3854
f 2182 3854 2181
f 2181 3854 2180
f 2180 3854 3855
f 2180 3855 2183
f 2183 3855 2186
f 2186 3855 3856
f 2186 3856 2185
f 2185 3856 2184
f 2184 3856 3857
f 2184 3857 2187
f 2187 3857 2190
f 2190 3857 3858
f 2190 3858 2189
f 2189 3858 2188
f 2188 3858 3859
f 2188 3859 2191
f 2191 3859 2194
f 2194 3859 3860
f 2194 3860 2193
f 2193 3860 2192
f 2192 3860 3861
f 2192 3861 2195
f 2195 3861 2198
f 2198 3861 3862
f 2198 3862 2197
f 2197 3862 2196
f 2196 3862 3863
f 2196 3863 2199
f 2199 3863 2202
f 2202 3863 3864
f 2202 3864 2201
f 2201 3864 2200
f 2200 3864 3865
f 2200 3865 2203
f 2203 3865 2206
f 2206 3865 3866
f 2206 3866 2205
f 2205 3866 2204
f 2204 3866 3867
f 2204 3867 2207
f 2207 3867 2210
f 2210 3867 3868
f 2210 3868 2209
f 2209 3868 2208
f 2208 3868 3869
f 2208 3869 2211
f 2211 3869 2214
f 2214 3869 3870
f 2214 3870 2213
f 2213 3870 2212
f 2212 3870 3871
f 2212 3871 2215
f 2215 3871 2218
f 2218 3871 3872
f 2218 3872 2217
f 2217 3872 2216
f 2216 3872 3873
f 2216 3873 2219
f 2219 3873 2222
f 2222 3873 3874
f 2222 3874 2221
f 2221 3874 2220
f 2220 3874 3875
f 2220 3875 2223
f 2223 3875 2226
f 2226 3875 3876
f 2226 3876 2225
f 2225 3876 2224
f 2224 3876 3877
f 2224 3877 2227
f 2227 3877 2230
f 2230 3877 3878
f 2230 3878 2229
f 2229 3878 2228
f 2228 3878 3879
f 2228 3879 2231
f 2231 3879 2234
f 2234 3879 3880
f 2234 3880 2233
f 2233 3880 2232
f 2232 3880 3881
f 2232 3881 2235
f 2235 3881 2238
f 2238 3881 3882
f 2238 3882 2237
f 2237 3882 2236
f 2236 3882 3883
f 2236 3883 2239
f 2239 3883 2242
f 2242 3883 3884
f 2242 3884 2241
f 2241 3884 2240
f 2240 3884 3885
f 2240 3885 2243
f 2243 3885 2246
f 2246 3885 3886
f 2246 3886 2245
f 2245 3886 2244
f 2244 3886 3887
f 2244 3887 2247
f 2247 3887 2250
f 2250 3887 3888
f 2250 3888 2249
f 2249 3888 2248
f 2248 3888 3889
f 2248 3889 2251
f 2251 3889 2254
f 2254 3889 3890
f 2254 3890 2253
f 2253 3890 2252
f 2252 3890 3891
f 2252 3891 2255
f 2255 3891 2258
f 2258 3891 3892
f 2258 3892 2257
f 2257 3892 2256
f 2256 3892 3893
f 2256 3893 2259
f 2259 3893 2262
f 2262 3893 3894
f 2262 3894 2261
f 2261 3894 2260
f 2260 3894 3895
f 2260 3895 2263
f 2263 3895 2266
f 2266 3895 3896
f 2266 3896 2265
f 2265 3896 2264
f 2264 3896 3897
f 2264 3897 2267
f 2267 3897 2270
f 2270 3897 3898
f 2270 3898 2269
f 2269 3898 2268
f 2268 3898 3899
f 2268 3899 2271
f 2271 3899 2274
f 2274 3899 3900
f 2274 3900 2273
f 2273 3900 2272
f 2272 3900 3901
f 2272 3901 2275
f 2275 3901 2278
f 2278 3901 3902
f 2278 3902 2277
f 2277 3902 2276
f 2276 3902 3903
f 2276 3903 2279
f 2279 3903 2282
f 2282 3903 3904
f 2282 3904 2281
f 2281 3904 2280
f 2280 3904 3905
f 2280 3905 2283
f 2283 3905 2286
f 2286 3905 3906
f 2286 3906 2285
f 2285 3906 2284
f 2284 3906 3907
f 2284 3907 2287
f 2287 3907 2290
f 2290 3907 3908
f 2290 3908 2289
f 2289 3908 2288
f 2288 3908 3909
f 2288 3909 2291
f 2291 3909 2294
f 2294 3909 3910
f 2294 3910 2293
f 2293 3910 2292
f 2292 3910 3911
f 2292 3911 2295
f 2295 3911 2298
f 2298 3911 3912
f 2298 3912 2297
f 2297 3912 2296
f 2296 3912 3913
f 2296 3913 2299
f 2299 3913 2302
f 2302 3913 3914
f 2302 3914 2301
f 2301 3914 2300
f 2300 3914 3915
f 2300 3915 2303
f 2303 3915 2306
f 2306 3915 3916
f 2306 3916 2305
f 2305 3916 2304
f 2304 3916 3917
f 2304 3917 2307
f 2307 3917 2310
f 2310 3917 3918
f 2310 3918 2309
f 2309 3918 2308
f 2308 3918 3919
f 2308 3919 2311
f 2311 3919 2314
f 2314 3919 3920
f 2314 3920 2313
f 2313 3920 2312
f 2312 3920 3921
f 2312 3921 2315
f 2315 3921 2318
f 2318 3921 3922
f 2318 3922 2317
f 2317 3922 2316
f 2316 3922 3923
f 2316 3923 2319
f 2319 3923 2322
f 2322 3923 3924
f 2322 3924 2321
f 2321 3924 2320
f 2320 3924 3925
f 2320 3925 2323
f 2323 3925 2326
f 2326 3925 3926
f 2326 3926 2325
f 2325 3926 2324
f 2324 3926 3927
f 2324 3927 2327
f 2327 3927 2330
f 2330 3927 3928
f 2330 3928 2329
f 2329 3928 2328
f 2328 3928 3929
f 2328 3929 2331
f 2331 3929 2334
f 2334 3929 3930
f 2334 3930 2333
f 2333 3930 2332
f 2332 3930 3931
f 2332 3931 2335
f 2335 3931 2338
f 2338 3931 3932
f 2338 3932 2337
f 2337 3932 2336
f 2336 3932 3933
f 2336 3933 2339
f 2339 3933 2342
f 2342 3933 3934
f 2342 3934 2341
f 2341 3934 2340
f 2340 3934 3935
f 2340 3935 2343
f 2343 3935 2346
f 2346 3935 3936
f 2346 3936 2345
f 2345 3936 2344
f 2344 3936 3937
f 2344 3937 2347
f 2347 3937 2350
f 2350 3937 3938
f 2350 3938 2349
f 2349 3938 2348
f 2348 3938 3939
f 2348 3939 2351
f 2351 3939 2354
f 2354 3939 3940
f 2354 3940 2353
f 2353 3940 2352
f 2352 3940 3941
f 2352 3941 2355
f 2355 3941 2358
f 2358 3941 3942
f 2358 3942 2357
f 2357 3942 2356
f 2356 3942 3943
f 2356 3943 2359
f 2359 3943 2362
f 2362 3943 3944
f 2362 3944 2361
f 2361 3944 2360
f 2360 3944 3945
f 2360 3945 2363
f 2363 3945 2366
f 2366 3945 3946
f 2366 3946 2365
f 2365 3946 2364
f 2364 3946 3947
f 2364 3947 2367
f 2367 3947 2370
f 2370 3947 3948
f 2370 3948 2369
f 2369 3948 2368
f 2368 3948 3949
f 2368 3949 2371
f 2371 3949 2374
f 2374 3949 3950
f 2374 3950 2373
f 2373 3950 2372
f 2372 3950 3951
f 2372 3951 2375
f 2375 3951 2378
f 2378 3951 3952
f 2378 3952 2377
f 2377 3952 2376
f 2376 3952 3953
f 2376 3953 2379
f 2379 3953 2382
f 2382 3953 3954
f 2382 3954 2381
f 2381 3954 2380
f 2380 3954 3955
f 2380 3955 2383
f 2383 3955 2386
f 2386 3955 3956
f 2386 3956 2385
f 2385 3956 2384
f 2384 3956 3957
f 2384 3957 2387
f 2387 3957 2390
f 2390 3957 3958
f 2390 3958 2389
f 2389 3958 2388
f 2388 3958 3959
f 2388 3959 2391
f 2391 3959 2394
f 2394 3959 3960
f 2394 3960 2393
f 2393 3960 2392
f 2392 3960 3961
f 2392 3961 2395
f 2395 3961 2398
f 2398 3961 3962
f 2398 3962 2397
f 2397 3962 2396
f 2396 3962 3963
f 2396 3963 2399
f 2399 3963 2402
f 2402 3963 3964
f 2402 3964 2401
f 2401 3964 2400
f 2400 3964 3965
f 2400 3965 2403
f 2403 3965 2406
f 2406 3965 3966
f 2406 3966 2405
f 2405 3966 2404
f 2404 3966 3967
f 2404 3967 2407
f 2407 3967 2410
f 2410 3967 3968
f 2410 3968 2409
f 2409 3968 2408
f 2408 3968 3969
f 2408 3969 2411
f 2411 3969 2414
f 2414 3969 3970
f 2414 3970 2413
f 2413 3970 2412
f 2412 3970 3971
f 2412 3971 2415
f 2415 3971 2418
f 2418 3971 3972
f 2418 3972 2417
f 2417 3972 2416
f 2416 3972 3973
f 2416 3973 2419
f 2419 3973 2422
f 2422 3973 3974
f 2422 3974 2421
f 2421 3974 2420
f 2420 3974 3975
f 2420 3975 2423
f 2423 3975 2426
f 2426 3975 3976
f 2426 3976 2425
f 2425 3976 2424
f 2424 3976 3977
f 2424 3977 2427
f 2427 3977 2430
f 2430 3977 3978
f 2430 3978 2429
f 2429 3978 2428
f 2428 3978 3979
f 2428 3979 2431
f 2431 3979 2434
f 2434 3979 3980
f 2434 3980 2433
f 2433 3980 2432
f 2432 3980 3981
f 2432 3981 2435
f 2435 3981 2438
f 2438 3981 3982
f 2438 3982 2437
f 2437 3982 2436
f 2436 3982 3983
f 2436 3983 2439
f 2439 3983 2442
f 2442 3983 3984
f 2442 3984 2441
f 2441 3984 2440
f 2440 3984 3985
f 2440 3985 2443
f 2443 3985 2446
f 2446 3985 3986
f 2446 3986 2445
f 2445 3986 2444
f 2444 3986 3987
f 2444 3987 2447
f 2447 3987 2450
f 2450 3987 3988
f 2450 3988 2449
f 2449 3988 2448
f 2448 3988 3989
f 2448 3989 2451
f 2451 3989 2454
f 2454 3989 3990
f 2454 3990 2453
f 2453 3990 2452
f 2452 3990 3991
f 2452 3991 2455
f 2455 3991 2458
f 2458 3991 3992
f 2458 3992 2457
f 2457 3992 2456
f 2456 3992 3993
f 2456 3993 2459
f 2459 3993 2462
f 2462 3993 3994
f 2462 3994 2461
f 2461 3994 2460
f 2460 3994 3995
f 2460 3995 2463
f 2463 3995 2466
f 2466 3995 3996
f 2466 3996 2465
f 2465 3996 2464
f 2464 3996 3997
f 2464 3997 2467
f 2467 3997 2470
f 2470 3997 3998
f 2470 3998 2469
f 2469 3998 2468
f 2468 3998 3999
f 2468 3999 2471
f 2471 3999 2474
f 2474 3999 4000
f 2474 4000 2473
f 2473 4000 2472
f 2472 4000 4001
f 2472 4001 2475
f 2475 4001 2478
f 2478 4001 4002
f 2478 4002 2477
f 2477 4002 2476
f 2476 4002 4003
f 2476 4003 2479
f 2479 4003 2482
f 2482 4003 4004
f 2482 4004 2481
f 2481 4004 2480
f 2480 4004 4005
f 2480 4005 2483
f 2483 4005 2486
f 2486 4005 4006
f 2486 4006 2485
f 2485 4006 2484
f 2484 4006 4007
f 2484 4007 2487
f 2487 4007 2490
f 2490 4007 4008
f 2490 4008 2489
f 2489 4008 2488
f 2488 4008 4009
f 2488 4009 2491
f 2491 4009 2494
f 2494 4009 4010
f 2494 4010 2493
f 2493 4010 2492
f 2492 4010 4011
f 2492 4011 2495
f 2495 4011 2498
f 2498 4011 4012
f 2498 4012 2497
f 2497 4012 2496
f 2496 4012 4013
f 2496 4013 2499
f 2499 4013 2502
f 2502 4013 4014
f 2502 4014 2501
f 2501 4014 2500
f 2500 4014 4015
f 2500 4015 2503
f 2503 4015 2506
f 2506 4015 4016
f 2506 4016 2505
f 2505 4016 2504
f 2504 4016 4017
f 2504 4017 2507
f 2507 4017 2510
f 2510 4017 4018
f 2510 4018 2509
f 2509 4018 2508
f 2508 4018 4019
f 2508 4019 2511
f 2511 4019 2514
f 2514 4019 4020
f 2514 4020 2513
f 2513 4020 2512
f 2512 4020 4021
f 2512 4021 2515
f 2515 4021 2518
f 2518 4021 4022
f 2518 4022 2517
f 2517 4022 2516
f 2516 4022 4023
f 2516 4023 2519
f 2519 4023 2522
f 2522 4023 4024
f 2522 4024 2521
f 2521 4024 2520
f 2520 4024 4025
f 2520 4025 2523
f 2523 4025 2526
f 2526 4025 4026
f 2526 4026 2525
f 2525 4026 2524
f 2524 4026 4027
f 2524 4027 2527
f 2527 4027 2530
f 2530 4027 4028
f 2530 4028 2529
f 2529 4028 2528
f 2528 4028 4029
f 2528 4029 2531
f 2531 4029 2534
f 2534 4029 4030
f 2534 4030 2533
f 2533 4030 2532
f 2532 4030 4031
f 2532 4031 2535
f 2535 4031 2538
f 2538 4031 4032
f 2538 4032 2537
f 2537 4032 2536
f 2536 4032 4033
f 2536 4033 2539
f 2539 4033 2542
f 2542 4033 4034
f 2542 4034 2541
f 2541 4034 2540
f 2540 4034 4035
f 2540 4035 2543
f 2543 4035 2546
f 2546 4035 4036
f 2546 4036 2545
f 2545 4036 2544
f 2544 4036 4037
f 2544 4037 2547
f 2547 4037 2550
f 2550 4037 4038
f 2550 4038 2549
f 2549 4038 2548
f 2548 4038 4039
f 2548 4039 2551
f 2551 4039 2554
f 2554 4039 4040
f 2554 4040 2553
f 2553 4040 2552
f 2552 4040 4041
f 2552 4041 2555
f 2555 4041 2558
f 2558 4041 4042
f 2558 4042 2557
f 2557 4042 2556
f 2556 4042 4043
f 2556 4043 2559
f 2559 4043 2562
f 2562 4043 4044
f 2562 4044 2561
f 2561 4044 2560
f 2560 4044 4045
f 2560 4045 2563
f 2563 4045 2566
f 2566 4045 4046
f 2566 4046 2565
f 2565 4046 2564
f 2564 4046 4047
f 2564 4047 2567
f 2567 4047 2570
f 2570 4047 4048
f 2570 4048 2569
f 2569 4048 2568
f 2568 4048 4049
f 2568 4049 2571
f 2571 4049 2574
f 2574 4049 4050
f 2574 4050 2573
f 2573 4050 2572
f 2572 4050 4051
f 2572 4051 2575
f 2575 4051 2578
f 2578 4051 4052
f 2578 4052 2577
f 2577 4052 2576
f 2576 4052 4053
f 2576 4053 2579
f 2579 4053 2582
f 2582 4053 4054
f 2582 4054 2581
f 2581 4054 2580
f 2580 4054 4055
f 2580 4055 2583
f 2583 4055 2586
f 2586 4055 4056
f 2586 4056 2585
f 2585 4056 2584
f 2584 4056 4057
f 2584 4057 2587
f 2587 4057 2590
f 2590 4057 4058
f 2590 4058 2589
f 2589 4058 2588
f 2588 4058 4059
f 2588 4059 2591
f 2591 4059 2594
f 2594 4059 4060
f 2594 4060 2593
f 2593 4060 2592
f 2592 4060 4061
f 2592 4061 2595
f 2595 4061 2598
f 2598 4061 4062
f 2598 4062 2597
f 2597 4062 2596
f 2596 4062 4063
f 2596 4063 2599
f 2599 4063 2602
f 2602 4063 4064
f 2602 4064 2601
f 2601 4064 2600
f 2600 4064 4065
f 2600 4065 2603
f 2603 4065 2606
f 2606 4065 4066
f 2606 4066 2605
f 2605 4066 2604
f 2604 4066 4067
f 2604 4067 2607
f 2607 4067 2610
f 2610 4067 4068
f 2610 4068 2609
f 2609 4068 2608
f 2608 4068 4069
f 2608 4069 2611
f 2611 4069 2614
f 2614 4069 4070
f 2614 4070 2613
f 2613 4070 2612
f 2612 4070 4071
f 2612 4071 2615
f 2615 4071 2618
f 2618 4071 4072
f 2618 4072 2617
f 2617 4072 2616
f 2616 4072 4073
f 2616 4073 2619
f 2619 4073 2622
f 2622 4073 4074
f 2622 4074 2621
f 2621 4074 2620
f 2620 4074 4075
f 2620 4075 2623
f 2623 4075 2626
f 2626 4075 4076
f 2626 4076 2625
f 2625 4076 2624
f 2624 4076 4077
f 2624 4077 2627
f 2627 4077 2630
f 2630 4077 4078
f 2630 4078 2629
f 2629 4078 2628
f 2628 4078 4079
f 2628 4079 2631
f 2631 4079 2634
f 2634 4079 4080
f 2634 4080 2633
f 2633 4080 2632
f 2632 4080 4081
f 2632 4081 2635
f 2635 4081 2638
f 2638 4081 4082
f 2638 4082 2637
f 2637 4082 2636
f 2636 4082 4083
f 2636 4083 2639
f 2639 4083 2642
f 2642 4083 4084
f 2642 4084 2641
f 2641 4084 2640
f 2640 4084 4085
f 2640 4085 2643
f 2643 4085 2646
f 2646 4085 4086
f 2646 4086 2645
f 2645 4086 2644
f 2644 4086 4087
f 2644 4087 2647
f 2647 4087 2650
f 2650 4087 4088
f 2650 4088 2649
f 2649 4088 2648
f 2648 4088 4089
f 2648 4089 2651
f 2651 4089 2654
f 2654 4089 4090
f 2654 4090 2653
f 2653 4090 2652
f 2652 4090 4091
f 2652 4091 2655
f 2655 4091 2658
f 2658 4091 4092
f 2658 4092 2657
f 2657 4092 2656
f 2656 4092 4093
f 2656 4093 2659
f 2659 4093 2662
f 2662 4093 4094
f 2662 4094 2661
f 2661 4094 2660
f 2660 4094 4095
f 2660 4095 2663
f 2663 4095 2666
f 2666 4095 4096
f 2666 4096 2665
f 2665 4096 2664
f 2664 4096 4097
f 2664 4097 2667
f 2667 4097 2670
f 2670 4097 4098
f 2670 4098 2669
f 4099 2671 4098
f 4098 2671 2668
f 4098 2668 2669
f 4100 4101 2675
f 2675 2672 4100
f 4100 2672 2673
f 4100 2673 4099
f 4099 2673 2674
f 4099 2674 2671
f 4102 4103 2679
f 2679 2678 4102
f 4102 2678 2677
f 4102 2677 4101
f 4101 2677 2676
f 4101 2676 2675
f 4104 4105 2683
f 2683 2682 4104
f 4104 2682 2681
f 4104 2681 4103
f 4103 2681 2680
f 4103 2680 2679
f 4106 4107 2687
f 2687 2686 4106
f 4106 2686 2685
f 4106 2685 4105
f 4105 2685 2684
f 4105 2684 2683
f 4108 4109 2691
f 2691 2690 4108
f 4108 2690 2689
f 4108 2689 4107
f 4107 2689 2688
f 4107 2688 2687
f 4110 4111 2695
f 2695 2694 4110
f 4110 2694 2693
f 4110 2693 4109
f 4109 2693 2692
f 4109 2692 2691
f 4112 4113 2699
f 2699 2698 4112
f 4112 2698 2697
f 4112 2697 4111
f 4111 2697 2696
f 4111 2696 2695
f 4114 4115 2703
f 2703 2702 4114
f 4114 2702 2701
f 4114 2701 4113
f 4113 2701 2700
f 4113 2700 2699
f 4116 4117 2707
f 2707 2706 4116
f 4116 2706 2705
f 4116 2705 4115
f 4115 2705 2704
f 4115 2704 2703
f 4118 4119 2711
f 2711 2710 4118
f 4118 2710 2709
f 4118 2709 4117
f 4117 2709 2708
f 4117 2708 2707
f 4120 4121 2715
f 2715 2714 4120
f 4120 2714 2713
f 4120 2713 4119
f 4119 2713 2712
f 4119 2712 2711
f 4122 4123 2719
f 2719 2718 4122
f 4122 2718 2717
f 4122 2717 4121
f 4121 2717 2716
f 4121 2716 2715
f 4124 4125 2723
f 2723 2722 4124
f 4124 2722 2721
f 4124 2721 4123
f 4123 2721 2720
f 4123 2720 2719
f 4126 4127 2727
f 2727 2726 4126
f 4126 2726 2725
f 4126 2725 4125
f 4125 2725 2724
f 4125 2724 2723
f 4128 4129 2731
f 2731 2730 4128
f 4128 2730 2729
f 4128 2729 4127
f 4127 2729 2728
f 4127 2728 2727
f 4130 4131 2735
f 2735 2734 4130
f 4130 2734 2733
f 4130 2733 4129
f 4129 2733 2732
f 4129 2732 2731
f 4132 4133 2739
f 2739 2738 4132
f 4132 2738 2737
f 4132 2737 4131
f 4131 2737 2736
f 4131 2736 2735
f 4134 4135 2743
f 2743 2742 4134
f 4134 2742 2741
f 4134 2741 4133
f 4133 2741 2740
f 4133 2740 2739
f 4136 4137 2747
f 2747 2746 4136
f 4136 2746 2745
f 4136 2745 4135
f 4135 2745 2744
f 4135 2744 2743
f 4138 4139 2751
f 2751 2750 4138
f 4138 2750 2749
f 4138 2749 4137
f 4137 2749 2748
f 4137 2748 2747
f 4140 4141 2755
f 2755 2754 4140
f 4140 2754 2753
f 4140 2753 4139
f 4139 2753 2752
f 4139 2752 2751
f 4142 4143 2759
f 2759 2758 4142
f 4142 2758 2757
f 4142 2757 4141
f 4141 2757 2756
f 4141 2756 2755
f 4144 4145 2763
f 2763 2762 4144
f 4144 2762 2761
f 4144 2761 4143
f 4143 2761 2760
f 4143 2760 2759
f 4146 4147 2767
f 2767 2766 4146
f 4146 2766 2765
f 4146 2765 4145
f 4145 2765 2764
f 4145 2764 2763
f 4148 4149 2771
f 2771 2770 4148
f 4148 2770 2769
f 4148 2769 4147
f 4147 2769 2768
f 4147 2768 2767
f 4150 4151 2775
f 2775 2774 4150
f 4150 2774 2773
f 4150 2773 4149
f 4149 2773 2772
f 4149 2772 2771
f 4152 4153 2779
f 2779 2778 4152
f 4152 2778 2777
f 4152 2777 4151
f 4151 2777 2776
f 4151 2776 2775
f 4154 4155 2783
f 2783 2782 4154
f 4154 2782 2781
f 4154 2781 4153
f 4153 2781 2780
f 4153 2780 2779
f 4156 4157 2787
f 2787 2786 4156
f 4156 2786 2785
f 4156 2785 4155
f 4155 2785 2784
f 4155 2784 2783
f 4158 4159 2791
f 2791 2790 4158
f 4158 2790 2789
f 4158 2789 4157
f 4157 2789 2788
f 4157 2788 2787
f 4160 4161 2795
f 2795 2794 4160
f 4160 2794 2793
f 4160 2793 4159
f 4159 2793 2792
f 4159 2792 2791
f 4162 4163 2799
f 2799 2798 4162
f 4162 2798 2797
f 4162 2797 4161
f 4161 2797 2796
f 4161 2796 2795
f 4164 4165 2803
f 2803 2802 4164
f 4164 2802 2801
f 4164 2801 4163
f 4163 2801 2800
f 4163 2800 2799
f 4166 4167 2807
f 2807 2806 4166
f 4166 2806 2805
f 4166 2805 4165
f 4165 2805 2804
f 4165 2804 2803
f 4168 4169 2811
f 2811 2810 4168
f 4168 2810 2809
f 4168 2809 4167
f 4167 2809 2808
f 4167 2808 2807
f 4170 4171 2815
f 2815 2814 4170
f 4170 2814 2813
f 4170 2813 4169
f 4169 2813 2812
f 4169 2812 2811
f 4172 4173 2819
f 2819 2818 4172
f 4172 2818 2817
f 4172 2817 4171
f 4171 2817 2816
f 4171 2816 2815
f 4174 4175 2823
f 2823 2822 4174
f 4174 2822 2821
f 4174 2821 4173
f 4173 2821 2820
f 4173 2820 2819
f 4176 4177 2827
f 2827 2826 4176
f 4176 2826 2825
f 4176 2825 4175
f 4175 2825 2824
f 4175 2824 2823
f 4178 4179 2831
f 2831 2830 4178
f 4178 2830 2829
f 4178 2829 4177
f 4177 2829 2828
f 4177 2828 2827
f 4180 4181 2835
f 2835 2834 4180
f 4180 2834 2833
f 4180 2833 4179
f 4179 2833 2832
f 4179 2832 2831
f 4182 4183 2839
f 2839 2838 4182
f 4182 2838 2837
f 4182 2837 4181
f 4181 2837 2836
f 4181 2836 2835
f 4184 4185 2843
f 2843 2842 4184
f 4184 2842 2841
f 4184 2841 4183
f 4183 2841 2840
f 4183 2840 2839
f 4186 4187 2847
f 2847 2846 4186
f 4186 2846 2845
f 4186 2845 4185
f 4185 2845 2844
f 4185 2844 2843
f 4188 4189 2851
f 2851 2850 4188
f 4188 2850 2849
f 4188 2849 4187
f 4187 2849 2848
f 4187 2848 2847
f 4190 4191 2855
f 2855 2854 4190
f 4190 2854 2853
f 4190 2853 4189
f 4189 2853 2852
f 4189 2852 2851
f 4192 4193 2859
f 2859 2858 4192
f 4192 2858 2857
f 4192 2857 4191
f 4191 2857 2856
f 4191 2856 2855
f 4194 4195 2863
f 2863 2862 4194
f 4194 2862 2861
f 4194 2861 4193
f 4193 2861 2860
f 4193 2860 2859
f 4196 4197 2867
f 2867 2866 4196
f 4196 2866 2865
f 4196 2865 4195
f 4195 2865 2864
f 4195 2864 2863
f 4198 4199 2871
f 2871 2870 4198
f 4198 2870 2869
f 4198 2869 4197
f 4197 2869 2868
f 4197 2868 2867
f 4200 4201 2875
f 2875 2874 4200
f 4200 2874 2873
f 4200 2873 4199
f 4199 2873 2872
f 4199 2872 2871
f 4202 4203 2879
f 2879 2878 4202
f 4202 2878 2877
f 4202 2877 4201
f 4201 2877 2876
f 4201 2876 2875
f 4204 4205 2883
f 2883 2882 4204
f 4204 2882 2881
f 4204 2881 4203
f 4203 2881 2880
f 4203 2880 2879
f 4206 4207 2887
f 2887 2886 4206
f 4206 2886 2885
f 4206 2885 4205
f 4205 2885 2884
f 4205 2884 2883
f 4208 4209 1697
f 1697 1696 4208
f 4208 1696 1695
f 4208 1695 4207
f 4207 1695 2888
f 4207 2888 2887
f 4210 4211 1704
f 1704 1702 4210
f 4210 1702 1700
f 4210 1700 4209
f 4209 1700 1699
f 4209 1699 1697
f 4212 4213 1711
f 1711 1709 4212
f 4212 1709 1707
f 4212 1707 4211
f 4211 1707 1706
f 4211 1706 1704
f 4214 4215 1719
f 1719 1716 4214
f 4214 1716 1715
f 4214 1715 4213
f 4213 1715 1713
f 4213 1713 1711
f 4216 4217 1725
f 1725 1723 4216
f 4216 1723 1722
f 4216 1722 4215
f 4215 1722 1720
f 4215 1720 1719
f 1655 1654 3791
f 3791 1654 1652
f 3791 1652 4217
f 4217 1652 1726
f 4217 1726 1725
f 3287 3840 3200
f 3200 3840 3839
f 3200 3839 3286
f 3286 3839 3838
f 3286 3838 3203
f 3203 3838 3837
f 3203 3837 3285
f 3285 3837 3836
f 3285 3836 3206
f 3206 3836 3835
f 3206 3835 3284
f 3284 3835 3834
f 3284 3834 3209
f 3209 3834 3833
f 3209 3833 3283
f 3283 3833 3832
f 3283 3832 3212
f 3212 3832 3831
f 3212 3831 3282
f 3282 3831 3830
f 3282 3830 3215
f 3215 3830 3829
f 3215 3829 3281
f 3281 3829 3828
f 3281 3828 3218
f 3218 3828 3827
f 3218 3827 3280
f 3280 3827 3826
f 3280 3826 3221
f 3221 3826 3825
f 3221 3825 3279
f 3279 3825 3824
f 3279 3824 3224
f 3224 3824 3823
f 3224 3823 3278
f 3278 3823 3822
f 3278 3822 3227
f 3227 3822 3821
f 3227 3821 3277
f 3277 3821 3820
f 3277 3820 3230
f 3230 3820 3819
f 3230 3819 3276
f 3276 3819 3818
f 3276 3818 3274
f 3274 3818 3817
f 3274 3817 3272
f 3272 3817 3816
f 3272 3816 3270
f 3270 3816 3815
f 3270 3815 3233
f 3233 3815 3814
f 3233 3814 3269
f 3269 3814 3813
f 3269 3813 3236
f 3236 3813 3812
f 3236 3812 3268
f 3268 3812 3811
f 3268 3811 3266
f 3266 3811 3810
f 3266 3810 3239
f 3239 3810 3809
f 3239 3809 3265
f 3265 3809 3808
f 3265 3808 3242
f 3242 3808 3807
f 3242 3807 3263
f 3263 3807 3806
f 3263 3806 3260
f 3260 3806 3805
f 3260 3805 3261
f 3261 3805 3804
f 3503 3968 3502
f 3502 3968 3967
f 3502 3967 3501
f 3501 3967 3966
f 3501 3966 3500
f 3500 3966 3965
f 3500 3965 3499
f 3499 3965 3964
f 3499 3964 3498
f 3498 3964 3963
f 3498 3963 3497
f 3497 3963 3962
f 3497 3962 3496
f 3496 3962 3961
f 3496 3961 3495
f 3495 3961 3960
f 3495 3960 3494
f 3494 3960 3959
f 3494 3959 3493
f 3493 3959 3958
f 3493 3958 3492
f 3492 3958 3957
f 3492 3957 3491
f 3491 3957 3956
f 3491 3956 3490
f 3490 3956 3955
f 3490 3955 3489
f 3489 3955 3954
f 3489 3954 3488
f 3488 3954 3953
f 3488 3953 3487
f 3487 3953 3952
f 3487 3952 3486
f 3486 3952 3951
f 3486 3951 3485
f 3485 3951 3950
f 3485 3950 3484
f 3484 3950 3949
f 3484 3949 3483
f 3483 3949 3948
f 3483 3948 3482
f 3482 3948 3947
f 3482 3947 3481
f 3481 3947 3946
f 3481 3946 3480
f 3480 3946 3945
f 3480 3945 3479
f 3479 3945 3944
f 3479 3944 3478
f 3478 3944 3943
f 3478 3943 3477
f 3477 3943 3942
f 3477 3942 3047
f 3047 3942 3941
f 3047 3941 3337
f 3337 3941 3940
f 3337 3940 3050
f 3050 3940 3939
f 3050 3939 3336
f 3336 3939 3938
f 3336 3938 3053
f 3053 3938 3937
f 3053 3937 3335
f 3335 3937 3936
f 3335 3936 3056
f 3056 3936 3935
f 3056 3935 3334
f 3334 3935 3934
f 3334 3934 3059
f 3059 3934 3933
f 3059 3933 3333
f 3333 3933 3932
f 3333 3932 3062
f 3062 3932 3931
f 3062 3931 3332
f 3332 3931 3930
f 3332 3930 3065
f 3065 3930 3929
f 3065 3929 3331
f 3331 3929 3928
f 3331 3928 3068
f 3068 3928 3927
f 3068 3927 3330
f 3330 3927 3926
f 3330 3926 3071
f 3071 3926 3925
f 3071 3925 3329
f 3329 3925 3924
f 3329 3924 3074
f 3074 3924 3923
f 3074 3923 3328
f 3328 3923 3922
f 3328 3922 3077
f 3077 3922 3921
f 3077 3921 3327
f 3327 3921 3920
f 3327 3920 3080
f 3080 3920 3919
f 3080 3919 3326
f 3326 3919 3918
f 3326 3918 3083
f 3083 3918 3917
f 3083 3917 3325
f 3325 3917 3916
f 3325 3916 3086
f 3086 3916 3915
f 3086 3915 3324
f 3324 3915 3914
f 3324 3914 3089
f 3089 3914 3913
f 3089 3913 3323
f 3323 3913 3912
f 3323 3912 3092
f 3092 3912 3911
f 3092 3911 3322
f 3322 3911 3910
f 3322 3910 3095
f 3095 3910 3909
f 3095 3909 3321
f 3321 3909 3908
f 3321 3908 3098
f 3098 3908 3907
f 3098 3907 3320
f 3320 3907 3906
f 3320 3906 3101
f 3101 3906 3905
f 3101 3905 3319
f 3319 3905 3904
f 3319 3904 3104
f 3104 3904 3903
f 3104 3903 3318
f 3318 3903 3902
f 3318 3902 3107
f 3107 3902 3901
f 3107 3901 3317
f 3317 3901 3900
f 3317 3900 3110
f 3110 3900 3899
f 3110 3899 3316
f 3316 3899 3898
f 3316 3898 3113
f 3113 3898 3897
f 3113 3897 3315
f 3315 3897 3896
f 3315 3896 3116
f 3116 3896 3895
f 3116 3895 3314
f 3314 3895 3894
f 3314 3894 3119
f 3119 3894 3893
f 3119 3893 3313
f 3313 3893 3892
f 3313 3892 3122
f 3122 3892 3891
f 3122 3891 3312
f 3312 3891 3890
f 3312 3890 3125
f 3125 3890 3889
f 3125 3889 3311
f 3311 3889 3888
f 3311 3888 3128
f 3128 3888 3887
f 3128 3887 3310
f 3310 3887 3886
f 3310 3886 3131
f 3131 3886 3885
f 3131 3885 3309
f 3309 3885 3884
f 3309 3884 3134
f 3134 3884 3883
f 3134 3883 3308
f 3308 3883 3882
f 3308 3882 3137
f 3137 3882 3881
f 3137 3881 3307
f 3307 3881 3880
f 3307 3880 3140
f 3140 3880 3879
f 3140 3879 3306
f 3306 3879 3878
f 3306 3878 3143
f 3143 3878 3877
f 3143 3877 3305
f 3305 3877 3876
f 3305 3876 3146
f 3146 3876 3875
f 3146 3875 3304
f 3304 3875 3874
f 3304 3874 3149
f 3149 3874 3873
f 3149 3873 3303
f 3303 3873 3872
f 3303 3872 3152
f 3152 3872 3871
f 3152 3871 3302
f 3302 3871 3870
f 3302 3870 3155
f 3155 3870 3869
f 3155 3869 3301
f 3301 3869 3868
f 3301 3868 3158
f 3158 3868 3867
f 3158 3867 3300
f 3300 3867 3866
f 3300 3866 3161
f 3161 3866 3865
f 3161 3865 3299
f 3299 3865 3864
f 3299 3864 3164
f 3164 3864 3863
f 3164 3863 3298
f 3298 3863 3862
f 3298 3862 3167
f 3167 3862 3861
f 3167 3861 3297
f 3297 3861 3860
f 3297 3860 3170
f 3170 3860 3859
f 3170 3859 3296
f 3296 3859 3858
f 3296 3858 3173
f 3173 3858 3857
f 3173 3857 3295
f 3295 3857 3856
f 3295 3856 3176
f 3176 3856 3855
f 3176 3855 3294
f 3294 3855 3854
f 3294 3854 3179
f 3179 3854 3853
f 3179 3853 3293
f 3293 3853 3852
f 3293 3852 3182
f 3182 3852 3851
f 3182 3851 3292
f 3292 3851 3850
f 3292 3850 3185
f 3185 3850 3849
f 3185 3849 3291
f 3291 3849 3848
f 3291 3848 3188
f 3188 3848 3847
f 3188 3847 3290
f 3290 3847 3846
f 3290 3846 3191
f 3191 3846 3845
f 3191 3845 3289
f 3289 3845 3844
f 3289 3844 3194
f 3194 3844 3843
f 3194 3843 3288
f 3288 3843 3842
f 3288 3842 3197
f 3197 3842 3841
f 3197 3841 3287
f 3287 3841 3840
f 3623 4096 3622
f 3622 4096 4095
f 3622 4095 3621
f 3621 4095 4094
f 3621 4094 3620
f 3620 4094 4093
f 3620 4093 3619
f 3619 4093 4092
f 3619 4092 3618
f 3618 4092 4091
f 3618 4091 3617
f 3617 4091 4090
f 3617 4090 3616
f 3616 4090 4089
f 3616 4089 3615
f 3615 4089 4088
f 3615 4088 3614
f 3614 4088 4087
f 3614 4087 3613
f 3613 4087 4086
f 3613 4086 3612
f 3612 4086 4085
f 3612 4085 3611
f 3611 4085 4084
f 3611 4084 3610
f 3610 4084 4083
f 3610 4083 3609
f 3609 4083 4082
f 3609 4082 3608
f 3608 4082 4081
f 3608 4081 3342
f 3342 4081 4080
f 3342 4080 3038
f 3038 4080 4079
f 3038 4079 3607
f 3607 4079 4078
f 3607 4078 3606
f 3606 4078 4077
f 3606 4077 3605
f 3605 4077 4076
f 3605 4076 3604
f 3604 4076 4075
f 3604 4075 3341
f 3341 4075 4074
f 3341 4074 3041
f 3041 4074 4073
f 3041 4073 3340
f 3340 4073 4072
f 3340 4072 3044
f 3044 4072 4071
f 3044 4071 3603
f 3603 4071 4070
f 3603 4070 3338
f 3338 4070 4069
f 3338 4069 3339
f 3339 4069 4068
f 3339 4068 3602
f 3602 4068 4067
f 3602 4067 3601
f 3601 4067 4066
f 3601 4066 3600
f 3600 4066 4065
f 3600 4065 3599
f 3599 4065 4064
f 3599 4064 3598
f 3598 4064 4063
f 3598 4063 3597
f 3597 4063 4062
f 3597 4062 3596
f 3596 4062 4061
f 3596 4061 3595
f 3595 4061 4060
f 3595 4060 3594
f 3594 4060 4059
f 3594 4059 3593
f 3593 4059 4058
f 3593 4058 3592
f 3592 4058 4057
f 3592 4057 3591
f 3591 4057 4056
f 3591 4056 3590
f 3590 4056 4055
f 3590 4055 3589
f 3589 4055 4054
f 3589 4054 3588
f 3588 4054 4053
f 3588 4053 3587
f 3587 4053 4052
f 3587 4052 3586
f 3586 4052 4051
f 3586 4051 3585
f 3585 4051 4050
f 3585 4050 3584
f 3584 4050 4049
f 3584 4049 3583
f 3583 4049 4048
f 3583 4048 3582
f 3582 4048 4047
f 3582 4047 3581
f 3581 4047 4046
f 3581 4046 3580
f 3580 4046 4045
f 3580 4045 3579
f 3579 4045 4044
f 3579 4044 3578
f 3578 4044 4043
f 3578 4043 3577
f 3577 4043 4042
f 3577 4042 3576
f 3576 4042 4041
f 3576 4041 3575
f 3575 4041 4040
f 3575 4040 3574
f 3574 4040 4039
f 3574 4039 3573
f 3573 4039 4038
f 3573 4038 3572
f 3572 4038 4037
f 3572 4037 3571
f 3571 4037 4036
f 3571 4036 3570
f 3570 4036 4035
f 3570 4035 3569
f 3569 4035 4034
f 3569 4034 3568
f 3568 4034 4033
f 3568 4033 3567
f 3567 4033 4032
f 3567 4032 3566
f 3566 4032 4031
f 3566 4031 3565
f 3565 4031 4030
f 3565 4030 3564
f 3564 4030 4029
f 3564 4029 3563
f 3563 4029 4028
f 3563 4028 3562
f 3562 4028 4027
f 3562 4027 3561
f 3561 4027 4026
f 3561 4026 3560
f 3560 4026 4025
f 3560 4025 3559
f 3559 4025 4024
f 3559 4024 3558
f 3558 4024 4023
f 3558 4023 3557
f 3557 4023 4022
f 3557 4022 3556
f 3556 4022 4021
f 3556 4021 3555
f 3555 4021 4020
f 3555 4020 3554
f 3554 4020 4019
f 3554 4019 3553
f 3553 4019 4018
f 3553 4018 3552
f 3552 4018 4017
f 3552 4017 3551
f 3551 4017 4016
f 3551 4016 3550
f 3550 4016 4015
f 3550 4015 3549
f 3549 4015 4014
f 3549 4014 3548
f 3548 4014 4013
f 3548 4013 3547
f 3547 4013 4012
f 3547 4012 3546
f 3546 4012 4011
f 3546 4011 3545
f 3545 4011 4010
f 3545 4010 3544
f 3544 4010 4009
f 3544 4009 3543
f 3543 4009 4008
f 3543 4008 3542
f 3542 4008 4007
f 3542 4007 3541
f 3541 4007 4006
f 3541 4006 3540
f 3540 4006 4005
f 3540 4005 3539
f 3539 4005 4004
f 3539 4004 3538
f 3538 4004 4003
f 3538 4003 3537
f 3537 4003 4002
f 3537 4002 3536
f 3536 4002 4001
f 3536 4001 3535
f 3535 4001 4000
f 3535 4000 3534
f 3534 4000 3999
f 3534 3999 3533
f 3533 3999 3998
f 3533 3998 3532
f 3532 3998 3997
f 3532 3997 3531
f 3531 3997 3996
f 3531 3996 3530
f 3530 3996 3995
f 3530 3995 3529
f 3529 3995 3994
f 3529 3994 3528
f 3528 3994 3993
f 3528 3993 3527
f 3527 3993 3992
f 3527 3992 3526
f 3526 3992 3991
f 3526 3991 3525
f 3525 3991 3990
f 3525 3990 3524
f 3524 3990 3989
f 3524 3989 3523
f 3523 3989 3988
f 3523 3988 3522
f 3522 3988 3987
f 3522 3987 3521
f 3521 3987 3986
f 3521 3986 3520
f 3520 3986 3985
f 3520 3985 3519
f 3519 3985 3984
f 3519 3984 3518
f 3518 3984 3983
f 3518 3983 3517
f 3517 3983 3982
f 3517 3982 3516
f 3516 3982 3981
f 3516 3981 3515
f 3515 3981 3980
f 3515 3980 3514
f 3514 3980 3979
f 3514 3979 3513
f 3513 3979 3978
f 3513 3978 3512
f 3512 3978 3977
f 3512 3977 3511
f 3511 3977 3976
f 3511 3976 3510
f 3510 3976 3975
f 3510 3975 3509
f 3509 3975 3974
f 3509 3974 3508
f 3508 3974 3973
f 3508 3973 3507
f 3507 3973 3972
f 3507 3972 3506
f 3506 3972 3971
f 3506 3971 3505
f 3505 3971 3970
f 3505 3970 3504
f 3504 3970 3969
f 3504 3969 3503
f 3503 3969 3968
f 3803 4218 3347
f 3347 4218 3799
f 3347 3799 3348
f 3348 3799 3794
f 3348 3794 3748
f 3748 3794 3793
f 3748 3793 3747
f 3747 3793 3787
f 3747 3787 3746
f 3746 3787 3788
f 3746 3788 3745
f 3745 3788 3791
f 3745 3791 3744
f 3744 3791 4217
f 3744 4217 3743
f 3743 4217 4216
f 3743 4216 3742
f 3742 4216 4215
f 3742 4215 3741
f 3741 4215 4214
f 3741 4214 3740
f 3740 4214 4213
f 3740 4213 3739
f 3739 4213 4212
f 3739 4212 3738
f 3738 4212 4211
f 3738 4211 3737
f 3737 4211 4210
f 3737 4210 3736
f 3736 4210 4209
f 3736 4209 3735
f 3735 4209 4208
f 3735 4208 3734
f 3734 4208 4207
f 3734 4207 3733
f 3733 4207 4206
f 3733 4206 3732
f 3732 4206 4205
f 3732 4205 3731
f 3731 4205 4204
f 3731 4204 3730
f 3730 4204 4203
f 3730 4203 3729
f 3729 4203 4202
f 3729 4202 3728
f 3728 4202 4201
f 3728 4201 3727
f 3727 4201 4200
f 3727 4200 3726
f 3726 4200 4199
f 3726 4199 3725
f 3725 4199 4198
f 3725 4198 3724
f 3724 4198 4197
f 3724 4197 3723
f 3723 4197 4196
f 3723 4196 3722
f 3722 4196 4195
f 3722 4195 3721
f 3721 4195 4194
f 3721 4194 3720
f 3720 4194 4193
f 3720 4193 3719
f 3719 4193 4192
f 3719 4192 3718
f 3718 4192 4191
f 3718 4191 3717
f 3717 4191 4190
f 3717 4190 3716
f 3716 4190 4189
f 3716 4189 3715
f 3715 4189 4188
f 3715 4188 3714
f 3714 4188 4187
f 3714 4187 3713
f 3713 4187 4186
f 3713 4186 3712
f 3712 4186 4185
f 3712 4185 3711
f 3711 4185 4184
f 3711 4184 3710
f 3710 4184 4183
f 3710 4183 3709
f 3709 4183 4182
f 3709 4182 3708
f 3708 4182 4181
f 3708 4181 3707
f 3707 4181 4180
f 3707 4180 3706
f 3706 4180 4179
f 3706 4179 3705
f 3705 4179 4178
f 3705 4178 3704
f 3704 4178 4177
f 3704 4177 3703
f 3703 4177 4176
f 3703 4176 3702
f 3702 4176 4175
f 3702 4175 3701
f 3701 4175 4174
f 3701 4174 3700
f 3700 4174 4173
f 3700 4173 3699
f 3699 4173 4172
f 3699 4172 3698
f 3698 4172 4171
f 3698 4171 3697
f 3697 4171 4170
f 3697 4170 3696
f 3696 4170 4169
f 3696 4169 3695
f 3695 4169 4168
f 3695 4168 3694
f 3694 4168 4167
f 3694 4167 3693
f 3693 4167 4166
f 3693 4166 3692
f 3692 4166 4165
f 3692 4165 3691
f 3691 4165 4164
f 3691 4164 3690
f 3690 4164 4163
f 3690 4163 3689
f 3689 4163 4162
f 3689 4162 3688
f 3688 4162 4161
f 3688 4161 3687
f 3687 4161 4160
f 3687 4160 3686
f 3686 4160 4159
f 3686 4159 3685
f 3685 4159 4158
f 3685 4158 3684
f 3684 4158 4157
f 3684 4157 3683
f 3683 4157 4156
f 3683 4156 3682
f 3682 4156 4155
f 3682 4155 3681
f 3681 4155 4154
f 3681 4154 3680
f 3680 4154 4153
f 3680 4153 3679
f 3679 4153 4152
f 3679 4152 3678
f 3678 4152 4151
f 3678 4151 3677
f 3677 4151 4150
f 3677 4150 3676
f 3676 4150 4149
f 3676 4149 3675
f 3675 4149 4148
f 3675 4148 3674
f 3674 4148 4147
f 3674 4147 3673
f 3673 4147 4146
f 3673 4146 3672
f 3672 4146 4145
f 3672 4145 3671
f 3671 4145 4144
f 3671 4144 3670
f 3670 4144 4143
f 3670 4143 3669
f 3669 4143 4142
f 3669 4142 3668
f 3668 4142 4141
f 3668 4141 3667
f 3667 4141 4140
f 3667 4140 3666
f 3666 4140 4139
f 3666 4139 3665
f 3665 4139 4138
f 3665 4138 3664
f 3664 4138 4137
f 3664 4137 3663
f 3663 4137 4136
f 3663 4136 3662
f 3662 4136 4135
f 3662 4135 3661
f 3661 4135 4134
f 3661 4134 3660
f 3660 4134 4133
f 3660 4133 3659
f 3659 4133 4132
f 3659 4132 3658
f 3658 4132 4131
f 3658 4131 3657
f 3657 4131 4130
f 3657 4130 3656
f 3656 4130 4129
f 3656 4129 3655
f 3655 4129 4128
f 3655 4128 3654
f 3654 4128 4127
f 3654 4127 3653
f 3653 4127 4126
f 3653 4126 3652
f 3652 4126 4125
f 3652 4125 3651
f 3651 4125 4124
f 3651 4124 3650
f 3650 4124 4123
f 3650 4123 3649
f 3649 4123 4122
f 3649 4122 3648
f 3648 4122 4121
f 3648 4121 3647
f 3647 4121 4120
f 3647 4120 3646
f 3646 4120 4119
f 3646 4119 3645
f 3645 4119 4118
f 3645 4118 3644
f 3644 4118 4117
f 3644 4117 3643
f 3643 4117 4116
f 3643 4116 3642
f 3642 4116 4115
f 3642 4115 3641
f 3641 4115 4114
f 3641 4114 3640
f 3640 4114 4113
f 3640 4113 3639
f 3639 4113 4112
f 3639 4112 3638
f 3638 4112 4111
f 3638 4111 3637
f 3637 4111 4110
f 3637 4110 3636
f 3636 4110 4109
f 3636 4109 3635
f 3635 4109 4108
f 3635 4108 3634
f 3634 4108 4107
f 3634 4107 3633
f 3633 4107 4106
f 3633 4106 3632
f 3632 4106 4105
f 3632 4105 3631
f 3631 4105 4104
f 3631 4104 3630
f 3630 4104 4103
f 3630 4103 3629
f 3629 4103 4102
f 3629 4102 3628
f 3628 4102 4101
f 3628 4101 3627
f 3627 4101 4100
f 3627 4100 3626
f 3626 4100 4099
f 3626 4099 3625
f 3625 4099 4098
f 3625 4098 3624
f 3624 4098 4097
f 3624 4097 3623
f 3623 4097 4096
f 4219 4220 4221
f 4222 4223 4224
f 4224 4223 4225
f 4225 4223 4226
f 4226 4223 4227
f 4226 4227 4228
f 4228 4227 4229
f 4229 4227 4230
f 4229 4230 4231
f 4231 4230 4232
f 4232 4230 4233
f 4232 4233 4234
f 4234 4233 4235
f 4235 4233 4236
f 4235 4236 4237
f 4237 4236 4238
f 4238 4236 4239
f 4238 4239 4240
f 4240 4239 4241
f 4241 4239 4242
f 4241 4242 4243
f 4243 4242 4244
f 4244 4242 4245
f 4244 4245 4246
f 4246 4245 4247
f 4247 4245 4248
f 4247 4248 4249
f 4249 4248 4250
f 4250 4248 4251
f 4250 4251 4252
f 4252 4251 4253
f 4253 4251 4254
f 4253 4254 4255
f 4255 4254 4256
f 4256 4254 4257
f 4256 4257 4220
f 4220 4257 4258
f 4220 4258 4221
f 4259 4260 4261
f 4261 4260 4262
f 4261 4262 4263
f 4261 4263 4264
f 4264 4263 4265
f 4264 4265 4266
f 4264 4266 4267
f 4267 4266 4268
f 4267 4268 4269
f 4269 4268 4270
f 4269 4270 4221
f 4221 4270 4271
f 4221 4271 4219
f 4272 4273 4274
f 4274 4273 4275
f 4274 4275 4276
f 4274 4276 4277
f 4277 4276 4278
f 4277 4278 4279
f 4279 4278 4280
f 4279 4280 4281
f 4281 4280 4282
f 4281 4282 4283
f 4283 4282 4284
f 4283 4284 4259
f 4259 4284 4285
f 4259 4285 4260
f 4286 4287 4288
f 4288 4287 4289
f 4288 4289 4290
f 4290 4289 4291
f 4290 4291 4292
f 4292 4291 4293
f 4292 4293 4294
f 4294 4293 4295
f 4294 4295 4296
f 4296 4295 4297
f 4296 4297 4298
f 4298 4297 4299
f 4298 4299 4272
f 4272 4299 4300
f 4272 4300 4273
f 4301 4302 4303
f 4303 4302 4304
f 4303 4304 4305
f 4305 4304 4306
f 4305 4306 4307
f 4307 4306 4308
f 4307 4308 4309
f 4309 4308 4310
f 4309 4310 4311
f 4311 4310 4312
f 4311 4312 4313
f 4313 4312 4314
f 4313 4314 4315
f 4315 4314 4316
f 4315 4316 4317
f 4317 4316 4318
f 4317 4318 4319
f 4319 4318 4320
f 4319 4320 4321
f 4321 4320 4322
f 4321 4322 4323
f 4323 4322 4324
f 4323 4324 4325
f 4325 4324 4326
f 4325 4326 4327
f 4327 4326 4328
f 4327 4328 4329
f 4329 4328 4330
f 4329 4330 4331
f 4331 4330 4332
f 4331 4332 4333
f 4333 4332 4334
f 4333 4334 4335
f 4335 4334 4336
f 4335 4336 4337
f 4337 4336 4338
f 4337 4338 4339
f 4339 4338 4340
f 4339 4340 4341
f 4341 4340 4342
f 4341 4342 4343
f 4343 4342 4344
f 4343 4344 4345
f 4345 4344 4346
f 4345 4346 4347
f 4347 4346 4348
f 4347 4348 4349
f 4349 4348 4350
f 4349 4350 4351
f 4351 4350 4352
f 4351 4352 4353
f 4353 4352 4354
f 4353 4354 4355
f 4355 4354 4356
f 4355 4356 4357
f 4357 4356 4358
f 4357 4358 4359
f 4359 4358 4360
f 4359 4360 4361
f 4361 4360 4362
f 4361 4362 4363
f 4363 4362 4364
f 4363 4364 4365
f 4365 4364 4366
f 4365 4366 4367
f 4367 4366 4368
f 4367 4368 4369
f 4369 4368 4370
f 4369 4370 4371
f 4371 4370 4372
f 4371 4372 4373
f 4373 4372 4374
f 4373 4374 4375
f 4375 4374 4376
f 4375 4376 4377
f 4377 4376 4378
f 4377 4378 4379
f 4379 4378 4380
f 4379 4380 4381
f 4381 4380 4382
f 4381 4382 4383
f 4383 4382 4384
f 4383 4384 4385
f 4385 4384 4386
f 4385 4386 4387
f 4387 4386 4388
f 4387 4388 4389
f 4387 4389 4286
f 4286 4389 4390
f 4286 4390 4287
f 4391 4392 4393
f 4393 4392 4394
f 4393 4394 4395
f 4395 4394 4396
f 4395 4396 4397
f 4397 4396 4398
f 4397 4398 4399
f 4399 4398 4400
f 4399 4400 4401
f 4401 4400 4402
f 4401 4402 4403
f 4403 4402 4404
f 4403 4404 4405
f 4405 4404 4406
f 4405 4406 4407
f 4407 4406 4408
f 4407 4408 4409
f 4409 4408 4410
f 4409 4410 4411
f 4411 4410 4412
f 4411 4412 4413
f 4413 4412 4414
f 4413 4414 4415
f 4415 4414 4416
f 4415 4416 4417
f 4417 4416 4418
f 4417 4418 4419
f 4419 4418 4420
f 4419 4420 4421
f 4421 4420 4422
f 4421 4422 4423
f 4423 4422 4424
f 4423 4424 4425
f 4425 4424 4426
f 4425 4426 4427
f 4427 4426 4428
f 4427 4428 4429
f 4429 4428 4430
f 4429 4430 4431
f 4431 4430 4432
f 4431 4432 4433
f 4433 4432 4434
f 4433 4434 4435
f 4435 4434 4436
f 4435 4436 4437
f 4437 4436 4438
f 4437 4438 4439
f 4439 4438 4440
f 4439 4440 4441
f 4441 4440 4442
f 4441 4442 4443
f 4443 4442 4444
f 4443 4444 4445
f 4445 4444 4446
f 4445 4446 4447
f 4447 4446 4448
f 4447 4448 4449
f 4449 4448 4450
f 4449 4450 4451
f 4451 4450 4452
f 4451 4452 4453
f 4453 4452 4454
f 4453 4454 4455
f 4455 4454 4456
f 4455 4456 4457
f 4457 4456 4458
f 4457 4458 4459
f 4459 4458 4460
f 4459 4460 4461
f 4461 4460 4462
f 4461 4462 4463
f 4463 4462 4464
f 4463 4464 4465
f 4465 4464 4466
f 4465 4466 4467
f 4467 4466 4468
f 4467 4468 4469
f 4469 4468 4470
f 4469 4470 4471
f 4471 4470 4472
f 4471 4472 4473
f 4473 4472 4474
f 4473 4474 4475
f 4475 4474 4476
f 4475 4476 4477
f 4477 4476 4478
f 4477 4478 4479
f 4479 4478 4480
f 4479 4480 4481
f 4481 4480 4482
f 4481 4482 4483
f 4483 4482 4484
f 4483 4484 4485
f 4485 4484 4486
f 4485 4486 4487
f 4487 4486 4488
f 4487 4488 4489
f 4489 4488 4490
f 4489 4490 4491
f 4491 4490 4492
f 4491 4492 4493
f 4493 4492 4494
f 4493 4494 4495
f 4495 4494 4496
f 4495 4496 4497
f 4497 4496 4498
f 4497 4498 4499
f 4499 4498 4500
f 4499 4500 4501
f 4501 4500 4502
f 4501 4502 4503
f 4503 4502 4504
f 4503 4504 4505
f 4505 4504 4506
f 4505 4506 4507
f 4507 4506 4508
f 4507 4508 4509
f 4509 4508 4510
f 4509 4510 4511
f 4511 4510 4512
f 4511 4512 4513
f 4513 4512 4514
f 4513 4514 4515
f 4515 4514 4516
f 4515 4516 4517
f 4517 4516 4518
f 4517 4518 4519
f 4519 4518 4520
f 4519 4520 4521
f 4521 4520 4522
f 4521 4522 4523
f 4523 4522 4524
f 4523 4524 4525
f 4525 4524 4526
f 4525 4526 4527
f 4527 4526 4528
f 4527 4528 4529
f 4529 4528 4530
f 4529 4530 4531
f 4531 4530 4532
f 4531 4532 4533
f 4533 4532 4534
f 4533 4534 4535
f 4535 4534 4536
f 4535 4536 4537
f 4537 4536 4538
f 4537 4538 4539
f 4539 4538 4540
f 4539 4540 4541
f 4541 4540 4542
f 4541 4542 4543
f 4543 4542 4544
f 4543 4544 4545
f 4545 4544 4546
f 4545 4546 4547
f 4547 4546 4548
f 4547 4548 4549
f 4549 4548 4550
f 4549 4550 4551
f 4551 4550 4552
f 4551 4552 4553
f 4553 4552 4554
f 4553 4554 4555
f 4555 4554 4556
f 4555 4556 4557
f 4557 4556 4558
f 4557 4558 4559
f 4559 4558 4560
f 4559 4560 4561
f 4561 4560 4562
f 4561 4562 4563
f 4563 4562 4564
f 4563 4564 4565
f 4565 4564 4566
f 4565 4566 4567
f 4567 4566 4568
f 4567 4568 4569
f 4569 4568 4570
f 4569 4570 4571
f 4571 4570 4572
f 4571 4572 4573
f 4573 4572 4574
f 4573 4574 4575
f 4575 4574 4576
f 4575 4576 4577
f 4577 4576 4578
f 4577 4578 4579
f 4579 4578 4580
f 4579 4580 4581
f 4581 4580 4582
f 4581 4582 4583
f 4583 4582 4584
f 4583 4584 4585
f 4585 4584 4586
f 4585 4586 4587
f 4587 4586 4588
f 4587 4588 4589
f 4589 4588 4590
f 4589 4590 4591
f 4591 4590 4592
f 4591 4592 4593
f 4593 4592 4594
f 4593 4594 4595
f 4595 4594 4596
f 4595 4596 4597
f 4597 4596 4598
f 4597 4598 4599
f 4599 4598 4600
f 4599 4600 4601
f 4601 4600 4602
f 4601 4602 4603
f 4603 4602 4604
f 4603 4604 4605
f 4605 4604 4606
f 4605 4606 4607
f 4607 4606 4608
f 4607 4608 4609
f 4609 4608 4610
f 4609 4610 4611
f 4611 4610 4612
f 4611 4612 4613
f 4613 4612 4614
f 4613 4614 4615
f 4615 4614 4616
f 4615 4616 4617
f 4617 4616 4618
f 4617 4618 4619
f 4619 4618 4620
f 4619 4620 4621
f 4621 4620 4622
f 4621 4622 4623
f 4623 4622 4624
f 4623 4624 4625
f 4625 4624 4626
f 4625 4626 4627
f 4627 4626 4628
f 4627 4628 4629
f 4629 4628 4630
f 4629 4630 4631
f 4631 4630 4632
f 4631 4632 4633
f 4633 4632 4634
f 4633 4634 4635
f 4635 4634 4636
f 4635 4636 4637
f 4637 4636 4638
f 4637 4638 4639
f 4639 4638 4640
f 4639 4640 4641
f 4641 4640 4642
f 4641 4642 4643
f 4643 4642 4644
f 4643 4644 4645
f 4645 4644 4646
f 4645 4646 4301
f 4301 4646 4302
f 4647 4648 4649
f 4649 4648 4650
f 4649 4650 4651
f 4651 4650 4652
f 4651 4652 4653
f 4653 4652 4654
f 4653 4654 4655
f 4655 4654 4656
f 4655 4656 4657
f 4657 4656 4658
f 4657 4658 4659
f 4659 4658 4660
f 4659 4660 4661
f 4661 4660 4662
f 4661 4662 4663
f 4663 4662 4664
f 4663 4664 4665
f 4665 4664 4666
f 4665 4666 4667
f 4667 4666 4668
f 4667 4668 4669
f 4669 4668 4670
f 4669 4670 4671
f 4671 4670 4672
f 4671 4672 4673
f 4673 4672 4674
f 4673 4674 4675
f 4675 4674 4676
f 4675 4676 4677
f 4677 4676 4678
f 4677 4678 4679
f 4679 4678 4680
f 4679 4680 4681
f 4681 4680 4682
f 4681 4682 4683
f 4683 4682 4684
f 4683 4684 4685
f 4685 4684 4686
f 4685 4686 4687
f 4687 4686 4688
f 4687 4688 4689
f 4689 4688 4690
f 4689 4690 4691
f 4691 4690 4692
f 4691 4692 4693
f 4693 4692 4694
f 4693 4694 4695
f 4695 4694 4696
f 4695 4696 4697
f 4697 4696 4698
f 4697 4698 4699
f 4699 4698 4700
f 4699 4700 4701
f 4701 4700 4702
f 4701 4702 4703
f 4703 4702 4704
f 4703 4704 4705
f 4705 4704 4706
f 4705 4706 4707
f 4707 4706 4708
f 4707 4708 4709
f 4709 4708 4710
f 4709 4710 4711
f 4711 4710 4712
f 4711 4712 4713
f 4713 4712 4714
f 4713 4714 4715
f 4715 4714 4716
f 4715 4716 4717
f 4717 4716 4718
f 4717 4718 4719
f 4719 4718 4720
f 4719 4720 4721
f 4721 4720 4722
f 4721 4722 4723
f 4723 4722 4724
f 4723 4724 4725
f 4725 4724 4726
f 4725 4726 4727
f 4727 4726 4728
f 4727 4728 4729
f 4729 4728 4730
f 4729 4730 4731
f 4731 4730 4732
f 4731 4732 4733
f 4733 4732 4734
f 4733 4734 4735
f 4735 4734 4736
f 4735 4736 4737
f 4737 4736 4738
f 4737 4738 4739
f 4739 4738 4740
f 4739 4740 4741
f 4741 4740 4742
f 4741 4742 4743
f 4743 4742 4744
f 4743 4744 4745
f 4745 4744 4746
f 4745 4746 4747
f 4747 4746 4748
f 4747 4748 4749
f 4749 4748 4750
f 4749 4750 4751
f 4751 4750 4752
f 4751 4752 4753
f 4753 4752 4754
f 4753 4754 4755
f 4755 4754 4756
f 4755 4756 4757
f 4757 4756 4758
f 4757 4758 4759
f 4759 4758 4760
f 4759 4760 4761
f 4761 4760 4762
f 4761 4762 4763
f 4763 4762 4764
f 4763 4764 4765
f 4765 4764 4766
f 4765 4766 4767
f 4767 4766 4768
f 4767 4768 4769
f 4769 4768 4770
f 4769 4770 4771
f 4771 4770 4772
f 4771 4772 4773
f 4773 4772 4774
f 4773 4774 4775
f 4775 4774 4776
f 4775 4776 4777
f 4777 4776 4778
f 4777 4778 4779
f 4779 4778 4780
f 4779 4780 4781
f 4781 4780 4782
f 4781 4782 4783
f 4783 4782 4784
f 4783 4784 4785
f 4785 4784 4786
f 4785 4786 4787
f 4787 4786 4788
f 4787 4788 4789
f 4789 4788 4790
f 4789 4790 4791
f 4791 4790 4792
f 4791 4792 4793
f 4793 4792 4794
f 4793 4794 4795
f 4795 4794 4796
f 4795 4796 4797
f 4797 4796 4798
f 4797 4798 4799
f 4799 4798 4800
f 4799 4800 4801
f 4801 4800 4802
f 4801 4802 4803
f 4803 4802 4804
f 4803 4804 4805
f 4805 4804 4806
f 4805 4806 4807
f 4807 4806 4808
f 4807 4808 4809
f 4809 4808 4810
f 4809 4810 4811
f 4811 4810 4812
f 4811 4812 4813
f 4813 4812 4814
f 4813 4814 4815
f 4815 4814 4816
f 4815 4816 4817
f 4817 4816 4818
f 4817 4818 4819
f 4819 4818 4820
f 4819 4820 4821
f 4821 4820 4822
f 4821 4822 4823
f 4823 4822 4824
f 4823 4824 4825
f 4825 4824 4826
f 4825 4826 4827
f 4827 4826 4828
f 4827 4828 4829
f 4829 4828 4830
f 4829 4830 4831
f 4831 4830 4832
f 4831 4832 4833
f 4833 4832 4834
f 4833 4834 4835
f 4835 4834 4836
f 4835 4836 4837
f 4837 4836 4838
f 4837 4838 4839
f 4839 4838 4840
f 4839 4840 4841
f 4841 4840 4842
f 4841 4842 4843
f 4843 4842 4844
f 4843 4844 4845
f 4845 4844 4846
f 4845 4846 4847
f 4847 4846 4848
f 4847 4848 4849
f 4849 4848 4850
f 4849 4850 4851
f 4851 4850 4852
f 4851 4852 4853
f 4853 4852 4854
f 4853 4854 4855
f 4855 4854 4856
f 4855 4856 4857
f 4857 4856 4858
f 4857 4858 4859
f 4859 4858 4860
f 4859 4860 4861
f 4861 4860 4862
f 4861 4862 4863
f 4863 4862 4864
f 4863 4864 4865
f 4865 4864 4866
f 4865 4866 4867
f 4867 4866 4868
f 4867 4868 4869
f 4869 4868 4870
f 4869 4870 4871
f 4871 4870 4872
f 4871 4872 4873
f 4873 4872 4874
f 4873 4874 4875
f 4875 4874 4876
f 4875 4876 4877
f 4877 4876 4878
f 4877 4878 4879
f 4879 4878 4880
f 4879 4880 4881
f 4881 4880 4882
f 4881 4882 4883
f 4883 4882 4884
f 4883 4884 4885
f 4885 4884 4886
f 4885 4886 4887
f 4887 4886 4888
f 4887 4888 4889
f 4889 4888 4890
f 4889 4890 4891
f 4891 4890 4892
f 4891 4892 4893
f 4893 4892 4894
f 4893 4894 4895
f 4895 4894 4896
f 4895 4896 4897
f 4897 4896 4898
f 4897 4898 4899
f 4899 4898 4900
f 4899 4900 4901
f 4901 4900 4902
f 4901 4902 4391
f 4391 4902 4392
f 4903 4904 4905
f 4905 4904 4906
f 4905 4906 4907
f 4908 4909 4906
f 4906 4909 4910
f 4906 4910 4907
f 4911 4912 4913
f 4913 4912 4914
f 4913 4914 4915
f 4915 4914 4916
f 4915 4916 4917
f 4917 4916 4918
f 4917 4918 4919
f 4919 4918 4920
f 4919 4920 4921
f 4921 4920 4922
f 4921 4922 4923
f 4923 4922 4924
f 4923 4924 4925
f 4925 4924 4926
f 4925 4926 4927
f 4927 4926 4928
f 4927 4928 4929
f 4929 4928 4930
f 4929 4930 4931
f 4931 4930 4932
f 4931 4932 4933
f 4933 4932 4934
f 4933 4934 4935
f 4935 4934 4936
f 4935 4936 4937
f 4937 4936 4938
f 4937 4938 4939
f 4939 4938 4940
f 4939 4940 4941
f 4941 4940 4942
f 4941 4942 4943
f 4943 4942 4944
f 4943 4944 4945
f 4945 4944 4946
f 4945 4946 4947
f 4947 4946 4948
f 4947 4948 4949
f 4949 4948 4950
f 4949 4950 4951
f 4951 4950 4952
f 4951 4952 4953
f 4953 4952 4954
f 4953 4954 4955
f 4955 4954 4956
f 4955 4956 4957
f 4957 4956 4958
f 4957 4958 4959
f 4959 4958 4960
f 4959 4960 4961
f 4961 4960 4962
f 4961 4962 4963
f 4963 4962 4964
f 4963 4964 4965
f 4965 4964 4966
f 4965 4966 4967
f 4967 4966 4968
f 4967 4968 4969
f 4969 4968 4970
f 4969 4970 4971
f 4971 4970 4972
f 4971 4972 4973
f 4973 4972 4974
f 4973 4974 4975
f 4975 4974 4976
f 4975 4976 4977
f 4977 4976 4978
f 4977 4978 4979
f 4979 4978 4980
f 4979 4980 4981
f 4981 4980 4982
f 4981 4982 4983
f 4983 4982 4984
f 4983 4984 4985
f 4985 4984 4986
f 4985 4986 4987
f 4987 4986 4988
f 4987 4988 4989
f 4989 4988 4990
f 4989 4990 4991
f 4991 4990 4992
f 4991 4992 4993
f 4993 4992 4994
f 4993 4994 4995
f 4995 4994 4996
f 4995 4996 4997
f 4997 4996 4998
f 4997 4998 4999
f 4999 4998 5000
f 4999 5000 5001
f 5001 5000 5002
f 5001 5002 5003
f 5003 5002 5004
f 5003 5004 5005
f 5005 5004 5006
f 5005 5006 5007
f 5007 5006 5008
f 5007 5008 5009
f 5009 5008 5010
f 5009 5010 5011
f 5011 5010 5012
f 5011 5012 5013
f 5013 5012 5014
f 5013 5014 5015
f 5015 5014 5016
f 5015 5016 5017
f 5017 5016 5018
f 5017 5018 5019
f 5019 5018 5020
f 5019 5020 5021
f 5021 5020 5022
f 5021 5022 5023
f 5023 5022 5024
f 5023 5024 5025
f 5025 5024 5026
f 5025 5026 5027
f 5027 5026 5028
f 5027 5028 5029
f 5029 5028 5030
f 5029 5030 5031
f 5031 5030 5032
f 5031 5032 5033
f 5033 5032 5034
f 5033 5034 5035
f 5035 5034 5036
f 5035 5036 5037
f 5037 5036 5038
f 5037 5038 5039
f 5039 5038 5040
f 5039 5040 5041
f 5041 5040 5042
f 5041 5042 5043
f 5043 5042 5044
f 5043 5044 5045
f 5045 5044 5046
f 5045 5046 5047
f 5047 5046 5048
f 5047 5048 5049
f 5049 5048 5050
f 5049 5050 5051
f 5051 5050 5052
f 5051 5052 5053
f 5053 5052 5054
f 5053 5054 5055
f 5055 5054 5056
f 5055 5056 5057
f 5057 5056 5058
f 5057 5058 5059
f 5059 5058 5060
f 5059 5060 5061
f 5061 5060 5062
f 5061 5062 5063
f 5063 5062 5064
f 5063 5064 5065
f 5065 5064 5066
f 5065 5066 5067
f 5067 5066 5068
f 5067 5068 5069
f 5069 5068 5070
f 5069 5070 5071
f 5071 5070 5072
f 5071 5072 5073
f 5073 5072 5074
f 5073 5074 5075
f 5075 5074 5076
f 5075 5076 5077
f 5077 5076 5078
f 5077 5078 5079
f 5079 5078 5080
f 5079 5080 5081
f 5081 5080 5082
f 5081 5082 5083
f 5083 5082 5084
f 5083 5084 5085
f 5085 5084 5086
f 5085 5086 5087
f 5087 5086 5088
f 5087 5088 5089
f 5089 5088 5090
f 5089 5090 5091
f 5091 5090 5092
f 5091 5092 5093
f 5093 5092 5094
f 5093 5094 5095
f 5095 5094 5096
f 5095 5096 5097
f 5097 5096 5098
f 5097 5098 5099
f 5099 5098 5100
f 5099 5100 5101
f 5101 5100 5102
f 5101 5102 5103
f 5103 5102 5104
f 5103 5104 5105
f 5105 5104 5106
f 5105 5106 5107
f 5107 5106 5108
f 5107 5108 5109
f 5109 5108 5110
f 5109 5110 5111
f 5111 5110 5112
f 5111 5112 5113
f 5113 5112 5114
f 5113 5114 5115
f 5115 5114 5116
f 5115 5116 5117
f 5117 5116 5118
f 5117 5118 5119
f 5119 5118 5120
f 5119 5120 5121
f 5121 5120 5122
f 5121 5122 5123
f 5123 5122 5124
f 5123 5124 5125
f 5125 5124 5126
f 5125 5126 5127
f 5127 5126 5128
f 5127 5128 5129
f 5129 5128 5130
f 5129 5130 5131
f 5131 5130 5132
f 5131 5132 5133
f 5133 5132 5134
f 5133 5134 5135
f 5135 5134 5136
f 5135 5136 5137
f 5137 5136 5138
f 5137 5138 5139
f 5139 5138 5140
f 5139 5140 5141
f 5141 5140 5142
f 5141 5142 5143
f 5143 5142 5144
f 5143 5144 5145
f 5145 5144 5146
f 5145 5146 5147
f 5147 5146 5148
f 5147 5148 5149
f 5149 5148 5150
f 5149 5150 5151
f 5151 5150 5152
f 5151 5152 5153
f 5153 5152 5154
f 5153 5154 5155
f 5155 5154 5156
f 5155 5156 5157
f 5157 5156 5158
f 5157 5158 5159
f 5159 5158 5160
f 5159 5160 5161
f 5161 5160 5162
f 5161 5162 5163
f 5163 5162 5164
f 5163 5164 5165
f 5165 5164 5166
f 5165 5166 4647
f 4647 5166 4648
f 4913 5167 4911
f 4911 5167 5168
f 4911 5168 4908
f 4908 5168 5169
f 4908 5169 4909
f 5170 4221 4258
f 5171 5170 5172
f 5172 5170 4258
f 5172 4258 5173
f 5173 4258 5174
f 5175 5176 5177
f 5178 5179 5180
f 5181 5182 5183
f 5184 5185 5186
f 5187 5188 5189
f 5190 5191 5192
f 5193 5194 5195
f 5196 5197 5198
f 5199 5200 5201
f 5202 5203 5204
f 5205 5206 5207
f 5208 5209 5210
f 5211 5212 5213
f 5214 5215 5216
f 5217 5218 5219
f 5220 5221 5222
f 5223 5224 5225
f 5226 5227 5228
f 5229 5230 5231
f 5232 5233 5234
f 5235 5236 5237
f 5238 5239 5240
f 5241 5242 5243
f 5244 5245 5246
f 5247 5248 5249
f 5250 5251 5252
f 5253 5254 5255
f 5256 5257 5258
f 5259 5260 5261
f 5262 5263 5264
f 5265 5266 5267
f 5268 5269 5270
f 5271 5272 5273
f 5274 5275 5276
f 5277 5278 5279
f 5280 5281 5282
f 5283 5284 5285
f 5286 5287 5288
f 5289 5290 5291
f 5292 5293 5294
f 5295 5296 5297
f 5298 5299 5300
f 5301 5302 5303
f 5304 5305 5306
f 5307 5308 5309
f 5310 5311 5312
f 5313 5314 5315
f 5316 5317 5318
f 5319 5320 5321
f 5322 5323 5324
f 5325 5326 5327
f 5328 5329 5330
f 5331 5332 5333
f 5334 5335 5336
f 5337 5338 5339
f 5340 5341 5342
f 5343 5344 5345
f 5346 5347 5348
f 5349 5350 5351
f 5352 5353 5354
f 5355 5356 5357
f 5358 5359 5360
f 5361 5362 5363
f 5364 5365 5366
f 5367 5368 5369
f 5370 5371 5372
f 5373 5374 5375
f 5376 5377 5378
f 5379 5380 5381
f 5382 5383 5384
f 5385 5386 5387
f 5388 5389 5390
f 5391 5392 5393
f 5394 5395 5396
f 5397 5398 5399
f 5400 5401 5402
f 5403 5404 5405
f 5406 5407 5408
f 5409 5410 5411
f 5412 5413 5414
f 5415 5416 5417
f 5418 5419 5420
f 5421 5422 5423
f 5424 5425 5426
f 5427 5428 5429
f 5430 5431 5432
f 5433 5434 5435
f 5436 5437 5438
f 5439 5440 5441
f 5442 5443 5444
f 5445 5446 5447
f 5448 5449 5450
f 5451 5452 5453
f 5454 5455 5456
f 5457 5458 5459
f 5460 5461 5462
f 5463 5464 5465
f 5466 5467 5468
f 5469 5470 5471
f 5472 5473 5474
f 5475 5476 5477
f 5478 5479 5480
f 5481 5482 5483
f 5484 5485 5486
f 5487 5488 5489
f 5490 5491 5492
f 5493 5494 5495
f 5496 5497 5498
f 5499 5500 5501
f 5502 5503 5504
f 5505 5506 5507
f 5508 5509 5510
f 5511 5512 5513
f 5514 5515 5516
f 5517 5518 5519
f 5520 5521 5522
f 5523 5524 5525
f 5526 5527 5528
f 5529 5530 5531
f 5532 5533 5534
f 5535 5536 5537
f 5536 5535 5538
f 5538 5535 5539
f 5538 5539 5540
f 5541 5542 5537
f 5537 5542 5543
f 5537 5543 5535
f 5544 5545 5541
f 5541 5545 5546
f 5541 5546 5542
f 5547 5548 5549
f 5549 5548 5550
f 5549 5550 5534
f 5534 5550 5551
f 5534 5551 5532
f 5552 4914 5547
f 5547 4914 5553
f 5547 5553 5548
f 4224 5554 4222
f 4222 5554 5555
f 4222 5555 5556
f 5556 5555 5557
f 5556 5557 5558
f 5558 5557 5559
f 5558 5559 5560
f 5560 5559 5561
f 5561 5559 5562
f 5561 5562 5563
f 5563 5562 5564
f 5563 5564 5565
f 5565 5564 5566
f 5565 5566 5567
f 5567 5566 5568
f 5568 5566 5569
f 5568 5569 5570
f 5570 5569 5571
f 5570 5571 5572
f 5572 5571 5573
f 5572 5573 5574
f 5574 5573 5575
f 5574 5575 5576
f 5576 5575 5577
f 5577 5575 5578
f 5577 5578 5579
f 5579 5578 5580
f 5579 5580 5581
f 5582 5583 5584
f 5584 5585 5582
f 5582 5585 5586
f 5582 5586 5580
f 5580 5586 5587
f 5580 5587 5581
f 5529 5588 5589
f 5589 5588 5590
f 5589 5590 5583
f 5583 5590 5591
f 5583 5591 5584
f 5529 5531 5592
f 5592 5531 5593
f 5592 5593 5594
f 5594 5593 5595
f 5594 5595 5596
f 5596 5595 5597
f 5596 5597 5598
f 5598 5597 5599
f 5599 5597 5600
f 5599 5600 5601
f 5601 5600 5602
f 5601 5602 5603
f 5603 5602 5604
f 5604 5602 5605
f 5604 5605 5606
f 5606 5605 5173
f 5606 5173 5174
f 5530 5529 5607
f 5607 5529 5589
f 5607 5589 5608
f 5608 5589 5583
f 5608 5583 5609
f 5609 5583 5582
f 5609 5582 5610
f 5610 5582 5580
f 5610 5580 5611
f 5611 5580 5578
f 5611 5578 5612
f 5612 5578 5575
f 5612 5575 5613
f 5613 5575 5573
f 5613 5573 5614
f 5614 5573 5571
f 5614 5571 5615
f 5615 5571 5569
f 5615 5569 5616
f 5616 5569 5566
f 5616 5566 5617
f 5617 5566 5564
f 5617 5564 5618
f 5618 5564 5562
f 5618 5562 5619
f 5619 5562 5559
f 5619 5559 5620
f 5620 5559 5557
f 5620 5557 5621
f 5621 5557 5555
f 5621 5555 5622
f 5622 5555 5554
f 5622 5554 5623
f 5528 5527 5624
f 5525 5524 5625
f 5522 5521 5626
f 5519 5518 5627
f 5516 5515 5628
f 5513 5512 5629
f 5510 5509 5630
f 5507 5506 5631
f 5504 5503 5632
f 5501 5500 5633
f 5498 5497 5634
f 5495 5494 5635
f 5492 5491 5636
f 5489 5488 5637
f 5486 5485 5638
f 5483 5482 5639
f 5480 5479 5640
f 5477 5476 5641
f 5474 5473 5642
f 5471 5470 5643
f 5468 5467 5644
f 5465 5464 5645
f 5462 5461 5646
f 5459 5458 5647
f 5456 5455 5648
f 5453 5452 5649
f 5450 5449 5650
f 5447 5446 5651
f 5444 5443 5652
f 5441 5440 5653
f 5438 5437 5654
f 5435 5434 5655
f 5432 5431 5656
f 5429 5428 5657
f 5426 5425 5658
f 5423 5422 5659
f 5420 5419 5660
f 5417 5416 5661
f 5414 5413 5662
f 5411 5410 5663
f 5408 5407 5664
f 5405 5404 5665
f 5402 5401 5666
f 5399 5398 5667
f 5396 5395 5668
f 5393 5392 5669
f 5390 5389 5670
f 5387 5386 5671
f 5384 5383 5672
f 5381 5380 5673
f 5378 5377 5674
f 5375 5374 5675
f 5372 5371 5676
f 5369 5368 5677
f 5366 5365 5678
f 5363 5362 5679
f 5360 5359 5680
f 5357 5356 5681
f 5354 5353 5682
f 5351 5350 5683
f 5348 5347 5684
f 5345 5344 5685
f 5342 5341 5686
f 5339 5338 5687
f 5336 5335 5688
f 5333 5332 5689
f 5330 5329 5690
f 5327 5326 5691
f 5324 5323 5692
f 5321 5320 5693
f 5318 5317 5694
f 5315 5314 5695
f 5312 5311 5696
f 5309 5308 5697
f 5306 5305 5698
f 5303 5302 5699
f 5300 5299 5700
f 5297 5296 5701
f 5294 5293 5702
f 5291 5290 5703
f 5288 5287 5704
f 5285 5284 5705
f 5282 5281 5706
f 5279 5278 5707
f 5276 5275 5708
f 5273 5272 5709
f 5270 5269 5710
f 5267 5266 5711
f 5264 5263 5712
f 5261 5260 5713
f 5258 5257 5714
f 5255 5254 5715
f 5252 5251 5716
f 5249 5248 5717
f 5246 5245 5718
f 5243 5242 5719
f 5240 5239 5720
f 5237 5236 5721
f 5234 5233 5722
f 5231 5230 5723
f 5228 5227 5724
f 5225 5224 5725
f 5222 5221 5726
f 5219 5218 5727
f 5216 5215 5728
f 5213 5212 5729
f 5210 5209 5730
f 5207 5206 5731
f 5204 5203 5732
f 5201 5200 5733
f 5198 5197 5734
f 5195 5194 5735
f 5192 5191 5736
f 5189 5188 5737
f 5186 5185 5738
f 5183 5182 5739
f 5180 5179 5740
f 5177 5176 5741
f 5532 5545 5533
f 5533 5545 5544
f 5533 5544 5534
f 5534 5544 5742
f 5534 5742 5549
f 5549 5742 5743
f 5549 5743 5547
f 5547 5743 5744
f 5547 5744 5552
f 5552 5744 5745
f 5552 5745 5746
f 4224 4225 5554
f 5554 4225 5526
f 5554 5526 5623
f 5623 5526 5528
f 4229 5527 4228
f 4228 5527 5526
f 4228 5526 4226
f 4226 5526 4225
f 4229 4231 5527
f 5527 4231 5523
f 5527 5523 5624
f 5624 5523 5525
f 4235 5524 4234
f 4234 5524 5523
f 4234 5523 4232
f 4232 5523 4231
f 4235 4237 5524
f 5524 4237 5520
f 5524 5520 5625
f 5625 5520 5522
f 4241 5521 4240
f 4240 5521 5520
f 4240 5520 4238
f 4238 5520 4237
f 4241 4243 5521
f 5521 4243 5517
f 5521 5517 5626
f 5626 5517 5519
f 4247 5518 4246
f 4246 5518 5517
f 4246 5517 4244
f 4244 5517 4243
f 4247 4249 5518
f 5518 4249 5514
f 5518 5514 5627
f 5627 5514 5516
f 4253 5515 4252
f 4252 5515 5514
f 4252 5514 4250
f 4250 5514 4249
f 4253 4255 5515
f 5515 4255 5511
f 5515 5511 5628
f 5628 5511 5513
f 4219 5512 4220
f 4220 5512 5511
f 4220 5511 4256
f 4256 5511 4255
f 4219 4271 5512
f 5512 4271 5508
f 5512 5508 5629
f 5629 5508 5510
f 4266 5509 4268
f 4268 5509 5508
f 4268 5508 4270
f 4270 5508 4271
f 4266 4265 5509
f 5509 4265 5505
f 5509 5505 5630
f 5630 5505 5507
f 4260 5506 4262
f 4262 5506 5505
f 4262 5505 4263
f 4263 5505 4265
f 4260 4285 5506
f 5506 4285 5502
f 5506 5502 5631
f 5631 5502 5504
f 4280 5503 4282
f 4282 5503 5502
f 4282 5502 4284
f 4284 5502 4285
f 4280 4278 5503
f 5503 4278 5499
f 5503 5499 5632
f 5632 5499 5501
f 4273 5500 4275
f 4275 5500 5499
f 4275 5499 4276
f 4276 5499 4278
f 4273 4300 5500
f 5500 4300 5496
f 5500 5496 5633
f 5633 5496 5498
f 4295 5497 4297
f 4297 5497 5496
f 4297 5496 4299
f 4299 5496 4300
f 4295 4293 5497
f 5497 4293 5493
f 5497 5493 5634
f 5634 5493 5495
f 4287 5494 4289
f 4289 5494 5493
f 4289 5493 4291
f 4291 5493 4293
f 4287 4390 5494
f 5494 4390 5490
f 5494 5490 5635
f 5635 5490 5492
f 4386 5491 4388
f 4388 5491 5490
f 4388 5490 4389
f 4389 5490 4390
f 4386 4384 5491
f 5491 4384 5487
f 5491 5487 5636
f 5636 5487 5489
f 4378 5488 4380
f 4380 5488 5487
f 4380 5487 4382
f 4382 5487 4384
f 4378 4376 5488
f 5488 4376 5484
f 5488 5484 5637
f 5637 5484 5486
f 4370 5485 4372
f 4372 5485 5484
f 4372 5484 4374
f 4374 5484 4376
f 4370 4368 5485
f 5485 4368 5481
f 5485 5481 5638
f 5638 5481 5483
f 4362 5482 4364
f 4364 5482 5481
f 4364 5481 4366
f 4366 5481 4368
f 4362 4360 5482
f 5482 4360 5478
f 5482 5478 5639
f 5639 5478 5480
f 4354 5479 4356
f 4356 5479 5478
f 4356 5478 4358
f 4358 5478 4360
f 4354 4352 5479
f 5479 4352 5475
f 5479 5475 5640
f 5640 5475 5477
f 4346 5476 4348
f 4348 5476 5475
f 4348 5475 4350
f 4350 5475 4352
f 4346 4344 5476
f 5476 4344 5472
f 5476 5472 5641
f 5641 5472 5474
f 4338 5473 4340
f 4340 5473 5472
f 4340 5472 4342
f 4342 5472 4344
f 4338 4336 5473
f 5473 4336 5469
f 5473 5469 5642
f 5642 5469 5471
f 4330 5470 4332
f 4332 5470 5469
f 4332 5469 4334
f 4334 5469 4336
f 4330 4328 5470
f 5470 4328 5466
f 5470 5466 5643
f 5643 5466 5468
f 4322 5467 4324
f 4324 5467 5466
f 4324 5466 4326
f 4326 5466 4328
f 4322 4320 5467
f 5467 4320 5463
f 5467 5463 5644
f 5644 5463 5465
f 4314 5464 4316
f 4316 5464 5463
f 4316 5463 4318
f 4318 5463 4320
f 4314 4312 5464
f 5464 4312 5460
f 5464 5460 5645
f 5645 5460 5462
f 4306 5461 4308
f 4308 5461 5460
f 4308 5460 4310
f 4310 5460 4312
f 4306 4304 5461
f 5461 4304 5457
f 5461 5457 5646
f 5646 5457 5459
f 4644 5458 4646
f 4646 5458 5457
f 4646 5457 4302
f 4302 5457 4304
f 4644 4642 5458
f 5458 4642 5454
f 5458 5454 5647
f 5647 5454 5456
f 4636 5455 4638
f 4638 5455 5454
f 4638 5454 4640
f 4640 5454 4642
f 4636 4634 5455
f 5455 4634 5451
f 5455 5451 5648
f 5648 5451 5453
f 4628 5452 4630
f 4630 5452 5451
f 4630 5451 4632
f 4632 5451 4634
f 4628 4626 5452
f 5452 4626 5448
f 5452 5448 5649
f 5649 5448 5450
f 4620 5449 4622
f 4622 5449 5448
f 4622 5448 4624
f 4624 5448 4626
f 4620 4618 5449
f 5449 4618 5445
f 5449 5445 5650
f 5650 5445 5447
f 4612 5446 4614
f 4614 5446 5445
f 4614 5445 4616
f 4616 5445 4618
f 4612 4610 5446
f 5446 4610 5442
f 5446 5442 5651
f 5651 5442 5444
f 4604 5443 4606
f 4606 5443 5442
f 4606 5442 4608
f 4608 5442 4610
f 4604 4602 5443
f 5443 4602 5439
f 5443 5439 5652
f 5652 5439 5441
f 4596 5440 4598
f 4598 5440 5439
f 4598 5439 4600
f 4600 5439 4602
f 4596 4594 5440
f 5440 4594 5436
f 5440 5436 5653
f 5653 5436 5438
f 4588 5437 4590
f 4590 5437 5436
f 4590 5436 4592
f 4592 5436 4594
f 4588 4586 5437
f 5437 4586 5433
f 5437 5433 5654
f 5654 5433 5435
f 4580 5434 4582
f 4582 5434 5433
f 4582 5433 4584
f 4584 5433 4586
f 4580 4578 5434
f 5434 4578 5430
f 5434 5430 5655
f 5655 5430 5432
f 4572 5431 4574
f 4574 5431 5430
f 4574 5430 4576
f 4576 5430 4578
f 4572 4570 5431
f 5431 4570 5427
f 5431 5427 5656
f 5656 5427 5429
f 4564 5428 4566
f 4566 5428 5427
f 4566 5427 4568
f 4568 5427 4570
f 4564 4562 5428
f 5428 4562 5424
f 5428 5424 5657
f 5657 5424 5426
f 4556 5425 4558
f 4558 5425 5424
f 4558 5424 4560
f 4560 5424 4562
f 4556 4554 5425
f 5425 4554 5421
f 5425 5421 5658
f 5658 5421 5423
f 4548 5422 4550
f 4550 5422 5421
f 4550 5421 4552
f 4552 5421 4554
f 4548 4546 5422
f 5422 4546 5418
f 5422 5418 5659
f 5659 5418 5420
f 4540 5419 4542
f 4542 5419 5418
f 4542 5418 4544
f 4544 5418 4546
f 4540 4538 5419
f 5419 4538 5415
f 5419 5415 5660
f 5660 5415 5417
f 4532 5416 4534
f 4534 5416 5415
f 4534 5415 4536
f 4536 5415 4538
f 4532 4530 5416
f 5416 4530 5412
f 5416 5412 5661
f 5661 5412 5414
f 4524 5413 4526
f 4526 5413 5412
f 4526 5412 4528
f 4528 5412 4530
f 4524 4522 5413
f 5413 4522 5409
f 5413 5409 5662
f 5662 5409 5411
f 4516 5410 4518
f 4518 5410 5409
f 4518 5409 4520
f 4520 5409 4522
f 4516 4514 5410
f 5410 4514 5406
f 5410 5406 5663
f 5663 5406 5408
f 4508 5407 4510
f 4510 5407 5406
f 4510 5406 4512
f 4512 5406 4514
f 4508 4506 5407
f 5407 4506 5403
f 5407 5403 5664
f 5664 5403 5405
f 4500 5404 4502
f 4502 5404 5403
f 4502 5403 4504
f 4504 5403 4506
f 4500 4498 5404
f 5404 4498 5400
f 5404 5400 5665
f 5665 5400 5402
f 4492 5401 4494
f 4494 5401 5400
f 4494 5400 4496
f 4496 5400 4498
f 4492 4490 5401
f 5401 4490 5397
f 5401 5397 5666
f 5666 5397 5399
f 4484 5398 4486
f 4486 5398 5397
f 4486 5397 4488
f 4488 5397 4490
f 4484 4482 5398
f 5398 4482 5394
f 5398 5394 5667
f 5667 5394 5396
f 4476 5395 4478
f 4478 5395 5394
f 4478 5394 4480
f 4480 5394 4482
f 4476 4474 5395
f 5395 4474 5391
f 5395 5391 5668
f 5668 5391 5393
f 4468 5392 4470
f 4470 5392 5391
f 4470 5391 4472
f 4472 5391 4474
f 4468 4466 5392
f 5392 4466 5388
f 5392 5388 5669
f 5669 5388 5390
f 4460 5389 4462
f 4462 5389 5388
f 4462 5388 4464
f 4464 5388 4466
f 4460 4458 5389
f 5389 4458 5385
f 5389 5385 5670
f 5670 5385 5387
f 4452 5386 4454
f 4454 5386 5385
f 4454 5385 4456
f 4456 5385 4458
f 4452 4450 5386
f 5386 4450 5382
f 5386 5382 5671
f 5671 5382 5384
f 4444 5383 4446
f 4446 5383 5382
f 4446 5382 4448
f 4448 5382 4450
f 4444 4442 5383
f 5383 4442 5379
f 5383 5379 5672
f 5672 5379 5381
f 4436 5380 4438
f 4438 5380 5379
f 4438 5379 4440
f 4440 5379 4442
f 4436 4434 5380
f 5380 4434 5376
f 5380 5376 5673
f 5673 5376 5378
f 4428 5377 4430
f 4430 5377 5376
f 4430 5376 4432
f 4432 5376 4434
f 4428 4426 5377
f 5377 4426 5373
f 5377 5373 5674
f 5674 5373 5375
f 4420 5374 4422
f 4422 5374 5373
f 4422 5373 4424
f 4424 5373 4426
f 4420 4418 5374
f 5374 4418 5370
f 5374 5370 5675
f 5675 5370 5372
f 4412 5371 4414
f 4414 5371 5370
f 4414 5370 4416
f 4416 5370 4418
f 4412 4410 5371
f 5371 4410 5367
f 5371 5367 5676
f 5676 5367 5369
f 4404 5368 4406
f 4406 5368 5367
f 4406 5367 4408
f 4408 5367 4410
f 4404 4402 5368
f 5368 4402 5364
f 5368 5364 5677
f 5677 5364 5366
f 4396 5365 4398
f 4398 5365 5364
f 4398 5364 4400
f 4400 5364 4402
f 4396 4394 5365
f 5365 4394 5361
f 5365 5361 5678
f 5678 5361 5363
f 4900 5362 4902
f 4902 5362 5361
f 4902 5361 4392
f 4392 5361 4394
f 4900 4898 5362
f 5362 4898 5358
f 5362 5358 5679
f 5679 5358 5360
f 4892 5359 4894
f 4894 5359 5358
f 4894 5358 4896
f 4896 5358 4898
f 4892 4890 5359
f 5359 4890 5355
f 5359 5355 5680
f 5680 5355 5357
f 4884 5356 4886
f 4886 5356 5355
f 4886 5355 4888
f 4888 5355 4890
f 4884 4882 5356
f 5356 4882 5352
f 5356 5352 5681
f 5681 5352 5354
f 4876 5353 4878
f 4878 5353 5352
f 4878 5352 4880
f 4880 5352 4882
f 4876 4874 5353
f 5353 4874 5349
f 5353 5349 5682
f 5682 5349 5351
f 4868 5350 4870
f 4870 5350 5349
f 4870 5349 4872
f 4872 5349 4874
f 4868 4866 5350
f 5350 4866 5346
f 5350 5346 5683
f 5683 5346 5348
f 4860 5347 4862
f 4862 5347 5346
f 4862 5346 4864
f 4864 5346 4866
f 4860 4858 5347
f 5347 4858 5343
f 5347 5343 5684
f 5684 5343 5345
f 4852 5344 4854
f 4854 5344 5343
f 4854 5343 4856
f 4856 5343 4858
f 4852 4850 5344
f 5344 4850 5340
f 5344 5340 5685
f 5685 5340 5342
f 4844 5341 4846
f 4846 5341 5340
f 4846 5340 4848
f 4848 5340 4850
f 4844 4842 5341
f 5341 4842 5337
f 5341 5337 5686
f 5686 5337 5339
f 4836 5338 4838
f 4838 5338 5337
f 4838 5337 4840
f 4840 5337 4842
f 4836 4834 5338
f 5338 4834 5334
f 5338 5334 5687
f 5687 5334 5336
f 4828 5335 4830
f 4830 5335 5334
f 4830 5334 4832
f 4832 5334 4834
f 4828 4826 5335
f 5335 4826 5331
f 5335 5331 5688
f 5688 5331 5333
f 4820 5332 4822
f 4822 5332 5331
f 4822 5331 4824
f 4824 5331 4826
f 4820 4818 5332
f 5332 4818 5328
f 5332 5328 5689
f 5689 5328 5330
f 4812 5329 4814
f 4814 5329 5328
f 4814 5328 4816
f 4816 5328 4818
f 4812 4810 5329
f 5329 4810 5325
f 5329 5325 5690
f 5690 5325 5327
f 4804 5326 4806
f 4806 5326 5325
f 4806 5325 4808
f 4808 5325 4810
f 4804 4802 5326
f 5326 4802 5322
f 5326 5322 5691
f 5691 5322 5324
f 4796 5323 4798
f 4798 5323 5322
f 4798 5322 4800
f 4800 5322 4802
f 4796 4794 5323
f 5323 4794 5319
f 5323 5319 5692
f 5692 5319 5321
f 4788 5320 4790
f 4790 5320 5319
f 4790 5319 4792
f 4792 5319 4794
f 4788 4786 5320
f 5320 4786 5316
f 5320 5316 5693
f 5693 5316 5318
f 4780 5317 4782
f 4782 5317 5316
f 4782 5316 4784
f 4784 5316 4786
f 4780 4778 5317
f 5317 4778 5313
f 5317 5313 5694
f 5694 5313 5315
f 4772 5314 4774
f 4774 5314 5313
f 4774 5313 4776
f 4776 5313 4778
f 4772 4770 5314
f 5314 4770 5310
f 5314 5310 5695
f 5695 5310 5312
f 4764 5311 4766
f 4766 5311 5310
f 4766 5310 4768
f 4768 5310 4770
f 4764 4762 5311
f 5311 4762 5307
f 5311 5307 5696
f 5696 5307 5309
f 4756 5308 4758
f 4758 5308 5307
f 4758 5307 4760
f 4760 5307 4762
f 4756 4754 5308
f 5308 4754 5304
f 5308 5304 5697
f 5697 5304 5306
f 4748 5305 4750
f 4750 5305 5304
f 4750 5304 4752
f 4752 5304 4754
f 4748 4746 5305
f 5305 4746 5301
f 5305 5301 5698
f 5698 5301 5303
f 4740 5302 4742
f 4742 5302 5301
f 4742 5301 4744
f 4744 5301 4746
f 4740 4738 5302
f 5302 4738 5298
f 5302 5298 5699
f 5699 5298 5300
f 4732 5299 4734
f 4734 5299 5298
f 4734 5298 4736
f 4736 5298 4738
f 4732 4730 5299
f 5299 4730 5295
f 5299 5295 5700
f 5700 5295 5297
f 4724 5296 4726
f 4726 5296 5295
f 4726 5295 4728
f 4728 5295 4730
f 4724 4722 5296
f 5296 4722 5292
f 5296 5292 5701
f 5701 5292 5294
f 4716 5293 4718
f 4718 5293 5292
f 4718 5292 4720
f 4720 5292 4722
f 4716 4714 5293
f 5293 4714 5289
f 5293 5289 5702
f 5702 5289 5291
f 4708 5290 4710
f 4710 5290 5289
f 4710 5289 4712
f 4712 5289 4714
f 4708 4706 5290
f 5290 4706 5286
f 5290 5286 5703
f 5703 5286 5288
f 4700 5287 4702
f 4702 5287 5286
f 4702 5286 4704
f 4704 5286 4706
f 4700 4698 5287
f 5287 4698 5283
f 5287 5283 5704
f 5704 5283 5285
f 4692 5284 4694
f 4694 5284 5283
f 4694 5283 4696
f 4696 5283 4698
f 4692 4690 5284
f 5284 4690 5280
f 5284 5280 5705
f 5705 5280 5282
f 4684 5281 4686
f 4686 5281 5280
f 4686 5280 4688
f 4688 5280 4690
f 4684 4682 5281
f 5281 4682 5277
f 5281 5277 5706
f 5706 5277 5279
f 4676 5278 4678
f 4678 5278 5277
f 4678 5277 4680
f 4680 5277 4682
f 4676 4674 5278
f 5278 4674 5274
f 5278 5274 5707
f 5707 5274 5276
f 4668 5275 4670
f 4670 5275 5274
f 4670 5274 4672
f 4672 5274 4674
f 4668 4666 5275
f 5275 4666 5271
f 5275 5271 5708
f 5708 5271 5273
f 4660 5272 4662
f 4662 5272 5271
f 4662 5271 4664
f 4664 5271 4666
f 4660 4658 5272
f 5272 4658 5268
f 5272 5268 5709
f 5709 5268 5270
f 4652 5269 4654
f 4654 5269 5268
f 4654 5268 4656
f 4656 5268 4658
f 4652 4650 5269
f 5269 4650 5265
f 5269 5265 5710
f 5710 5265 5267
f 5164 5266 5166
f 5166 5266 5265
f 5166 5265 4648
f 4648 5265 4650
f 5164 5162 5266
f 5266 5162 5262
f 5266 5262 5711
f 5711 5262 5264
f 5156 5263 5158
f 5158 5263 5262
f 5158 5262 5160
f 5160 5262 5162
f 5156 5154 5263
f 5263 5154 5259
f 5263 5259 5712
f 5712 5259 5261
f 5148 5260 5150
f 5150 5260 5259
f 5150 5259 5152
f 5152 5259 5154
f 5148 5146 5260
f 5260 5146 5256
f 5260 5256 5713
f 5713 5256 5258
f 5140 5257 5142
f 5142 5257 5256
f 5142 5256 5144
f 5144 5256 5146
f 5140 5138 5257
f 5257 5138 5253
f 5257 5253 5714
f 5714 5253 5255
f 5132 5254 5134
f 5134 5254 5253
f 5134 5253 5136
f 5136 5253 5138
f 5132 5130 5254
f 5254 5130 5250
f 5254 5250 5715
f 5715 5250 5252
f 5124 5251 5126
f 5126 5251 5250
f 5126 5250 5128
f 5128 5250 5130
f 5124 5122 5251
f 5251 5122 5247
f 5251 5247 5716
f 5716 5247 5249
f 5116 5248 5118
f 5118 5248 5247
f 5118 5247 5120
f 5120 5247 5122
f 5116 5114 5248
f 5248 5114 5244
f 5248 5244 5717
f 5717 5244 5246
f 5108 5245 5110
f 5110 5245 5244
f 5110 5244 5112
f 5112 5244 5114
f 5108 5106 5245
f 5245 5106 5241
f 5245 5241 5718
f 5718 5241 5243
f 5100 5242 5102
f 5102 5242 5241
f 5102 5241 5104
f 5104 5241 5106
f 5100 5098 5242
f 5242 5098 5238
f 5242 5238 5719
f 5719 5238 5240
f 5092 5239 5094
f 5094 5239 5238
f 5094 5238 5096
f 5096 5238 5098
f 5092 5090 5239
f 5239 5090 5235
f 5239 5235 5720
f 5720 5235 5237
f 5084 5236 5086
f 5086 5236 5235
f 5086 5235 5088
f 5088 5235 5090
f 5084 5082 5236
f 5236 5082 5232
f 5236 5232 5721
f 5721 5232 5234
f 5076 5233 5078
f 5078 5233 5232
f 5078 5232 5080
f 5080 5232 5082
f 5076 5074 5233
f 5233 5074 5229
f 5233 5229 5722
f 5722 5229 5231
f 5068 5230 5070
f 5070 5230 5229
f 5070 5229 5072
f 5072 5229 5074
f 5068 5066 5230
f 5230 5066 5226
f 5230 5226 5723
f 5723 5226 5228
f 5060 5227 5062
f 5062 5227 5226
f 5062 5226 5064
f 5064 5226 5066
f 5060 5058 5227
f 5227 5058 5223
f 5227 5223 5724
f 5724 5223 5225
f 5052 5224 5054
f 5054 5224 5223
f 5054 5223 5056
f 5056 5223 5058
f 5052 5050 5224
f 5224 5050 5220
f 5224 5220 5725
f 5725 5220 5222
f 5044 5221 5046
f 5046 5221 5220
f 5046 5220 5048
f 5048 5220 5050
f 5044 5042 5221
f 5221 5042 5217
f 5221 5217 5726
f 5726 5217 5219
f 5036 5218 5038
f 5038 5218 5217
f 5038 5217 5040
f 5040 5217 5042
f 5036 5034 5218
f 5218 5034 5214
f 5218 5214 5727
f 5727 5214 5216
f 5028 5215 5030
f 5030 5215 5214
f 5030 5214 5032
f 5032 5214 5034
f 5028 5026 5215
f 5215 5026 5211
f 5215 5211 5728
f 5728 5211 5213
f 5020 5212 5022
f 5022 5212 5211
f 5022 5211 5024
f 5024 5211 5026
f 5020 5018 5212
f 5212 5018 5208
f 5212 5208 5729
f 5729 5208 5210
f 5012 5209 5014
f 5014 5209 5208
f 5014 5208 5016
f 5016 5208 5018
f 5012 5010 5209
f 5209 5010 5205
f 5209 5205 5730
f 5730 5205 5207
f 5004 5206 5006
f 5006 5206 5205
f 5006 5205 5008
f 5008 5205 5010
f 5004 5002 5206
f 5206 5002 5202
f 5206 5202 5731
f 5731 5202 5204
f 4996 5203 4998
f 4998 5203 5202
f 4998 5202 5000
f 5000 5202 5002
f 4996 4994 5203
f 5203 4994 5199
f 5203 5199 5732
f 5732 5199 5201
f 4988 5200 4990
f 4990 5200 5199
f 4990 5199 4992
f 4992 5199 4994
f 4988 4986 5200
f 5200 4986 5196
f 5200 5196 5733
f 5733 5196 5198
f 4980 5197 4982
f 4982 5197 5196
f 4982 5196 4984
f 4984 5196 4986
f 4980 4978 5197
f 5197 4978 5193
f 5197 5193 5734
f 5734 5193 5195
f 4972 5194 4974
f 4974 5194 5193
f 4974 5193 4976
f 4976 5193 4978
f 4972 4970 5194
f 5194 4970 5190
f 5194 5190 5735
f 5735 5190 5192
f 4964 5191 4966
f 4966 5191 5190
f 4966 5190 4968
f 4968 5190 4970
f 4964 4962 5191
f 5191 4962 5187
f 5191 5187 5736
f 5736 5187 5189
f 4956 5188 4958
f 4958 5188 5187
f 4958 5187 4960
f 4960 5187 4962
f 4956 4954 5188
f 5188 4954 5184
f 5188 5184 5737
f 5737 5184 5186
f 4948 5185 4950
f 4950 5185 5184
f 4950 5184 4952
f 4952 5184 4954
f 4948 4946 5185
f 5185 4946 5181
f 5185 5181 5738
f 5738 5181 5183
f 4940 5182 4942
f 4942 5182 5181
f 4942 5181 4944
f 4944 5181 4946
f 4940 4938 5182
f 5182 4938 5178
f 5182 5178 5739
f 5739 5178 5180
f 4932 5179 4934
f 4934 5179 5178
f 4934 5178 4936
f 4936 5178 4938
f 4932 4930 5179
f 5179 4930 5175
f 5179 5175 5740
f 5740 5175 5177
f 4924 5176 4926
f 4926 5176 5175
f 4926 5175 4928
f 4928 5175 4930
f 4924 4922 5176
f 5176 4922 5746
f 5176 5746 5741
f 5741 5746 5745
f 4922 4920 5746
f 5746 4920 4918
f 5746 4918 5552
f 5552 4918 4916
f 5552 4916 4914
f 5747 5748 5749
f 4914 4912 5553
f 4912 4911 5553
f 5553 4911 4908
f 5553 4908 5548
f 5548 4908 5550
f 5550 4908 4906
f 5550 4906 5551
f 5551 4906 5532
f 5532 4906 4904
f 5532 4904 5545
f 5545 4904 4903
f 5545 4903 5546
f 5546 4903 5750
f 5546 5750 5542
f 5542 5750 5751
f 5542 5751 5543
f 5540 5752 5753
f 5753 5752 5754
f 5753 5754 5755
f 5755 5754 5756
f 5757 5758 5756
f 5756 5758 5759
f 5756 5759 5755
f 5760 5761 5757
f 5757 5761 5762
f 5757 5762 5758
f 5763 5764 5760
f 5760 5764 5765
f 5760 5765 5761
f 5766 5767 5763
f 5763 5767 5768
f 5763 5768 5764
f 5769 5770 5766
f 5766 5770 5771
f 5766 5771 5767
f 5772 5773 5769
f 5769 5773 5774
f 5769 5774 5770
f 5775 5776 5772
f 5772 5776 5777
f 5772 5777 5773
f 5747 5778 5748
f 5748 5778 5779
f 5748 5779 5775
f 5775 5779 5780
f 5775 5780 5776
f 5781 5782 5783
f 5783 5782 5784
f 5783 5784 5749
f 5749 5784 5785
f 5749 5785 5747
f 5786 5787 5788
f 5788 5787 5789
f 5788 5789 5781
f 5781 5789 5790
f 5781 5790 5782
f 5791 5792 5793
f 5793 5792 5794
f 5793 5794 5786
f 5786 5794 5795
f 5786 5795 5787
f 5796 5797 5798
f 5798 5797 5799
f 5798 5799 5791
f 5791 5799 5800
f 5791 5800 5792
f 5801 5802 5803
f 5803 5802 5804
f 5803 5804 5796
f 5796 5804 5805
f 5796 5805 5797
f 5806 5807 5808
f 5808 5807 5809
f 5808 5809 5801
f 5801 5809 5810
f 5801 5810 5802
f 5811 5812 5813
f 5813 5812 5814
f 5813 5814 5806
f 5806 5814 5815
f 5806 5815 5807
f 5816 5817 5818
f 5818 5817 5819
f 5819 5820 5818
f 5818 5820 5821
f 5818 5821 5811
f 5811 5821 5822
f 5811 5822 5812
f 5823 5824 5825
f 5825 5824 5826
f 5825 5826 5816
f 5816 5826 5827
f 5816 5827 5817
f 5828 5829 5830
f 5830 5829 5831
f 5830 5831 5823
f 5823 5831 5832
f 5823 5832 5824
f 5833 5834 5835
f 5835 5834 5836
f 5835 5836 5828
f 5828 5836 5837
f 5828 5837 5829
f 5838 5839 5833
f 5833 5839 5840
f 5833 5840 5834
f 5751 5841 5543
f 5543 5841 5842
f 5543 5842 5535
f 5535 5842 5843
f 5535 5843 5539
f 5539 5843 5844
f 5539 5844 5540
f 5540 5844 5845
f 5540 5845 5752
f 5752 5845 5846
f 5752 5846 5847
f 5847 5846 5848
f 5847 5848 5838
f 5838 5848 5849
f 5838 5849 5839
f 5783 5749 5850
f 5850 5749 5748
f 5850 5748 5775
f 5786 5788 5850
f 5850 5788 5781
f 5850 5781 5783
f 5798 5791 5850
f 5850 5791 5793
f 5850 5793 5786
f 5801 5803 5850
f 5850 5803 5796
f 5850 5796 5798
f 5813 5806 5850
f 5850 5806 5808
f 5850 5808 5801
f 5816 5818 5850
f 5850 5818 5811
f 5850 5811 5813
f 5830 5823 5850
f 5850 5823 5825
f 5850 5825 5816
f 5833 5835 5850
f 5850 5835 5828
f 5850 5828 5830
f 5752 5847 5850
f 5850 5847 5838
f 5850 5838 5833
f 5757 5756 5850
f 5850 5756 5754
f 5850 5754 5752
f 5766 5763 5850
f 5850 5763 5760
f 5850 5760 5757
f 5775 5772 5850
f 5850 5772 5769
f 5850 5769 5766
f 4267 4269 5851
f 5852 5778 5747
f 5817 5853 5819
f 5854 5750 5855
f 5855 5750 4903
f 5855 4903 5856
f 5842 5841 5854
f 5854 5841 5751
f 5854 5751 5750
f 5854 5857 5842
f 5842 5857 5858
f 5842 5858 5843
f 5859 5846 5845
f 5834 5840 5860
f 5860 5840 5839
f 5860 5839 5849
f 5860 5861 5834
f 5834 5861 5862
f 5834 5862 5836
f 5832 5831 5863
f 5863 5831 5829
f 5827 5826 5864
f 5864 5826 5824
f 5822 5865 5866
f 5822 5866 5812
f 5812 5866 5867
f 5812 5867 5814
f 5867 5868 5814
f 5814 5868 5869
f 5814 5869 5815
f 5815 5869 5870
f 5815 5870 5807
f 5807 5870 5871
f 5807 5871 5809
f 5871 5872 5809
f 5809 5872 5873
f 5809 5873 5810
f 5810 5873 5874
f 5810 5874 5802
f 5802 5874 5875
f 5802 5875 5804
f 5804 5875 5876
f 5804 5876 5805
f 5805 5876 5877
f 5805 5877 5797
f 5877 5878 5797
f 5797 5878 5879
f 5797 5879 5799
f 5799 5879 5880
f 5799 5880 5800
f 5800 5880 5881
f 5800 5881 5792
f 5881 5882 5792
f 5792 5882 5883
f 5792 5883 5794
f 5794 5883 5884
f 5794 5884 5795
f 5795 5884 5885
f 5795 5885 5787
f 5885 5886 5787
f 5787 5886 5887
f 5787 5887 5789
f 5789 5887 5888
f 5789 5888 5790
f 5790 5888 5889
f 5790 5889 5782
f 5889 5890 5782
f 5782 5890 5891
f 5782 5891 5784
f 5784 5891 5892
f 5784 5892 5785
f 5785 5892 5893
f 5785 5893 5747
f 5747 5893 5894
f 5747 5894 5852
f 4264 5895 5896
f 4264 5896 4261
f 5897 4281 5898
f 5898 4281 4283
f 5898 4283 5899
f 5899 4283 4259
f 5899 4259 5896
f 5896 4259 4261
f 5900 4277 5897
f 5897 4277 4279
f 5897 4279 4281
f 5901 4274 5900
f 5900 4274 4277
f 5902 4296 5903
f 5903 4296 4298
f 5903 4298 5901
f 5901 4298 4272
f 5901 4272 4274
f 5904 4292 5902
f 5902 4292 4294
f 5902 4294 4296
f 5905 4288 5904
f 5904 4288 4290
f 5904 4290 4292
f 5906 4387 5907
f 5907 4387 5905
f 5905 4387 4286
f 5905 4286 4288
f 5908 4383 5906
f 5906 4383 4385
f 5906 4385 4387
f 5909 4379 5908
f 5908 4379 4381
f 5908 4381 4383
f 5910 4375 5909
f 5909 4375 4377
f 5909 4377 4379
f 5911 4371 5910
f 5910 4371 4373
f 5910 4373 4375
f 5912 4367 5911
f 5911 4367 4369
f 5911 4369 4371
f 5913 4363 5912
f 5912 4363 4365
f 5912 4365 4367
f 5914 4359 5913
f 5913 4359 4361
f 5913 4361 4363
f 5915 4355 5914
f 5914 4355 4357
f 5914 4357 4359
f 5916 4351 5915
f 5915 4351 4353
f 5915 4353 4355
f 5917 4347 5916
f 5916 4347 4349
f 5916 4349 4351
f 5918 4343 5917
f 5917 4343 4345
f 5917 4345 4347
f 5919 4339 5918
f 5918 4339 4341
f 5918 4341 4343
f 5920 4335 5919
f 5919 4335 4337
f 5919 4337 4339
f 5921 4331 5920
f 5920 4331 4333
f 5920 4333 4335
f 5922 4327 5921
f 5921 4327 4329
f 5921 4329 4331
f 5923 4323 5922
f 5922 4323 4325
f 5922 4325 4327
f 5924 4319 5923
f 5923 4319 4321
f 5923 4321 4323
f 5925 4315 5924
f 5924 4315 4317
f 5924 4317 4319
f 5926 4311 5925
f 5925 4311 4313
f 5925 4313 4315
f 5927 4307 5926
f 5926 4307 4309
f 5926 4309 4311
f 5928 4303 5927
f 5927 4303 4305
f 5927 4305 4307
f 5929 4645 5928
f 5928 4645 4301
f 5928 4301 4303
f 5930 4641 5929
f 5929 4641 4643
f 5929 4643 4645
f 5931 4637 5930
f 5930 4637 4639
f 5930 4639 4641
f 5932 4633 5931
f 5931 4633 4635
f 5931 4635 4637
f 5933 4629 5932
f 5932 4629 4631
f 5932 4631 4633
f 5934 4625 5933
f 5933 4625 4627
f 5933 4627 4629
f 5935 4621 5934
f 5934 4621 4623
f 5934 4623 4625
f 5936 4617 5935
f 5935 4617 4619
f 5935 4619 4621
f 5937 4613 5936
f 5936 4613 4615
f 5936 4615 4617
f 5938 4609 5937
f 5937 4609 4611
f 5937 4611 4613
f 5939 4605 5938
f 5938 4605 4607
f 5938 4607 4609
f 5940 4601 5939
f 5939 4601 4603
f 5939 4603 4605
f 5941 4597 5940
f 5940 4597 4599
f 5940 4599 4601
f 5942 4593 5941
f 5941 4593 4595
f 5941 4595 4597
f 5943 4589 5942
f 5942 4589 4591
f 5942 4591 4593
f 5944 4585 5943
f 5943 4585 4587
f 5943 4587 4589
f 5945 4581 5944
f 5944 4581 4583
f 5944 4583 4585
f 5946 4577 5945
f 5945 4577 4579
f 5945 4579 4581
f 5947 4573 5946
f 5946 4573 4575
f 5946 4575 4577
f 5948 4569 5947
f 5947 4569 4571
f 5947 4571 4573
f 5949 4565 5948
f 5948 4565 4567
f 5948 4567 4569
f 5950 4561 5949
f 5949 4561 4563
f 5949 4563 4565
f 5951 4557 5950
f 5950 4557 4559
f 5950 4559 4561
f 5952 4553 5951
f 5951 4553 4555
f 5951 4555 4557
f 5953 4549 5952
f 5952 4549 4551
f 5952 4551 4553
f 5954 4545 5953
f 5953 4545 4547
f 5953 4547 4549
f 5955 4541 5954
f 5954 4541 4543
f 5954 4543 4545
f 5956 4537 5955
f 5955 4537 4539
f 5955 4539 4541
f 5957 4533 5956
f 5956 4533 4535
f 5956 4535 4537
f 5958 4529 5957
f 5957 4529 4531
f 5957 4531 4533
f 5959 4525 5958
f 5958 4525 4527
f 5958 4527 4529
f 5960 4521 5959
f 5959 4521 4523
f 5959 4523 4525
f 5961 4517 5960
f 5960 4517 4519
f 5960 4519 4521
f 5962 4513 5961
f 5961 4513 4515
f 5961 4515 4517
f 5963 4509 5962
f 5962 4509 4511
f 5962 4511 4513
f 5964 4505 5963
f 5963 4505 4507
f 5963 4507 4509
f 5965 4501 5964
f 5964 4501 4503
f 5964 4503 4505
f 5966 4497 5965
f 5965 4497 4499
f 5965 4499 4501
f 5967 4493 5966
f 5966 4493 4495
f 5966 4495 4497
f 5968 4489 5967
f 5967 4489 4491
f 5967 4491 4493
f 5969 4485 5968
f 5968 4485 4487
f 5968 4487 4489
f 5970 4481 5969
f 5969 4481 4483
f 5969 4483 4485
f 5971 4477 5970
f 5970 4477 4479
f 5970 4479 4481
f 5972 4473 5971
f 5971 4473 4475
f 5971 4475 4477
f 5973 4469 5972
f 5972 4469 4471
f 5972 4471 4473
f 5974 4465 5973
f 5973 4465 4467
f 5973 4467 4469
f 5975 4461 5974
f 5974 4461 4463
f 5974 4463 4465
f 5976 4457 5975
f 5975 4457 4459
f 5975 4459 4461
f 5977 4453 5976
f 5976 4453 4455
f 5976 4455 4457
f 5978 4449 5977
f 5977 4449 4451
f 5977 4451 4453
f 5979 4445 5978
f 5978 4445 4447
f 5978 4447 4449
f 5980 4441 5979
f 5979 4441 4443
f 5979 4443 4445
f 5981 4437 5980
f 5980 4437 4439
f 5980 4439 4441
f 5982 4433 5981
f 5981 4433 4435
f 5981 4435 4437
f 5983 4429 5982
f 5982 4429 4431
f 5982 4431 4433
f 5984 4425 5983
f 5983 4425 4427
f 5983 4427 4429
f 5985 4421 5984
f 5984 4421 4423
f 5984 4423 4425
f 5986 4417 5985
f 5985 4417 4419
f 5985 4419 4421
f 5987 4413 5986
f 5986 4413 4415
f 5986 4415 4417
f 5988 4409 5987
f 5987 4409 4411
f 5987 4411 4413
f 5989 4405 5988
f 5988 4405 4407
f 5988 4407 4409
f 5990 4401 5989
f 5989 4401 4403
f 5989 4403 4405
f 5991 4397 5990
f 5990 4397 4399
f 5990 4399 4401
f 5992 4393 5991
f 5991 4393 4395
f 5991 4395 4397
f 5993 4901 5992
f 5992 4901 4391
f 5992 4391 4393
f 5994 4897 5993
f 5993 4897 4899
f 5993 4899 4901
f 5995 4893 5994
f 5994 4893 4895
f 5994 4895 4897
f 5996 4889 5995
f 5995 4889 4891
f 5995 4891 4893
f 5997 4885 5996
f 5996 4885 4887
f 5996 4887 4889
f 5998 4881 5997
f 5997 4881 4883
f 5997 4883 4885
f 5999 4877 5998
f 5998 4877 4879
f 5998 4879 4881
f 6000 4873 5999
f 5999 4873 4875
f 5999 4875 4877
f 6001 4869 6000
f 6000 4869 4871
f 6000 4871 4873
f 6002 4865 6001
f 6001 4865 4867
f 6001 4867 4869
f 6003 4861 6002
f 6002 4861 4863
f 6002 4863 4865
f 6004 4857 6003
f 6003 4857 4859
f 6003 4859 4861
f 6005 4853 6004
f 6004 4853 4855
f 6004 4855 4857
f 6006 4849 6005
f 6005 4849 4851
f 6005 4851 4853
f 6007 4845 6006
f 6006 4845 4847
f 6006 4847 4849
f 6008 4841 6007
f 6007 4841 4843
f 6007 4843 4845
f 6009 4837 6008
f 6008 4837 4839
f 6008 4839 4841
f 6010 4833 6009
f 6009 4833 4835
f 6009 4835 4837
f 6011 4829 6010
f 6010 4829 4831
f 6010 4831 4833
f 6012 4825 6011
f 6011 4825 4827
f 6011 4827 4829
f 6013 4821 6012
f 6012 4821 4823
f 6012 4823 4825
f 6014 4817 6013
f 6013 4817 4819
f 6013 4819 4821
f 6015 4813 6014
f 6014 4813 4815
f 6014 4815 4817
f 6016 4809 6015
f 6015 4809 4811
f 6015 4811 4813
f 6017 4805 6016
f 6016 4805 4807
f 6016 4807 4809
f 6018 4801 6017
f 6017 4801 4803
f 6017 4803 4805
f 6019 4797 6018
f 6018 4797 4799
f 6018 4799 4801
f 6020 4793 6019
f 6019 4793 4795
f 6019 4795 4797
f 6021 4789 6020
f 6020 4789 4791
f 6020 4791 4793
f 6022 4785 6021
f 6021 4785 4787
f 6021 4787 4789
f 6023 4781 6022
f 6022 4781 4783
f 6022 4783 4785
f 6024 4777 6023
f 6023 4777 4779
f 6023 4779 4781
f 6025 4773 6024
f 6024 4773 4775
f 6024 4775 4777
f 6026 4769 6025
f 6025 4769 4771
f 6025 4771 4773
f 6027 4765 6026
f 6026 4765 4767
f 6026 4767 4769
f 6028 4761 6027
f 6027 4761 4763
f 6027 4763 4765
f 6029 4757 6028
f 6028 4757 4759
f 6028 4759 4761
f 6030 4753 6029
f 6029 4753 4755
f 6029 4755 4757
f 6031 4749 6030
f 6030 4749 4751
f 6030 4751 4753
f 6032 4745 6031
f 6031 4745 4747
f 6031 4747 4749
f 6033 4741 6032
f 6032 4741 4743
f 6032 4743 4745
f 6034 4737 6033
f 6033 4737 4739
f 6033 4739 4741
f 6035 4733 6034
f 6034 4733 4735
f 6034 4735 4737
f 6036 4729 6035
f 6035 4729 4731
f 6035 4731 4733
f 6037 4725 6036
f 6036 4725 4727
f 6036 4727 4729
f 6038 4721 6037
f 6037 4721 4723
f 6037 4723 4725
f 6039 4717 6038
f 6038 4717 4719
f 6038 4719 4721
f 6040 4713 6039
f 6039 4713 4715
f 6039 4715 4717
f 6041 4709 6040
f 6040 4709 4711
f 6040 4711 4713
f 6042 4705 6041
f 6041 4705 4707
f 6041 4707 4709
f 6043 4701 6042
f 6042 4701 4703
f 6042 4703 4705
f 6044 4697 6043
f 6043 4697 4699
f 6043 4699 4701
f 6045 4693 6044
f 6044 4693 4695
f 6044 4695 4697
f 6046 4689 6045
f 6045 4689 4691
f 6045 4691 4693
f 6047 4685 6046
f 6046 4685 4687
f 6046 4687 4689
f 6048 4681 6047
f 6047 4681 4683
f 6047 4683 4685
f 6049 4677 6048
f 6048 4677 4679
f 6048 4679 4681
f 6050 4673 6049
f 6049 4673 4675
f 6049 4675 4677
f 6051 4669 6050
f 6050 4669 4671
f 6050 4671 4673
f 6052 4665 6051
f 6051 4665 4667
f 6051 4667 4669
f 6053 4661 6052
f 6052 4661 4663
f 6052 4663 4665
f 6054 4657 6053
f 6053 4657 4659
f 6053 4659 4661
f 6055 4653 6054
f 6054 4653 4655
f 6054 4655 4657
f 6056 4649 6055
f 6055 4649 4651
f 6055 4651 4653
f 6057 5165 6056
f 6056 5165 4647
f 6056 4647 4649
f 6058 5161 6057
f 6057 5161 5163
f 6057 5163 5165
f 6059 5157 6058
f 6058 5157 5159
f 6058 5159 5161
f 6060 5153 6059
f 6059 5153 5155
f 6059 5155 5157
f 6061 5149 6060
f 6060 5149 5151
f 6060 5151 5153
f 6062 5145 6061
f 6061 5145 5147
f 6061 5147 5149
f 6063 5141 6062
f 6062 5141 5143
f 6062 5143 5145
f 6064 5137 6063
f 6063 5137 5139
f 6063 5139 5141
f 6065 5133 6064
f 6064 5133 5135
f 6064 5135 5137
f 6066 5129 6065
f 6065 5129 5131
f 6065 5131 5133
f 6067 5125 6066
f 6066 5125 5127
f 6066 5127 5129
f 6068 5121 6067
f 6067 5121 5123
f 6067 5123 5125
f 6069 5117 6068
f 6068 5117 5119
f 6068 5119 5121
f 6070 5113 6069
f 6069 5113 5115
f 6069 5115 5117
f 6071 5109 6070
f 6070 5109 5111
f 6070 5111 5113
f 6072 5105 6071
f 6071 5105 5107
f 6071 5107 5109
f 6073 5101 6072
f 6072 5101 5103
f 6072 5103 5105
f 6074 5097 6073
f 6073 5097 5099
f 6073 5099 5101
f 6075 5093 6074
f 6074 5093 5095
f 6074 5095 5097
f 6076 5089 6075
f 6075 5089 5091
f 6075 5091 5093
f 6077 5085 6076
f 6076 5085 5087
f 6076 5087 5089
f 6078 5081 6077
f 6077 5081 5083
f 6077 5083 5085
f 6079 5077 6078
f 6078 5077 5079
f 6078 5079 5081
f 6080 5073 6079
f 6079 5073 5075
f 6079 5075 5077
f 6081 5069 6080
f 6080 5069 5071
f 6080 5071 5073
f 6082 5065 6081
f 6081 5065 5067
f 6081 5067 5069
f 6083 5061 6082
f 6082 5061 5063
f 6082 5063 5065
f 6084 5057 6083
f 6083 5057 5059
f 6083 5059 5061
f 6085 5053 6084
f 6084 5053 5055
f 6084 5055 5057
f 6086 5049 6085
f 6085 5049 5051
f 6085 5051 5053
f 6087 5045 6086
f 6086 5045 5047
f 6086 5047 5049
f 6088 5041 6087
f 6087 5041 5043
f 6087 5043 5045
f 6089 5037 6088
f 6088 5037 5039
f 6088 5039 5041
f 6090 5033 6089
f 6089 5033 5035
f 6089 5035 5037
f 6091 5029 6090
f 6090 5029 5031
f 6090 5031 5033
f 6092 5025 6091
f 6091 5025 5027
f 6091 5027 5029
f 6093 5021 6092
f 6092 5021 5023
f 6092 5023 5025
f 6094 5017 6093
f 6093 5017 5019
f 6093 5019 5021
f 6095 5013 6094
f 6094 5013 5015
f 6094 5015 5017
f 6096 5009 6095
f 6095 5009 5011
f 6095 5011 5013
f 6097 5005 6096
f 6096 5005 5007
f 6096 5007 5009
f 6098 5001 6097
f 6097 5001 5003
f 6097 5003 5005
f 6099 4997 6098
f 6098 4997 4999
f 6098 4999 5001
f 6100 4993 6099
f 6099 4993 4995
f 6099 4995 4997
f 6101 4989 6100
f 6100 4989 4991
f 6100 4991 4993
f 6102 4985 6101
f 6101 4985 4987
f 6101 4987 4989
f 6103 4981 6102
f 6102 4981 4983
f 6102 4983 4985
f 6104 4977 6103
f 6103 4977 4979
f 6103 4979 4981
f 6105 4973 6104
f 6104 4973 4975
f 6104 4975 4977
f 6106 4969 6105
f 6105 4969 4971
f 6105 4971 4973
f 6107 4965 6106
f 6106 4965 4967
f 6106 4967 4969
f 6108 4961 6107
f 6107 4961 4963
f 6107 4963 4965
f 6109 4957 6108
f 6108 4957 4959
f 6108 4959 4961
f 6110 4953 6109
f 6109 4953 4955
f 6109 4955 4957
f 6111 4949 6110
f 6110 4949 4951
f 6110 4951 4953
f 6112 4945 6111
f 6111 4945 4947
f 6111 4947 4949
f 6113 4941 6112
f 6112 4941 4943
f 6112 4943 4945
f 6114 4937 6113
f 6113 4937 4939
f 6113 4939 4941
f 6115 4933 6114
f 6114 4933 4935
f 6114 4935 4937
f 6116 4929 6115
f 6115 4929 4931
f 6115 4931 4933
f 6117 4925 6116
f 6116 4925 4927
f 6116 4927 4929
f 6118 4921 6117
f 6117 4921 4923
f 6117 4923 4925
f 6119 4917 6118
f 6118 4917 4919
f 6118 4919 4921
f 6120 4913 6119
f 6119 4913 4915
f 6119 4915 4917
f 6121 5168 6120
f 6120 5168 5167
f 6120 5167 4913
f 6122 4909 6121
f 6121 4909 5169
f 6121 5169 5168
f 4903 4905 5856
f 5856 4905 4907
f 5856 4907 6122
f 6122 4907 4910
f 6122 4910 4909
f 5171 5851 5170
f 5170 5851 4269
f 5170 4269 4221
f 5171 6123 5851
f 5851 6123 5895
f 5851 5895 4267
f 4267 5895 4264
f 5895 6123 6124
f 5895 6124 5896
f 5896 6124 6125
f 5896 6125 5899
f 5899 6125 6126
f 5899 6126 5898
f 5898 6126 6127
f 5898 6127 5897
f 5897 6127 6128
f 5897 6128 5900
f 5900 6128 6129
f 5900 6129 5901
f 5901 6129 6130
f 5901 6130 5903
f 5903 6130 6131
f 5903 6131 5902
f 5902 6131 6132
f 5902 6132 5904
f 5904 6132 6133
f 5904 6133 5905
f 5905 6133 6134
f 5905 6134 5907
f 5907 6134 6135
f 5907 6135 5906
f 5906 6135 6136
f 5906 6136 5908
f 5908 6136 6137
f 5908 6137 5909
f 5909 6137 6138
f 5909 6138 5910
f 5910 6138 6139
f 5910 6139 5911
f 5911 6139 6140
f 5911 6140 5912
f 5912 6140 6141
f 5912 6141 5913
f 5913 6141 6142
f 5913 6142 5914
f 5914 6142 6143
f 5914 6143 5915
f 5915 6143 6144
f 5915 6144 5916
f 5916 6144 6145
f 5916 6145 5917
f 6145 6146 5917
f 5917 6146 5918
f 5918 6146 6147
f 5918 6147 5919
f 5919 6147 6148
f 5919 6148 5920
f 5920 6148 6149
f 5920 6149 5921
f 6149 6150 5921
f 5921 6150 5922
f 5922 6150 6151
f 5922 6151 5923
f 5923 6151 6152
f 5923 6152 5924
f 5924 6152 6153
f 5924 6153 5925
f 6153 6154 5925
f 5925 6154 5926
f 5926 6154 6155
f 5926 6155 5927
f 5927 6155 6156
f 5927 6156 5928
f 5928 6156 6157
f 5928 6157 5929
f 5929 6157 6158
f 5929 6158 5930
f 6158 6159 5930
f 5930 6159 6160
f 5930 6160 5931
f 5931 6160 6161
f 5931 6161 5932
f 5932 6161 6162
f 5932 6162 5933
f 5933 6162 6163
f 5933 6163 5934
f 6163 6164 5934
f 5934 6164 6165
f 5934 6165 5935
f 5935 6165 6166
f 5935 6166 5936
f 5936 6166 6167
f 5936 6167 5937
f 5937 6167 6168
f 5937 6168 5938
f 5938 6168 6169
f 5938 6169 5939
f 6169 6170 5939
f 5939 6170 6171
f 5939 6171 5940
f 5940 6171 6172
f 5940 6172 5941
f 5941 6172 6173
f 5941 6173 5942
f 5942 6173 6174
f 5942 6174 5943
f 6174 6175 5943
f 5943 6175 6176
f 5943 6176 5944
f 5944 6176 6177
f 5944 6177 5945
f 5945 6177 6178
f 5945 6178 5946
f 5946 6178 6179
f 5946 6179 5947
f 5947 6179 6180
f 5947 6180 5948
f 6180 6181 5948
f 5948 6181 6182
f 5948 6182 5949
f 5949 6182 6183
f 5949 6183 5950
f 5950 6183 6184
f 5950 6184 5951
f 5951 6184 6185
f 5951 6185 5952
f 6185 6186 5952
f 5952 6186 6187
f 5952 6187 5953
f 5953 6187 6188
f 5953 6188 5954
f 5954 6188 6189
f 5954 6189 5955
f 5955 6189 6190
f 5955 6190 5956
f 5956 6190 6191
f 5956 6191 5957
f 6191 6192 5957
f 5957 6192 6193
f 5957 6193 5958
f 5958 6193 6194
f 5958 6194 5959
f 5959 6194 6195
f 5959 6195 5960
f 5960 6195 6196
f 5960 6196 5961
f 6196 6197 5961
f 5961 6197 6198
f 5961 6198 5962
f 5962 6198 6199
f 5962 6199 5963
f 5963 6199 6200
f 5963 6200 5964
f 5964 6200 6201
f 5964 6201 5965
f 5965 6201 6202
f 5965 6202 5966
f 6202 6203 5966
f 5966 6203 6204
f 5966 6204 5967
f 5967 6204 6205
f 5967 6205 5968
f 5968 6205 6206
f 5968 6206 5969
f 5969 6206 6207
f 5969 6207 5970
f 6207 6208 5970
f 5970 6208 6209
f 5970 6209 5971
f 5971 6209 6210
f 5971 6210 5972
f 5972 6210 6211
f 5972 6211 5973
f 5973 6211 6212
f 5973 6212 5974
f 5974 6212 6213
f 5974 6213 5975
f 6213 6214 5975
f 5975 6214 6215
f 5975 6215 5976
f 5976 6215 6216
f 5976 6216 5977
f 5977 6216 6217
f 5977 6217 5978
f 5978 6217 6218
f 5978 6218 5979
f 6218 6219 5979
f 5979 6219 6220
f 5979 6220 5980
f 5980 6220 6221
f 5980 6221 5981
f 5981 6221 6222
f 5981 6222 5982
f 5982 6222 6223
f 5982 6223 5983
f 5983 6223 6224
f 5983 6224 5984
f 5984 6224 6225
f 5984 6225 5985
f 5985 6225 6226
f 5985 6226 5986
f 5986 6226 6227
f 5986 6227 5987
f 5987 6227 6228
f 5987 6228 5988
f 6229 6000 6230
f 6230 6000 5999
f 6230 5999 6231
f 6231 5999 5998
f 6231 5998 6232
f 6232 5998 5997
f 6232 5997 6233
f 6233 5997 5996
f 6233 5996 6234
f 6234 5996 5995
f 6234 5995 6235
f 6235 5995 5994
f 6235 5994 6236
f 6236 5994 5993
f 6236 5993 6237
f 6237 5993 5992
f 6237 5992 6238
f 6238 5992 5991
f 6238 5991 6239
f 6239 5991 5990
f 6239 5990 6240
f 6240 5990 5989
f 6240 5989 6241
f 6241 5989 5988
f 6241 5988 6242
f 6242 5988 6228
f 6243 5859 6244
f 6244 5859 5845
f 6244 5845 5858
f 5858 5845 5844
f 5858 5844 5843
f 6000 6229 6001
f 6001 6229 6245
f 6001 6245 6002
f 6002 6245 6246
f 6002 6246 6003
f 6003 6246 6247
f 6003 6247 6004
f 6004 6247 6248
f 6004 6248 6005
f 6005 6248 6249
f 6005 6249 6006
f 6006 6249 6250
f 6006 6250 6007
f 6007 6250 6251
f 6007 6251 6008
f 6008 6251 6252
f 6008 6252 6009
f 6009 6252 6253
f 6009 6253 6010
f 6010 6253 6254
f 6010 6254 6011
f 6011 6254 6255
f 6011 6255 6012
f 6012 6255 6256
f 6012 6256 6013
f 6013 6256 6257
f 6013 6257 6014
f 6014 6257 6258
f 6014 6258 6015
f 6015 6258 6259
f 6015 6259 6016
f 6016 6259 6260
f 6016 6260 6017
f 6017 6260 6261
f 6017 6261 6018
f 6018 6261 6262
f 6018 6262 6019
f 6019 6262 6263
f 6019 6263 6020
f 6020 6263 6264
f 6020 6264 6021
f 6021 6264 6265
f 6021 6265 6022
f 6022 6265 6266
f 6022 6266 6023
f 6023 6266 6267
f 6023 6267 6024
f 6024 6267 6268
f 6024 6268 6025
f 6025 6268 6269
f 6025 6269 6026
f 6026 6269 6270
f 6026 6270 6027
f 6027 6270 6271
f 6027 6271 6028
f 6028 6271 6272
f 6028 6272 6029
f 6029 6272 6273
f 6029 6273 6030
f 6030 6273 6274
f 6030 6274 6031
f 6031 6274 6275
f 6031 6275 6032
f 6032 6275 6276
f 6032 6276 6033
f 6033 6276 6277
f 6033 6277 6034
f 6034 6277 6278
f 6034 6278 6035
f 6035 6278 6279
f 6035 6279 6036
f 6036 6279 6280
f 6036 6280 6037
f 6037 6280 6281
f 6037 6281 6038
f 6038 6281 6282
f 6038 6282 6039
f 6039 6282 6283
f 6039 6283 6040
f 6040 6283 6284
f 6040 6284 6041
f 6041 6284 6285
f 6041 6285 6042
f 6042 6285 6286
f 6042 6286 6043
f 6043 6286 6287
f 6043 6287 6044
f 6044 6287 6288
f 6044 6288 6045
f 6045 6288 6289
f 6045 6289 6046
f 6046 6289 6290
f 6046 6290 6047
f 6047 6290 6291
f 6047 6291 6048
f 6048 6291 6292
f 6048 6292 6049
f 6049 6292 6293
f 6049 6293 6050
f 6050 6293 6294
f 6050 6294 6051
f 6051 6294 6295
f 6051 6295 6052
f 6052 6295 6296
f 6052 6296 6053
f 6053 6296 6297
f 6053 6297 6054
f 6054 6297 6298
f 6054 6298 6055
f 6055 6298 6299
f 6055 6299 6056
f 6056 6299 6300
f 6056 6300 6057
f 6057 6300 6301
f 6057 6301 6058
f 6058 6301 6302
f 6058 6302 6059
f 6059 6302 6303
f 6059 6303 6060
f 6060 6303 6304
f 6060 6304 6061
f 6061 6304 6305
f 6061 6305 6062
f 6062 6305 6306
f 6062 6306 6063
f 6063 6306 6307
f 6063 6307 6064
f 6064 6307 6308
f 6064 6308 6065
f 6065 6308 6309
f 6065 6309 6066
f 6066 6309 6310
f 6066 6310 6067
f 6067 6310 6311
f 6067 6311 6068
f 6068 6311 6312
f 6068 6312 6069
f 6069 6312 6313
f 6069 6313 6070
f 6070 6313 6314
f 6070 6314 6071
f 6071 6314 6315
f 6071 6315 6072
f 6072 6315 6316
f 6072 6316 6073
f 6073 6316 6317
f 6073 6317 6074
f 6074 6317 6318
f 6074 6318 6075
f 6075 6318 6319
f 6075 6319 6076
f 6076 6319 6320
f 6076 6320 6077
f 6077 6320 6321
f 6077 6321 6078
f 6078 6321 6322
f 6078 6322 6079
f 6079 6322 6323
f 6079 6323 6080
f 6080 6323 6324
f 6080 6324 6081
f 6081 6324 6325
f 6081 6325 6082
f 6082 6325 6326
f 6082 6326 6083
f 6083 6326 6327
f 6083 6327 6084
f 6084 6327 6328
f 6084 6328 6085
f 6085 6328 6329
f 6085 6329 6086
f 6086 6329 6330
f 6086 6330 6087
f 6087 6330 6331
f 6087 6331 6088
f 6088 6331 6332
f 6088 6332 6089
f 6089 6332 6333
f 6089 6333 6090
f 6090 6333 6334
f 6090 6334 6091
f 6091 6334 6335
f 6091 6335 6092
f 6092 6335 6336
f 6092 6336 6093
f 6093 6336 6337
f 6093 6337 6094
f 6094 6337 6338
f 6094 6338 6095
f 6095 6338 6339
f 6095 6339 6096
f 6096 6339 6340
f 6096 6340 6097
f 6097 6340 6341
f 6097 6341 6098
f 6098 6341 6342
f 6098 6342 6099
f 6099 6342 6343
f 6099 6343 6100
f 6100 6343 6344
f 6100 6344 6101
f 6101 6344 6345
f 6101 6345 6102
f 6102 6345 6346
f 6102 6346 6103
f 6103 6346 6347
f 6103 6347 6104
f 6104 6347 6348
f 6104 6348 6105
f 6105 6348 6349
f 6105 6349 6106
f 6106 6349 6350
f 6106 6350 6107
f 6107 6350 6351
f 6107 6351 6108
f 6108 6351 6352
f 6108 6352 6109
f 6109 6352 6353
f 6109 6353 6110
f 6110 6353 6354
f 6110 6354 6111
f 6111 6354 6355
f 6111 6355 6112
f 6112 6355 6356
f 6112 6356 6113
f 6113 6356 6357
f 6113 6357 6114
f 6114 6357 6358
f 6114 6358 6115
f 6115 6358 6359
f 6115 6359 6116
f 6116 6359 6360
f 6116 6360 6117
f 6117 6360 6361
f 6117 6361 6118
f 6118 6361 6362
f 6118 6362 6119
f 6119 6362 6363
f 6119 6363 6120
f 6120 6363 6364
f 6120 6364 6121
f 6121 6364 6365
f 6121 6365 6122
f 6122 6365 6366
f 6122 6366 5856
f 5856 6366 6367
f 5856 6367 5855
f 5855 6367 6368
f 5855 6368 5854
f 5854 6368 6369
f 5854 6369 5857
f 5857 6369 6370
f 5857 6370 5858
f 5858 6370 6371
f 5858 6371 6244
f 6244 6371 6243
f 6243 6372 5859
f 5859 6372 6373
f 5859 6373 6374
f 6374 6373 6375
f 6374 6375 6376
f 6376 5860 6374
f 6374 5860 5849
f 6374 5849 5859
f 5859 5849 5848
f 5859 5848 5846
f 6376 6377 5860
f 5860 6377 6378
f 5860 6378 5861
f 5861 6378 6379
f 5861 6379 5862
f 6379 6380 5862
f 5862 6380 6381
f 5862 6381 6382
f 6382 6381 6383
f 6382 6383 6384
f 6384 5863 6382
f 6382 5863 5829
f 6382 5829 5862
f 5862 5829 5837
f 5862 5837 5836
f 6384 6385 5863
f 5863 6385 6386
f 5863 6386 6387
f 6387 6386 6388
f 6387 6388 6389
f 5832 5863 5824
f 5824 5863 6387
f 5824 6387 5864
f 5864 6387 6389
f 5864 6389 6390
f 6390 6391 5864
f 5864 6391 5853
f 5864 5853 5827
f 5827 5853 5817
f 5822 5821 5865
f 5865 5821 5820
f 5865 5820 6392
f 6392 5820 5819
f 6392 5819 6393
f 6393 5819 5853
f 6393 5853 6394
f 6394 5853 6391
f 5770 6395 5771
f 6396 6397 5776
f 5778 6398 5779
f 5779 6398 6396
f 5779 6396 5780
f 5780 6396 5776
f 6395 5770 6399
f 5770 5774 6399
f 6399 5774 5773
f 6399 5773 6397
f 6397 5773 5777
f 6397 5777 5776
f 5764 5768 5541
f 5541 5768 5544
f 5537 5536 5758
f 5758 5762 5537
f 5537 5762 5761
f 5537 5761 5541
f 5541 5761 5765
f 5541 5765 5764
f 5540 5753 5538
f 5538 5753 5755
f 5538 5755 5536
f 5536 5755 5759
f 5536 5759 5758
f 6400 6127 6401
f 6401 6127 6126
f 6401 6126 6402
f 6402 6126 6125
f 6402 6125 6403
f 6403 6125 6124
f 6403 6124 6404
f 6404 6124 6123
f 6404 6123 5172
f 5172 6123 5171
f 6405 6132 6406
f 6406 6132 6131
f 6406 6131 6407
f 6407 6131 6130
f 6407 6130 6408
f 6408 6130 6129
f 6408 6129 6409
f 6409 6129 6128
f 6409 6128 6400
f 6400 6128 6127
f 6410 6137 6411
f 6411 6137 6136
f 6411 6136 6412
f 6412 6136 6135
f 6412 6135 6413
f 6413 6135 6134
f 6413 6134 6414
f 6414 6134 6133
f 6414 6133 6405
f 6405 6133 6132
f 6415 6141 6416
f 6416 6141 6140
f 6416 6140 6417
f 6417 6140 6139
f 6417 6139 6418
f 6418 6139 6138
f 6418 6138 6410
f 6410 6138 6137
f 6419 6146 6420
f 6420 6146 6145
f 6420 6145 6421
f 6421 6145 6144
f 6421 6144 6422
f 6422 6144 6143
f 6422 6143 6423
f 6423 6143 6142
f 6423 6142 6415
f 6415 6142 6141
f 6424 6150 6425
f 6425 6150 6149
f 6425 6149 6426
f 6426 6149 6148
f 6426 6148 6427
f 6427 6148 6147
f 6427 6147 6419
f 6419 6147 6146
f 6428 6154 6429
f 6429 6154 6153
f 6429 6153 6430
f 6430 6153 6152
f 6430 6152 6431
f 6431 6152 6151
f 6431 6151 6424
f 6424 6151 6150
f 6432 6159 6433
f 6433 6159 6158
f 6433 6158 6434
f 6434 6158 6157
f 6434 6157 6435
f 6435 6157 6156
f 6435 6156 6436
f 6436 6156 6155
f 6436 6155 6428
f 6428 6155 6154
f 6437 6164 6438
f 6438 6164 6163
f 6438 6163 6439
f 6439 6163 6162
f 6439 6162 6440
f 6440 6162 6161
f 6440 6161 6432
f 6432 6161 6160
f 6432 6160 6159
f 6441 6170 6442
f 6442 6170 6169
f 6442 6169 6443
f 6443 6169 6168
f 6443 6168 6444
f 6444 6168 6167
f 6444 6167 6445
f 6445 6167 6166
f 6445 6166 6437
f 6437 6166 6165
f 6437 6165 6164
f 6446 6175 6447
f 6447 6175 6174
f 6447 6174 6448
f 6448 6174 6173
f 6448 6173 6449
f 6449 6173 6172
f 6449 6172 6441
f 6441 6172 6171
f 6441 6171 6170
f 6450 6181 6451
f 6451 6181 6180
f 6451 6180 6452
f 6452 6180 6179
f 6452 6179 6453
f 6453 6179 6178
f 6453 6178 6454
f 6454 6178 6177
f 6454 6177 6446
f 6446 6177 6176
f 6446 6176 6175
f 6455 6186 6456
f 6456 6186 6185
f 6456 6185 6457
f 6457 6185 6184
f 6457 6184 6458
f 6458 6184 6183
f 6458 6183 6450
f 6450 6183 6182
f 6450 6182 6181
f 6459 6192 6460
f 6460 6192 6191
f 6460 6191 6461
f 6461 6191 6190
f 6461 6190 6462
f 6462 6190 6189
f 6462 6189 6463
f 6463 6189 6188
f 6463 6188 6455
f 6455 6188 6187
f 6455 6187 6186
f 6464 6197 6465
f 6465 6197 6196
f 6465 6196 6466
f 6466 6196 6195
f 6466 6195 6467
f 6467 6195 6194
f 6467 6194 6459
f 6459 6194 6193
f 6459 6193 6192
f 6468 6203 6469
f 6469 6203 6202
f 6469 6202 6470
f 6470 6202 6201
f 6470 6201 6471
f 6471 6201 6200
f 6471 6200 6472
f 6472 6200 6199
f 6472 6199 6464
f 6464 6199 6198
f 6464 6198 6197
f 6473 6208 6474
f 6474 6208 6207
f 6474 6207 6475
f 6475 6207 6206
f 6475 6206 6476
f 6476 6206 6205
f 6476 6205 6468
f 6468 6205 6204
f 6468 6204 6203
f 6477 6214 6478
f 6478 6214 6213
f 6478 6213 6479
f 6479 6213 6212
f 6479 6212 6480
f 6480 6212 6211
f 6480 6211 6481
f 6481 6211 6210
f 6481 6210 6473
f 6473 6210 6209
f 6473 6209 6208
f 6482 6219 6483
f 6483 6219 6218
f 6483 6218 6484
f 6484 6218 6217
f 6484 6217 6485
f 6485 6217 6216
f 6485 6216 6477
f 6477 6216 6215
f 6477 6215 6214
f 6486 6242 6487
f 6487 6242 6228
f 6487 6228 6488
f 6488 6228 6227
f 6488 6227 6489
f 6489 6227 6226
f 6489 6226 6490
f 6490 6226 6225
f 6490 6225 6491
f 6491 6225 6224
f 6491 6224 6492
f 6492 6224 6223
f 6492 6223 6493
f 6493 6223 6222
f 6493 6222 6494
f 6494 6222 6221
f 6494 6221 6482
f 6482 6221 6220
f 6482 6220 6219
f 6495 6245 6496
f 6496 6245 6229
f 6496 6229 6497
f 6497 6229 6230
f 6497 6230 6498
f 6498 6230 6231
f 6498 6231 6499
f 6499 6231 6232
f 6499 6232 6500
f 6500 6232 6233
f 6500 6233 6501
f 6501 6233 6234
f 6501 6234 6502
f 6502 6234 6235
f 6502 6235 6503
f 6503 6235 6236
f 6503 6236 6504
f 6504 6236 6237
f 6504 6237 6505
f 6505 6237 6238
f 6505 6238 6506
f 6506 6238 6239
f 6506 6239 6507
f 6507 6239 6240
f 6507 6240 6486
f 6486 6240 6241
f 6486 6241 6242
f 6508 6372 6509
f 6509 6372 6243
f 6509 6243 6510
f 6510 6243 6371
f 6510 6371 6511
f 6511 6371 6370
f 6511 6370 6512
f 6512 6370 6369
f 6512 6369 6513
f 6513 6369 6368
f 6513 6368 6514
f 6514 6368 6367
f 6514 6367 6515
f 6515 6367 6366
f 6515 6366 6516
f 6516 6366 6365
f 6516 6365 6517
f 6517 6365 6364
f 6517 6364 6518
f 6518 6364 6363
f 6518 6363 6519
f 6519 6363 6362
f 6519 6362 6520
f 6520 6362 6361
f 6520 6361 6521
f 6521 6361 6360
f 6521 6360 6522
f 6522 6360 6359
f 6522 6359 6523
f 6523 6359 6358
f 6523 6358 6524
f 6524 6358 6357
f 6524 6357 6525
f 6525 6357 6356
f 6525 6356 6526
f 6526 6356 6355
f 6526 6355 6527
f 6527 6355 6354
f 6527 6354 6528
f 6528 6354 6353
f 6528 6353 6529
f 6529 6353 6352
f 6529 6352 6530
f 6530 6352 6351
f 6530 6351 6531
f 6531 6351 6350
f 6531 6350 6532
f 6532 6350 6349
f 6532 6349 6533
f 6533 6349 6348
f 6533 6348 6534
f 6534 6348 6347
f 6534 6347 6535
f 6535 6347 6346
f 6535 6346 6536
f 6536 6346 6345
f 6536 6345 6537
f 6537 6345 6344
f 6537 6344 6538
f 6538 6344 6343
f 6538 6343 6539
f 6539 6343 6342
f 6539 6342 6540
f 6540 6342 6341
f 6540 6341 6541
f 6541 6341 6340
f 6541 6340 6542
f 6542 6340 6339
f 6542 6339 6543
f 6543 6339 6338
f 6543 6338 6544
f 6544 6338 6337
f 6544 6337 6545
f 6545 6337 6336
f 6545 6336 6546
f 6546 6336 6335
f 6546 6335 6547
f 6547 6335 6334
f 6547 6334 6548
f 6548 6334 6333
f 6548 6333 6549
f 6549 6333 6332
f 6549 6332 6550
f 6550 6332 6331
f 6550 6331 6551
f 6551 6331 6330
f 6551 6330 6552
f 6552 6330 6329
f 6552 6329 6553
f 6553 6329 6328
f 6553 6328 6554
f 6554 6328 6327
f 6554 6327 6555
f 6555 6327 6326
f 6555 6326 6556
f 6556 6326 6325
f 6556 6325 6557
f 6557 6325 6324
f 6557 6324 6558
f 6558 6324 6323
f 6558 6323 6559
f 6559 6323 6322
f 6559 6322 6560
f 6560 6322 6321
f 6560 6321 6561
f 6561 6321 6320
f 6561 6320 6562
f 6562 6320 6319
f 6562 6319 6563
f 6563 6319 6318
f 6563 6318 6564
f 6564 6318 6317
f 6564 6317 6565
f 6565 6317 6316
f 6565 6316 6566
f 6566 6316 6315
f 6566 6315 6567
f 6567 6315 6314
f 6567 6314 6568
f 6568 6314 6313
f 6568 6313 6569
f 6569 6313 6312
f 6569 6312 6570
f 6570 6312 6311
f 6570 6311 6571
f 6571 6311 6310
f 6571 6310 6572
f 6572 6310 6309
f 6572 6309 6573
f 6573 6309 6308
f 6573 6308 6574
f 6574 6308 6307
f 6574 6307 6575
f 6575 6307 6306
f 6575 6306 6576
f 6576 6306 6305
f 6576 6305 6577
f 6577 6305 6304
f 6577 6304 6578
f 6578 6304 6303
f 6578 6303 6579
f 6579 6303 6302
f 6579 6302 6580
f 6580 6302 6301
f 6580 6301 6581
f 6581 6301 6300
f 6581 6300 6582
f 6582 6300 6299
f 6582 6299 6583
f 6583 6299 6298
f 6583 6298 6584
f 6584 6298 6297
f 6584 6297 6585
f 6585 6297 6296
f 6585 6296 6586
f 6586 6296 6295
f 6586 6295 6587
f 6587 6295 6294
f 6587 6294 6588
f 6588 6294 6293
f 6588 6293 6589
f 6589 6293 6292
f 6589 6292 6590
f 6590 6292 6291
f 6590 6291 6591
f 6591 6291 6290
f 6591 6290 6592
f 6592 6290 6289
f 6592 6289 6593
f 6593 6289 6288
f 6593 6288 6594
f 6594 6288 6287
f 6594 6287 6595
f 6595 6287 6286
f 6595 6286 6596
f 6596 6286 6285
f 6596 6285 6597
f 6597 6285 6284
f 6597 6284 6598
f 6598 6284 6283
f 6598 6283 6599
f 6599 6283 6282
f 6599 6282 6600
f 6600 6282 6281
f 6600 6281 6601
f 6601 6281 6280
f 6601 6280 6602
f 6602 6280 6279
f 6602 6279 6603
f 6603 6279 6278
f 6603 6278 6604
f 6604 6278 6277
f 6604 6277 6605
f 6605 6277 6276
f 6605 6276 6606
f 6606 6276 6275
f 6606 6275 6607
f 6607 6275 6274
f 6607 6274 6608
f 6608 6274 6273
f 6608 6273 6609
f 6609 6273 6272
f 6609 6272 6610
f 6610 6272 6271
f 6610 6271 6611
f 6611 6271 6270
f 6611 6270 6612
f 6612 6270 6269
f 6612 6269 6613
f 6613 6269 6268
f 6613 6268 6614
f 6614 6268 6267
f 6614 6267 6615
f 6615 6267 6266
f 6615 6266 6616
f 6616 6266 6265
f 6616 6265 6617
f 6617 6265 6264
f 6617 6264 6618
f 6618 6264 6263
f 6618 6263 6619
f 6619 6263 6262
f 6619 6262 6620
f 6620 6262 6261
f 6620 6261 6621
f 6621 6261 6260
f 6621 6260 6622
f 6622 6260 6259
f 6622 6259 6623
f 6623 6259 6258
f 6623 6258 6624
f 6624 6258 6257
f 6624 6257 6625
f 6625 6257 6256
f 6625 6256 6626
f 6626 6256 6255
f 6626 6255 6627
f 6627 6255 6254
f 6627 6254 6628
f 6628 6254 6253
f 6628 6253 6629
f 6629 6253 6252
f 6629 6252 6630
f 6630 6252 6251
f 6630 6251 6631
f 6631 6251 6250
f 6631 6250 6632
f 6632 6250 6249
f 6632 6249 6633
f 6633 6249 6248
f 6633 6248 6634
f 6634 6248 6247
f 6634 6247 6635
f 6635 6247 6246
f 6635 6246 6495
f 6495 6246 6245
f 6636 6375 6508
f 6508 6375 6373
f 6508 6373 6372
f 6637 6377 6636
f 6636 6377 6376
f 6636 6376 6375
f 6638 6380 6639
f 6639 6380 6379
f 6639 6379 6637
f 6637 6379 6378
f 6637 6378 6377
f 6640 6383 6638
f 6638 6383 6381
f 6638 6381 6380
f 6641 6385 6640
f 6640 6385 6384
f 6640 6384 6383
f 6642 6388 6641
f 6641 6388 6386
f 6641 6386 6385
f 6643 6390 6642
f 6642 6390 6389
f 6642 6389 6388
f 6644 6394 6643
f 6643 6394 6391
f 6643 6391 6390
f 6645 6392 6644
f 6644 6392 6393
f 6644 6393 6394
f 6646 5866 6645
f 6645 5866 5865
f 6645 5865 6392
f 6647 5868 6646
f 6646 5868 5867
f 6646 5867 5866
f 6648 5870 6647
f 6647 5870 5869
f 6647 5869 5868
f 6649 5872 6648
f 6648 5872 5871
f 6648 5871 5870
f 6650 5874 6649
f 6649 5874 5873
f 6649 5873 5872
f 6651 5876 6650
f 6650 5876 5875
f 6650 5875 5874
f 6652 5878 6651
f 6651 5878 5877
f 6651 5877 5876
f 6653 5880 6652
f 6652 5880 5879
f 6652 5879 5878
f 6654 5882 6653
f 6653 5882 5881
f 6653 5881 5880
f 6655 5884 6654
f 6654 5884 5883
f 6654 5883 5882
f 6656 5886 6655
f 6655 5886 5885
f 6655 5885 5884
f 6657 5888 6656
f 6656 5888 5887
f 6656 5887 5886
f 6658 5890 6657
f 6657 5890 5889
f 6657 5889 5888
f 6659 5892 6658
f 6658 5892 5891
f 6658 5891 5890
f 5778 5852 6398
f 6398 5852 5894
f 6398 5894 6659
f 6659 5894 5893
f 6659 5893 5892
f 5609 6414 5608
f 5608 6414 6405
f 5608 6405 5607
f 5607 6405 6406
f 5607 6406 5530
f 5530 6406 6407
f 5530 6407 5531
f 5531 6407 6408
f 5531 6408 5593
f 5593 6408 6409
f 5593 6409 5595
f 5595 6409 6400
f 5595 6400 5597
f 5597 6400 6401
f 5597 6401 5600
f 5600 6401 6402
f 5600 6402 5602
f 5602 6402 6403
f 5602 6403 5605
f 5605 6403 6404
f 5605 6404 5173
f 5173 6404 5172
f 5680 6605 5360
f 5360 6605 6606
f 5360 6606 5679
f 5679 6606 6607
f 5679 6607 5363
f 5363 6607 6608
f 5363 6608 5678
f 5678 6608 6609
f 5678 6609 5366
f 5366 6609 6610
f 5366 6610 5677
f 5677 6610 6611
f 5677 6611 5369
f 5369 6611 6612
f 5369 6612 5676
f 5676 6612 6613
f 5676 6613 5372
f 5372 6613 6614
f 5372 6614 5675
f 5675 6614 6615
f 5675 6615 5375
f 5375 6615 6616
f 5375 6616 5674
f 5674 6616 6617
f 5674 6617 5378
f 5378 6617 6618
f 5378 6618 5673
f 5673 6618 6619
f 5673 6619 5381
f 5381 6619 6620
f 5381 6620 5672
f 5672 6620 6621
f 5672 6621 5384
f 5384 6621 6622
f 5384 6622 5671
f 5671 6622 6623
f 5671 6623 5387
f 5387 6623 6624
f 5387 6624 5670
f 5670 6624 6625
f 5670 6625 5390
f 5390 6625 6626
f 5390 6626 5669
f 5669 6626 6627
f 5669 6627 5393
f 5393 6627 6628
f 5393 6628 5668
f 5668 6628 6629
f 5668 6629 5396
f 5396 6629 6630
f 5396 6630 5667
f 5667 6630 6631
f 5667 6631 5399
f 5399 6631 6632
f 5399 6632 5666
f 5666 6632 6633
f 5666 6633 5402
f 5402 6633 6634
f 5402 6634 5665
f 5665 6634 6635
f 5665 6635 5405
f 5405 6635 6495
f 5405 6495 5664
f 5664 6495 6496
f 5664 6496 5408
f 5408 6496 6497
f 5408 6497 5663
f 5663 6497 6498
f 5663 6498 5411
f 5411 6498 6499
f 5411 6499 5662
f 5662 6499 6500
f 5662 6500 5414
f 5414 6500 6501
f 5414 6501 5661
f 5661 6501 6502
f 5661 6502 5417
f 5417 6502 6503
f 5417 6503 5660
f 5660 6503 6504
f 5660 6504 5420
f 5420 6504 6505
f 5420 6505 5659
f 5659 6505 6506
f 5659 6506 5423
f 5423 6506 6507
f 5423 6507 5658
f 5658 6507 6486
f 5658 6486 5426
f 5426 6486 6487
f 5426 6487 5657
f 5657 6487 6488
f 5657 6488 5429
f 5429 6488 6489
f 5429 6489 5656
f 5656 6489 6490
f 5656 6490 5432
f 5432 6490 6491
f 5432 6491 5655
f 5655 6491 6492
f 5655 6492 5435
f 5435 6492 6493
f 5435 6493 5654
f 5654 6493 6494
f 5654 6494 5438
f 5438 6494 6482
f 5438 6482 5653
f 5653 6482 6483
f 5653 6483 5441
f 5441 6483 6484
f 5441 6484 5652
f 5652 6484 6485
f 5652 6485 5444
f 5444 6485 6477
f 5444 6477 5651
f 5651 6477 6478
f 5651 6478 5447
f 5447 6478 6479
f 5447 6479 5650
f 5650 6479 6480
f 5650 6480 5450
f 5450 6480 6481
f 5450 6481 5649
f 5649 6481 6473
f 5649 6473 5453
f 5453 6473 6474
f 5453 6474 5648
f 5648 6474 6475
f 5648 6475 5456
f 5456 6475 6476
f 5456 6476 5647
f 5647 6476 6468
f 5647 6468 5459
f 5459 6468 6469
f 5459 6469 5646
f 5646 6469 6470
f 5646 6470 5462
f 5462 6470 6471
f 5462 6471 5645
f 5645 6471 6472
f 5645 6472 5465
f 5465 6472 6464
f 5465 6464 5644
f 5644 6464 6465
f 5644 6465 5468
f 5468 6465 6466
f 5468 6466 5643
f 5643 6466 6467
f 5643 6467 5471
f 5471 6467 6459
f 5471 6459 5642
f 5642 6459 6460
f 5642 6460 5474
f 5474 6460 6461
f 5474 6461 5641
f 5641 6461 6462
f 5641 6462 5477
f 5477 6462 6463
f 5477 6463 5640
f 5640 6463 6455
f 5640 6455 5480
f 5480 6455 6456
f 5480 6456 5639
f 5639 6456 6457
f 5639 6457 5483
f 5483 6457 6458
f 5483 6458 5638
f 5638 6458 6450
f 5638 6450 5486
f 5486 6450 6451
f 5486 6451 5637
f 5637 6451 6452
f 5637 6452 5489
f 5489 6452 6453
f 5489 6453 5636
f 5636 6453 6454
f 5636 6454 5492
f 5492 6454 6446
f 5492 6446 5635
f 5635 6446 6447
f 5635 6447 5495
f 5495 6447 6448
f 5495 6448 5634
f 5634 6448 6449
f 5634 6449 5498
f 5498 6449 6441
f 5498 6441 5633
f 5633 6441 6442
f 5633 6442 5501
f 5501 6442 6443
f 5501 6443 5632
f 5632 6443 6444
f 5632 6444 5504
f 5504 6444 6445
f 5504 6445 5631
f 5631 6445 6437
f 5631 6437 5507
f 5507 6437 6438
f 5507 6438 5630
f 5630 6438 6439
f 5630 6439 5510
f 5510 6439 6440
f 5510 6440 5629
f 5629 6440 6432
f 5629 6432 5513
f 5513 6432 6433
f 5513 6433 5628
f 5628 6433 6434
f 5628 6434 5516
f 5516 6434 6435
f 5516 6435 5627
f 5627 6435 6436
f 5627 6436 5519
f 5519 6436 6428
f 5519 6428 5626
f 5626 6428 6429
f 5626 6429 5522
f 5522 6429 6430
f 5522 6430 5625
f 5625 6430 6431
f 5625 6431 5525
f 5525 6431 6424
f 5525 6424 5624
f 5624 6424 6425
f 5624 6425 5528
f 5528 6425 6426
f 5528 6426 5623
f 5623 6426 6427
f 5623 6427 5622
f 5622 6427 6419
f 5622 6419 5621
f 5621 6419 6420
f 5621 6420 5620
f 5620 6420 6421
f 5620 6421 5619
f 5619 6421 6422
f 5619 6422 5618
f 5618 6422 6423
f 5618 6423 5617
f 5617 6423 6415
f 5617 6415 5616
f 5616 6415 6416
f 5616 6416 5615
f 5615 6416 6417
f 5615 6417 5614
f 5614 6417 6418
f 5614 6418 5613
f 5613 6418 6410
f 5613 6410 5612
f 5612 6410 6411
f 5612 6411 5611
f 5611 6411 6412
f 5611 6412 5610
f 5610 6412 6413
f 5610 6413 5609
f 5609 6413 6414
f 5768 5767 5544
f 5544 5767 5771
f 5544 5771 5742
f 5742 5771 6395
f 5742 6395 5743
f 5743 6395 6399
f 5743 6399 5744
f 5744 6399 6397
f 5744 6397 5745
f 5745 6397 6396
f 5745 6396 5741
f 5741 6396 6398
f 5741 6398 5177
f 5177 6398 6659
f 5177 6659 5740
f 5740 6659 6658
f 5740 6658 5180
f 5180 6658 6657
f 5180 6657 5739
f 5739 6657 6656
f 5739 6656 5183
f 5183 6656 6655
f 5183 6655 5738
f 5738 6655 6654
f 5738 6654 5186
f 5186 6654 6653
f 5186 6653 5737
f 5737 6653 6652
f 5737 6652 5189
f 5189 6652 6651
f 5189 6651 5736
f 5736 6651 6650
f 5736 6650 5192
f 5192 6650 6649
f 5192 6649 5735
f 5735 6649 6648
f 5735 6648 5195
f 5195 6648 6647
f 5195 6647 5734
f 5734 6647 6646
f 5734 6646 5198
f 5198 6646 6645
f 5198 6645 5733
f 5733 6645 6644
f 5733 6644 5201
f 5201 6644 6643
f 5201 6643 5732
f 5732 6643 6642
f 5732 6642 5204
f 5204 6642 6641
f 5204 6641 5731
f 5731 6641 6640
f 5731 6640 5207
f 5207 6640 6638
f 5207 6638 5730
f 5730 6638 6639
f 5730 6639 5210
f 5210 6639 6637
f 5210 6637 5729
f 5729 6637 6636
f 5729 6636 5213
f 5213 6636 6508
f 5213 6508 5728
f 5728 6508 6509
f 5728 6509 5216
f 5216 6509 6510
f 5216 6510 5727
f 5727 6510 6511
f 5727 6511 5219
f 5219 6511 6512
f 5219 6512 5726
f 5726 6512 6513
f 5726 6513 5222
f 5222 6513 6514
f 5222 6514 5725
f 5725 6514 6515
f 5725 6515 5225
f 5225 6515 6516
f 5225 6516 5724
f 5724 6516 6517
f 5724 6517 5228
f 5228 6517 6518
f 5228 6518 5723
f 5723 6518 6519
f 5723 6519 5231
f 5231 6519 6520
f 5231 6520 5722
f 5722 6520 6521
f 5722 6521 5234
f 5234 6521 6522
f 5234 6522 5721
f 5721 6522 6523
f 5721 6523 5237
f 5237 6523 6524
f 5237 6524 5720
f 5720 6524 6525
f 5720 6525 5240
f 5240 6525 6526
f 5240 6526 5719
f 5719 6526 6527
f 5719 6527 5243
f 5243 6527 6528
f 5243 6528 5718
f 5718 6528 6529
f 5718 6529 5246
f 5246 6529 6530
f 5246 6530 5717
f 5717 6530 6531
f 5717 6531 5249
f 5249 6531 6532
f 5249 6532 5716
f 5716 6532 6533
f 5716 6533 5252
f 5252 6533 6534
f 5252 6534 5715
f 5715 6534 6535
f 5715 6535 5255
f 5255 6535 6536
f 5255 6536 5714
f 5714 6536 6537
f 5714 6537 5258
f 5258 6537 6538
f 5258 6538 5713
f 5713 6538 6539
f 5713 6539 5261
f 5261 6539 6540
f 5261 6540 5712
f 5712 6540 6541
f 5712 6541 5264
f 5264 6541 6542
f 5264 6542 5711
f 5711 6542 6543
f 5711 6543 5267
f 5267 6543 6544
f 5267 6544 5710
f 5710 6544 6545
f 5710 6545 5270
f 5270 6545 6546
f 5270 6546 5709
f 5709 6546 6547
f 5709 6547 5273
f 5273 6547 6548
f 5273 6548 5708
f 5708 6548 6549
f 5708 6549 5276
f 5276 6549 6550
f 5276 6550 5707
f 5707 6550 6551
f 5707 6551 5279
f 5279 6551 6552
f 5279 6552 5706
f 5706 6552 6553
f 5706 6553 5282
f 5282 6553 6554
f 5282 6554 5705
f 5705 6554 6555
f 5705 6555 5285
f 5285 6555 6556
f 5285 6556 5704
f 5704 6556 6557
f 5704 6557 5288
f 5288 6557 6558
f 5288 6558 5703
f 5703 6558 6559
f 5703 6559 5291
f 5291 6559 6560
f 5291 6560 5702
f 5702 6560 6561
f 5702 6561 5294
f 5294 6561 6562
f 5294 6562 5701
f 5701 6562 6563
f 5701 6563 5297
f 5297 6563 6564
f 5297 6564 5700
f 5700 6564 6565
f 5700 6565 5300
f 5300 6565 6566
f 5300 6566 5699
f 5699 6566 6567
f 5699 6567 5303
f 5303 6567 6568
f 5303 6568 5698
f 5698 6568 6569
f 5698 6569 5306
f 5306 6569 6570
f 5306 6570 5697
f 5697 6570 6571
f 5697 6571 5309
f 5309 6571 6572
f 5309 6572 5696
f 5696 6572 6573
f 5696 6573 5312
f 5312 6573 6574
f 5312 6574 5695
f 5695 6574 6575
f 5695 6575 5315
f 5315 6575 6576
f 5315 6576 5694
f 5694 6576 6577
f 5694 6577 5318
f 5318 6577 6578
f 5318 6578 5693
f 5693 6578 6579
f 5693 6579 5321
f 5321 6579 6580
f 5321 6580 5692
f 5692 6580 6581
f 5692 6581 5324
f 5324 6581 6582
f 5324 6582 5691
f 5691 6582 6583
f 5691 6583 5327
f 5327 6583 6584
f 5327 6584 5690
f 5690 6584 6585
f 5690 6585 5330
f 5330 6585 6586
f 5330 6586 5689
f 5689 6586 6587
f 5689 6587 5333
f 5333 6587 6588
f 5333 6588 5688
f 5688 6588 6589
f 5688 6589 5336
f 5336 6589 6590
f 5336 6590 5687
f 5687 6590 6591
f 5687 6591 5339
f 5339 6591 6592
f 5339 6592 5686
f 5686 6592 6593
f 5686 6593 5342
f 5342 6593 6594
f 5342 6594 5685
f 5685 6594 6595
f 5685 6595 5345
f 5345 6595 6596
f 5345 6596 5684
f 5684 6596 6597
f 5684 6597 5348
f 5348 6597 6598
f 5348 6598 5683
f 5683 6598 6599
f 5683 6599 5351
f 5351 6599 6600
f 5351 6600 5682
f 5682 6600 6601
f 5682 6601 5354
f 5354 6601 6602
f 5354 6602 5681
f 5681 6602 6603
f 5681 6603 5357
f 5357 6603 6604
f 5357 6604 5680
f 5680 6604 6605
f 54 51 5604
f 5604 51 5603
f 5603 51 49
f 5603 49 5601
f 5601 49 5599
f 5599 49 46
f 5599 46 5598
f 5598 46 43
f 5598 43 5596
f 5596 43 39
f 5596 39 5594
f 5594 39 33
f 5594 33 5592
f 5592 33 35
f 5592 35 5529
f 5529 35 5588
f 5588 35 36
f 5588 36 5590
f 5590 36 5591
f 5591 36 30
f 5591 30 5584
f 5584 30 5585
f 5585 30 25
f 5585 25 5586
f 5586 25 5587
f 5587 25 22
f 5587 22 5581
f 5581 22 17
f 5581 17 5579
f 5579 17 5577
f 5577 17 9
f 5577 9 5576
f 5576 9 8
f 5576 8 5574
f 5574 8 14
f 5574 14 5572
f 5572 14 10
f 5572 10 5570
f 5570 10 5568
f 5568 10 12
f 5568 12 5567
f 5567 12 106
f 5567 106 5565
f 5565 106 100
f 5565 100 5563
f 5563 100 5561
f 5561 100 102
f 5561 102 5560
f 5560 102 95
f 5560 95 5558
f 5558 95 94
f 5558 94 5556
f 5604 5606 54
f 54 5606 5174
f 54 5174 56
f 56 5174 58
f 5556 94 4222
f 4222 94 92
f 4222 92 4223
f 4223 92 89
f 4223 89 4227
f 4227 89 86
f 4227 86 4230
f 4230 86 84
f 4230 84 4233
f 4233 84 81
f 4233 81 4236
f 4236 81 78
f 4236 78 4239
f 4239 78 74
f 4239 74 4242
f 4242 74 69
f 4242 69 4245
f 4245 69 64
f 4245 64 4248
f 4248 64 66
f 4248 66 4251
f 4251 66 59
f 4251 59 4254
f 4254 59 58
f 4254 58 4257
f 4257 58 5174
f 4257 5174 4258
f 3262 3261 3804
f 105 3262 6
f 6 3262 3804
f 6 3804 2115
f 2115 3804 2114
f 4218 3803 3785
f 3803 3792 3790
f 3790 3789 3803
f 3803 3789 3786
f 3803 3786 3785
f 3801 3800 3785
f 3785 3800 3799
f 3785 3799 4218
f 3785 3798 3801
f 3801 3798 3797
f 3801 3797 3795
f 3795 3797 3796
f 6660 6661 6662
f 6663 6664 6665
f 6665 6664 6666
f 6665 6666 6667
f 6667 6666 6668
f 6667 6668 6669
f 3792 3803 3782
f 6670 6671 6672
f 1655 3792 6673
f 6662 6661 6674
f 6674 6661 6675
f 6674 6675 6676
f 6676 6675 6677
f 6676 6677 6678
f 3792 3782 6673
f 6673 3782 3781
f 6673 3781 6679
f 6679 3781 3778
f 6679 3778 6680
f 6672 6671 6681
f 6681 6671 6682
f 6681 6682 6683
f 6683 6682 6684
f 6683 6684 6685
f 6660 6662 6681
f 6681 6662 6686
f 6681 6686 6672
f 6687 6688 6689
f 6689 6688 6690
f 6689 6690 6691
f 6691 6690 6692
f 6691 6692 6693
f 6693 6692 6694
f 6693 6694 6695
f 6696 6697 6674
f 6674 6697 6698
f 6674 6698 6662
f 6662 6698 6699
f 6662 6699 6700
f 6700 6699 6701
f 6700 6701 6702
f 6703 6704 6691
f 6691 6704 6705
f 6691 6705 6689
f 6689 6705 6706
f 6689 6706 6707
f 6707 6706 6708
f 6707 6708 6709
f 6673 6710 1655
f 1655 6710 6711
f 1655 6711 6687
f 6687 6711 6712
f 6687 6712 6713
f 6713 6712 6714
f 6713 6714 6715
f 6716 6717 6718
f 6718 6717 6719
f 6691 6720 6703
f 6703 6720 6721
f 6703 6721 6696
f 6696 6721 6722
f 6696 6722 6723
f 6723 6722 6724
f 6723 6724 6725
f 6726 1653 6727
f 6727 1653 1655
f 6727 1655 6728
f 6728 1655 6687
f 6728 6687 6729
f 6729 6687 6689
f 6674 6730 6696
f 6696 6730 6731
f 6696 6731 6703
f 6703 6731 6732
f 6703 6732 6733
f 6733 6732 6734
f 6733 6734 6735
f 6669 6668 6736
f 6736 6668 6670
f 6736 6670 6719
f 6719 6670 6672
f 6719 6672 6718
f 6737 6738 6739
f 6740 6741 6742
f 6742 6741 6743
f 6742 6743 6744
f 6744 6743 6745
f 6744 6745 6746
f 6747 6748 6749
f 1653 6726 1651
f 1651 6726 6750
f 1651 6750 3751
f 6751 6752 6753
f 6753 6752 6754
f 6753 6754 6755
f 6755 6754 6756
f 6755 6756 6757
f 6757 6756 6685
f 6757 6685 6684
f 6755 6758 6759
f 6759 6758 6749
f 6759 6749 6760
f 6760 6749 6748
f 6760 6748 6761
f 6761 6748 6762
f 6759 6763 6755
f 6755 6763 6764
f 6755 6764 6753
f 6753 6764 6765
f 6753 6765 6766
f 6766 6765 6767
f 6766 6767 6768
f 6769 6770 3751
f 6664 6663 6771
f 6771 6663 6772
f 6769 3751 6738
f 6737 6739 6773
f 6753 6774 6751
f 6751 6774 6775
f 6751 6775 6776
f 6776 6775 6777
f 6776 6777 6778
f 6778 6777 6779
f 6778 6779 6780
f 6776 6781 6782
f 6782 6781 6783
f 6782 6783 6773
f 6773 6783 6784
f 6773 6784 6785
f 6785 6784 6786
f 6785 6786 6787
f 6782 6788 6776
f 6776 6788 6789
f 6776 6789 6751
f 6751 6789 6790
f 6751 6790 6791
f 6791 6790 6678
f 6791 6678 6677
f 6746 6745 6792
f 6792 6745 6747
f 6792 6747 6772
f 6772 6747 6749
f 6772 6749 6771
f 6750 6793 3751
f 3751 6793 6794
f 3751 6794 6738
f 6738 6794 6795
f 6738 6795 6739
f 6739 6795 6796
f 6739 6796 6797
f 6797 6796 6709
f 6797 6709 6708
f 6739 6798 6773
f 6773 6798 6799
f 6773 6799 6782
f 6782 6799 6800
f 6782 6800 6801
f 6801 6800 6735
f 6801 6735 6734
f 6802 6803 6804
f 6805 6806 6807
f 6807 6806 6808
f 6807 6808 6809
f 6809 6808 6810
f 6811 6812 6813
f 3751 6770 6814
f 3751 6814 3768
f 6815 6816 3768
f 6811 6813 6817
f 6802 6804 6818
f 6815 3768 6812
f 6810 6819 6803
f 6803 6819 6820
f 6803 6820 6804
f 6804 6820 6821
f 6804 6821 6822
f 6822 6821 6823
f 6822 6823 6824
f 6804 6825 6818
f 6818 6825 6826
f 6818 6826 6827
f 6827 6826 6828
f 6827 6828 6829
f 6829 6828 6830
f 6829 6830 6831
f 6813 6832 6817
f 6817 6832 6833
f 6817 6833 6834
f 6834 6833 6835
f 6834 6835 6836
f 6836 6835 6780
f 6836 6780 6779
f 6837 6838 6834
f 6834 6838 6839
f 6834 6839 6817
f 6817 6839 6840
f 6817 6840 6841
f 6841 6840 6842
f 6841 6842 6843
f 6761 6762 6844
f 6844 6762 6818
f 6844 6818 6845
f 6845 6818 6827
f 6845 6827 6846
f 6846 6827 6847
f 6827 6848 6847
f 6847 6848 6849
f 6847 6849 6837
f 6837 6849 6850
f 6837 6850 6851
f 6851 6850 6852
f 6851 6852 6853
f 6814 6854 3768
f 3768 6854 6855
f 3768 6855 6812
f 6812 6855 6856
f 6812 6856 6813
f 6813 6856 6857
f 6813 6857 6858
f 6858 6857 6787
f 6858 6787 6786
f 6741 6740 6859
f 6859 6740 6860
f 6859 6860 6803
f 6803 6860 6861
f 6803 6861 6810
f 6810 6861 6862
f 6810 6862 6809
f 6834 6863 6837
f 6837 6863 6864
f 6837 6864 6847
f 6847 6864 6865
f 6847 6865 6866
f 6866 6865 6768
f 6866 6768 6767
f 6867 6868 6869
f 6870 6871 6872
f 6873 6874 6875
f 6875 6874 6876
f 6875 6876 6877
f 6872 6871 6878
f 6878 6871 6879
f 6878 6879 6880
f 3768 6816 6881
f 6882 6883 6869
f 6869 6883 6884
f 6869 6884 6867
f 6873 6885 6886
f 3768 6881 3766
f 6887 6888 3766
f 6889 6890 6891
f 6885 6870 6886
f 6886 6870 6872
f 6886 6872 6892
f 6892 6872 6893
f 6887 3766 6890
f 6894 6895 6896
f 6896 6895 6897
f 6896 6897 6893
f 6893 6897 6898
f 6893 6898 6899
f 6899 6898 6824
f 6899 6824 6823
f 6806 6805 6900
f 6900 6805 6901
f 6900 6901 6886
f 6886 6901 6882
f 6886 6882 6873
f 6873 6882 6869
f 6873 6869 6874
f 6902 6903 6904
f 6904 6903 6905
f 6904 6905 6906
f 6906 6905 6907
f 6906 6907 6908
f 6908 6907 6909
f 6908 6909 6910
f 6889 6891 6906
f 6896 6911 6894
f 6894 6911 6912
f 6894 6912 6902
f 6902 6912 6913
f 6902 6913 6914
f 6914 6913 6915
f 6914 6915 6916
f 6872 6917 6893
f 6893 6917 6918
f 6893 6918 6896
f 6896 6918 6919
f 6896 6919 6920
f 6920 6919 6921
f 6920 6921 6922
f 6881 6923 3766
f 3766 6923 6924
f 3766 6924 6890
f 6890 6924 6925
f 6890 6925 6891
f 6891 6925 6926
f 6891 6926 6927
f 6927 6926 6843
f 6927 6843 6842
f 6891 6928 6906
f 6906 6928 6929
f 6906 6929 6904
f 6904 6929 6930
f 6904 6930 6931
f 6931 6930 6853
f 6931 6853 6852
f 6904 6932 6902
f 6902 6932 6933
f 6902 6933 6894
f 6894 6933 6934
f 6894 6934 6935
f 6935 6934 6831
f 6935 6831 6830
f 6936 6937 6938
f 6888 6939 3766
f 3766 6939 6940
f 3766 6940 3755
f 6936 6938 6941
f 6942 6943 6944
f 6937 6945 6938
f 6938 6945 6946
f 6938 6946 6947
f 6947 6946 6910
f 6947 6910 6909
f 6948 6949 6950
f 6950 6949 6951
f 6950 6951 6952
f 6953 3755 6954
f 6954 3755 6940
f 6954 6940 6937
f 6937 6940 6955
f 6937 6955 6945
f 6938 6956 6941
f 6941 6956 6957
f 6941 6957 6958
f 6958 6957 6959
f 6958 6959 6960
f 6960 6959 6916
f 6960 6916 6915
f 6961 6962 6963
f 6963 6962 6964
f 6963 6964 6965
f 6965 6964 6966
f 6958 6967 6968
f 6968 6967 6969
f 6968 6969 6970
f 6970 6969 6971
f 6970 6971 6972
f 6972 6971 6922
f 6972 6922 6921
f 6968 6973 6958
f 6958 6973 6974
f 6958 6974 6941
f 6941 6974 6975
f 6941 6975 6976
f 6976 6975 6977
f 6976 6977 6978
f 6942 6944 6979
f 6979 6944 6951
f 6979 6951 6980
f 6980 6951 6949
f 6980 6949 6964
f 6964 6949 6981
f 6964 6981 6966
f 6982 6983 6970
f 6970 6983 6984
f 6970 6984 6968
f 6968 6984 6985
f 6968 6985 6986
f 6986 6985 6987
f 6986 6987 6988
f 6989 6990 6991
f 6991 6990 6992
f 6991 6992 6952
f 6952 6992 6993
f 6952 6993 6994
f 6994 6993 6877
f 6994 6877 6876
f 6951 6995 6952
f 6952 6995 6996
f 6952 6996 6991
f 6991 6996 6997
f 6991 6997 6998
f 6998 6997 6999
f 6998 6999 7000
f 6970 7001 6982
f 6982 7001 7002
f 6982 7002 6989
f 6989 7002 7003
f 6989 7003 7004
f 7004 7003 6880
f 7004 6880 6879
f 6991 7005 6989
f 6989 7005 7006
f 6989 7006 6982
f 6982 7006 7007
f 6982 7007 7008
f 7008 7007 7009
f 7008 7009 7010
f 7011 7012 7013
f 7014 3756 7015
f 7015 3756 3755
f 7015 3755 6953
f 3784 3756 7016
f 7017 7018 7019
f 7019 7018 7020
f 7019 7020 7021
f 7021 7020 7022
f 7021 7022 7023
f 7023 7022 6715
f 7023 6715 6714
f 7021 7024 7025
f 7025 7024 7026
f 7025 7026 3784
f 3784 7026 7027
f 3784 7027 3780
f 3780 7027 6680
f 3780 6680 3778
f 7019 7028 7017
f 7017 7028 7029
f 7017 7029 7030
f 7030 7029 7031
f 7030 7031 7032
f 7032 7031 7000
f 7032 7000 6999
f 7033 7034 7035
f 7016 7036 3784
f 3784 7036 7037
f 3784 7037 7025
f 7025 7037 7038
f 7025 7038 7039
f 7039 7038 6988
f 7039 6988 6987
f 7025 7040 7021
f 7021 7040 7041
f 7021 7041 7019
f 7019 7041 7042
f 7019 7042 7043
f 7043 7042 7010
f 7043 7010 7009
f 7033 7035 7012
f 7014 7044 3756
f 3756 7044 7045
f 3756 7045 7016
f 7016 7045 7046
f 7016 7046 7047
f 7047 7046 6978
f 7047 6978 6977
f 7011 7013 7048
f 7049 7050 7030
f 7030 7050 7051
f 7030 7051 7017
f 7017 7051 7052
f 7017 7052 7053
f 7053 7052 6695
f 7053 6695 6694
f 7035 7054 7012
f 7012 7054 7055
f 7012 7055 7013
f 7013 7055 7056
f 7013 7056 7057
f 7057 7056 6702
f 7057 6702 6701
f 7013 7058 7048
f 7048 7058 7059
f 7048 7059 7049
f 7049 7059 7060
f 7049 7060 7061
f 7061 7060 6725
f 7061 6725 6724
f 7030 7062 7049
f 7049 7062 7063
f 7049 7063 7048
f 7048 7063 7064
f 7048 7064 7065
f 7065 7064 6943
f 7065 6943 6942
f 6717 6716 7066
f 7066 6716 7067
f 7066 7067 7068
f 7068 7067 7069
f 7068 7069 7070
f 7070 7069 7054
f 7070 7054 7071
f 7071 7054 7035
f 6715 7072 6713
f 7072 6715 7022
f 7022 7020 7072
f 7072 7020 7073
f 7072 7073 6713
f 6713 7073 6687
f 7018 7017 7074
f 7074 7017 7075
f 7074 7075 6688
f 6688 7075 6690
f 7020 7018 7073
f 7073 7018 7074
f 7073 7074 6687
f 6687 7074 6688
f 6694 7076 7053
f 7076 6694 6692
f 6692 6690 7076
f 7076 6690 7075
f 7076 7075 7053
f 7053 7075 7017
f 6695 7077 6693
f 7077 6695 7052
f 7052 7051 7077
f 7077 7051 7078
f 7077 7078 6693
f 6693 7078 6691
f 7050 7049 7079
f 7079 7049 7080
f 7079 7080 6720
f 6720 7080 6721
f 7051 7050 7078
f 7078 7050 7079
f 7078 7079 6691
f 6691 7079 6720
f 6724 7081 7061
f 7081 6724 6722
f 6722 6721 7081
f 7081 6721 7080
f 7081 7080 7061
f 7061 7080 7049
f 6725 7082 6723
f 7082 6725 7060
f 7060 7059 7082
f 7082 7059 7083
f 7082 7083 6723
f 6723 7083 6696
f 7058 7013 7084
f 7084 7013 7085
f 7084 7085 6697
f 6697 7085 6698
f 7059 7058 7083
f 7083 7058 7084
f 7083 7084 6696
f 6696 7084 6697
f 6701 7086 7057
f 7086 6701 6699
f 6699 6698 7086
f 7086 6698 7085
f 7086 7085 7057
f 7057 7085 7013
f 6702 7087 6700
f 7087 6702 7056
f 7056 7055 7087
f 7087 7055 7088
f 7087 7088 6700
f 6700 7088 6662
f 7054 7069 7089
f 7089 7069 7090
f 7089 7090 6686
f 6686 7090 6672
f 7055 7054 7088
f 7088 7054 7089
f 7088 7089 6662
f 6662 7089 6686
f 6716 7091 7067
f 7091 6716 6718
f 6718 6672 7091
f 7091 6672 7090
f 7091 7090 7067
f 7067 7090 7069
f 6953 7092 7015
f 7092 6953 6954
f 6954 6937 7092
f 7092 6937 7093
f 7092 7093 7015
f 7015 7093 7014
f 6936 6941 7094
f 7094 6941 7095
f 7094 7095 7044
f 7044 7095 7045
f 6937 6936 7093
f 7093 6936 7094
f 7093 7094 7014
f 7014 7094 7044
f 6978 7096 6976
f 7096 6978 7046
f 7046 7045 7096
f 7096 7045 7095
f 7096 7095 6976
f 6976 7095 6941
f 6977 7097 7047
f 7097 6977 6975
f 6975 6974 7097
f 7097 6974 7098
f 7097 7098 7047
f 7047 7098 7016
f 6973 6968 7099
f 7099 6968 7100
f 7099 7100 7036
f 7036 7100 7037
f 6974 6973 7098
f 7098 6973 7099
f 7098 7099 7016
f 7016 7099 7036
f 6988 7101 6986
f 7101 6988 7038
f 7038 7037 7101
f 7101 7037 7100
f 7101 7100 6986
f 6986 7100 6968
f 6987 7102 7039
f 7102 6987 6985
f 6985 6984 7102
f 7102 6984 7103
f 7102 7103 7039
f 7039 7103 7025
f 6983 6982 7104
f 7104 6982 7105
f 7104 7105 7040
f 7040 7105 7041
f 6984 6983 7103
f 7103 6983 7104
f 7103 7104 7025
f 7025 7104 7040
f 7010 7106 7008
f 7106 7010 7042
f 7042 7041 7106
f 7106 7041 7105
f 7106 7105 7008
f 7008 7105 6982
f 7009 7107 7043
f 7107 7009 7007
f 7007 7006 7107
f 7107 7006 7108
f 7107 7108 7043
f 7043 7108 7019
f 7005 6991 7109
f 7109 6991 7110
f 7109 7110 7028
f 7028 7110 7029
f 7006 7005 7108
f 7108 7005 7109
f 7108 7109 7019
f 7019 7109 7028
f 7000 7111 6998
f 7111 7000 7031
f 7031 7029 7111
f 7111 7029 7110
f 7111 7110 6998
f 6998 7110 6991
f 6999 7112 7032
f 7112 6999 6997
f 6997 6996 7112
f 7112 6996 7113
f 7112 7113 7032
f 7032 7113 7030
f 6995 6951 7114
f 7114 6951 7115
f 7114 7115 7062
f 7062 7115 7063
f 6996 6995 7113
f 7113 6995 7114
f 7113 7114 7030
f 7030 7114 7062
f 6943 7116 6944
f 7116 6943 7064
f 7064 7063 7116
f 7116 7063 7115
f 7116 7115 6944
f 6944 7115 6951
f 7117 7118 7119
f 7119 7118 7120
f 7119 7120 7121
f 7122 7123 7119
f 7119 7123 7124
f 7119 7124 7117
f 7125 7126 7119
f 7119 7126 7127
f 7119 7127 7122
f 7128 7129 7119
f 7119 7129 7130
f 7119 7130 7125
f 7131 7132 7119
f 7119 7132 7133
f 7119 7133 7128
f 7134 7135 7119
f 7119 7135 7136
f 7119 7136 7131
f 7137 7138 7119
f 7119 7138 7139
f 7119 7139 7134
f 7140 7141 7119
f 7119 7141 7142
f 7119 7142 7137
f 7143 7144 7119
f 7119 7144 7145
f 7119 7145 7140
f 7146 7147 7119
f 7119 7147 7148
f 7119 7148 7143
f 7149 7150 7119
f 7119 7150 7151
f 7119 7151 7146
f 7121 7152 7119
f 7119 7152 7153
f 7119 7153 7149
f 6876 7154 6994
f 7154 6876 6874
f 6874 6869 7154
f 7154 6869 7155
f 7154 7155 6994
f 6994 7155 6952
f 6868 7156 7157
f 7157 7156 6948
f 7157 6948 6950
f 6869 6868 7155
f 7155 6868 7157
f 7155 7157 6952
f 6952 7157 6950
f 6942 7158 7065
f 7158 6942 6979
f 6979 6980 7158
f 7158 6980 7159
f 7158 7159 7065
f 7065 7159 7048
f 6964 6962 7160
f 7160 6962 7161
f 7160 7161 7011
f 7011 7161 7012
f 6980 6964 7159
f 7159 6964 7160
f 7159 7160 7048
f 7048 7160 7011
f 7033 7162 7034
f 7033 7012 7162
f 7162 7012 7161
f 7162 7161 7163
f 7163 7161 7164
f 7164 7161 6962
f 7164 6962 6961
f 7125 6884 7126
f 7126 6884 6883
f 7126 6883 7127
f 7127 6883 6882
f 7127 6882 7122
f 7122 6882 6901
f 7122 6901 7123
f 7123 6901 6805
f 7123 6805 7124
f 7124 6805 6807
f 7124 6807 7117
f 7117 6807 6809
f 7117 6809 7118
f 7118 6809 6862
f 7118 6862 7120
f 7120 6862 6861
f 7120 6861 7121
f 7121 6861 6860
f 7121 6860 7152
f 7152 6860 6740
f 7152 6740 7153
f 7153 6740 6742
f 7153 6742 7149
f 7149 6742 6744
f 7149 6744 7150
f 7150 6744 6746
f 7150 6746 7151
f 7151 6746 6792
f 7151 6792 7146
f 7146 6792 6772
f 7146 6772 7147
f 7147 6772 6663
f 7147 6663 7148
f 7148 6663 6665
f 7148 6665 7143
f 7143 6665 6667
f 7143 6667 7144
f 7144 6667 6669
f 7144 6669 7145
f 7145 6669 6736
f 7145 6736 7140
f 7140 6736 6719
f 7140 6719 7141
f 7141 6719 6717
f 7141 6717 7142
f 7142 6717 7066
f 7142 7066 7137
f 7137 7066 7068
f 7137 7068 7138
f 7138 7068 7070
f 7138 7070 7139
f 7139 7070 7071
f 7139 7071 7134
f 7134 7071 7035
f 7134 7035 7135
f 7135 7035 7034
f 7135 7034 7136
f 7136 7034 7162
f 7136 7162 7163
f 7130 6868 7125
f 7125 6868 6867
f 7125 6867 6884
f 7131 6965 7132
f 7132 6965 6966
f 7132 6966 7133
f 7133 6966 6981
f 7133 6981 7128
f 7128 6981 6949
f 7128 6949 7129
f 7129 6949 6948
f 7129 6948 7130
f 7130 6948 7156
f 7130 7156 6868
f 7163 7164 7136
f 7136 7164 6961
f 7136 6961 7131
f 7131 6961 6963
f 7131 6963 6965
f 6888 7165 6939
f 7165 6888 6887
f 6887 6890 7165
f 7165 6890 7166
f 7165 7166 6939
f 6939 7166 6940
f 6889 6906 7167
f 7167 6906 7168
f 7167 7168 6955
f 6955 7168 6945
f 6890 6889 7166
f 7166 6889 7167
f 7166 7167 6940
f 6940 7167 6955
f 6910 7169 6908
f 7169 6910 6946
f 6946 6945 7169
f 7169 6945 7168
f 7169 7168 6908
f 6908 7168 6906
f 6909 7170 6947
f 7170 6909 6907
f 6907 6905 7170
f 7170 6905 7171
f 7170 7171 6947
f 6947 7171 6938
f 6903 6902 7172
f 7172 6902 7173
f 7172 7173 6956
f 6956 7173 6957
f 6905 6903 7171
f 7171 6903 7172
f 7171 7172 6938
f 6938 7172 6956
f 6916 7174 6914
f 7174 6916 6959
f 6959 6957 7174
f 7174 6957 7173
f 7174 7173 6914
f 6914 7173 6902
f 6915 7175 6960
f 7175 6915 6913
f 6913 6912 7175
f 7175 6912 7176
f 7175 7176 6960
f 6960 7176 6958
f 6911 6896 7177
f 7177 6896 7178
f 7177 7178 6967
f 6967 7178 6969
f 6912 6911 7176
f 7176 6911 7177
f 7176 7177 6958
f 6958 7177 6967
f 6922 7179 6920
f 7179 6922 6971
f 6971 6969 7179
f 7179 6969 7178
f 7179 7178 6920
f 6920 7178 6896
f 6921 7180 6972
f 7180 6921 6919
f 6919 6918 7180
f 7180 6918 7181
f 7180 7181 6972
f 6972 7181 6970
f 6917 6872 7182
f 7182 6872 7183
f 7182 7183 7001
f 7001 7183 7002
f 6918 6917 7181
f 7181 6917 7182
f 7181 7182 6970
f 6970 7182 7001
f 6880 7184 6878
f 7184 6880 7003
f 7003 7002 7184
f 7184 7002 7183
f 7184 7183 6878
f 6878 7183 6872
f 6879 7185 7004
f 7185 6879 6871
f 6871 6870 7185
f 7185 6870 7186
f 7185 7186 7004
f 7004 7186 6989
f 6885 6873 7187
f 7187 6873 7188
f 7187 7188 6990
f 6990 7188 6992
f 6870 6885 7186
f 7186 6885 7187
f 7186 7187 6989
f 6989 7187 6990
f 6877 7189 6875
f 7189 6877 6993
f 6993 6992 7189
f 7189 6992 7188
f 7189 7188 6875
f 6875 7188 6873
f 6816 7190 6881
f 7190 6816 6815
f 6815 6812 7190
f 7190 6812 7191
f 7190 7191 6881
f 6881 7191 6923
f 6811 6817 7192
f 7192 6817 7193
f 7192 7193 6924
f 6924 7193 6925
f 6812 6811 7191
f 7191 6811 7192
f 7191 7192 6923
f 6923 7192 6924
f 6843 7194 6841
f 7194 6843 6926
f 6926 6925 7194
f 7194 6925 7193
f 7194 7193 6841
f 6841 7193 6817
f 6842 7195 6927
f 7195 6842 6840
f 6840 6839 7195
f 7195 6839 7196
f 7195 7196 6927
f 6927 7196 6891
f 6838 6837 7197
f 7197 6837 7198
f 7197 7198 6928
f 6928 7198 6929
f 6839 6838 7196
f 7196 6838 7197
f 7196 7197 6891
f 6891 7197 6928
f 6853 7199 6851
f 7199 6853 6930
f 6930 6929 7199
f 7199 6929 7198
f 7199 7198 6851
f 6851 7198 6837
f 6852 7200 6931
f 7200 6852 6850
f 6850 6849 7200
f 7200 6849 7201
f 7200 7201 6931
f 6931 7201 6904
f 6848 6827 7202
f 7202 6827 7203
f 7202 7203 6932
f 6932 7203 6933
f 6849 6848 7201
f 7201 6848 7202
f 7201 7202 6904
f 6904 7202 6932
f 6831 7204 6829
f 7204 6831 6934
f 6934 6933 7204
f 7204 6933 7203
f 7204 7203 6829
f 6829 7203 6827
f 6830 7205 6935
f 7205 6830 6828
f 6828 6826 7205
f 7205 6826 7206
f 7205 7206 6935
f 6935 7206 6894
f 6825 6804 7207
f 7207 6804 7208
f 7207 7208 6895
f 6895 7208 6897
f 6826 6825 7206
f 7206 6825 7207
f 7206 7207 6894
f 6894 7207 6895
f 6824 7209 6822
f 7209 6824 6898
f 6898 6897 7209
f 7209 6897 7208
f 7209 7208 6822
f 6822 7208 6804
f 6823 7210 6899
f 7210 6823 6821
f 6821 6820 7210
f 7210 6820 7211
f 7210 7211 6899
f 6899 7211 6893
f 6819 6810 7212
f 7212 6810 7213
f 7212 7213 6892
f 6892 7213 6886
f 6820 6819 7211
f 7211 6819 7212
f 7211 7212 6893
f 6893 7212 6892
f 6806 7214 6808
f 7214 6806 6900
f 6900 6886 7214
f 7214 6886 7213
f 7214 7213 6808
f 6808 7213 6810
f 6770 7215 6814
f 7215 6770 6769
f 6769 6738 7215
f 7215 6738 7216
f 7215 7216 6814
f 6814 7216 6854
f 6737 6773 7217
f 7217 6773 7218
f 7217 7218 6855
f 6855 7218 6856
f 6738 6737 7216
f 7216 6737 7217
f 7216 7217 6854
f 6854 7217 6855
f 6787 7219 6785
f 7219 6787 6857
f 6857 6856 7219
f 7219 6856 7218
f 7219 7218 6785
f 6785 7218 6773
f 6786 7220 6858
f 7220 6786 6784
f 6784 6783 7220
f 7220 6783 7221
f 7220 7221 6858
f 6858 7221 6813
f 6781 6776 7222
f 7222 6776 7223
f 7222 7223 6832
f 6832 7223 6833
f 6783 6781 7221
f 7221 6781 7222
f 7221 7222 6813
f 6813 7222 6832
f 6780 7224 6778
f 7224 6780 6835
f 6835 6833 7224
f 7224 6833 7223
f 7224 7223 6778
f 6778 7223 6776
f 6779 7225 6836
f 7225 6779 6777
f 6777 6775 7225
f 7225 6775 7226
f 7225 7226 6836
f 6836 7226 6834
f 6774 6753 7227
f 7227 6753 7228
f 7227 7228 6863
f 6863 7228 6864
f 6775 6774 7226
f 7226 6774 7227
f 7226 7227 6834
f 6834 7227 6863
f 6768 7229 6766
f 7229 6768 6865
f 6865 6864 7229
f 7229 6864 7228
f 7229 7228 6766
f 6766 7228 6753
f 6767 7230 6866
f 7230 6767 6765
f 6765 6764 7230
f 7230 6764 7231
f 7230 7231 6866
f 6866 7231 6847
f 6763 6759 7232
f 7232 6759 7233
f 7232 7233 6846
f 6846 7233 6845
f 6764 6763 7231
f 7231 6763 7232
f 7231 7232 6847
f 6847 7232 6846
f 6761 7234 6760
f 7234 6761 6844
f 6844 6845 7234
f 7234 6845 7233
f 7234 7233 6760
f 6760 7233 6759
f 6762 7235 6818
f 6762 6748 7235
f 7235 6748 7236
f 7235 7236 6818
f 6747 6745 7237
f 7237 6745 7238
f 7237 7238 6802
f 6802 7238 6803
f 6748 6747 7236
f 7236 6747 7237
f 7236 7237 6818
f 6818 7237 6802
f 6741 7239 6743
f 7239 6741 6859
f 6859 6803 7239
f 7239 6803 7238
f 7239 7238 6743
f 6743 7238 6745
f 6726 7240 6750
f 7240 6726 6727
f 6727 6728 7240
f 7240 6728 7241
f 7240 7241 6750
f 6750 7241 6793
f 6729 6689 7242
f 7242 6689 7243
f 7242 7243 6794
f 6794 7243 6795
f 6728 6729 7241
f 7241 6729 7242
f 7241 7242 6793
f 6793 7242 6794
f 6709 7244 6707
f 7244 6709 6796
f 6796 6795 7244
f 7244 6795 7243
f 7244 7243 6707
f 6707 7243 6689
f 6708 7245 6797
f 7245 6708 6706
f 6706 6705 7245
f 7245 6705 7246
f 7245 7246 6797
f 6797 7246 6739
f 6704 6703 7247
f 7247 6703 7248
f 7247 7248 6798
f 6798 7248 6799
f 6705 6704 7246
f 7246 6704 7247
f 7246 7247 6739
f 6739 7247 6798
f 6735 7249 6733
f 7249 6735 6800
f 6800 6799 7249
f 7249 6799 7248
f 7249 7248 6733
f 6733 7248 6703
f 6734 7250 6801
f 7250 6734 6732
f 6732 6731 7250
f 7250 6731 7251
f 7250 7251 6801
f 6801 7251 6782
f 6730 6674 7252
f 7252 6674 7253
f 7252 7253 6788
f 6788 7253 6789
f 6731 6730 7251
f 7251 6730 7252
f 7251 7252 6782
f 6782 7252 6788
f 6678 7254 6676
f 7254 6678 6790
f 6790 6789 7254
f 7254 6789 7253
f 7254 7253 6676
f 6676 7253 6674
f 6677 7255 6791
f 7255 6677 6675
f 6675 6661 7255
f 7255 6661 7256
f 7255 7256 6791
f 6791 7256 6751
f 6660 6681 7257
f 7257 6681 7258
f 7257 7258 6752
f 6752 7258 6754
f 6661 6660 7256
f 7256 6660 7257
f 7256 7257 6751
f 6751 7257 6752
f 6685 7259 6683
f 7259 6685 6756
f 6756 6754 7259
f 7259 6754 7258
f 7259 7258 6683
f 6683 7258 6681
f 6684 7260 6757
f 7260 6684 6682
f 6682 6671 7260
f 7260 6671 7261
f 7260 7261 6757
f 6757 7261 6755
f 6670 6668 7262
f 7262 6668 7263
f 7262 7263 6758
f 6758 7263 6749
f 6671 6670 7261
f 7261 6670 7262
f 7261 7262 6755
f 6755 7262 6758
f 6664 7264 6666
f 7264 6664 6771
f 6771 6749 7264
f 7264 6749 7263
f 7264 7263 6666
f 6666 7263 6668
f 6680 7265 6679
f 7265 6680 7027
f 7027 7026 7265
f 7265 7026 7266
f 7265 7266 6679
f 6679 7266 6673
f 7024 7021 7267
f 7267 7021 7268
f 7267 7268 6710
f 6710 7268 6711
f 7026 7024 7266
f 7266 7024 7267
f 7266 7267 6673
f 6673 7267 6710
f 6714 7269 7023
f 7269 6714 6712
f 6712 6711 7269
f 7269 6711 7268
f 7269 7268 7023
f 7023 7268 7021
f 1648 1393 3252
f 1721 3753 1718
f 1718 3753 3752
f 1718 3752 1717
f 1717 3752 3750
f 1717 3750 1714
f 1714 3750 3749
f 1714 3749 1712
f 1712 3749 1710
f 1710 3749 3751
f 1710 3751 1708
f 1708 3751 1705
f 1705 3751 3773
f 1705 3773 1703
f 1703 3773 1701
f 1701 3773 3776
f 1701 3776 1698
f 1698 3776 3777
f 1698 3777 1693
f 1693 3777 3775
f 1693 3775 1694
f 1694 3775 3774
f 1694 3774 1691
f 1691 3774 1692
f 1692 3774 3768
f 1692 3768 1689
f 1689 3768 3772
f 1689 3772 1687
f 1687 3772 3771
f 1687 3771 1685
f 1685 3771 3770
f 1685 3770 1684
f 1684 3770 3769
f 1684 3769 1683
f 1683 3769 1680
f 1680 3769 3767
f 1680 3767 1678
f 1678 3767 3766
f 1678 3766 1676
f 1676 3766 3765
f 1676 3765 1675
f 1675 3765 3764
f 1675 3764 1674
f 1674 3764 3761
f 1674 3761 1671
f 1671 3761 3762
f 1671 3762 1670
f 1670 3762 1663
f 1663 3762 3763
f 1663 3763 1664
f 1664 3763 1666
f 1666 3763 3755
f 1666 3755 1656
f 1656 3755 1657
f 1657 3755 3243
f 1657 3243 1659
f 1659 3243 3245
f 1659 3245 1661
f 1661 3245 3247
f 1661 3247 1662
f 1662 3247 2
f 2 3247 3249
f 2 3249 3
f 1384 3254 1387
f 1387 3254 3252
f 1387 3252 1390
f 1390 3252 1393
f 3249 3259 3
f 3 3259 3258
f 3 3258 1384
f 1384 3258 3256
f 1384 3256 3254

