# Exported by SolidWorks
g 
v -20.85933834 12.92885467 35.31911224
v -20.86302266 12.98485603 35.32328084
v -20.85783519 12.86350004 35.32328084
v -22.26333693 14.28580005 28.56628224
v -22.03323692 14.26429022 28.55065465
v -22.28023484 14.28589970 28.48800085
v -22.99012989 14.09608778 27.98517980
v -22.99143560 14.09533434 -10.11999883
v -23.19453657 13.95312138 -10.11999883
v -22.52723277 14.26429022 -10.11999883
v -22.52723277 14.26429022 27.94909477
v -22.28023484 14.28589970 -10.11999883
v -22.52048813 14.26546276 27.94861607
v -22.76672423 14.20011837 -10.11999883
v -22.76672609 14.20011837 27.96691284
v -22.76093513 14.20221198 27.96646394
v -23.36985804 13.77780084 -10.11999883
v -23.19695987 13.95108458 28.00390124
v -23.19453657 13.95312138 28.00367028
v -23.51207100 13.57469894 28.03820744
v -23.51066098 13.57713435 28.03802676
v -23.51207100 13.57469894 -10.11999883
v -23.37237634 13.77479080 28.02176215
v -23.36985618 13.77780177 28.02148834
v -23.61685410 13.34998943 -10.11999883
v -23.61685410 13.34998850 28.05492841
v -23.61348271 13.35915551 28.05424482
v -23.70263636 12.86350004 28.09112519
v -23.70262891 12.86802161 28.09078805
v -23.68102595 13.11049704 -10.11999883
v -23.68102595 13.11049704 28.07274833
v -23.67940918 13.11949920 28.07207592
v -23.61685410 12.37701066 -10.11999883
v -23.68099615 12.61633076 28.10951695
v -23.68102595 12.61650305 -10.11999883
v -23.70263636 12.86350004 -10.11999883
v -23.37796800 11.95895299 28.15987542
v -23.51206914 12.15229928 28.14404108
v -23.51207100 12.15230022 -10.11999883
v -23.51487428 12.15717942 28.14367786
v -23.61651137 12.37606909 28.12739089
v -23.36985618 11.94919739 28.16076018
v -23.36985804 11.94919925 -10.11999883
v -23.20379950 11.78171858 28.17769162
v -23.19453657 11.77387778 28.17858197
v -23.19453657 11.77387871 -10.11999883
v -22.99795114 11.63545065 28.19639817
v -22.99143560 11.63166575 28.19695882
v -22.99143560 11.63166575 -10.11999883
v -22.76937105 11.52784750 28.21512893
v -22.76672423 11.52688079 -10.11999883
v -22.76672609 11.52688172 28.21533568
v -22.52723277 11.46270987 28.23315561
v -22.52723277 11.46270987 -10.11999883
v -22.28867821 11.44112460 28.24933082
v -22.28023484 11.44110039 -10.11999883
v -22.28023484 11.44110039 28.24987657
v -22.03323878 11.46270987 -10.11999883
v -21.79374546 11.52688079 -10.11999883
v -21.79374546 11.52688172 28.28441374
v -21.80798538 11.52178459 28.28330547
v -22.03323692 11.46270987 28.26659381
v -22.04861864 11.46008447 28.26550417
v -21.36593498 11.77387871 -10.11999883
v -21.37039229 11.77015342 28.32074277
v -21.56903595 11.63166575 -10.11999883
v -21.56903595 11.63166575 28.30279246
v -21.57819085 11.62642427 28.30200829
v -21.19061351 11.94919925 -10.11999883
v -21.19373530 11.94549259 28.33865024
v -21.36593498 11.77387778 28.32116932
v -20.95006406 12.35964894 28.37113664
v -21.04840055 12.15230115 28.35570835
v -21.04840055 12.15230022 -10.11999883
v -21.05407044 12.14257069 28.35498005
v -21.19061537 11.94919832 28.33898924
v -20.94361559 12.37701252 28.37242931
v -20.94361745 12.37701066 -10.11999883
v -20.88270336 12.59868685 28.38892117
v -20.87944560 12.61650398 28.39024737
v -20.87944560 12.61650305 -10.11999883
v -20.85790038 12.84993719 28.40761654
v -20.85783519 12.86350004 28.40862423
v -20.85783519 12.86350004 -10.11999883
v -20.87794431 13.10182456 28.42635661
v -20.87944560 13.11049704 -10.11999883
v -20.87944560 13.11049610 28.42700109
v -20.94097808 13.34268041 28.44427899
v -20.94361745 13.34998943 -10.11999883
v -20.94361559 13.34998850 28.44482288
v -21.04142122 13.56247161 28.46063301
v -21.04840055 13.57469894 -10.11999883
v -21.04840241 13.57470173 28.46154198
v -21.19061351 13.77780084 -10.11999883
v -21.36593498 13.95312138 -10.11999883
v -21.36593498 13.95312231 28.49608101
v -21.34987339 13.93944118 28.49453688
v -21.19061537 13.77780270 28.47826108
v -21.17695846 13.76127638 28.47676724
v -21.79374546 14.20011837 -10.11999883
v -21.78267948 14.19603918 28.53197046
v -21.56903595 14.09533434 -10.11999883
v -21.56903595 14.09533434 28.51445787
v -21.55472711 14.08696268 28.51322480
v -22.28023484 14.28589970 27.93237567
v -22.03323878 14.26429022 -10.11999883
v -22.02271111 14.26239312 28.54990587
v -21.79374546 14.20011837 28.53283659
v -23.68096821 12.61617430 28.66515145
v -23.68400432 12.63403334 28.74319814
v -23.70263636 12.86350004 28.64675038
v -23.70263636 12.86350004 28.72612514
v -23.70262891 12.86787726 28.64642441
v -23.70245568 12.88610417 28.72444317
v -23.68102595 13.11049704 28.62837166
v -23.68102595 13.11049610 28.70774642
v -23.67943153 13.11937347 28.62771228
v -23.67607132 13.13711144 28.70576642
v -23.61685410 13.34998850 28.61055359
v -23.61685596 13.34998664 28.68992835
v -23.61351997 13.35905306 28.60987931
v -23.60728383 13.37551884 28.68802845
v -23.51207100 13.57469894 28.59383449
v -23.51207100 13.57469708 28.67320739
v -23.51070568 13.57705705 28.59365754
v -23.50209095 13.59171048 28.67193148
v -23.37242477 13.77473120 28.57739292
v -23.36985618 13.77780270 28.65648828
v -23.36985618 13.77780177 28.57711352
v -23.36104959 13.78819626 28.65553461
v -23.19700830 13.95104267 28.55953015
v -23.19453470 13.95312231 28.63867022
v -23.19453657 13.95312138 28.55929360
v -23.18315953 13.96256778 28.63758430
v -22.99017087 14.09606356 28.54080684
v -22.99143560 14.09533434 28.62029150
v -22.97440171 14.10501357 28.61883305
v -22.76672609 14.20011837 28.52253988
v -22.76672609 14.20011837 28.60191278
v -22.76096493 14.20220081 28.52209099
v -22.74402231 14.20816500 28.60015072
v -22.52723277 14.26429022 28.50471810
v -22.52723649 14.26429022 28.58409472
v -22.52050117 14.26546089 28.50424126
v -22.50321582 14.26831353 28.58239785
v -22.28023857 14.28589970 28.56737562
v -23.61645177 12.37590797 28.68302912
v -23.62242527 12.39259820 28.76116149
v -23.68102595 12.61650492 28.74450386
v -20.87520435 13.08510080 29.61573750
v -20.87236941 13.06631044 29.69371341
v -20.85783519 12.86349911 29.59925123
v -20.85783519 12.86349911 29.67862599
v -20.85816488 12.83286419 29.59696949
v -20.85870504 12.81378232 29.67492677
v -20.87944560 12.61650492 29.58087437
v -20.87944373 12.61650585 29.66024727
v -20.88595554 12.58206926 29.57830951
v -20.88981308 12.56359182 29.65631150
v -20.94361559 12.37701438 29.56305258
v -20.94361559 12.37701625 29.64242734
v -20.95601149 12.34422065 29.56061438
v -20.96283250 12.32715137 29.63871695
v -21.04839869 12.15230301 29.54633348
v -21.04839869 12.15230394 29.62571010
v -21.06227353 12.12879457 29.54456583
v -21.07161097 12.11353578 29.62277085
v -21.19061537 11.94919646 29.52961437
v -21.19061723 11.94919460 29.60898727
v -21.20455541 11.93283778 29.52810749
v -21.21676505 11.91890799 29.60617654
v -21.36593685 11.77387685 29.51179445
v -21.36593685 11.77387591 29.59116921
v -21.38355561 11.75933238 29.51011807
v -21.39830776 11.74751297 29.58810143
v -21.56903595 11.63166482 29.49341573
v -21.56903595 11.63166482 29.57279235
v -21.59317583 11.61804050 29.49135378
v -21.60986885 11.60897687 29.56931666
v -21.79374360 11.52688172 29.47503887
v -21.79374360 11.52688172 29.55441549
v -21.82408422 11.51622646 29.47268821
v -21.84191532 11.51031908 29.55069393
v -22.03323506 11.46270987 29.45722081
v -22.03323320 11.46271080 29.53659371
v -22.06504717 11.45747211 29.45497446
v -22.08315022 11.45482063 29.53308448
v -22.28023298 11.44110039 29.44049984
v -22.28023112 11.44110039 29.51987460
v -22.30479382 11.44131180 29.43890914
v -22.32257836 11.44172996 29.51712161
v -22.52723463 11.46270987 29.42378074
v -22.52723835 11.46271080 29.50315550
v -22.54558541 11.46607008 29.42247130
v -22.56366424 11.46962401 29.50055152
v -22.76672609 11.52688172 29.40596081
v -22.76672795 11.52688358 29.48533557
v -22.78542332 11.53383590 29.40449677
v -22.80295826 11.54063083 29.48249131
v -22.99143560 11.63166575 29.38758209
v -22.99143560 11.63166575 29.46695872
v -23.01280573 11.64425351 29.38573807
v -23.02893996 11.65409386 29.46370654
v -23.19453470 11.77387778 29.36920524
v -23.19453470 11.77387685 29.44858186
v -23.21675979 11.79291867 29.36706506
v -23.23074825 11.80531923 29.44507822
v -23.36985432 11.94919646 29.35138717
v -23.36985432 11.94919460 29.43076193
v -23.38853292 11.97192911 29.34933640
v -23.39985594 11.98619045 29.42745201
v -23.51206914 12.15229742 29.33466807
v -23.51206727 12.15229649 29.41404097
v -23.52283709 12.17128336 29.33325432
v -23.53134938 12.18679082 29.41147611
v -23.61685596 12.37701252 29.31794710
v -23.61685596 12.37701531 29.39732186
v -23.62218313 12.39190809 29.31683883
v -23.62814732 12.40923535 29.39492464
v -23.68102595 12.61650492 29.30012718
v -23.68102595 12.61650585 29.37950380
v -23.68388698 12.63331156 29.29887734
v -23.68679270 12.65179180 29.37687747
v -23.70263636 12.86350004 29.28175032
v -23.70263636 12.86350098 29.36112508
v -23.70246686 12.88538333 29.28012237
v -23.70205335 12.90418208 29.35809642
v -23.68102595 13.11049610 29.26337160
v -23.68102595 13.11049517 29.34274636
v -23.67620543 13.13642692 29.26144190
v -23.67251739 13.15466035 29.33946066
v -23.61685596 13.34998664 29.24555354
v -23.61685596 13.34998477 29.32492830
v -23.60752411 13.37489765 29.24370021
v -23.60090055 13.39176763 29.32181954
v -23.51207100 13.57469801 29.22883444
v -23.51207286 13.57469615 29.30820920
v -23.50241318 13.59116938 29.22759764
v -23.49332161 13.60622887 29.30582874
v -23.36985618 13.77780270 29.21211347
v -23.36985432 13.77780456 29.29148823
v -23.36146310 13.78771104 29.21120450
v -23.34953286 13.80148903 29.28929776
v -23.19453470 13.95312231 29.19429354
v -23.19453470 13.95312324 29.27367017
v -23.18365127 13.96216359 29.19325605
v -23.16920087 13.97388894 29.27126549
v -22.99143560 14.09533434 29.17591669
v -22.99143560 14.09533527 29.25529145
v -22.97494747 14.10470810 29.17450480
v -22.95856364 14.11373727 29.25248817
v -22.76672609 14.20011837 29.15753983
v -22.76672795 14.20011837 29.23691459
v -22.74459228 14.20796756 29.15582061
v -22.72705734 14.21389729 29.23384495
v -22.52723649 14.26429022 29.13971990
v -22.52723835 14.26428929 29.21909466
v -22.50378206 14.26822320 29.13806215
v -22.48595096 14.27094545 29.21618707
v -22.28023857 14.28589970 29.12300080
v -22.28023857 14.28589970 29.20237556
v -22.26387523 14.28580564 29.12194282
v -22.24638686 14.28549737 29.20017764
v -22.03323692 14.26429022 29.10628170
v -22.03323506 14.26429022 29.18565646
v -22.02324569 14.26249184 29.10557017
v -22.00544067 14.25910369 29.18367274
v -21.79374546 14.20011837 29.08846177
v -21.79374360 14.20011744 29.16783467
v -21.78318612 14.19622824 29.08763476
v -21.76588587 14.18964751 29.16565165
v -21.56903595 14.09533434 29.07008305
v -21.56903595 14.09533434 29.14945781
v -21.55518159 14.08723183 29.06888910
v -21.53923176 14.07764014 29.14687991
v -21.36593498 13.95312231 29.05170619
v -21.36593685 13.95312324 29.13108096
v -21.35025710 13.93977180 29.05019931
v -21.33639716 13.92763946 29.12822925
v -21.19061537 13.77780270 29.03388627
v -21.19061723 13.77780456 29.11326289
v -21.17726207 13.76164891 29.03242409
v -21.16601542 13.74765765 29.11055461
v -21.04840241 13.57470173 29.01716530
v -21.04840241 13.57470360 29.09654193
v -21.04164287 13.56286369 29.01628613
v -21.03318274 13.54766544 29.09453027
v -20.94361559 13.34998850 29.00044620
v -20.94361559 13.34998570 29.07982282
v -20.94113082 13.34310416 28.99993584
v -20.93516104 13.32609635 29.07804400
v -20.87944560 13.11049610 28.98262814
v -20.87944373 13.11049517 29.06200290
v -20.87801881 13.10226414 28.98201533
v -20.87504603 13.08409404 29.06003781
v -20.85783519 12.86350004 28.96425128
v -20.85783519 12.86349911 29.04362418
v -20.85789666 12.85036933 28.96327153
v -20.85818723 12.83185557 29.04127166
v -20.87944560 12.61650398 28.94587070
v -20.87944560 12.61650492 29.02524732
v -20.88262700 12.59909291 28.94457616
v -20.88614926 12.58110534 29.02261354
v -20.94361559 12.37701252 28.92805263
v -20.94361559 12.37701438 29.00742926
v -20.94992623 12.36001123 28.92678790
v -20.95635608 12.34334242 29.00492214
v -21.04840055 12.15230115 28.91133353
v -21.04839869 12.15230301 28.99070829
v -21.05388790 12.14287989 28.91062945
v -21.06273919 12.12802250 28.98888104
v -21.19061351 11.94919832 28.89461257
v -21.19061537 11.94919646 28.97398919
v -21.19350433 11.94576547 28.89429964
v -21.20515518 11.93214301 28.97241712
v -21.36593498 11.77387778 28.87679450
v -21.36593685 11.77387685 28.95616926
v -21.37012221 11.77037787 28.87639403
v -21.38427086 11.75875124 28.95442583
v -21.56903595 11.63166575 28.85841765
v -21.56903595 11.63166482 28.93779241
v -21.57789841 11.62659097 28.85765582
v -21.59397490 11.61759906 28.93566154
v -21.79374546 11.52688172 28.84003893
v -21.79374360 11.52688172 28.91941369
v -21.80768549 11.52188983 28.83895487
v -21.82492428 11.51594147 28.91699784
v -22.03323692 11.46270987 28.82221900
v -22.03323506 11.46270987 28.90159376
v -22.04832807 11.46013197 28.82115170
v -22.06588909 11.45734452 28.89929153
v -22.28023484 11.44110039 28.80549990
v -22.28023298 11.44110039 28.88487466
v -22.28840999 11.44112367 28.80497091
v -22.30560407 11.44132670 28.88323180
v -22.52723277 11.46270987 28.78878079
v -22.52723649 11.46270987 28.86815369
v -22.54639566 11.46622375 28.86678837
v -22.76672609 11.52688172 28.77096087
v -22.76672609 11.52688172 28.85033563
v -22.76913263 11.52775995 28.77077274
v -22.78619632 11.53412927 28.84881198
v -22.99143560 11.63166575 28.75258215
v -22.99143560 11.63166575 28.83195877
v -22.99774438 11.63532957 28.75204012
v -23.01350608 11.64467447 28.83005328
v -23.19453657 11.77387778 28.73420529
v -23.19453470 11.77387778 28.81358191
v -23.20363000 11.78157423 28.73333357
v -23.21735583 11.79344114 28.81138213
v -23.36985618 11.94919739 28.71638723
v -23.36985432 11.94919646 28.79576199
v -23.37783948 11.95879746 28.71551551
v -23.38900790 11.97251957 28.79365906
v -23.51206914 12.15229928 28.69966626
v -23.51206914 12.15229742 28.77904102
v -23.51478487 12.15702388 28.69931608
v -23.52318726 12.17191294 28.77758257
v -23.61685596 12.37701252 28.76232192
v -21.85701951 11.50551997 30.74016795
v -21.87603340 11.49973925 30.81810102
v -22.03323133 11.46271080 30.72722070
v -22.03322947 11.46271080 30.80659546
v -22.09845930 11.45276334 30.72264604
v -22.11763337 11.45042479 30.80069833
v -22.28023112 11.44110039 30.71050160
v -22.28023298 11.44110039 30.78987449
v -22.33769558 11.44226082 30.70675395
v -22.35665731 11.44315489 30.78487329
v -22.52724022 11.46271080 30.69378063
v -22.52724022 11.46271080 30.77315539
v -22.57901244 11.47283334 30.69006652
v -22.59816788 11.47708762 30.76804988
v -22.76672982 11.52688358 30.67596070
v -22.76672982 11.52688358 30.75533547
v -22.81782031 11.54660061 30.67193553
v -22.83627354 11.55428495 30.74983507
v -22.99143560 11.63166575 30.65758385
v -22.99143560 11.63166575 30.73695675
v -23.04258943 11.66265085 30.65313585
v -23.05943333 11.67351194 30.73102050
v -23.19453470 11.77387591 30.63920513
v -23.19453284 11.77387591 30.71857989
v -23.24255183 11.81604154 30.63454293
v -23.25702645 11.82952709 30.71248345
v -23.36985245 11.94919366 30.62138706
v -23.36985245 11.94919273 30.70076182
v -23.40937778 11.99847925 30.61700612
v -23.42096902 12.01382466 30.69506213
v -23.51206727 12.15229649 30.60466796
v -23.51206914 12.15229649 30.68404272
v -23.53851497 12.20020745 30.60110286
v -23.54720794 12.21697032 30.67922965
v -23.61685596 12.37701625 30.58794513
v -23.61685783 12.37701811 30.66732176
v -23.63310009 12.42420636 30.58443591
v -23.63900468 12.44281605 30.66242673
v -23.68102595 12.61650678 30.57012707
v -23.68102781 12.61650771 30.64950183
v -23.68910052 12.66773604 30.56631610
v -23.69169891 12.68745493 30.64422496
v -23.70263636 12.86350098 30.55175021
v -23.70263636 12.86350098 30.63112497
v -23.70149828 12.92037871 30.54751828
v -23.70056137 12.94030435 30.62541038
v -23.68102595 13.11049424 30.53337336
v -23.68102595 13.11049331 30.61274812
v -23.66914414 13.17034662 30.52891977
v -23.66476320 13.18954583 30.60686402
v -23.61685596 13.34998291 30.51555343
v -23.61685783 13.34998198 30.59492819
v -23.59500900 13.40626180 30.51136620
v -23.58758636 13.42391036 30.58942780
v -23.51207286 13.57469615 30.49883246
v -23.51207286 13.57469708 30.57820909
v -23.48526567 13.61922733 30.49544990
v -23.47518131 13.63507472 30.57358600
v -23.36985245 13.77780549 30.48211336
v -23.36985245 13.77780735 30.56148998
v -23.33901078 13.81335128 30.47880344
v -23.32594246 13.82772066 30.55680171
v -23.19453284 13.95312417 30.46429530
v -23.19453284 13.95312510 30.54366820
v -23.15649390 13.98394350 30.46069667
v -23.14081974 13.99602648 30.53861298
v -22.99143560 14.09533527 30.44591658
v -22.99143560 14.09533527 30.52529134
v -22.94418961 14.12142999 30.44190258
v -22.92656898 14.13057372 30.51980026
v -22.76672795 14.20011744 30.42753972
v -22.76672795 14.20011744 30.50691448
v -22.71170169 14.21888173 30.42329662
v -22.69298211 14.22469877 30.50124831
v -22.52723835 14.26428929 30.40971979
v -22.52724022 14.26428929 30.48909642
v -22.47036062 14.27313592 30.40572628
v -22.45145291 14.27555736 30.48379347
v -22.28024043 14.28589970 30.39299883
v -22.28023857 14.28589970 30.47237545
v -22.23101817 14.28504847 30.38979694
v -22.21234888 14.28427920 30.46794049
v -22.03323320 14.26428929 30.37627973
v -22.03323133 14.26428929 30.45565449
v -21.98981307 14.25593533 30.37317097
v -21.97092399 14.25186172 30.45117669
v -21.79374173 14.20011744 30.35846166
v -21.79374173 14.20011744 30.43783642
v -21.75072581 14.18366656 30.35507724
v -21.73249982 14.17620946 30.43300100
v -21.56903408 14.09533434 30.34008481
v -21.56903408 14.09533434 30.41945770
v -21.52528428 14.06901702 30.33628501
v -21.50861174 14.05841392 30.41419201
v -21.36593685 13.95312324 30.32170422
v -21.36593685 13.95312417 30.40108085
v -21.32430859 13.91679235 30.31767160
v -21.30994946 13.90358061 30.39563075
v -21.19061723 13.77780549 30.30388616
v -21.19061910 13.77780642 30.38326278
v -21.15623653 13.73519283 30.30008450
v -21.14470676 13.72011937 30.37815727
v -21.04840241 13.57470360 30.28716706
v -21.04840241 13.57470360 30.36654182
v -21.02582157 13.53407279 30.28414398
v -21.01716772 13.51762656 30.36229499
v -20.94361559 13.34998384 30.27044609
v -20.94361372 13.34998291 30.34982085
v -20.93003131 13.31090461 30.26753850
v -20.92410810 13.29261716 30.34555167
v -20.87944373 13.11049331 30.25262803
v -20.87944373 13.11049238 30.33200279
v -20.87259665 13.06788810 30.24945781
v -20.86991444 13.04847840 30.32738902
v -20.85783519 12.86349911 30.23424931
v -20.85783519 12.86349911 30.31362593
v -20.85865103 12.81536650 30.23066930
v -20.85945196 12.79572025 30.30858189
v -20.87944373 12.61650585 30.21587245
v -20.87944373 12.61650678 30.29524721
v -20.88948525 12.56510895 30.21204844
v -20.89368924 12.54614815 30.29001318
v -20.94361559 12.37701625 30.19805253
v -20.94361372 12.37701718 30.27742729
v -20.96226811 12.32853811 30.19444644
v -20.96948959 12.31107954 30.27252108
v -21.04839869 12.15230394 30.18133342
v -21.04839869 12.15230394 30.26070818
v -21.07084729 12.11476512 30.17848916
v -21.08068019 12.09911238 30.25664948
v -21.19061723 11.94919460 30.16461432
v -21.19061910 11.94919366 30.24398722
v -21.21578157 11.92001719 30.16190790
v -21.22856118 11.90579217 30.23992851
v -21.36593685 11.77387591 30.14679253
v -21.36593871 11.77387591 30.22616915
v -21.39713429 11.74844243 30.14383838
v -21.41249925 11.73644420 30.22177704
v -21.56903595 11.63166482 30.12841567
v -21.56903595 11.63166482 30.20779230
v -21.60855383 11.60967909 30.12505174
v -21.62586525 11.60055865 30.20297177
v -21.79374360 11.52688172 30.11003882
v -21.79374360 11.52688358 30.18941544
v -21.84052952 11.51076891 30.10642342
v -21.85895294 11.50491834 30.18439561
v -22.03323320 11.46271080 30.09222075
v -22.03323133 11.46271080 30.17159551
v -22.08175883 11.45501528 30.08880652
v -22.10039832 11.45251468 30.16688675
v -22.28023112 11.44110039 30.07549979
v -22.28023112 11.44110039 30.15487455
v -22.32122235 11.44169085 30.07283807
v -22.33959734 11.44233905 30.15100397
v -22.52723835 11.46270987 30.05878069
v -22.52724022 11.46271080 30.13815545
v -22.56230265 11.46934833 30.05627356
v -22.58092351 11.47324499 30.13430350
v -22.76672795 11.52688358 30.04096076
v -22.76672982 11.52688358 30.12033552
v -22.80165441 11.54011581 30.03821708
v -22.81965129 11.54734939 30.11616319
v -22.99143560 11.63166575 30.02258390
v -22.99143560 11.63166575 30.10195680
v -23.02775532 11.65336091 30.01943603
v -23.04425091 11.66370697 30.09736165
v -23.19453470 11.77387685 30.00420518
v -23.19453470 11.77387591 30.08357994
v -23.22973497 11.80440933 30.00080027
v -23.24397303 11.81734912 30.07877804
v -23.36985432 11.94919460 29.98638712
v -23.36985245 11.94919366 30.06576188
v -23.39904569 11.98515762 29.98316847
v -23.41051027 11.99996006 30.06125242
v -23.51206727 12.15229649 29.96966802
v -23.51206727 12.15229649 30.04904091
v -23.53074774 12.18567882 29.96718325
v -23.53935875 12.20181119 30.04535846
v -23.61685596 12.37701531 29.95294519
v -23.61685596 12.37701718 30.03232181
v -23.62773381 12.40800880 29.95063923
v -23.63367379 12.42597494 30.02867848
v -23.68102595 12.61650585 29.93512712
v -23.68102595 12.61650678 30.01450188
v -23.68659712 12.65050005 29.93259765
v -23.68935756 12.66959962 30.01055121
v -23.70263636 12.86350098 29.91675027
v -23.70263636 12.86350098 29.99612503
v -23.70209061 12.90288568 29.91382033
v -23.70142192 12.92225067 29.99175526
v -23.68102595 13.11049517 29.89837341
v -23.68102595 13.11049424 29.97774631
v -23.67277630 13.15341890 29.89517711
v -23.66874740 13.17213941 29.97316234
v -23.61685596 13.34998477 29.88055162
v -23.61685596 13.34998291 29.95992824
v -23.60135317 13.39063514 29.87752855
v -23.59433286 13.40789907 29.95561995
v -23.51207286 13.57469615 29.86383438
v -23.51207286 13.57469615 29.94320914
v -23.49393256 13.60522769 29.86152843
v -23.48435111 13.62068392 29.93971296
v -23.36985432 13.77780456 29.84711342
v -23.36985245 13.77780549 29.92648818
v -23.35032448 13.80058564 29.84500676
v -23.33782986 13.81466445 29.92305346
v -23.19453470 13.95312324 29.82929349
v -23.19453284 13.95312417 29.90866825
v -23.17014523 13.97313178 29.82697822
v -23.15508574 13.98504246 29.90493923
v -22.99143560 14.09533527 29.81091663
v -22.99143560 14.09533527 29.89029139
v -22.95961790 14.11316451 29.80820276
v -22.94261754 14.12225794 29.88614514
v -22.76672795 14.20011837 29.79253978
v -22.76672795 14.20011744 29.87191454
v -22.72817120 14.21352848 29.78955582
v -22.71004207 14.21940885 29.86754477
v -22.52723835 14.26428929 29.77471985
v -22.52723835 14.26428929 29.85409461
v -22.48706669 14.27078154 29.77189049
v -22.46869542 14.27335944 29.84998561
v -22.28023857 14.28589970 29.75799888
v -22.28024043 14.28589970 29.83737551
v -22.24746905 14.28552251 29.75587547
v -22.22939022 14.28499073 29.83406372
v -22.03323506 14.26429022 29.74127978
v -22.03323320 14.26428929 29.82065640
v -22.00652659 14.25931696 29.73937429
v -21.98817581 14.25559353 29.81742844
v -21.79374360 14.20011744 29.72346172
v -21.79374173 14.20011744 29.80283462
v -21.76692523 14.19004984 29.72135879
v -21.74915746 14.18303698 29.79932725
v -21.56903595 14.09533434 29.70508300
v -21.56903408 14.09533434 29.78445776
v -21.54017612 14.07821570 29.70258705
v -21.52385935 14.06812295 29.78053503
v -21.36593685 13.95312324 29.68670614
v -21.36593685 13.95312324 29.76608090
v -21.33720554 13.92835472 29.68393266
v -21.32308856 13.91568501 29.76192720
v -21.19061723 13.77780456 29.66888621
v -21.19061723 13.77780549 29.74826284
v -21.16665989 13.74846883 29.66625243
v -21.15526423 13.73393741 29.74435128
v -21.04840241 13.57470360 29.65216711
v -21.04840241 13.57470360 29.73154187
v -21.03366144 13.54853529 29.65021878
v -21.02509700 13.53271678 29.72841822
v -20.94361559 13.34998570 29.63544615
v -20.94361559 13.34998384 29.71482277
v -20.93549073 13.32705375 29.63374183
v -20.92953399 13.30940705 29.71180342
v -20.87944373 13.11049517 29.61762808
v -20.87944373 13.11049331 29.69700284
v -23.55360240 12.22965587 31.86891228
v -23.56242575 12.24769931 31.94694221
v -23.61685783 12.37701904 31.85794502
v -23.61685783 12.37701904 31.93731979
v -23.64327759 12.45688088 31.85200319
v -23.64905737 12.47678325 31.92989901
v -23.68102781 12.61650771 31.84012696
v -23.68102781 12.61650771 31.91950172
v -23.69347587 12.70233653 31.83374181
v -23.69570732 12.72328664 31.91155940
v -23.70263636 12.86350004 31.82175010
v -23.70263636 12.86350004 31.90112486
v -23.69966917 12.95532100 31.81491792
v -23.69815111 12.97635119 31.89272806
v -23.68102781 13.11049238 31.80337325
v -23.68102781 13.11049238 31.88274801
v -23.66128005 13.20399530 31.79641441
v -23.65616150 13.22412584 31.87429160
v -23.61685783 13.34998105 31.78555146
v -23.61685783 13.34998105 31.86492994
v -23.58181961 13.43717519 31.77906573
v -23.57355878 13.45555950 31.85707331
v -23.51207100 13.57469708 31.76883236
v -23.51207100 13.57469894 31.84820712
v -23.46736938 13.64704035 31.76326305
v -23.45624380 13.66364118 31.84130415
v -23.36985245 13.77780735 31.75211325
v -23.36985059 13.77780829 31.83148801
v -23.31585996 13.83854076 31.74637258
v -23.30161259 13.85345403 31.82427585
v -23.19453284 13.95312510 31.73429519
v -23.19453284 13.95312510 31.81366995
v -23.12876284 14.00508825 31.72812238
v -23.11184071 14.01747297 31.80594742
v -22.99143560 14.09533434 31.71591461
v -22.99143560 14.09533434 31.79529309
v -22.91304432 14.13738169 31.70930222
v -22.89417759 14.14658129 31.78711981
v -22.76672982 14.20011744 31.69753775
v -22.76672982 14.20011744 31.77691624
v -22.67864160 14.22896516 31.69079125
v -22.65874669 14.23461270 31.76867217
v -22.52724022 14.26428929 31.67971969
v -22.52724208 14.26428929 31.75909445
v -22.43698761 14.27723654 31.67342395
v -22.41702378 14.27930780 31.75143525
v -22.28023857 14.28589970 31.66300058
v -22.28023671 14.28589970 31.74237534
v -22.19799533 14.28352017 31.65761009
v -22.17815258 14.28223215 31.73566237
v -22.03322947 14.26428929 31.64628148
v -22.03322947 14.26428929 31.72565624
v -21.95641771 14.24855087 31.64074570
v -21.93646692 14.24373314 31.71865642
v -21.79374173 14.20011744 31.62845969
v -21.79374173 14.20011651 31.70783445
v -21.71852626 14.17029183 31.62250668
v -21.69941179 14.16190807 31.70033544
v -21.56903595 14.09533434 31.61008283
v -21.56903595 14.09533434 31.68945760
v -21.49585634 14.05007951 31.60368279
v -21.47850953 14.03842866 31.68150783
v -21.36593871 13.95312417 31.59170598
v -21.36593871 13.95312510 31.67108074
v -21.29899152 13.89324944 31.58516437
v -21.28418721 13.87893595 31.66305274
v -21.19061910 13.77780735 31.57388791
v -21.19061910 13.77780829 31.65326267
v -21.13593929 13.70837074 31.56777844
v -21.12418041 13.69220763 31.64579719
v -21.04840241 13.57470267 31.55716881
v -21.04840241 13.57470173 31.63653985
v -21.01058513 13.50475475 31.55196086
v -21.00178786 13.48703355 31.63001686
v -20.94361372 13.34998198 31.54044598
v -20.94361372 13.34998105 31.61982074
v -20.91966756 13.27832229 31.53511509
v -20.91385238 13.25874310 31.61303326
v -20.87944373 13.11049238 31.52262792
v -20.87944373 13.11049238 31.60200268
v -20.86801082 13.03332858 31.51688725
v -20.86568065 13.01268488 31.59472346
v -20.85783519 12.86349911 31.50425106
v -20.85783519 12.86350004 31.58362582
v -20.86026408 12.78040744 31.49806708
v -20.86163126 12.75965106 31.57589957
v -20.87944373 12.61650678 31.48587048
v -20.87944373 12.61650771 31.56524897
v -20.89715004 12.53138948 31.47954121
v -20.90208046 12.51148898 31.55743331
v -20.94361372 12.37701811 31.46805242
v -20.94361372 12.37701904 31.54742718
v -20.97529173 12.29751017 31.46213666
v -20.98334022 12.27930561 31.54015914
v -21.04839869 12.15230301 31.45133331
v -21.04840055 12.15230208 31.53070807
v -21.08855732 12.08688878 31.44631162
v -21.09941840 12.07047235 31.52437508
v -21.19061910 11.94919273 31.43461421
v -21.19061910 11.94919180 31.51398897
v -21.23875916 11.89471316 31.42948449
v -21.25270851 11.87993120 31.50741011
v -21.36593871 11.77387498 31.41679242
v -21.36593871 11.77387498 31.49616718
v -21.42472379 11.72713749 31.41126782
v -21.44133113 11.71482261 31.48911521
v -21.56903595 11.63166482 31.39841557
v -21.56903595 11.63166575 31.47779033
v -21.63960598 11.59353368 31.39245138
v -21.65815979 11.58434246 31.47028759
v -21.79374173 11.52688358 31.38003871
v -21.79374173 11.52688358 31.45941347
v -21.87355049 11.50047779 31.37391433
v -21.89315297 11.49478182 31.45181388
v -22.03323133 11.46271080 31.36222064
v -22.03322947 11.46271080 31.44159541
v -22.11514674 11.45071257 31.35649487
v -22.13484794 11.44855004 31.43452108
v -22.28023112 11.44110039 31.34550154
v -22.28023298 11.44110039 31.42487630
v -22.35420607 11.44302450 31.34066239
v -22.37375639 11.44417748 31.41873330
v -22.52724022 11.46271080 31.32877871
v -22.52724208 11.46271080 31.40815720
v -22.59571105 11.47652604 31.32385388
v -22.61539735 11.48115098 31.40178695
v -22.76672982 11.52688358 31.31096065
v -22.76672982 11.52688358 31.39033541
v -22.83392102 11.55328844 31.30564839
v -22.85281755 11.56143565 31.38350323
v -22.99143560 11.63166575 31.29258379
v -22.99143560 11.63166575 31.37195855
v -23.05730246 11.67211868 31.28683567
v -23.07448536 11.68350503 31.36467934
v -23.19453284 11.77387591 31.27420694
v -23.19453284 11.77387498 31.35358170
v -23.25521037 11.82781346 31.26829118
v -23.26990850 11.84184942 31.34619445
v -23.36985245 11.94919273 31.25638887
v -23.36985059 11.94919180 31.33576363
v -23.41952734 12.01189123 31.25085309
v -23.43123406 12.02778146 31.32888302
v -23.51206914 12.15229649 31.23966791
v -23.51206914 12.15229742 31.31904081
v -23.54613319 12.21486740 31.23501129
v -23.55489880 12.23226730 31.31309152
v -23.61685783 12.37701811 31.22294694
v -23.61685783 12.37701904 31.30232170
v -23.63828197 12.44049799 31.21822327
v -23.64413068 12.45975308 31.29616380
v -23.68102781 12.61650771 31.20512702
v -23.68102781 12.61650771 31.28450364
v -23.69139344 12.68501673 31.20002896
v -23.69381674 12.70535216 31.27789125
v -23.70263636 12.86350098 31.18675016
v -23.70263636 12.86350004 31.26612306
v -23.70068990 12.93785870 31.18121810
v -23.69946986 12.95833942 31.25907108
v -23.68102595 13.11049331 31.16837330
v -23.68102781 13.11049238 31.24774806
v -23.66531081 13.18720635 31.16266429
v -23.66056666 13.20687588 31.24057502
v -23.61685783 13.34998198 31.15055338
v -23.61685783 13.34998105 31.22992814
v -23.58849719 13.42177577 31.14521131
v -23.58065918 13.43979780 31.22324497
v -23.51207286 13.57469708 31.13383241
v -23.51207100 13.57469801 31.21320903
v -23.47641066 13.63316644 31.12936020
v -23.46581221 13.64939474 31.20744973
v -23.36985245 13.77780735 31.11711331
v -23.36985245 13.77780735 31.19648807
v -23.32752198 13.82600423 31.11259267
v -23.31386879 13.84065114 31.19054250
v -23.19453284 13.95312417 31.09929524
v -23.19453284 13.95312510 31.17866814
v -23.14269915 13.99459690 31.09441139
v -23.12640473 14.00683820 31.17228113
v -22.99143560 14.09533527 31.08091652
v -22.99143560 14.09533434 31.16029128
v -22.92866446 14.12950270 31.07560240
v -22.91041985 14.13868181 31.15345910
v -22.76672795 14.20011744 31.06253967
v -22.76672982 14.20011744 31.14191443
v -22.69519120 14.22402728 31.05703928
v -22.67588302 14.22976702 31.13495559
v -22.52724022 14.26428929 31.04471974
v -22.52724208 14.26428929 31.12409636
v -22.45366760 14.27528728 31.03956953
v -22.43422717 14.27753922 31.11760877
v -22.28024043 14.28589970 31.02800064
v -22.28023857 14.28589970 31.10737540
v -22.21452445 14.28438164 31.02371097
v -22.19526842 14.28335998 31.10180423
v -22.03323133 14.26428929 31.01127967
v -22.03322947 14.26428929 31.09065443
v -21.97310887 14.25234694 31.00696206
v -21.95368521 14.24790826 31.08491935
v -21.79374173 14.20011744 30.99346161
v -21.79374173 14.20011744 31.07283637
v -21.73459157 14.17708024 30.98879196
v -21.71591669 14.16916680 31.06666915
v -21.56903408 14.09533434 30.97508475
v -21.56903595 14.09533434 31.05445951
v -21.51050977 14.05963674 30.96998483
v -21.49349451 14.04851489 31.04784898
v -21.36593685 13.95312417 30.95670417
v -21.36593871 13.95312417 31.03608079
v -21.31156996 13.90508935 30.95141612
v -21.29698172 13.89132999 31.02933802
v -21.19061910 13.77780642 30.93888611
v -21.19061910 13.77780735 31.01826087
v -21.14599571 13.72182555 30.93392961
v -21.13434486 13.70620821 31.01197258
v -21.04840241 13.57470360 30.92216700
v -21.04840241 13.57470267 31.00154176
v -21.01812884 13.51947896 30.91805801
v -21.00939676 13.50239851 30.99616244
v -20.94361372 13.34998291 30.90544790
v -20.94361372 13.34998198 30.98482080
v -20.92475630 13.29465955 30.90133145
v -20.91887966 13.27572763 30.97929806
v -20.87944373 13.11049238 30.88762611
v -20.87944373 13.11049238 30.96700273
v -20.87019943 13.05062883 30.88317253
v -20.86768486 13.03060167 30.96105717
v -20.85783519 12.86349911 30.86924925
v -20.85783519 12.86349911 30.94862588
v -20.85934952 12.79787999 30.86436912
v -20.86042799 12.77767587 30.94223887
v -20.87944373 12.61650678 30.85087240
v -20.87944373 12.61650678 30.93024902
v -20.89321800 12.54821476 30.84579110
v -20.89777961 12.52877899 30.92371859
v -20.94361372 12.37701718 30.83305433
v -20.94361372 12.37701811 30.91242723
v -20.96869610 12.31296733 30.82828782
v -20.97632736 12.29513064 30.90633638
v -21.04839869 12.15230394 30.81633337
v -21.04839869 12.15230301 30.89570813
v -21.07960917 12.10079528 30.81240691
v -21.08995058 12.08475605 30.89051880
v -21.19061910 11.94919366 30.79961427
v -21.19061910 11.94919273 30.87898903
v -21.22718282 11.90730836 30.79569899
v -21.24054357 11.89279836 30.87367304
v -21.36593685 11.77387591 30.78179434
v -21.36593871 11.77387498 30.86116910
v -21.41085826 11.73770986 30.77755310
v -21.42684162 11.72554586 30.85544519
v -21.56903595 11.63166482 30.76341562
v -21.56903595 11.63166482 30.84279224
v -21.62403241 11.60150953 30.75875156
v -21.64196409 11.59234624 30.83663061
v -21.79374360 11.52688358 30.74503876
v -21.79374173 11.52688358 30.82441539
v -23.10048230 14.02557455 32.99553692
v -23.08228984 14.03820422 33.07327256
v -22.99143560 14.09533434 32.98591450
v -22.99143560 14.09533434 33.06529298
v -22.88154140 14.15255107 32.97670931
v -22.86142297 14.16174602 33.05444494
v -22.76672982 14.20011744 32.96754137
v -22.76672982 14.20011651 33.04691240
v -22.64544368 14.23821598 32.95830637
v -22.62438461 14.24363907 33.03612024
v -22.52724208 14.26428929 32.94971958
v -22.52724208 14.26428929 33.02909434
v -22.40369283 14.28053249 32.94115514
v -22.38269523 14.28220514 33.01911429
v -22.28023671 14.28589970 32.93300048
v -22.28023484 14.28589970 33.01237524
v -22.16483466 14.28121142 32.92538971
v -22.14382589 14.27934412 33.00334141
v -22.03322947 14.26428929 32.91627765
v -22.03322947 14.26428929 32.99565613
v -21.92309126 14.24033288 32.90829062
v -21.90210298 14.23471700 32.98610821
v -21.79374173 14.20011651 32.89845958
v -21.79374173 14.20011744 32.97783807
v -21.68661729 14.15610965 32.88991749
v -21.66665345 14.14675266 32.96766430
v -21.56903595 14.09533434 32.88008645
v -21.56903595 14.09533434 32.95945749
v -21.46692388 14.03043885 32.87108988
v -21.44895308 14.01770581 32.94883296
v -21.36593871 13.95312510 32.86170587
v -21.36593871 13.95312510 32.94108063
v -21.27432637 13.86916824 32.85267949
v -21.25913091 13.85373529 32.93050081
v -21.19061910 13.77780829 32.84388781
v -21.19061910 13.77780829 32.92326257
v -21.11637779 13.68121058 32.83550963
v -21.10444009 13.66395410 32.91347623
v -21.04840055 13.57470080 32.82716870
v -21.04840055 13.57469894 32.90653974
v -20.99595219 13.47492356 32.81974420
v -20.98706923 13.45590502 32.89769962
v -20.94361372 13.34998105 32.81044587
v -20.94361372 13.34998105 32.88982064
v -20.91005817 13.24538141 32.80266374
v -20.90440877 13.22450489 32.88048506
v -20.87944373 13.11049238 32.79262781
v -20.87944373 13.11049238 32.87200257
v -20.86426690 12.99861539 32.78430179
v -20.86235024 12.97674794 32.86205232
v -20.85783519 12.86350004 32.77425095
v -20.85783519 12.86350004 32.85362571
v -20.86273581 12.74552383 32.76547417
v -20.86472325 12.72368245 32.84322470
v -20.87944373 12.61650771 32.75587037
v -20.87944373 12.61650771 32.83524886
v -20.90560645 12.49796245 32.74705261
v -20.91130801 12.47715950 32.82487765
v -20.94361372 12.37701904 32.73805231
v -20.94361372 12.37701904 32.81742707
v -20.98897658 12.26694789 32.72986040
v -20.99788375 12.24804018 32.80783072
v -21.04840055 12.15230115 32.72133321
v -21.04840241 12.15229928 32.80070797
v -21.10701427 12.05927785 32.71409497
v -21.11895196 12.04213500 32.79206529
v -21.19061910 11.94919180 32.70461410
v -21.19061910 11.94919180 32.78398886
v -21.26242407 11.86987851 32.69703686
v -21.27757855 11.85458992 32.77486563
v -21.36593871 11.77387498 32.68679604
v -21.36593871 11.77387498 32.76617080
v -21.45286836 11.70648448 32.67868608
v -21.47074230 11.69390976 32.75644034
v -21.56903595 11.63166575 32.66841546
v -21.56903595 11.63166575 32.74779022
v -21.67102322 11.57816686 32.65985474
v -21.69082686 11.56896539 32.73760900
v -21.79374173 11.52688358 32.65003860
v -21.79374173 11.52688358 32.72941709
v -21.90671675 11.49101835 32.64142573
v -21.92748711 11.48553379 32.71925822
v -22.03322947 11.46271080 32.63222054
v -22.03322947 11.46271080 32.71159530
v -22.14846388 11.44721732 32.62421861
v -22.16920443 11.44544035 32.70218894
v -22.28023484 11.44110039 32.61550143
v -22.28023671 11.44110039 32.69487247
v -22.38733508 11.44513767 32.60844946
v -22.40805328 11.44685410 32.68642351
v -22.52724208 11.46271080 32.59878233
v -22.52724208 11.46271080 32.67815337
v -22.62905613 11.48453448 32.59140626
v -22.64978923 11.48994546 32.66924620
v -22.76672982 11.52688358 32.58096054
v -22.76672982 11.52688358 32.66033530
v -22.86590450 11.56726945 32.57306665
v -22.88566157 11.57637872 32.65082836
v -22.99143560 11.63166575 32.56258368
v -22.99143560 11.63166575 32.64195845
v -23.08636159 11.69158611 32.55423903
v -23.10418151 11.70404535 32.63200074
v -23.19453284 11.77387498 32.54420310
v -23.19453284 11.77387498 32.62358159
v -23.28003943 11.85176242 32.53579885
v -23.29514362 11.86691411 32.61363506
v -23.36985059 11.94919180 32.52638504
v -23.36985059 11.94919180 32.60576352
v -23.43927510 12.03896943 32.51857311
v -23.45116995 12.05595210 32.59655088
v -23.51206914 12.15229835 32.50966594
v -23.51207100 12.15230022 32.58904442
v -23.56091887 12.24457193 32.50280023
v -23.56978506 12.26326358 32.58078545
v -23.61685783 12.37701904 32.49294683
v -23.61685783 12.37701904 32.57232159
v -23.64808321 12.47335132 32.48577937
v -23.65377918 12.49390282 32.56362677
v -23.68102781 12.61650771 32.47512877
v -23.68102781 12.61650771 32.55449980
v -23.69534783 12.71969359 32.46745095
v -23.69737253 12.74125651 32.54522011
v -23.70263636 12.86350004 32.45674819
v -23.70263636 12.86350004 32.53612667
v -23.69843237 12.97276374 32.44861960
v -23.69660512 12.99433690 32.52638876
v -23.68102781 13.11049238 32.43837506
v -23.68102781 13.11049238 32.51774609
v -23.65705185 13.22070975 32.43017197
v -23.65154773 13.24129105 32.50801563
v -23.61685783 13.34998105 32.42055327
v -23.61685783 13.34998105 32.49992803
v -23.57497625 13.45245633 32.41293132
v -23.56628887 13.47119268 32.49090910
v -23.51207100 13.57469894 32.40383416
v -23.51206914 13.57469894 32.48320892
v -23.45814183 13.66084628 32.39715099
v -23.44647795 13.67781032 32.47514740
v -23.36985059 13.77780829 32.38711134
v -23.36985059 13.77780829 32.46648610
v -23.30402657 13.85095809 32.38014877
v -23.28917757 13.86612561 32.45800361
v -23.19453284 13.95312510 32.36929327
v -23.19453284 13.95312510 32.44866803
v -23.11469056 14.01541475 32.36183152
v -23.09713513 14.02792986 32.43960813
v -22.99143560 14.09533434 32.35091642
v -22.99143560 14.09533434 32.43029118
v -22.89733477 14.14506510 32.34300390
v -22.87784405 14.15426936 32.42078051
v -22.76672982 14.20011744 32.33253956
v -22.76672982 14.20011744 32.41191432
v -22.66205847 14.23369441 32.32454509
v -22.64157869 14.23923671 32.40239248
v -22.52724208 14.26428929 32.31472149
v -22.52724208 14.26428929 32.39409626
v -22.42032811 14.27898463 32.30728582
v -22.39984460 14.28086217 32.38526732
v -22.28023671 14.28589970 32.29799867
v -22.28023484 14.28589970 32.37737715
v -22.18143083 14.28246405 32.29150549
v -22.16100320 14.28089384 32.36950561
v -22.03322947 14.26428929 32.28127956
v -22.03322947 14.26428929 32.36065805
v -21.93974331 14.24454525 32.27452189
v -21.91927098 14.23933636 32.35238418
v -21.79374173 14.20011651 32.26346150
v -21.79374173 14.20011744 32.34283626
v -21.70253359 14.16330040 32.25621581
v -21.68298885 14.15443700 32.33399987
v -21.56903595 14.09533434 32.24508464
v -21.56903595 14.09533434 32.32445940
v -21.48132771 14.04034626 32.23738447
v -21.46366239 14.02815804 32.31516853
v -21.36593871 13.95312510 32.22670779
v -21.36593871 13.95312510 32.30607882
v -21.28657699 13.88127450 32.21891820
v -21.27156965 13.86640314 32.29677677
v -21.19061910 13.77780829 32.20888600
v -21.19061910 13.77780829 32.28826076
v -21.12606540 13.69483117 32.20164031
v -21.11421153 13.67812231 32.27962926
v -21.04840241 13.57470173 32.19216689
v -21.04840055 13.57469894 32.27154166
v -21.00319043 13.48990295 32.18585625
v -20.99434473 13.47153541 32.26386756
v -20.94361372 13.34998105 32.17544407
v -20.94361372 13.34998105 32.25482255
v -20.91476694 13.26189376 32.16889128
v -20.90902813 13.24166916 32.24676102
v -20.87944373 13.11049238 32.15762600
v -20.87944373 13.11049238 32.23700449
v -20.86603269 13.01598921 32.15059638
v -20.86390182 12.99473271 32.22838789
v -20.85783519 12.86350004 32.13925287
v -20.85783519 12.86350004 32.21862391
v -20.86139284 12.76295446 32.13176876
v -20.86306363 12.74165232 32.20956028
v -20.87944373 12.61650771 32.12087229
v -20.87944373 12.61650771 32.20024705
v -20.90128139 12.51463778 32.11329132
v -20.90659179 12.49428093 32.19115362
v -20.94361372 12.37701904 32.10305423
v -20.94361372 12.37701904 32.18242899
v -20.98205313 12.28216942 32.09599853
v -20.99052630 12.26360817 32.17398748
v -21.04840055 12.15230208 32.08633512
v -21.04840055 12.15230022 32.16570616
v -21.09769359 12.07304839 32.08020702
v -21.10908553 12.05626410 32.15822577
v -21.19061910 11.94919180 32.06961602
v -21.19061910 11.94919180 32.14898705
v -21.25050686 11.88223530 32.06326440
v -21.26505412 11.86719351 32.14114159
v -21.36593871 11.77387498 32.05179051
v -21.36593871 11.77387498 32.13116899
v -21.43872716 11.71672810 32.04498067
v -21.45596594 11.70427632 32.12277964
v -21.56903595 11.63166482 32.03341737
v -21.56903595 11.63166575 32.11279213
v -21.65527083 11.58575248 32.02615306
v -21.67444862 11.57654822 32.10394830
v -21.79374173 11.52688358 32.01503679
v -21.79374173 11.52688358 32.09441528
v -21.89011686 11.49564423 32.00766817
v -21.91030420 11.49004791 32.08553419
v -22.03322947 11.46271080 31.99722245
v -22.03322947 11.46271080 32.07659349
v -22.13181555 11.44886483 31.99035302
v -22.15204015 11.44688856 32.06835315
v -22.28023298 11.44110039 31.98049963
v -22.28023484 11.44110039 32.05987439
v -22.37075381 11.44398283 31.97456151
v -22.39088900 11.44541055 32.05258399
v -22.52724208 11.46271080 31.96378052
v -22.52724208 11.46271080 32.04315528
v -22.61239290 11.48042642 31.95763379
v -22.63260633 11.48543693 32.03551844
v -22.76672982 11.52688358 31.94596246
v -22.76672982 11.52688358 32.02533722
v -22.84995094 11.56017836 31.93936124
v -22.86928147 11.56880055 32.01717138
v -22.99143560 11.63166575 31.92758188
v -22.99143560 11.63166575 32.00695664
v -23.07189442 11.68176532 31.92053363
v -23.08940329 11.69368345 31.99834004
v -23.19453284 11.77387498 31.90920502
v -23.19453284 11.77387498 31.98857978
v -23.26770499 11.83972135 31.90204129
v -23.28261547 11.85431331 31.97991103
v -23.36985245 11.94919180 31.89138696
v -23.36985059 11.94919180 31.97076172
v -23.42949249 12.02538889 31.88470751
v -23.44129980 12.04182487 31.96271136
v -23.51206914 12.15229742 31.87466785
v -23.51206914 12.15229928 31.95404261
v -21.25032805 13.84457666 34.12021697
v -21.23479359 13.82800657 34.19797495
v -21.19061910 13.77780829 34.11388770
v -21.19061910 13.77780735 34.19325873
v -21.09755203 13.65374215 34.10327435
v -21.08549513 13.63539044 34.18118879
v -21.04840055 13.57469801 34.09716859
v -21.04839869 13.57469708 34.17653963
v -20.98194882 13.44459876 34.08748657
v -20.97303793 13.42426147 34.16534886
v -20.94361372 13.34998105 34.08044949
v -20.94361372 13.34998198 34.15982053
v -20.90121619 13.21210805 34.07018632
v -20.89579776 13.18992861 34.14791077
v -20.87944373 13.11049238 34.06262770
v -20.87944373 13.11049331 34.14200246
v -20.86137421 12.96378020 34.05171260
v -20.85993253 12.94070203 34.12936628
v -20.85783519 12.86350004 34.04425085
v -20.85783519 12.86350098 34.12362561
v -20.86606063 12.71074731 34.03288126
v -20.86872235 12.68784888 34.11055729
v -20.87944373 12.61650771 34.02587026
v -20.87944373 12.61650771 34.10524875
v -20.91483958 12.46485487 34.01458636
v -20.92135325 12.44318765 34.09235179
v -20.94361372 12.37701904 34.00805220
v -20.94361372 12.37701811 34.08743069
v -21.00330219 12.23687176 33.99762884
v -21.01309039 12.21730560 34.07554701
v -21.04840241 12.15229835 33.99133310
v -21.04840241 12.15229649 34.07070786
v -21.12621255 12.03196310 33.98184106
v -21.13927342 12.01413013 34.05971080
v -21.19061910 11.94919180 33.97461399
v -21.19061910 11.94919273 34.05398875
v -21.28676325 11.84554305 33.96456316
v -21.30315825 11.82979718 34.04229507
v -21.36593871 11.77387498 33.95679593
v -21.36593685 11.77387591 34.03617069
v -21.48154564 11.68650482 33.94609317
v -21.50070481 11.67372987 34.02375802
v -21.56903595 11.63166575 33.93841535
v -21.56903595 11.63166575 34.01779011
v -21.70277573 11.56359166 33.92726555
v -21.72383294 11.55443955 34.00494531
v -21.79374173 11.52688358 33.92003849
v -21.79374173 11.52688358 33.99941325
v -21.93999663 11.48239151 33.90895948
v -21.96192183 11.47717424 33.98672864
v -22.03322947 11.46271080 33.90222043
v -22.03322947 11.46271080 33.98159519
v -22.18168229 11.44451834 33.89197960
v -22.20343798 11.44317444 33.96990150
v -22.28023671 11.44110039 33.88549760
v -22.28023857 11.44110039 33.96487609
v -22.42058143 11.44804060 33.87619928
v -22.44245820 11.45038102 33.95407647
v -22.52724208 11.46271080 33.86877850
v -22.52724022 11.46271080 33.94815326
v -22.66230993 11.49337552 33.85893628
v -22.68406004 11.49962749 33.93667564
v -22.76672982 11.52688358 33.85096043
v -22.76672982 11.52688358 33.93033519
v -22.89757505 11.58205047 33.84047747
v -22.91814983 11.59216743 33.91815349
v -22.99143560 11.63166575 33.83258358
v -22.99143560 11.63166482 33.91195834
v -23.11490476 11.71174087 33.82164612
v -23.13331142 11.72530744 33.89933333
v -23.19453284 11.77387498 33.81420672
v -23.19453284 11.77387498 33.89358148
v -23.30420725 11.87622920 33.80332887
v -23.31966162 11.89251337 33.88110176
v -23.36985059 11.94919180 33.79638493
v -23.36985245 11.94919273 33.87576342
v -23.45828339 12.06636336 33.78633037
v -23.47031422 12.08444126 33.86425599
v -23.51207100 12.15230115 33.77966583
v -23.51207100 12.15230301 33.85904431
v -23.57508056 12.27477472 33.77055377
v -23.58399145 12.29478046 33.84844214
v -23.61685783 12.37701904 33.76294672
v -23.61685783 12.37701811 33.84232149
v -23.65711704 12.50654366 33.75330567
v -23.66259880 12.52839714 33.83105993
v -23.68102781 12.61650771 33.74512866
v -23.68102595 12.61650678 33.82449970
v -23.69845286 12.75450084 33.73485804
v -23.70001934 12.77727820 33.81254151
v -23.70263636 12.86350004 33.72674808
v -23.70263636 12.86349911 33.80612656
v -23.69531989 13.00757006 33.71603042
v -23.69283326 13.03020772 33.79372135
v -23.68102781 13.11049145 33.70837495
v -23.68102781 13.11049238 33.78774598
v -23.64801057 13.25389929 33.69770199
v -23.64170365 13.27535417 33.77548233
v -23.61685783 13.34998105 33.69055316
v -23.61685783 13.34998105 33.76992792
v -23.56080897 13.48265540 33.68068486
v -23.55124429 13.50206230 33.75861421
v -23.51206914 13.57470080 33.67383033
v -23.51206914 13.57470267 33.75320882
v -23.43912795 13.68823741 33.66490826
v -23.42635207 13.70590087 33.74280408
v -23.36985059 13.77780829 33.65711123
v -23.36985245 13.77780735 33.73648971
v -23.27985503 13.87542114 33.64768252
v -23.26377295 13.89105804 33.72544050
v -23.19453284 13.95312510 33.63929316
v -23.19453284 13.95312417 33.71867165
v -23.08614366 14.03556485 33.62924233
v -23.06730859 14.04829510 33.70693326
v -22.99143560 14.09533434 33.62092003
v -22.99143560 14.09533434 33.70029107
v -22.86566421 14.15983960 33.61041099
v -22.84491993 14.16900940 33.68810937
v -22.76672982 14.20011651 33.60253945
v -22.76672982 14.20011744 33.68191421
v -22.62880281 14.24252987 33.59207511
v -22.60716446 14.24781885 33.66985545
v -22.52724208 14.26428929 33.58472139
v -22.52724208 14.26428929 33.66409615
v -22.38708362 14.28188104 33.57503563
v -22.36557938 14.28333763 33.65296870
v -22.28023484 14.28589970 33.56800228
v -22.28023298 14.28589970 33.64737332
v -22.14821056 14.27975949 33.55926648
v -22.12662250 14.27758113 33.63716975
v -22.03322947 14.26428929 33.55127946
v -22.03322947 14.26428929 33.63065422
v -21.90646343 14.23591282 33.54205564
v -21.88496478 14.22987599 33.61982107
v -21.79374173 14.20011744 33.53346139
v -21.79374173 14.20011744 33.61283615
v -21.67078294 14.14871961 33.52362290
v -21.65040746 14.13885783 33.60132128
v -21.56903595 14.09533434 33.51508453
v -21.56903595 14.09533434 33.59445930
v -21.45265229 14.02036101 33.50479528
v -21.43438719 14.00707383 33.58250111
v -21.36593871 13.95312510 33.49670395
v -21.36593871 13.95312510 33.57607871
v -21.26224339 13.85693438 33.48644823
v -21.24686912 13.84093519 33.56423602
v -21.19061910 13.77780829 33.47888589
v -21.19061910 13.77780735 33.55826065
v -21.10687084 13.66751362 33.46938640
v -21.09486796 13.64970952 33.54732692
v -21.04840055 13.57469894 33.46216679
v -21.04840055 13.57469801 33.54154155
v -20.98887041 13.45982216 33.45362097
v -20.97996697 13.44014704 33.53152797
v -20.94361372 13.34998105 33.44544768
v -20.94361372 13.34998105 33.52482244
v -20.90553939 13.22878432 33.43642876
v -20.89999989 13.20725773 33.51420164
v -20.87944373 13.11049238 33.42762589
v -20.87944373 13.11049238 33.50700438
v -20.86271532 12.98121177 33.41800719
v -20.86102776 12.95873616 33.49571303
v -20.85783519 12.86350004 33.40924904
v -20.85783519 12.86350004 33.48862380
v -20.86429298 12.72812020 33.39917585
v -20.86661011 12.70574611 33.47688541
v -20.87944373 12.61650771 33.39087218
v -20.87944373 12.61650771 33.47025067
v -20.91012709 12.48136722 33.38081762
v -20.91622911 12.46012654 33.45860913
v -20.94361372 12.37701904 33.37305412
v -20.94361372 12.37701904 33.45242515
v -20.99606209 12.25184835 33.36373717
v -21.00540511 12.23260537 33.44168514
v -21.04840055 12.15229928 33.35633501
v -21.04840241 12.15229742 33.43570605
v -21.11652121 12.04558183 33.34797174
v -21.12901397 12.02808972 33.42589363
v -21.19061910 11.94919180 33.33961591
v -21.19061910 11.94919180 33.41898695
v -21.27451077 11.85764745 33.33080187
v -21.29028179 11.84212230 33.40858594
v -21.36593871 11.77387498 33.32179412
v -21.36593871 11.77387498 33.40116888
v -21.46714181 11.69640943 33.31238776
v -21.48565464 11.68372668 33.39010105
v -21.56903595 11.63166575 33.30341727
v -21.56903595 11.63166575 33.38279203
v -21.68685943 11.57077961 33.29356015
v -21.70729078 11.56159583 33.37127715
v -21.79374173 11.52688358 33.28503668
v -21.79374173 11.52688358 33.36441517
v -21.92334458 11.48660108 33.27518702
v -21.94469422 11.48124319 33.35298970
v -22.03322947 11.46271080 33.26721862
v -22.03322947 11.46271080 33.34659711
v -22.16508612 11.44576818 33.25809538
v -22.18633890 11.44420262 33.33603963
v -22.28023671 11.44110039 33.25049952
v -22.28023857 11.44110039 33.32987428
v -22.40394615 11.44648995 33.24232996
v -22.42524363 11.44851092 33.32025558
v -22.52724208 11.46271080 33.23378041
v -22.52724208 11.46271080 33.31315517
v -22.64569700 11.48885116 33.22517499
v -22.66694233 11.49467565 33.30296278
v -22.76672982 11.52688358 33.21596235
v -22.76672982 11.52688358 33.29533339
v -22.88178168 11.57456078 33.20677206
v -22.90195227 11.58416830 33.28449279
v -22.99143560 11.63166575 33.19758177
v -22.99143560 11.63166575 33.27696025
v -23.10069837 11.70157827 33.18794072
v -23.11882004 11.71458792 33.26566517
v -23.19453284 11.77387498 33.17920864
v -23.19453284 11.77387498 33.25857967
v -23.29220809 11.86393294 33.16956386
v -23.30749296 11.87964901 33.24736655
v -23.36985059 11.94919180 33.16138685
v -23.36985059 11.94919180 33.24076161
v -23.44887145 12.05262821 33.15244615
v -23.46084267 12.07015850 33.23040158
v -23.51207100 12.15230022 33.14466402
v -23.51207100 12.15230208 33.22404251
v -23.56807888 12.25961186 33.13668072
v -23.57697487 12.27895822 33.21461752
v -23.61685783 12.37701904 33.12794492
v -23.61685783 12.37701904 33.20731968
v -23.65269698 12.48990651 33.11954811
v -23.65829237 12.51110900 33.19734707
v -23.68102781 12.61650771 33.11012685
v -23.68102781 12.61650771 33.18950161
v -23.69700745 12.73708325 33.10115263
v -23.69881049 12.75925431 33.17888081
v -23.70263636 12.86350004 33.09175000
v -23.70263636 12.86350004 33.17112476
v -23.69698323 12.99018133 33.08232501
v -23.69483188 13.01229000 33.16005319
v -23.68102781 13.11049238 33.07337314
v -23.68102781 13.11049238 33.15274790
v -23.65262806 13.23734503 33.06393325
v -23.64672720 13.25836871 33.14174712
v -23.61685783 13.34998105 33.05555508
v -23.61685783 13.34998105 33.13492984
v -23.56797084 13.46761733 33.04680437
v -23.55884947 13.48669361 33.12475607
v -23.51207100 13.57469894 33.03883225
v -23.51206914 13.57470173 33.11821073
v -23.44872616 13.67457956 33.03103521
v -23.43651280 13.69189844 33.10897946
v -23.36985059 13.77780829 33.02211314
v -23.36985059 13.77780829 33.10149163
v -23.29202369 13.86325248 33.01392123
v -23.27656373 13.87866121 33.09172392
v -23.19453284 13.95312510 33.00429508
v -23.19453284 13.95312510 33.08366612
v -20.87944560 12.61650305 35.32328084
v -20.87023295 12.67610863 35.30030698
v -20.85783519 12.86350098 35.31425074
v -20.94361745 12.37701066 35.32328084
v -20.92483453 12.43209280 35.28214991
v -20.87944373 12.61650678 35.29587016
v -21.04840055 12.15230022 35.32328084
v -21.01824433 12.20729854 35.26542708
v -20.94361372 12.37701718 35.27805209
v -21.19061351 11.94919925 35.32328084
v -21.14615031 12.00497057 35.24955362
v -21.04840241 12.15229649 35.26133299
v -21.36593871 13.95312510 34.21108425
v -21.36593871 13.95312510 34.13170576
v -21.41996846 13.99626676 34.21616927
v -21.43851481 14.01011553 34.13850442
v -21.56903595 14.09533527 34.22945738
v -21.56903595 14.09533434 34.15008262
v -21.63425833 14.13075440 34.23497826
v -21.65503241 14.14113119 34.15732831
v -21.79374173 14.20011744 34.24783796
v -21.79374173 14.20011744 34.16845948
v -21.86786570 14.22481239 34.25353393
v -21.88986540 14.23128415 34.17581692
v -22.03323133 14.26428929 34.26565602
v -22.03322947 14.26428929 34.18627754
v -22.10939862 14.27560393 34.27098319
v -22.13156410 14.27810919 34.19313207
v -22.28023112 14.28589970 34.28237513
v -22.28023298 14.28589970 34.20300037
v -22.34849706 14.28426150 34.28683430
v -22.37050235 14.28303309 34.20892358
v -22.52724022 14.26428929 34.29909423
v -22.52724208 14.26428929 34.21971947
v -22.58992754 14.25177697 34.30360183
v -22.61213958 14.24663421 34.22584757
v -22.76672982 14.20011744 34.31691229
v -22.76672982 14.20011744 34.23753753
v -22.82833681 14.17605672 34.32177752
v -22.84970880 14.16692697 34.24412012
v -22.99143560 14.09533434 34.33529288
v -22.99143560 14.09533434 34.25591812
v -23.05219322 14.05819785 34.34058651
v -23.07167463 14.04538285 34.26294774
v -23.19453284 13.95312417 34.35366973
v -23.19453284 13.95312417 34.27429497
v -23.25080894 13.90331239 34.35914963
v -23.26751873 13.88746034 34.28144008
v -23.36985245 13.77780735 34.37148780
v -23.36985245 13.77780735 34.29211304
v -23.41599390 13.71981390 34.37661752
v -23.42934348 13.70181702 34.29877385
v -23.51206727 13.57470360 34.38820690
v -23.51206914 13.57470267 34.30883586
v -23.54347892 13.51729315 34.39247981
v -23.55349250 13.49756960 34.31457281
v -23.61685596 13.34998291 34.40492973
v -23.61685783 13.34998105 34.32555497
v -23.63648079 13.29224557 34.40922499
v -23.64320308 13.27036880 34.33147818
v -23.68102781 13.11049238 34.42274779
v -23.68102781 13.11049238 34.34337303
v -23.69060740 13.04808538 34.42738950
v -23.69344607 13.02492619 34.34973955
v -23.70263636 12.86349911 34.44112465
v -23.70263636 12.86349911 34.36174989
v -23.70100096 12.79532257 34.44619849
v -23.69968593 12.77194358 34.36855972
v -23.68102595 12.61650678 34.45950150
v -23.68102781 12.61650771 34.38012674
v -23.66669290 12.54576538 34.46476907
v -23.66134338 12.52325904 34.38706696
v -23.61685596 12.37701718 34.47732329
v -23.61685783 12.37701904 34.39794481
v -23.59083295 12.31072750 34.48225558
v -23.58192205 12.29005773 34.40441564
v -23.51207286 12.15230394 34.49404240
v -23.51207100 12.15230301 34.41466391
v -23.47958833 12.09879480 34.49812531
v -23.46750721 12.08017021 34.42022204
v -23.36985245 11.94919366 34.51076150
v -23.36985245 11.94919273 34.43138674
v -23.33164774 11.90550439 34.51485187
v -23.31603691 11.88864838 34.43710878
v -23.19453284 11.77387591 34.52857956
v -23.19453284 11.77387498 34.44920853
v -23.14765751 11.73620205 34.53300521
v -23.12897518 11.72207016 34.45535526
v -22.99143560 11.63166482 34.54696015
v -22.99143560 11.63166482 34.46758166
v -22.93425240 11.60037518 34.55180675
v -22.91328274 11.58973668 34.47417915
v -22.76672795 11.52688358 34.56533328
v -22.76672982 11.52688358 34.48596224
v -22.70114236 11.50480192 34.57038477
v -22.67889306 11.49810851 34.49269012
v -22.52724022 11.46271080 34.58315507
v -22.52724022 11.46271080 34.50378031
v -22.45969139 11.45246625 34.58788618
v -22.43724093 11.44979149 34.51006114
v -22.28024043 11.44110039 34.59987789
v -22.28023857 11.44110039 34.52049941
v -22.22049981 11.44235488 34.60377082
v -22.19824679 11.44346502 34.52587128
v -22.03323133 11.46271080 34.61659700
v -22.03322947 11.46271080 34.53721851
v -21.97916806 11.47332694 34.62047130
v -21.95667103 11.47839054 34.54273567
v -21.79374173 11.52688358 34.63441506
v -21.79374173 11.52688358 34.55504030
v -21.74045332 11.54750027 34.63861346
v -21.71876840 11.55660395 34.56097469
v -21.56903408 11.63166575 34.65279192
v -21.56903595 11.63166575 34.57341716
v -21.51588351 11.66392118 34.65741873
v -21.49607800 11.67677436 34.57979485
v -21.36593685 11.77387591 34.67116877
v -21.36593871 11.77387591 34.59179401
v -21.31620795 11.81761548 34.67600420
v -21.29918151 11.83356997 34.59831700
v -21.19061910 11.94919366 34.68898684
v -21.19061910 11.94919273 34.60961208
v -21.14972845 12.00026460 34.69352424
v -21.13609016 12.01842446 34.61570293
v -21.04840241 12.15229649 34.70570594
v -21.04840241 12.15229742 34.62633118
v -21.02093771 12.20214367 34.70941633
v -21.01069689 12.22202089 34.63152051
v -20.94361372 12.37701718 34.72242877
v -20.94361372 12.37701811 34.64305401
v -20.92667855 12.42634561 34.72609818
v -20.91974393 12.44842913 34.64836627
v -20.87944373 12.61650678 34.74024683
v -20.87944373 12.61650771 34.66087207
v -20.87105997 12.66999263 34.74422917
v -20.86804248 12.69340888 34.66659412
v -20.85783519 12.86350098 34.75862369
v -20.85783519 12.86350098 34.67924893
v -20.85906640 12.92264834 34.76302698
v -20.86024918 12.94632722 34.68541428
v -20.87944373 13.11049424 34.77700427
v -20.87944373 13.11049331 34.69762951
v -20.89180984 13.17252405 34.78161618
v -20.89708857 13.19535542 34.70394015
v -20.94361372 13.34998291 34.79482234
v -20.94361372 13.34998198 34.71544757
v -20.96628584 13.40825390 34.79915485
v -20.97519115 13.42925616 34.72134471
v -21.04839869 13.57469615 34.81154144
v -21.04839869 13.57469708 34.73216668
v -21.07631974 13.62100244 34.81506184
v -21.08842134 13.63990083 34.73716974
v -21.19061723 13.77780642 34.82826054
v -21.19061910 13.77780735 34.74888578
v -21.22290060 13.81495409 34.83172134
v -21.23858221 13.83209694 34.75399688
v -21.36593685 13.95312417 34.84608233
v -21.36593871 13.95312510 34.76670384
v -21.40569687 13.98528647 34.84983742
v -21.42451145 13.99970334 34.77221355
v -21.56903595 14.09533527 34.86445919
v -21.56903595 14.09533527 34.78508443
v -21.61820605 14.12244327 34.86863524
v -21.63936757 14.13334720 34.79102999
v -21.79374360 14.20011744 34.88283604
v -21.79374173 14.20011744 34.80345756
v -21.85080387 14.21952713 34.88723189
v -21.87329903 14.22644686 34.80956703
v -22.03323133 14.26428929 34.90065411
v -22.03323133 14.26428929 34.82128307
v -22.09215611 14.27341066 34.90479290
v -22.11489342 14.27625772 34.82698649
v -22.28023112 14.28589970 34.91737321
v -22.28023112 14.28589970 34.83800218
v -22.33145759 14.28497769 34.92071107
v -22.35395648 14.28398862 34.84282270
v -22.52723835 14.26428929 34.93409231
v -22.52724022 14.26428929 34.85472128
v -22.57267572 14.25551344 34.93734822
v -22.59545587 14.25053179 34.85962749
v -22.76672795 14.20011744 34.95191410
v -22.76672982 14.20011744 34.87253934
v -22.81168103 14.18288890 34.95545313
v -22.83367701 14.17381410 34.87782925
v -22.99143560 14.09533434 34.97029096
v -22.99143560 14.09533434 34.89091620
v -23.03694934 14.06791154 34.97424349
v -23.05708081 14.05502576 34.89664569
v -23.19453470 13.95312324 34.98867154
v -23.19453284 13.95312417 34.90929306
v -23.23767357 13.91541958 34.99285132
v -23.25501852 13.89936637 34.91519019
v -23.36985245 13.77780549 35.00648960
v -23.36985245 13.77780735 34.92711112
v -23.40544201 13.73363379 35.01042724
v -23.41937460 13.71531282 34.93262827
v -23.51206727 13.57470360 35.02320871
v -23.51206727 13.57470360 34.94383395
v -23.53554964 13.53238616 35.02635658
v -23.54602143 13.51235621 34.94847193
v -23.61685596 13.34998384 35.03992781
v -23.61685783 13.34998198 34.96055305
v -23.63105491 13.30903824 35.04297510
v -23.63820560 13.28675076 34.96525809
v -23.68102595 13.11049331 35.05774587
v -23.68102781 13.11049238 34.97837484
v -23.68815988 13.06591835 35.06106511
v -23.69135991 13.04224599 34.98345241
v -23.70263636 12.86349911 35.07612646
v -23.70263636 12.86349911 34.99675170
v -23.70175160 12.81338371 35.07985175
v -23.70070480 12.78940681 35.00226140
v -23.68102595 12.61650585 35.09450331
v -23.68102595 12.61650678 35.01512855
v -23.67057651 12.56320626 35.09846702
v -23.66537042 12.54004892 35.02081707
v -23.61685596 12.37701625 35.11232138
v -23.61685783 12.37701811 35.03294662
v -23.59749377 12.32679561 35.11605784
v -23.58859777 12.30545901 35.03827006
v -23.51207286 12.15230394 35.12904048
v -23.51207286 12.15230301 35.04966572
v -23.48866314 12.11321726 35.13200209
v -23.47654663 12.09404506 35.05412117
v -23.36985432 11.94919460 35.14576331
v -23.36985245 11.94919273 35.06638855
v -23.34344760 11.91861834 35.14860198
v -23.32769707 11.90118678 35.07088870
v -23.19453470 11.77387591 35.16358137
v -23.19453284 11.77387498 35.08420661
v -23.16185087 11.74726803 35.16667709
v -23.14290963 11.73256431 35.08906811
v -22.99143560 11.63166482 35.18195823
v -22.99143560 11.63166482 35.10258347
v -22.95025252 11.60878874 35.18546373
v -22.92890102 11.59761846 35.10788083
v -22.76672795 11.52688172 35.20033509
v -22.76672795 11.52688358 35.12096033
v -22.71817997 11.51019800 35.20408645
v -22.69544266 11.50304917 35.12644023
v -22.52723835 11.46271080 35.21815315
v -22.52724022 11.46271080 35.13877839
v -22.47694135 11.45476662 35.22169217
v -22.45391905 11.45174354 35.14391184
v -22.28024043 11.44110039 35.23487598
v -22.28024043 11.44110039 35.15549749
v -22.23751880 11.44174114 35.23765132
v -22.21477591 11.44260727 35.15977412
v -22.03323320 11.46271080 35.25159508
v -22.03323133 11.46271080 35.17221659
v -21.99642733 11.46970131 35.25422513
v -21.97336219 11.47459727 35.17652303
v -21.79374360 11.52688358 35.26941314
v -21.79374173 11.52688358 35.19004211
v -21.75714448 11.54077612 35.27228907
v -21.73483558 11.54981833 35.19468755
v -21.56903408 11.63166575 35.28779373
v -21.56903408 11.63166575 35.20841524
v -21.53119259 11.65430341 35.29107198
v -21.51073329 11.66721899 35.21349654
v -21.36593685 11.77387685 35.30616686
v -21.36593685 11.77387591 35.22679582
v -21.32942900 11.80558279 35.30969843
v -21.31176181 11.82173193 35.23206711
v -21.19715512 11.94145996 35.32328084
v -21.19061910 11.94919366 35.24461389
v -22.49147370 14.09607846 28.40502374
v -22.35749550 11.76242623 35.59999913
v -22.28705958 11.78482547 35.59147939
v -22.28023484 11.71782054 35.63073277
v -22.24309929 11.78544294 35.59524938
v -22.15069532 11.79261040 35.60345247
v -21.07249573 13.56078684 35.35110131
v -21.00137435 13.43500149 35.34492850
v -21.12706751 13.34731188 35.25597602
v -20.95980011 13.34409323 35.34050286
v -21.06074616 13.14046793 35.23847088
v -20.91621608 13.22441921 35.33471748
v -20.88528126 13.10946420 35.32920405
v -21.29082941 13.82456068 35.36634520
v -21.27009071 13.80470302 35.36500782
v -21.35425806 13.70399725 35.28856114
v -21.12587355 13.63881025 35.35511717
v -21.22454904 13.53386976 35.27185693
v -21.51571028 13.85313179 35.30671075
v -21.70310728 13.97291105 35.32551229
v -21.45748213 13.95784877 35.37654877
v -21.64587379 14.06479068 35.38718447
v -21.90793119 14.05734289 35.34409404
v -22.12019637 14.10376560 35.36161780
v -21.86140232 14.14394844 35.39847210
v -22.07398415 14.18434083 35.40883213
v -22.29909226 14.19001725 35.41902825
v -22.33053185 14.11303598 35.37750989
v -22.50778303 14.16062936 35.42874008
v -22.54269086 14.08619713 35.39419547
v -22.53434993 14.15435132 35.43005511
v -22.75265567 14.02138174 35.41232646
v -22.95028605 13.91938981 35.43112427
v -22.72686549 14.09030892 35.44010222
v -22.90959284 13.99529912 35.45066342
v -23.08651246 13.86218984 35.46214476
v -23.12611602 13.78456224 35.44971719
v -23.22832122 13.71307857 35.47263518
v -23.27281982 13.62418849 35.46725959
v -23.34749140 13.53841368 35.48292443
v -23.38638902 13.44684977 35.48316285
v -23.44148606 13.33122328 35.49377620
v -23.43276143 13.35559413 35.49249470
v -23.50873314 12.95067463 35.51409021
v -23.48995022 13.14504817 35.50363332
v -23.34058098 13.06162216 35.41387618
v -23.34863879 13.01215868 35.41872650
v -23.35890755 12.87064888 35.43261066
v -23.49367552 12.73785718 35.52575409
v -23.35807681 12.82056700 35.43752432
v -23.34309556 12.67933846 35.45138240
v -23.44774269 12.54816726 35.53633764
v -23.33357558 12.63099350 35.45612469
v -23.41152541 12.45175302 35.54179147
v -23.29460904 12.49658037 35.46931222
v -23.37113768 12.36598101 35.54668278
v -23.27738702 12.45206874 35.47367826
v -23.21775816 12.32998725 35.48565507
v -23.26904051 12.20248081 35.55627540
v -23.19418639 12.29054481 35.48959643
v -23.25422317 12.18300499 35.55751964
v -23.11410941 12.17922010 35.50186008
v -23.13165553 12.04863470 35.56715325
v -23.08330312 12.14331482 35.50624102
v -22.98729308 11.93356793 35.57747230
v -22.98206836 12.04434410 35.51970050
v -22.94491604 12.01391965 35.52434593
v -22.96686545 11.92010753 35.57886928
v -22.80672826 11.83398347 35.58934852
v -22.82585576 11.93297096 35.53843126
v -22.78393134 11.90962642 35.54314002
v -22.63240144 11.77328918 35.59999913
v -22.65227586 11.85099222 35.55720672
v -22.60763384 11.83568873 35.56174785
v -22.55566604 11.76370867 35.59999913
v -22.46976085 11.80158462 35.57513282
v -22.42461219 11.79450937 35.57932004
v -22.70288393 14.04046174 28.42287347
v -22.90439792 13.94714694 28.44158933
v -23.08624424 13.81964795 28.46031263
v -23.24046940 13.66463769 28.47817354
v -23.45243469 13.29918113 28.51065993
v -23.36204238 13.49084638 28.49444002
v -23.51038344 13.08845915 28.52849476
v -23.53077754 12.86734827 28.54720503
v -23.51173386 12.64605578 28.56593393
v -23.24522845 12.06810214 28.61629613
v -23.36562797 12.24237867 28.60009484
v -23.45501259 12.43481785 28.58381160
v -23.09206687 11.91229001 28.63411605
v -22.91105501 11.78371441 28.65282260
v -22.71006443 11.68914139 28.67155522
v -22.49882556 11.63220406 28.68944593
v -22.28742093 11.61297224 28.70575339
v -22.07634784 11.62968483 28.72193232
v -21.86477743 11.68398093 28.73973735
v -21.66275308 11.77603193 28.75843830
v -21.48008160 11.90244686 28.77717651
v -21.32480033 12.05664501 28.79508212
v -21.20205387 12.22994458 28.81141007
v -21.11065201 12.42084149 28.82757038
v -21.05148323 12.63103727 28.84535864
v -21.02974057 12.85195537 28.86405401
v -21.04743198 13.07341643 28.88279781
v -21.10291831 13.28515913 28.90071645
v -21.19128779 13.47836759 28.91706675
v -21.31052129 13.65313679 28.93320657
v -21.46261558 13.80973868 28.95097993
v -21.64278179 13.93938251 28.96967158
v -21.84323967 14.03521001 28.98841724
v -22.05429412 14.09346797 29.00635079
v -22.26585150 14.11396544 29.02272344
v -22.47677371 14.09850735 29.03884277
v -22.68848941 14.04553186 29.05660309
v -22.89101295 13.95474747 29.07528728
v -23.07450213 13.82942498 29.09403853
v -23.23083207 13.67605012 29.11198698
v -23.35475199 13.50325439 29.12838012
v -23.44716340 13.31311185 29.14448082
v -23.50754663 13.10345251 29.16222438
v -23.53063598 12.88274024 29.18090299
v -23.51429872 12.66112272 29.19965982
v -23.46005104 12.44888548 29.21762131
v -23.37270789 12.25491613 29.23403494
v -23.25463109 12.07964681 29.25011888
v -23.10360968 11.92226447 29.26784754
v -22.92429842 11.79156080 29.28652056
v -22.72438630 11.69448346 29.30527925
v -22.51352556 11.63490489 29.32325378
v -22.30182663 11.61313802 29.33969162
v -22.09104598 11.62734535 29.35575694
v -21.87919430 11.67900115 29.37346883
v -21.67618461 11.76851429 29.39213626
v -21.49189077 11.89273689 29.41090055
v -21.33451588 12.04527915 29.42888811
v -21.20942622 12.21756078 29.44534644
v -21.11600153 12.40695827 29.46139500
v -21.05440944 12.61607185 29.47909199
v -21.02997713 12.83656619 29.49775197
v -21.04495652 13.05832714 29.51651998
v -21.09795995 13.27104867 29.53452058
v -21.18426934 13.46577052 29.55100127
v -21.30119875 13.64154834 29.56703119
v -21.45113982 13.79969995 29.58471514
v -21.62958868 13.93145602 29.60336953
v -21.82894200 14.02977854 29.62213941
v -22.03959599 14.09067772 29.64015491
v -22.25142717 14.11371585 29.65665609
v -22.46207744 14.10075650 29.67267111
v -22.67405204 14.05042037 29.69033644
v -22.87753671 13.96218222 29.70898524
v -23.06262776 13.83906789 29.72775884
v -23.22103828 13.68736848 29.74578924
v -23.34729582 13.51561304 29.76231091
v -23.44173752 13.32694758 29.77831103
v -23.50453101 13.11839093 29.79595959
v -23.53030443 12.89812662 29.81460281
v -23.51668291 12.67623436 29.83338013
v -23.46493118 12.46303972 29.85142171
v -23.37966301 12.26757187 29.86796387
v -23.26387353 12.09127717 29.88394909
v -23.11501838 11.93236653 29.90158275
v -22.93744124 11.79956831 29.92021665
v -22.73865417 11.70000527 29.93899956
v -22.52822369 11.63778640 29.95705605
v -22.31627144 11.61347143 29.97361682
v -22.10573852 11.62518654 29.98958714
v -21.89365402 11.67420391 30.00720590
v -21.68970555 11.76116336 30.02583236
v -21.50382847 11.88316196 30.04461899
v -21.34438790 12.03400735 30.06268665
v -21.21696435 12.20522635 30.07927164
v -21.12150379 12.39317097 30.09522893
v -21.05751447 12.60116044 30.11282906
v -21.03040367 12.82118168 30.13144992
v -21.04266547 13.04319408 30.15023842
v -21.09316178 13.25684972 30.16831912
v -21.17737755 13.45305610 30.18492460
v -21.29203640 13.62987608 30.20086698
v -21.43980190 13.78953550 30.21845222
v -21.61649615 13.92336842 30.23706563
v -21.81470022 14.02416639 30.25585786
v -22.02490158 14.08770401 30.27395159
v -22.23696373 14.11329955 30.29057942
v -22.44739048 14.10282683 30.30650690
v -22.65957370 14.05512635 30.32407723
v -22.86397107 13.96944840 30.34268133
v -23.05062488 13.84857390 30.36147729
v -23.21109176 13.69859185 30.37958592
v -23.33967574 13.52792140 30.39623052
v -23.43616076 13.34068645 30.41214682
v -23.50133844 13.13327439 30.42970039
v -23.52978289 12.91350648 30.44829890
v -23.51888269 12.69138791 30.46709672
v -23.46964926 12.47728057 30.48521653
v -23.38649146 12.28034589 30.50188534
v -23.27295579 12.10298948 30.51778860
v -23.12628739 11.94259431 30.53532355
v -22.95048349 11.80773508 30.55391461
v -22.75287174 11.70570590 30.57271615
v -22.54291251 11.64085139 30.59084900
v -22.33075351 11.61397249 30.60753644
v -22.12042175 11.62320562 30.62342852
v -21.90815099 11.66958828 30.64094670
v -21.70331404 11.75398100 30.65953217
v -21.51589468 11.87372580 30.67833558
v -21.35441080 12.02283241 30.69647960
v -21.22466639 12.19294406 30.71318753
v -21.12715505 12.37948146 30.72906844
v -21.06079459 12.58630678 30.74657172
v -21.03101835 12.80580834 30.76514788
v -21.04055695 13.02802004 30.78395501
v -21.08852379 13.24256789 30.80211207
v -21.17061429 13.44022434 30.81884049
v -21.28303237 13.61812465 30.83470836
v -21.42860182 13.77924625 30.85219674
v -21.60350606 13.91512249 30.87076545
v -21.80051431 14.01837636 30.88957444
v -22.01021463 14.08454869 30.90774268
v -22.22246490 14.11271282 30.92448972
v -22.43271284 14.10471741 30.94035201
v -22.64505625 14.05965071 30.95782176
v -22.85032161 13.97654600 30.97638115
v -23.03849719 13.85793928 30.99519201
v -23.20099063 13.70971650 31.01337515
v -23.33189175 13.54017667 31.03014268
v -23.43043499 13.35432567 31.04599379
v -23.49796891 13.14809732 31.06344678
v -23.52907322 12.92887423 31.08199872
v -23.52089994 12.70658057 31.10081144
v -23.47420529 12.49160431 31.11900575
v -23.39318953 12.29323354 31.13579191
v -23.28187972 12.11478096 31.15163371
v -23.13741483 11.95294317 31.16907179
v -22.96341956 11.81606017 31.18761629
v -22.76702598 11.71158627 31.20643087
v -22.55759574 11.64409798 31.22463636
v -22.34526910 11.61464397 31.24144301
v -22.13509195 11.62140351 31.25727549
v -21.92268521 11.66515611 31.27469495
v -21.71700448 11.74696907 31.29323199
v -21.52808383 11.86443120 31.31204844
v -21.36458829 12.01175991 31.33026510
v -21.23253420 12.18071766 31.34709224
v -21.13295346 12.36589160 31.36291727
v -21.06425166 12.57151458 31.38032183
v -21.03182301 12.79044710 31.39884770
v -21.03863284 13.01280968 31.41766787
v -21.08404972 13.22820410 31.43589571
v -21.16398141 13.42727896 31.45274520
v -21.27419040 13.60629499 31.46856278
v -21.41754515 13.76883686 31.48594499
v -21.59062400 13.90671916 31.50446340
v -21.78638987 14.01240751 31.52328357
v -21.99554071 14.08121083 31.54152632
v -22.20793068 14.11195565 31.55839443
v -22.41805010 14.10643104 31.57420456
v -22.63050713 14.06399161 31.59157187
v -22.83659019 13.98347318 31.61008283
v -23.02624471 13.86716310 31.62890300
v -23.19073677 13.72073777 31.64715692
v -23.32394198 13.55237421 31.66404366
v -23.42456393 13.36786430 31.67984635
v -23.49442430 13.16285692 31.69719875
v -23.52817543 12.94422802 31.71569854
v -23.52273092 12.72180863 31.73452243
v -23.47859740 12.50600722 31.75278753
v -23.39975722 12.30623573 31.76969290
v -23.29064161 12.12664787 31.78549185
v -23.14840257 11.96341310 31.80282190
v -22.97624759 11.82454079 31.82131425
v -22.78111875 11.71764359 31.84014186
v -22.57226221 11.64752711 31.85841441
v -22.35981822 11.61548682 31.87534213
v -22.14974724 11.61977835 31.89113364
v -21.93725295 11.66090649 31.90844879
v -21.73077688 11.74012758 31.92693368
v -21.54039778 11.85527910 31.94575757
v -21.37491666 12.00078987 31.96404502
v -21.24056593 12.16854900 31.98098764
v -21.13889717 12.35240512 31.99677914
v -21.06788382 12.55678665 32.01407194
v -21.03281580 12.77510263 32.03254938
v -21.03689499 12.99756579 32.05137700
v -21.07974142 13.21376115 32.06967562
v -21.15748078 13.41422088 32.08664060
v -21.26551047 13.59439082 32.10242093
v -21.40662819 13.75830825 32.11970255
v -21.57784998 13.89816124 32.13816881
v -21.77233063 14.00626078 32.15699270
v -21.98088355 14.07769043 32.17530623
v -22.19336852 14.11102712 32.19228610
v -22.40340225 14.10796773 32.20806643
v -22.61592634 14.06814996 32.22532570
v -22.82277867 13.99022900 32.24378452
v -23.01387303 13.87624256 32.26261213
v -23.18033390 13.73165566 32.28093311
v -23.31582829 13.56451213 32.29793534
v -23.41854759 13.38129956 32.31370822
v -23.49070832 13.17755226 32.33095258
v -23.52708951 12.95956224 32.34940022
v -23.52437563 12.73706835 32.36823156
v -23.48282188 12.52048835 32.38655999
v -23.40618894 12.31934968 32.40358457
v -23.29924144 12.13858742 32.41935372
v -23.15924503 11.97399851 32.43657947
v -22.98896760 11.83317415 32.45501593
v -22.79514633 11.72387786 32.47385100
v -22.58691192 11.65113784 32.49218687
v -22.37439528 11.61650196 32.50923008
v -22.16438577 11.61833014 32.52500296
v -21.95184492 11.65683940 32.54220635
v -21.74462564 11.73345838 32.56063536
v -21.55282907 11.84627321 32.57946670
v -21.38539404 11.98992692 32.59781748
v -21.24875970 12.15644274 32.61487558
v -21.14498429 12.33902201 32.63064474
v -21.07168734 12.54212670 32.64783323
v -21.03399672 12.75977772 32.66625106
v -21.03534155 12.98229117 32.68508613
v -21.07560076 13.19924276 32.70344436
v -21.15111798 13.40105291 32.72052482
v -21.25699073 13.58241681 32.73629025
v -21.39585838 13.74766510 32.75346011
v -21.56518772 13.88945244 32.77187049
v -21.75833844 13.99993896 32.79070184
v -21.96624130 14.07398656 32.80907497
v -22.17877656 14.10992537 32.82617033
v -22.38877676 14.10932839 32.84193948
v -22.60131948 14.07212485 32.85909072
v -22.80889265 13.99681065 32.87748620
v -23.00138213 13.88517488 32.89632127
v -23.16978201 13.74246459 32.91469812
v -23.30755256 13.57658673 32.93181583
v -23.41238968 13.39462865 32.94758126
v -23.48681726 13.19217775 32.96471387
v -23.52581359 12.97487598 32.98310563
v -23.52583595 12.75235694 33.00193697
v -23.48687872 12.53504399 33.02032873
v -23.41248468 12.33257260 33.03746507
v -23.30767922 12.15059683 33.05322677
v -23.16994220 11.98469847 33.07034448
v -23.00157212 11.84196025 33.08872133
v -22.80910313 11.73028816 33.10755640
v -22.60154299 11.65493391 33.12595934
v -22.38899842 11.61769032 33.14310685
v -22.17899822 11.61705609 33.15887600
v -21.96646295 11.65295579 33.17597136
v -21.75854892 11.72696427 33.19434077
v -21.56537957 11.83741540 33.21317211
v -21.39602043 11.97917201 33.23158249
v -21.25711925 12.14440167 33.24875608
v -21.15121298 12.32574694 33.26452151
v -21.07566223 12.52753567 33.28159824
v -21.03536390 12.74447702 33.29995647
v -21.03397623 12.96698954 33.31879154
v -21.07162774 13.18465173 33.33721310
v -21.14489116 13.38777505 33.35440159
v -21.24863490 13.57037388 33.37016702
v -21.38523385 13.73690926 33.38722512
v -21.55263908 13.88059184 33.40557590
v -21.74441516 13.99344113 33.42440724
v -21.95162326 14.07010015 33.44283625
v -22.16416225 14.10864946 33.46004337
v -22.37417363 14.11051489 33.47581625
v -22.58669026 14.07591719 33.49285573
v -22.79493399 14.00321815 33.51119161
v -22.98877388 13.89395818 33.53002667
v -23.15908112 13.75316270 33.54846686
v -23.29911105 13.58859427 33.56568888
v -23.40609208 13.40785064 33.58146176
v -23.48275855 13.20673153 33.59848261
v -23.52435328 12.99016364 33.61681476
v -23.52710441 12.76766974 33.63564238
v -23.49076420 12.54967041 33.65409002
v -23.41864072 12.34590355 33.67133811
v -23.31595309 12.16267142 33.68711099
v -23.18049222 11.99550927 33.70411322
v -23.01406115 11.85089443 33.72243047
v -22.82298915 11.73687261 33.74125808
v -22.61614799 11.65891159 33.75971690
v -22.40362577 11.61905378 33.77697989
v -22.19358832 11.61595713 33.79276022
v -21.98110335 11.64925471 33.80974382
v -21.77254297 11.72064431 33.82804990
v -21.57804370 11.82870753 33.84687379
v -21.40679397 11.96853071 33.86534378
v -21.26564085 12.13242766 33.88262540
v -21.15757950 12.31257990 33.89840573
v -21.07980475 12.51301914 33.91537070
v -21.03691921 12.72920240 33.93366560
v -21.03279904 12.95166463 33.95249322
v -21.06782794 13.16998992 33.97097066
v -21.13880590 13.37439101 33.98826718
v -21.24044299 13.55826668 34.00405496
v -21.37475833 13.72604445 34.02100131
v -21.54020965 13.87158316 34.03928503
v -21.73056826 13.98677006 34.05810893
v -21.93702944 14.06603027 34.07659382
v -22.14952558 14.10719845 34.09390897
v -22.35959657 14.11152724 34.10970420
v -22.57203870 14.07952700 34.12662819
v -22.78090455 14.00944963 34.14490074
v -22.97605388 13.90258968 34.16372836
v -23.14823680 13.76374718 34.18222070
v -23.29050936 13.60053290 34.19955447
v -23.39965850 13.42096273 34.21535343
v -23.47853221 13.22121173 34.23225880
v -23.52270484 13.00542336 34.25052017
v -23.52819033 12.78300490 34.26934406
v -23.49448018 12.56436668 34.28784385
v -23.42465334 12.35933974 34.30519998
v -23.32406305 12.17481028 34.32100266
v -23.19089323 12.00642809 34.33788568
v -23.02643284 11.85997576 34.35613960
v -22.83679880 11.74363028 34.37496349
v -22.63072878 11.66307274 34.39347073
v -22.41827175 11.62059326 34.41084176
v -22.20815234 11.61503140 34.42665190
v -21.99576423 11.64573710 34.44352001
v -21.78660408 11.71450131 34.46175903
v -21.59081772 11.82015240 34.48057547
v -21.41771093 11.95800491 34.49909762
v -21.27432451 12.12052535 34.51648355
v -21.16408013 12.29952369 34.53230113
v -21.08411677 12.49857713 34.54914689
v -21.03866078 12.71395944 34.56737474
v -21.03180997 12.93632016 34.58619490
v -21.06419764 13.15526105 34.60472077
v -21.13286406 13.36090267 34.62212905
v -21.23241313 13.54609802 34.63795036
v -21.36443369 13.71507253 34.65477750
v -21.52789943 13.86242919 34.67299417
v -21.71679772 13.97992577 34.69181061
v -21.92246355 14.06177785 34.71034765
v -22.13487029 14.10557050 34.72776711
v -22.34504931 14.11236729 34.74360332
v -22.55737223 14.08295333 34.76041183
v -22.76681177 14.01550416 34.77861360
v -22.96322398 13.91106751 34.79742631
v -23.13724719 13.77421431 34.81597081
v -23.28174561 13.61239888 34.83341262
v -23.39308895 13.43396213 34.84925628
v -23.47413823 13.23561370 34.86603871
v -23.52087013 13.02065048 34.88423303
v -23.52908626 12.79835869 34.90304574
v -23.49802107 12.57912721 34.92159769
v -23.43052439 12.37288024 34.93905440
v -23.33201095 12.18700875 34.95490178
v -23.20114523 12.01745216 34.97167304
v -23.03868160 11.86920144 34.98984873
v -22.85053022 11.75056025 35.00865772
v -22.64527790 11.66741643 35.02722085
v -22.43293636 11.62230968 35.04469246
v -22.22268470 11.61427703 35.06055474
v -22.01043814 11.64240204 35.07729992
v -21.80073038 11.70853432 35.09547189
v -21.60370536 11.81175187 35.11427715
v -21.42877132 11.94759645 35.13284773
v -21.28316835 12.10869662 35.15033424
v -21.17071673 12.28658017 35.16620770
v -21.08859271 12.48421520 35.18293425
v -21.04058675 12.69874908 35.20108759
v -21.03100903 12.92095892 35.21989286
v -22.28023484 13.94219603 28.28956209
v -22.28023484 14.11404833 28.38878147
v -22.46244624 13.92669603 28.30580436
v -22.64480293 13.87872174 28.32365222
v -22.81862497 13.79823126 28.34237181
v -22.97548205 13.68825324 28.36109325
v -23.10851216 13.55454419 28.37895602
v -23.21337909 13.40463571 28.39522064
v -23.29134941 13.23930919 28.41144241
v -23.29217829 13.23707588 28.41165848
v -23.34133536 13.05754576 28.42927352
v -23.35892618 12.86681928 28.44798751
v -23.34249951 12.67593727 28.46671455
v -23.29357341 12.49372773 28.48459221
v -23.21647294 12.32773345 28.50087732
v -23.11261743 12.17740681 28.51707675
v -23.10979925 12.17400003 28.51748466
v -22.98050374 12.04300672 28.53489481
v -22.82436751 11.93210017 28.55360322
v -22.65099809 11.85052376 28.57233584
v -22.46878669 11.80141047 28.59022655
v -22.28643373 11.78482175 28.60653587
v -22.28053287 11.78480405 28.60703692
v -22.10436575 11.79923676 28.62271294
v -21.92187123 11.84607204 28.64051796
v -21.74760960 11.92547288 28.65921892
v -21.59003913 12.03451492 28.67795713
v -21.45609818 12.16752362 28.69586274
v -21.35021798 12.31700834 28.71219255
v -21.27137780 12.48167269 28.72834913
v -21.22033946 12.66298257 28.74613926
v -21.20158449 12.85354234 28.76483463
v -21.21684514 13.04456964 28.78357656
v -21.26470767 13.22721411 28.80149893
v -21.34093270 13.39387149 28.81784737
v -21.44378051 13.54462374 28.83398905
v -21.57497406 13.67970556 28.85176055
v -21.73038200 13.79153319 28.87045033
v -21.90329134 13.87419179 28.88919786
v -22.08534442 13.92444409 28.90713327
v -22.26782963 13.94212525 28.92350592
v -22.44976535 13.92879151 28.93962525
v -22.80708030 13.80478684 28.97606790
v -22.64486626 13.87869939 28.95865962
v -22.63238654 13.88309523 28.95738371
v -22.81898819 13.79802264 28.97741087
v -23.10019918 13.56438827 29.01276574
v -22.97606505 13.68776057 28.99616770
v -22.96535298 13.69668636 28.99481915
v -23.10920693 13.55371065 29.01405469
v -23.28680269 13.25132512 29.04526144
v -23.21406826 13.40344734 29.03033607
v -23.20709080 13.41533754 29.02916074
v -23.29196408 13.23765423 29.04660441
v -23.35880324 12.88009621 29.08168361
v -23.34172092 13.05542327 29.06448208
v -23.33888784 13.07047717 29.06300500
v -23.35893176 12.86429446 29.08323519
v -23.29791896 12.50586193 29.11840007
v -23.34200032 12.67312746 29.10199016
v -23.34471233 12.68893294 29.10043858
v -23.29249680 12.49079034 29.11988087
v -23.12072739 12.18736544 29.15089950
v -23.21480960 12.32483704 29.13616225
v -23.22257869 12.33854890 29.13481742
v -23.11019227 12.17447314 29.15242687
v -22.83578925 11.93886809 29.18729931
v -22.97727019 12.04025652 29.17030454
v -22.99046144 12.05161028 29.16862629
v -22.82036282 11.92977186 29.18905765
v -22.48146757 11.80373970 29.22403440
v -22.64634892 11.84883434 29.20781262
v -22.66335115 11.85513102 29.20605987
v -22.46369235 11.80051826 29.22570333
v -22.11704478 11.79721951 29.25653756
v -22.28112519 11.78480405 29.24198657
v -22.29885943 11.78496424 29.24047224
v -22.09860086 11.80020627 29.25825119
v -21.75919339 11.91898901 29.29291688
v -21.91590145 11.84819359 29.27612886
v -21.93430625 11.84177678 29.27424945
v -21.74175903 11.92881912 29.29488011
v -21.46447822 12.15771958 29.32967059
v -21.58464678 12.03903556 29.31363694
v -21.60022594 12.02613954 29.31167930
v -21.45146020 12.17305288 29.33152765
v -21.27599157 12.46969681 29.36217561
v -21.34655230 12.32329570 29.34781276
v -21.35657892 12.30632607 29.34612893
v -21.26861364 12.48905715 29.36407551
v -21.20178938 12.84026727 29.39853258
v -21.21880651 12.67126575 29.38195318
v -21.22286335 12.65007351 29.37987261
v -21.20153978 12.86238804 29.40070257
v -21.26042917 13.21504265 29.43530306
v -21.21841535 13.05356249 29.41945940
v -21.21471055 13.03155348 29.41730060
v -21.26786858 13.23592011 29.43735197
v -21.43573947 13.53462785 29.46781367
v -21.34551480 13.40190601 29.45363708
v -21.33487910 13.38300575 29.45178188
v -21.45008370 13.55228946 29.46989797
v -21.71900123 13.78469635 29.50414829
v -21.58296295 13.68653961 29.48777564
v -21.56507596 13.67104612 29.48549390
v -21.73983306 13.79706897 29.50652689
v -22.07266353 13.92203663 29.54093739
v -21.91382460 13.87805864 29.52528372
v -21.89096063 13.86950724 29.52292003
v -22.09647559 13.92642874 29.54317443
v -22.43709005 13.93073145 29.57345173
v -22.27905020 13.94219510 29.55946140
v -22.25538716 13.94191012 29.55743857
v -22.46156707 13.92684598 29.57572415
v -22.79545553 13.81119993 29.60976586
v -22.64427207 13.87891266 29.59359810
v -22.61993289 13.88731226 29.59111705
v -22.81843685 13.79833929 29.61234935
v -23.09175208 13.57415132 29.64656986
v -22.97558449 13.68816756 29.63110618
v -22.95511030 13.70500401 29.62853946
v -23.10881391 13.55418377 29.64900061
v -23.28212187 13.26326001 29.67908978
v -23.21377024 13.40396050 29.66528758
v -23.20065908 13.42599932 29.66309153
v -23.29174988 13.23823165 29.68154661
v -23.35851826 12.89336849 29.71538156
v -23.34160917 13.05604447 29.69942056
v -23.33628759 13.08336388 29.69674021
v -23.35892990 12.86492962 29.71817181
v -23.30212854 12.51807157 29.75220233
v -23.34211022 12.67374773 29.73692864
v -23.34676869 12.70196773 29.73416075
v -23.29270914 12.49136869 29.75482307
v -23.12869951 12.19739765 29.78473157
v -23.21510576 12.32535113 29.77111004
v -23.22857827 12.34946586 29.76874635
v -23.11058529 12.17494719 29.78737094
v -22.84712717 11.94577478 29.82099913
v -22.97775075 12.04066444 29.80524488
v -23.00029993 12.06032373 29.80236523
v -22.82091230 11.93009038 29.82399613
v -22.49414474 11.80622634 29.85783666
v -22.64694497 11.84904855 29.84275296
v -22.67565951 11.85989380 29.83978018
v -22.46429771 11.80062350 29.86064740
v -22.12971821 11.79535687 29.89036962
v -22.28171751 11.78480498 29.87693623
v -22.31131867 11.78525202 29.87439930
v -22.09920809 11.80010289 29.89319339
v -21.77085727 11.91264857 29.92661484
v -21.91649564 11.84798125 29.91106734
v -21.94677852 11.83763891 29.90798838
v -21.74231037 11.92850154 29.92981859
v -21.47299238 12.14799751 29.96346913
v -21.58512920 12.03862950 29.94857542
v -21.61052264 12.01788150 29.94539961
v -21.45185508 12.17257977 29.96646985
v -21.28073759 12.45780382 29.99600768
v -21.34684846 12.32278254 29.98276055
v -21.36307955 12.29568664 29.98005226
v -21.26882784 12.48847973 29.99901772
v -21.20215632 12.82699779 30.03223054
v -21.21891826 12.67064549 30.01689166
v -21.22554183 12.63721101 30.01361154
v -21.20154165 12.86175195 30.03564104
v -21.25629038 13.20279576 30.06910160
v -21.21830545 13.05294130 30.05439974
v -21.21273428 13.01850006 30.05101904
v -21.26765437 13.23534176 30.07229418
v -21.42783627 13.52456026 30.10164760
v -21.34521864 13.40139192 30.08858673
v -21.32893354 13.37203849 30.08570708
v -21.44968882 13.55181541 30.10484390
v -21.70770802 13.77771981 30.13784811
v -21.58248052 13.68613169 30.12271412
v -21.55529521 13.66227958 30.11923470
v -21.73928544 13.79675046 30.14146350
v -22.05999009 13.91947176 30.17473407
v -21.91323228 13.87784444 30.16022220
v -21.87867463 13.86466622 30.15663847
v -22.09586836 13.92632350 30.17811850
v -22.42441848 13.93251680 30.20728938
v -22.27845602 13.94219510 30.19441105
v -22.24291116 13.94155063 30.19135818
v -22.46095985 13.92694935 30.21066636
v -22.78375439 13.81746773 30.24346381
v -22.64367975 13.87912501 30.22853658
v -22.60744385 13.89137190 30.22485785
v -22.81788550 13.79865687 30.24728782
v -23.08316901 13.58383242 30.28036654
v -22.97510207 13.68857361 30.26604466
v -22.94475771 13.71320337 30.26225790
v -23.10841903 13.55465688 30.28394282
v -23.27731252 13.27511016 30.31292930
v -23.21347408 13.40447366 30.30023538
v -23.19408581 13.43661640 30.29701300
v -23.29153568 13.23880907 30.31649068
v -23.35806936 12.90663425 30.34908138
v -23.34149554 13.05666473 30.33436090
v -23.33353274 13.09620123 30.33048101
v -23.35892990 12.86556572 30.35311028
v -23.30619842 12.53035571 30.38599715
v -23.34222198 12.67436892 30.37186898
v -23.34866673 12.71503977 30.36787733
v -23.29292148 12.49194704 30.38976714
v -23.13653566 12.20749971 30.41856922
v -23.21540006 12.32586522 30.40606156
v -23.23446795 12.36048341 30.40266410
v -23.11097831 12.17542030 30.42231314
v -22.85837568 11.95282023 30.45469709
v -22.97823131 12.04107143 30.44018336
v -23.01002108 12.06914615 30.43610603
v -22.82146364 11.93040889 30.45893274
v -22.50681631 11.80886943 30.49163148
v -22.64753543 11.84926275 30.47769144
v -22.68792130 11.86481211 30.47349676
v -22.46490493 11.80072874 30.49558960
v -22.14238234 11.79364882 30.52420914
v -22.28231169 11.78480592 30.51188588
v -22.32381143 11.78568415 30.50831519
v -22.09981531 11.79999951 30.52813746
v -21.78259566 11.90645248 30.56031466
v -21.91708796 11.84776891 30.54600768
v -21.95928432 11.83365751 30.54172918
v -21.74286172 11.92818489 30.56475706
v -21.48163877 12.13835925 30.59726208
v -21.58561163 12.03822345 30.58351576
v -21.62093110 12.00974174 30.57911620
v -21.45224996 12.17210665 30.60141392
v -21.28561214 12.44599558 30.62985092
v -21.34714648 12.32226938 30.61771020
v -21.36972547 12.28509285 30.61396815
v -21.26904204 12.48790231 30.63396178
v -21.20268717 12.81373575 30.66593036
v -21.21903189 12.67002523 30.65183014
v -21.22837305 12.62439881 30.64735420
v -21.20154165 12.86111679 30.67057766
v -21.25228941 13.19047622 30.70289269
v -21.21819369 13.05232011 30.68933822
v -21.21091448 13.00541218 30.68473563
v -21.26744390 13.23476341 30.70723638
v -21.42006904 13.51442281 30.73549084
v -21.34492248 13.40087783 30.72353639
v -21.32309973 13.36097065 30.71961924
v -21.44929580 13.55134137 30.73978610
v -21.69650421 13.77060637 30.77154793
v -21.58199996 13.68572377 30.75765446
v -21.54563554 13.65340315 30.75297736
v -21.73873410 13.79643101 30.77640198
v -22.04732224 13.91675137 30.80852516
v -21.91263996 13.87762930 30.79516068
v -21.86643891 13.85967154 30.79035319
v -22.09526114 13.92621826 30.81306070
v -22.41175994 13.93414754 30.84113263
v -22.27786370 13.94219324 30.82936071
v -22.23040350 13.94104492 30.82527220
v -22.46035263 13.92705180 30.84561042
v -22.77198061 13.82359024 30.87716363
v -22.64308557 13.87933735 30.86347505
v -22.59492315 13.89527414 30.85860237
v -22.81733230 13.79897352 30.88222444
v -23.07445928 13.59342784 30.91415577
v -22.97461964 13.68897967 30.90098314
v -22.93429524 13.72128259 30.89597262
v -23.10802415 13.55512999 30.91888689
v -23.27237464 13.28687649 30.94677441
v -23.21317606 13.40498682 30.93518689
v -23.18737097 13.44718691 30.93092330
v -23.29132147 13.23938556 30.95143288
v -23.35745655 12.91989069 30.98278120
v -23.34138192 13.05728499 30.96929938
v -23.33062701 13.10898736 30.96422739
v -23.35892804 12.86620088 30.98804690
v -23.31012860 12.54271064 31.01978637
v -23.34233001 12.67499011 31.00680746
v -23.35040644 12.72814441 31.00159205
v -23.29313383 12.49252539 31.02470934
v -23.14423211 12.21767068 31.05241619
v -23.21569622 12.32638024 31.04100935
v -23.24024588 12.37160061 31.03657253
v -23.11137132 12.17589527 31.05725721
v -22.86953479 11.96000073 31.08839691
v -22.97871187 12.04148028 31.07512370
v -23.01962115 12.07807381 31.06985241
v -22.82201312 11.93072833 31.09386936
v -22.51948044 11.81166898 31.12541512
v -22.64812775 11.84947789 31.11262992
v -22.70013094 11.86988410 31.10721149
v -22.46551216 11.80083491 31.13053367
v -22.15503715 11.79209352 31.15805797
v -22.28290401 11.78480685 31.14683554
v -22.33633213 11.78626344 31.14222549
v -22.10042067 11.79989614 31.16308153
v -21.79440483 11.90040354 31.19401447
v -21.91768214 11.84755657 31.18094616
v -21.97181992 11.82983443 31.17547557
v -21.74341120 11.92786824 31.19969368
v -21.49041742 12.12880760 31.23104759
v -21.58609405 12.03781739 31.21845424
v -21.63144574 12.00172398 31.21282905
v -21.45264484 12.17163354 31.23635612
v -21.29061334 12.43427396 31.26370162
v -21.34744450 12.32175622 31.25265986
v -21.37651108 12.27454655 31.24787472
v -21.26925625 12.48732582 31.26890585
v -21.20338194 12.80048583 31.29962832
v -21.21914551 12.66940497 31.28676862
v -21.23135515 12.61163969 31.28110245
v -21.20154351 12.86048163 31.30551800
v -21.24843001 13.17808591 31.33667633
v -21.21808380 13.05169985 31.32427856
v -21.20925486 12.99229171 31.31844848
v -21.26723155 13.23418505 31.34217858
v -21.41244337 13.50421924 31.36934340
v -21.34462632 13.40036280 31.35848790
v -21.31737769 13.34980410 31.35352582
v -21.44890465 13.55086733 31.37473017
v -21.68539166 13.76335882 31.40524775
v -21.58151940 13.68531585 31.39259294
v -21.53609693 13.64442427 31.38672560
v -21.73818275 13.79611157 31.41133860
v -22.03466371 13.91387172 31.44230694
v -21.91204578 13.87741417 31.43009916
v -21.85425535 13.85452412 31.42406791
v -22.09465578 13.92611209 31.44800663
v -22.39911072 13.93562648 31.47498518
v -22.27726951 13.94219231 31.46430850
v -22.21786790 13.94039206 31.45917505
v -22.45974541 13.92715517 31.48055449
v -22.76013419 13.82956561 31.51086345
v -22.64249139 13.87954876 31.49841353
v -22.58237265 13.89901899 31.49235249
v -22.81678282 13.79928924 31.51716292
v -23.06561545 13.60293571 31.54793754
v -22.97413535 13.68938573 31.53592348
v -22.92372845 13.72923888 31.52968735
v -23.10762927 13.55560217 31.55383095
v -23.26731011 13.29855435 31.58063069
v -23.21287803 13.40549998 31.57013655
v -23.18051457 13.45770806 31.56482428
v -23.29110727 13.23996298 31.58637509
v -23.35668169 12.93313410 31.61647916
v -23.34126830 13.05790432 31.60423785
v -23.32756855 13.12171947 31.59797937
v -23.35892618 12.86683697 31.62298724
v -23.31391722 12.55513448 31.65356815
v -23.34244177 12.67561130 31.64174780
v -23.35198596 12.74127979 31.63530305
v -23.29334617 12.49310374 31.65965155
v -23.15179072 12.22790685 31.68627247
v -23.21599238 12.32689433 31.67596087
v -23.24591018 12.38281559 31.67047352
v -23.11176248 12.17637025 31.69220313
v -22.88060077 11.96731534 31.72209859
v -22.97919244 12.04188820 31.71006218
v -23.02909829 12.08710391 31.70360252
v -22.82256261 11.93104777 31.72880784
v -22.53213152 11.81462687 31.75919876
v -22.64872007 11.84969302 31.74756840
v -22.71228656 11.87510882 31.74092248
v -22.46611938 11.80094015 31.76547587
v -22.16767892 11.79069187 31.79191425
v -22.28349820 11.78480871 31.78178519
v -22.34888077 11.78698987 31.77612275
v -22.10102789 11.79979369 31.79802373
v -21.80628479 11.89450268 31.82771429
v -21.91827632 11.84734516 31.81588650
v -21.98438346 11.82616781 31.80922940
v -21.74396254 11.92755252 31.83463216
v -21.49932645 12.11934444 31.86482564
v -21.58657648 12.03741133 31.85339272
v -21.64206654 11.99383009 31.84654191
v -21.45303972 12.17116136 31.87130019
v -21.29574120 12.42263988 31.89755976
v -21.34774253 12.32124306 31.88760951
v -21.38343826 12.26405054 31.88177198
v -21.26947232 12.48674840 31.90384805
v -21.20423689 12.78724987 31.93333000
v -21.21925913 12.66878564 31.92171082
v -21.23448625 12.59893551 31.91485628
v -21.20154537 12.85984553 31.94045275
v -21.24471404 13.16562854 31.97045624
v -21.21797390 13.05107865 31.95921704
v -21.20775543 12.97914237 31.95215762
v -21.26701921 13.23360670 31.97712451
v -21.40495367 13.49395141 32.00320527
v -21.34433202 13.39984871 31.99343383
v -21.31177112 13.33854068 31.98741749
v -21.44851163 13.55039235 32.00967237
v -21.67437226 13.75597809 32.03894943
v -21.58103883 13.68490700 32.02753142
v -21.52668126 13.63534294 32.02047944
v -21.73763514 13.79579213 32.04627708
v -22.02202007 13.91083468 32.07608312
v -21.91145346 13.87719903 32.06504136
v -21.84212767 13.84922117 32.05777705
v -22.09404856 13.92600592 32.08294511
v -22.38647640 13.93695176 32.10884705
v -22.27667533 13.94219045 32.09925815
v -22.20530622 13.93959019 32.09306672
v -22.45913818 13.92725669 32.11549670
v -22.74822257 13.83539196 32.14456514
v -22.64189720 13.87976017 32.13335574
v -22.56979607 13.90260551 32.12610632
v -22.81623147 13.79960496 32.15210140
v -23.05664122 13.61235231 32.18171373
v -22.97365293 13.68979178 32.17086568
v -22.91305549 13.73707037 32.16339648
v -23.10723253 13.55607528 32.18877316
v -23.26211892 13.31014279 32.21449256
v -23.21258001 13.40601314 32.20508620
v -23.17351662 13.46817799 32.19871596
v -23.29089120 13.24053947 32.22132102
v -23.35574478 12.94636168 32.25018457
v -23.34115468 13.05852458 32.23917633
v -23.32436293 13.13439477 32.23173693
v -23.35892431 12.86747213 32.25792199
v -23.31756055 12.56762538 32.28734061
v -23.34255166 12.67623156 32.27668628
v -23.35340530 12.75444217 32.26901218
v -23.29355665 12.49368303 32.29459748
v -23.15920778 12.23820634 32.32013807
v -23.21628854 12.32740935 32.31091052
v -23.25145900 12.39412744 32.30436146
v -23.11215550 12.17684429 32.32714534
v -22.89157175 11.97476313 32.35580027
v -22.97967114 12.04229705 32.34500065
v -23.03845063 12.09623553 32.33736008
v -22.82311209 11.93136722 32.36374632
v -22.54476771 11.81774307 32.39297122
v -22.64931425 11.84990909 32.38250688
v -22.72438630 11.88048627 32.37463161
v -22.46672660 11.80104725 32.40042180
v -22.18030393 11.78944297 32.42577985
v -22.28409238 11.78481057 32.41673112
v -22.36145549 11.78786624 32.41001070
v -22.10163511 11.79969218 32.43296966
v -21.81822993 11.88875083 32.46141970
v -21.91887051 11.84713375 32.45082498
v -21.99697122 11.82266045 32.44299069
v -21.74451575 11.92723680 32.46957064
v -21.50836587 12.10997440 32.49860182
v -21.58705890 12.03700621 32.48833120
v -21.65278979 11.98606193 32.48024732
v -21.45343646 12.17068825 32.50624612
v -21.30099013 12.41109706 32.53142536
v -21.34804055 12.32072990 32.52255917
v -21.39050700 12.25360762 32.51565993
v -21.26968652 12.48617191 32.53879026
v -21.20525576 12.77403161 32.56703541
v -21.21937461 12.66816538 32.55664930
v -21.23776823 12.58629002 32.54861385
v -21.20154724 12.85921037 32.57539123
v -21.24114335 13.15310504 32.60422498
v -21.21786401 13.05045746 32.59415552
v -21.20641991 12.96596695 32.58586675
v -21.26680873 13.23302742 32.61206672
v -21.39760740 13.48362211 32.63707086
v -21.34403773 13.39933369 32.62838349
v -21.30628191 13.32718227 32.62130171
v -21.44812047 13.54991831 32.64461458
v -21.66344970 13.74846417 32.67265484
v -21.58056013 13.68449908 32.66247362
v -21.51739039 13.62616196 32.65424445
v -21.73708566 13.79547268 32.68121183
v -22.00939134 13.90764024 32.70985559
v -21.91086113 13.87698296 32.69997612
v -21.83005773 13.84376828 32.69148245
v -22.09344134 13.92589975 32.71789104
v -22.37386070 13.93812522 32.74271637
v -22.27608301 13.94218858 32.73421153
v -22.19272032 13.93864024 32.72695094
v -22.45853283 13.92735913 32.75043890
v -22.73624390 13.84106930 32.77827054
v -22.64130488 13.87997158 32.76829422
v -22.55719714 13.90603464 32.75986761
v -22.81568013 13.79992068 32.78703615
v -23.04753847 13.62167578 32.81548247
v -22.97317050 13.69019691 32.80580044
v -22.90228009 13.74477521 32.79710189
v -23.10683765 13.55654746 32.82371536
v -23.25680666 13.32164090 32.84836188
v -23.21228012 13.40652630 32.84003586
v -23.16637710 13.47859297 32.83260018
v -23.29067700 13.24111596 32.85626322
v -23.35464582 12.95957062 32.88388997
v -23.34104106 13.05914484 32.87411854
v -23.32100831 13.14701047 32.86549821
v -23.35892245 12.86810730 32.89286047
v -23.32106046 12.58018054 32.92110935
v -23.34266156 12.67685276 32.91162476
v -23.35466258 12.76762970 32.90271759
v -23.29376899 12.49426231 32.92953968
v -23.16648513 12.24856451 32.95401111
v -23.21658097 12.32792437 32.94585645
v -23.25688861 12.40553334 32.93824568
v -23.11254665 12.17731927 32.96208754
v -22.90244587 11.98234223 32.98950568
v -22.98015170 12.04270590 32.97994286
v -23.04767817 12.10546494 32.97112137
v -22.82365970 11.93168759 32.99868479
v -22.55738713 11.82101667 33.02673623
v -22.64990658 11.85012516 33.01744908
v -22.73642644 11.88601553 33.00833330
v -22.46733382 11.80115342 33.03536400
v -22.19291031 11.78834401 33.05965289
v -22.28468470 11.78481337 33.05168450
v -22.37405255 11.78889163 33.04389119
v -22.10224234 11.79959066 33.06791186
v -21.83024026 11.88314799 33.09512511
v -21.91946469 11.84692234 33.08576345
v -22.00958133 11.81931049 33.07675198
v -21.74506709 11.92692108 33.10450912
v -21.51753008 12.10069750 33.13236684
v -21.58754319 12.03660108 33.12327340
v -21.66361548 11.97842136 33.11395273
v -21.45383134 12.17021607 33.14118460
v -21.30636387 12.39964552 33.16530213
v -21.34834044 12.32021768 33.15750882
v -21.39771730 12.24322058 33.14953670
v -21.26990259 12.48559542 33.17373618
v -21.20643668 12.76083291 33.20074081
v -21.21948637 12.66754512 33.19158405
v -21.24119550 12.57370412 33.18237886
v -21.20155096 12.85857428 33.21032971
v -21.23771608 13.14051822 33.23798999
v -21.21775597 13.04983627 33.22909400
v -21.20523900 12.95276824 33.21956843
v -21.26659639 13.23244814 33.24700892
v -21.39039710 13.47323414 33.27095136
v -21.34374157 13.39881774 33.26333314
v -21.30091377 13.31572887 33.25518221
v -21.44772932 13.54944333 33.27956051
v -21.65262774 13.74082174 33.30635652
v -21.58007957 13.68408930 33.29740837
v -21.50822617 13.61688413 33.28800946
v -21.73653618 13.79515231 33.31615031
v -21.99678123 13.90428748 33.34361687
v -21.91026881 13.87676690 33.33491832
v -21.81804925 13.83816358 33.32518786
v -22.09283412 13.92579265 33.35283324
v -22.36126550 13.93914875 33.37659687
v -22.27548882 13.94218579 33.36916119
v -22.18011208 13.93753942 33.36082771
v -22.45792560 13.92746065 33.38538483
v -22.72420377 13.84659670 33.41197595
v -22.64071070 13.88018299 33.40323269
v -22.54457586 13.90930545 33.39363635
v -22.81512879 13.80023640 33.42197463
v -23.03830907 13.63090426 33.44924375
v -22.97268622 13.69060203 33.44074264
v -22.89140597 13.75235058 33.43080357
v -23.10644090 13.55701964 33.45866129
v -23.25137518 13.33304495 33.48224238
v -23.21198210 13.40703852 33.47498178
v -23.15909602 13.48895114 33.46647322
v -23.29046093 13.24169245 33.49120542
v -23.35338481 12.97275722 33.51759166
v -23.34092744 13.05976417 33.50905702
v -23.31750654 13.15956470 33.49926323
v -23.35891873 12.86874339 33.52779895
v -23.35575968 12.78083865 33.53642300
v -23.34276959 12.67747488 33.54656324
v -23.32441323 12.59279717 33.55487064
v -23.29397947 12.49484159 33.56448188
v -23.26219901 12.41703238 33.57211500
v -23.21687713 12.32843939 33.58080611
v -23.17362279 12.25898042 33.58789161
v -23.11293781 12.17779424 33.59702975
v -23.05677906 12.11479027 33.60489383
v -22.98063040 12.04311475 33.61488134
v -22.91321754 11.99004799 33.62321109
v -22.82420918 11.93200797 33.63361955
v -22.74840325 11.89169474 33.64203870
v -22.65049890 11.85034122 33.65238756
v -22.56998792 11.82444766 33.66050124
v -22.46794105 11.80126052 33.67030621
v -22.38666825 11.79006789 33.67776051
v -22.28527889 11.78481523 33.68663415
v -22.20549621 11.78739592 33.69353712
v -22.10284956 11.79948915 33.70285407
v -22.02221192 11.81611791 33.71052071
v -21.92005701 11.84671186 33.72070193
v -21.84231021 11.87769696 33.72882679
v -21.74561843 11.92660630 33.73944387
v -21.67453989 11.97091024 33.74765813
v -21.58802748 12.03619596 33.75820816
v -21.52682282 12.09151838 33.76612440
v -21.45422809 12.16974389 33.77613053
v -21.40506729 12.23289222 33.78340602
v -21.34863846 12.31970452 33.79245847
v -21.31185681 12.38828804 33.79918635
v -21.27011865 12.48501893 33.80867839
v -21.24476992 12.56118156 33.81615132
v -21.21960185 12.66692579 33.82652625
v -21.20777778 12.74765842 33.83444622
v -21.20155282 12.85793912 33.84526819
v -21.20422386 12.93954905 33.85327384
v -21.21764608 13.04921508 33.86403248
v -21.23443782 13.12787179 33.87175128
v -21.26638591 13.23186886 33.88195485
v -21.29566297 13.30418419 33.88904780
v -21.34344727 13.39830272 33.89828652
v -21.38333209 13.46279122 33.90483931
v -21.44733816 13.54896836 33.91450271
v -21.49919048 13.60751223 33.92177820
v -21.57960087 13.68368044 33.93235058
v -21.64190449 13.73305079 33.94006193
v -21.73598669 13.79483193 33.95108879
v -21.80610411 13.83240893 33.95888954
v -21.90967649 13.87655083 33.96985680
v -21.98419347 13.90077733 33.97737443
v -22.09222689 13.92568555 33.98777917
v -22.16748707 13.93628772 33.99469331
v -22.27489464 13.94218300 34.00410712
v -22.34869078 13.94002140 34.01048481
v -22.45731838 13.92756123 34.02032703
v -22.53193967 13.91241886 34.02740881
v -22.64011651 13.88039254 34.03817490
v -22.71210216 13.85197137 34.04568508
v -22.81457558 13.80055118 34.05691311
v -22.88043313 13.75979651 34.06450525
v -22.97220193 13.69100623 34.07568112
v -23.02895486 13.64003401 34.08300504
v -23.10604416 13.55749182 34.09359977
v -23.15167710 13.49924877 34.10033882
v -23.21168222 13.40755168 34.10993144
v -23.24582450 13.34435493 34.11613405
v -23.29024486 13.24226893 34.12615135
v -23.31385948 13.17205466 34.13304314
v -23.34081195 13.06038443 34.14399549
v -23.35196175 12.98591960 34.15130079
v -23.35891500 12.86937855 34.16273370
v -23.35669473 12.79406715 34.17012468
v -23.34287949 12.67809607 34.18150172
v -23.32761697 12.60547340 34.18862820
v -23.29418994 12.49542087 34.19942409
v -23.26738648 12.42862269 34.20597687
v -23.21717143 12.32895534 34.21575949
v -23.18061888 12.26945128 34.22178328
v -23.11332896 12.17826921 34.23197567
v -23.06574956 12.12420780 34.23867002
v -22.98111096 12.04352453 34.24981982
v -22.92388864 11.99788135 34.25692022
v -22.82475866 11.93232834 34.26855803
v -22.76031487 11.89752389 34.27574039
v -22.65109122 11.85055822 34.28732604
v -22.58256264 11.82803698 34.29425508
v -22.46854827 11.80136856 34.30524841
v -22.39930257 11.79139502 34.31162238
v -22.28587307 11.78481895 34.32158381
v -22.21805789 11.78659778 34.32743624
v -22.10345678 11.79938763 34.33780000
v -22.03485556 11.81308366 34.34430063
v -21.92065120 11.84650231 34.35564041
v -21.85444161 11.87239774 34.36253592
v -21.74616978 11.92629151 34.37438235
v -21.68555930 11.96353044 34.38135982
v -21.58850990 12.03579083 34.39315036
v -21.53624035 12.08243892 34.39987823
v -21.45462483 12.16927264 34.41107273
v -21.41255699 12.22262532 34.41726789
v -21.34893835 12.31919229 34.42740813
v -21.31746523 12.37702556 34.43308175
v -21.27033472 12.48444337 34.44362432
v -21.24848776 12.54872512 34.44992751
v -21.21971734 12.66630646 34.46146473
v -21.20928094 12.73450907 34.46815908
v -21.20155655 12.85730302 34.48020667
v -21.20336890 12.92631309 34.48697552
v -21.21753804 13.04859389 34.49897468
v -21.23130858 13.11516669 34.50550511
v -21.26617543 13.23128957 34.51689705
v -21.29053697 13.29254918 34.52290595
v -21.34315297 13.39778677 34.53323245
v -21.37640677 13.45229428 34.53873470
v -21.44694701 13.54849245 34.54944491
v -21.49028331 13.59804813 34.55556184
v -21.57912217 13.68327066 34.56728905
v -21.63128555 13.72515503 34.57377478
v -21.73543908 13.79451156 34.58602726
v -21.79422602 13.82650528 34.59259123
v -21.90908417 13.87633383 34.60479900
v -21.97162993 13.89710885 34.61112827
v -22.09161967 13.92557751 34.62272137
v -22.15484530 13.93488329 34.62855145
v -22.27430232 13.94218020 34.63905677
v -22.33614214 13.94074690 34.64438394
v -22.45671116 13.92766275 34.65526924
v -22.51928858 13.91537394 34.66118872
v -22.63952233 13.88060302 34.67310965
v -22.69994654 13.85719422 34.67939422
v -22.81402424 13.80086597 34.69184786
v -22.86936715 13.76710925 34.69820693
v -22.97171764 13.69141135 34.71061587
v -23.01947586 13.64906318 34.71675515
v -23.10564741 13.55796400 34.72854570
v -23.14411663 13.50948401 34.73419324
v -23.21138233 13.40806484 34.74488109
v -23.24016020 13.35556898 34.75003317
v -23.29002880 13.24284449 34.76109356
v -23.31007086 13.18447758 34.76681933
v -23.34069647 13.06100376 34.77893397
v -23.35038036 12.99905498 34.78500992
v -23.35891128 12.87001465 34.79767218
v -23.35746773 12.80731056 34.80382636
v -23.34298752 12.67871726 34.81644019
v -23.33067171 12.61820644 34.82237831
v -23.29440042 12.49600016 34.83437002
v -23.27244915 12.44030148 34.83983129
v -23.21746387 12.32947130 34.85070914
v -23.18747342 12.27997337 34.85568613
v -23.11372012 12.17874512 34.86691788
v -23.07459153 12.13371661 34.87244993
v -22.98158966 12.04393245 34.88475829
v -22.93445542 12.00583950 34.89063308
v -22.82530628 11.93264965 34.90349650
v -22.77215943 11.90350205 34.90944207
v -22.65168354 11.85077522 34.92226452
v -22.59511314 11.83178369 34.92800519
v -22.46915549 11.80147566 34.94019434
v -22.41195180 11.79287583 34.94547680
v -22.28646725 11.78482175 34.95652974
v -22.23059349 11.78594679 34.96133909
v -22.10406587 11.79928705 34.97273847
v -22.04751410 11.81020681 34.97808054
v -21.92124538 11.84629183 34.99058262
v -21.86662331 11.86725125 34.99624878
v -21.74672298 11.92597672 35.00932083
v -21.69667371 11.95628382 35.01506150
v -21.58899419 12.03538664 35.02808884
v -21.54578082 12.07346097 35.03362834
v -21.45502158 12.16880046 35.04601493
v -21.42018639 12.21242268 35.05111858
v -21.34923823 12.31867913 35.06235778
v -21.32318728 12.36586086 35.06698459
v -21.27055079 12.48386689 35.07856652
v -21.25234902 12.53633667 35.08371487
v -21.21983282 12.66568620 35.09640321
v -21.21094055 12.72138953 35.10187194
v -21.20156027 12.85666786 35.11514142
v -21.20267786 12.91306317 35.12067348
v -21.21743001 13.04797176 35.13390943
v -21.22832835 13.10240664 35.13925150
v -21.26596682 13.23071029 35.15183926
v -21.28553763 13.28082569 35.15675664
v -21.34285867 13.39727081 35.16818210
v -21.36962302 13.44174705 35.17263755
v -21.44655585 13.54801748 35.18439084
v -21.48150653 13.58849555 35.18934548
v -21.57864347 13.68286088 35.20222753
v -21.62077278 13.71713541 35.20748764
v -21.73488960 13.79419025 35.22096574
v -21.78241685 13.82045448 35.22629291
v -21.90849185 13.87611590 35.23973376
v -21.95909433 13.89328297 35.24487838
v -22.09101245 13.92547041 35.25766358
v -22.14219049 13.93332705 35.26239842
v -22.27370813 13.94217648 35.27400643
v -22.32362144 13.94132338 35.27829051
v -22.45610394 13.92776333 35.29021516
v -22.50662446 13.91817257 35.29497609
v -22.63892815 13.88081256 35.30805185
v -22.68773504 13.86226434 35.31310707
v -22.81347103 13.80118076 35.32679006
v -22.85820618 13.77428789 35.33190861
v -22.97123335 13.69181555 35.34555808
v -23.00987393 13.65798898 35.35050154
v -23.10525067 13.55843525 35.36348790
v -23.13641831 13.51965405 35.36803648
v -23.21108244 13.40857707 35.37983447
v -23.23437855 13.36668432 35.38394719
v -23.28981273 13.24342098 35.39603949
v -23.30613695 13.19683157 35.40060669
v -21.82034403 11.70058548 35.37150845
v -22.03071676 11.63809747 35.35344824
v -22.24268019 11.61351614 35.33686697
v -22.45317586 11.62496768 35.32091156
v -22.66526781 11.67370193 35.30330211
v -22.86930196 11.76038105 35.28468311
v -23.05533551 11.88212913 35.26589647
v -23.21499214 12.03277707 35.24781764
v -23.34266342 12.20386475 35.23122519
v -23.43834564 12.39163987 35.21527722
v -23.50259759 12.59948872 35.19768640
v -23.53000641 12.81943917 35.17907485
v -23.51805568 13.04146275 35.16028076
v -23.46785180 13.25520966 35.14219448
v -23.38388562 13.45157251 35.12557596
v -23.26949686 13.62850517 35.10964289
v -23.12199771 13.78832851 35.09207070
v -22.94552512 13.92239612 35.07346287
v -22.74747193 14.02348373 35.05467251
v -22.53734320 14.08733241 35.03656760
v -22.32526802 14.11323715 35.01992673
v -22.11488038 14.10306804 35.00400856
v -21.90268785 14.05569445 34.98645499
v -21.69819176 13.97034060 34.96785462
v -21.51135728 13.84975389 34.94905680
v -21.35064639 13.70000094 34.93094072
v -21.22177556 13.52948230 34.91428494
v -21.12503536 13.34243733 34.89837795
v -21.05955780 13.13518826 34.88083556
v -21.03076875 12.91550230 34.86224264
v -21.04131319 12.69337162 34.84344482
v -21.09021321 12.47916184 34.82531756
v -21.17308415 12.28204742 34.80863571
v -21.28631435 12.10455876 34.79274362
v -21.43268101 11.94397733 34.77521986
v -21.60823159 11.80885173 34.75663438
v -21.80566825 11.70649659 34.73783657
v -22.01554365 11.64128538 34.71969068
v -22.22771570 11.61405537 34.70299020
v -22.43800834 11.62294485 34.68710557
v -22.65028842 11.66895777 34.66960043
v -22.85523526 11.75298356 34.65102613
v -23.04285765 11.87240053 34.63222086
v -23.20461720 12.02124823 34.61406752
v -23.33468571 12.19118573 34.59734470
v -23.43248762 12.37751171 34.58147496
v -23.49918336 12.58415263 34.56398472
v -23.52934703 12.80356012 34.54541788
v -23.52020890 13.02578393 34.52661261
v -23.47262017 13.24044541 34.50844064
v -23.39085378 13.43830302 34.49169919
v -23.27877469 13.61635514 34.47583690
v -23.13354611 13.77768349 34.45836529
v -22.95892686 13.91385682 34.43980962
v -22.76211604 14.01747577 34.42099690
v -22.55251072 14.08404764 34.40281749
v -22.34025113 14.11260758 34.38605368
v -22.13003859 14.10499588 34.37020257
v -21.91768773 14.06034082 34.35274959
v -21.71230316 13.97764683 34.33419764
v -21.52390406 13.85940798 34.31538865
v -21.36110142 13.71147670 34.29719433
v -21.22984082 13.54213245 34.28040817
v -21.13096975 13.35651148 34.26456824
v -21.06306329 13.15048989 34.24713016
v -21.03153057 12.93137390 34.22858939
v -21.03925869 12.70907000 34.20977294
v -21.08553238 12.49396894 34.19157118
v -21.16618492 12.29537744 34.17476267
v -21.27712220 12.11675070 34.15893018
v -21.42120712 11.95468754 34.14151445
v -21.59488574 11.81747578 34.12297741
v -21.79105580 11.71259861 34.10416469
v -22.00037986 11.64466795 34.08594429
v -22.21271582 11.61477622 34.06911716
v -22.42285945 11.62111107 34.05329585
v -22.63527177 11.66440826 34.03589502
v -22.84107916 11.74576767 34.01736915
v -23.03024568 11.86282188 33.99854898
v -23.19408022 12.00982649 33.98032486
v -23.32653105 12.17856538 33.96347538
v -23.42647314 12.36349158 33.94765779
v -23.49558473 12.56888360 33.93027931
v -23.52848463 12.78769597 33.91175717
v -23.52216467 13.01006600 33.89294073
v -23.47721346 13.22559454 33.87469798
v -23.39768223 13.42491154 33.85782987
v -23.28787930 13.60412315 33.84202346
v -23.14494364 13.76690995 33.82465616
v -22.97221497 13.90514988 33.80614892
v -22.77669497 14.01127968 33.78732502
v -22.56766707 14.08056822 33.76907855
v -22.35526778 14.11179546 33.75218809
v -22.14518189 14.10673372 33.73638541
v -21.93272300 14.06479254 33.71904045
v -21.72650211 13.98477145 33.70053694
v -21.53658122 13.86890933 33.68171677
v -21.37172036 13.72284256 33.66345167
v -21.23808116 13.55472114 33.64654630
v -21.13706246 13.37047759 33.63074735
v -21.06675692 13.16572446 33.61342102
v -21.03249356 12.94722967 33.59492868
v -21.03740163 12.72480562 33.57610852
v -21.08102664 12.50886172 33.55783224
v -21.15942724 12.30882946 33.54090080
v -21.26810327 12.12902274 33.52511302
v -21.40988596 11.96552347 33.50780159
v -21.58165537 11.82626560 33.48932043
v -21.77651227 11.71888970 33.47049281
v -21.98523283 11.64824516 33.45220909
v -22.19768241 11.61567960 33.43525901
v -22.40772359 11.61946729 33.41947496
v -22.62021974 11.66005433 33.40218216
v -22.82683738 11.73873525 33.38370845
v -23.01750332 11.85339782 33.36488456
v -23.18338118 11.99851651 33.34658593
v -23.31820317 12.16600835 33.32961723
v -23.42030406 12.34958135 33.31383690
v -23.49179797 12.55368441 33.29656273
v -23.52742106 12.77184952 33.27810019
v -23.52392301 12.99431361 33.25927258
v -23.48162979 13.21066078 33.24096277
v -23.40436913 13.41140084 33.22397545
v -23.29681441 13.59181292 33.20819885
v -23.15618843 13.75601161 33.19094330
v -22.98538759 13.89627904 33.17248821
v -22.79120497 14.00489453 33.15366432
v -22.58280478 14.07689322 33.13534334
v -22.37031609 14.11079988 33.11833367
v -22.16030657 14.10828438 33.10256079
v -21.94778807 14.06904962 33.08532387
v -21.74078487 13.99171259 33.06687996
v -21.54938690 13.87825608 33.04804862
v -21.38249762 13.73409666 33.02972019
v -21.24649845 13.56724463 33.01269189
v -21.14330791 13.38433195 32.99692273
v -21.07063495 13.18088826 32.97970444
v -21.03365771 12.96306588 32.96126798
v -21.03574388 12.74057478 32.94244036
v -21.07669972 12.52383646 32.92410076
v -21.15281299 12.32239883 32.90705010
v -21.56854235 11.83521748 32.85565972
v -21.76203765 11.72536891 32.83682838
v -21.97010443 11.65201794 32.81847760
v -22.18261920 11.61676738 32.80141205
v -23.17252383 11.98732015 32.71285444
v -23.30970019 12.15351839 32.69577026
v -21.39871754 11.97648421 32.87408501
v -21.25925571 12.14137115 32.89128095
v -21.45383134 12.17021607 32.98243880
v -22.60513976 11.65589597 32.76846185
v -22.39261009 11.61801070 32.78564289
v -22.46733382 11.80115342 32.87661448
v -23.00463431 11.84412930 32.73122013
v -22.81251550 11.73188630 32.75004774
v -22.82365970 11.93168759 32.83993155
v -21.04030736 13.02612945 30.42660654
v -21.08795382 13.24077137 30.44477291
v -21.26744390 13.23476341 30.54848872
v -21.06120996 12.58448977 30.38923070
v -21.03110775 12.80390937 30.40780127
v -21.20154165 12.86111679 30.51183000
v -21.22560889 12.19146419 30.35586886
v -21.12785168 12.37782184 30.37174046
v -21.26904204 12.48790231 30.47521226
v -21.51733823 11.87261287 30.32099456
v -21.35562338 12.02150062 30.33914790
v -21.45224996 12.17210665 30.44266254
v -21.90985158 11.66906022 30.28361313
v -21.70492522 11.75314467 30.30219115
v -21.74286172 11.92818489 30.40600568
v -22.33242430 11.61404140 30.25022335
v -22.12212607 11.62298676 30.26610613
v -22.09981531 11.79999951 30.36938794
v -22.75447920 11.70636434 30.21538444
v -22.54459448 11.64121274 30.23352288
v -22.46490493 11.80072874 30.33684008
v -23.12753536 11.94374356 30.17799556
v -22.95194380 11.80866454 30.19658290
v -22.82146364 11.93040889 30.30018322
v -23.38723466 12.28175499 30.14457785
v -23.27395231 12.10429147 30.16047180
v -23.11097831 12.17542030 30.26356548
v -23.51910993 12.69302610 30.10977060
v -23.47015403 12.47883588 30.12789786
v -23.29292148 12.49194704 30.23101576
v -23.50099012 13.13485019 30.07237986
v -23.52971584 12.91515213 30.09097278
v -23.35892990 12.86556572 30.19436076
v -23.33887108 13.52920290 30.03893048
v -23.43556471 13.34212627 30.05483747
v -23.29153568 13.23880907 30.15773930
v -23.04938808 13.84953968 30.00415862
v -23.21005426 13.69974669 30.02227284
v -23.10841903 13.55465688 30.12519330
v -22.65811339 14.05558921 29.96676229
v -22.86258899 13.97017762 29.98536266
v -22.81788550 13.79865687 30.08853644
v -22.23553322 14.11324926 29.93328311
v -22.44592644 14.10302334 29.94920313
v -22.46095985 13.92694935 30.05191684
v -21.81332186 14.02361318 29.89854664
v -22.02346176 14.08740319 29.91664782
v -22.09586836 13.92632350 30.01936898
v -21.43872902 13.78856041 29.86114472
v -21.61524445 13.92258238 29.87975255
v -21.73928544 13.79675046 29.98271398
v -21.17674053 13.45186308 29.82763760
v -21.29118145 13.62877246 29.84357066
v -21.44968882 13.55181541 29.94609252
v -21.04246430 13.04180734 29.79293466
v -21.09272592 13.25553376 29.81102094
v -21.26765437 13.23534176 29.91354652
v -21.05780132 12.59982586 29.75552902
v -21.03045210 12.81978935 29.77414429
v -21.20154165 12.86175195 29.87688966
v -21.21763490 12.20414508 29.72198837
v -21.12199925 12.39195187 29.73793633
v -21.26882784 12.48847973 29.84026819
v -21.50486223 11.88234519 29.68732081
v -21.34525217 12.03303225 29.70539406
v -21.45185508 12.17257977 29.80772033
v -21.89487219 11.67380810 29.64991145
v -21.69086039 11.76054589 29.66853604
v -21.74231037 11.92850154 29.77106906
v -22.31746167 11.61350589 29.61634286
v -22.10696042 11.62501425 29.63230386
v -22.09920809 11.80010289 29.73444387
v -22.73980342 11.70045789 29.58170883
v -22.52942137 11.63802948 29.59976904
v -22.46429771 11.80062350 29.70189601
v -23.11590873 11.93316653 29.54429574
v -22.93848246 11.80021279 29.56292592
v -22.82091230 11.93009038 29.66524474
v -23.38019200 12.26854976 29.51069362
v -23.26458506 12.09218521 29.52666953
v -23.11058529 12.17494719 29.62861955
v -23.51685241 12.67736964 29.47609499
v -23.46529439 12.46411912 29.49414216
v -23.29270914 12.49136869 29.59607355
v -23.50430377 13.11948244 29.43868004
v -23.53027277 12.89926749 29.45731767
v -23.35892990 12.86492962 29.55942228
v -23.34675752 13.51649314 29.40504625
v -23.44133891 13.32794316 29.42103706
v -23.29174988 13.23823165 29.52279709
v -23.06179702 13.83973379 29.37048301
v -23.22034352 13.68816290 29.38851714
v -23.10881391 13.55418377 29.49024923
v -22.67307229 14.05074447 29.33306247
v -22.87660912 13.96268699 29.35170755
v -22.81843685 13.79833929 29.45359983
v -22.25047536 14.11369350 29.29939888
v -22.46109769 14.10089992 29.31540459
v -22.46156707 13.92684598 29.41697277
v -21.82802930 14.02942464 29.26486917
v -22.03864045 14.09048960 29.28289026
v -22.09647559 13.92642874 29.38442677
v -21.45043015 13.79907131 29.22744676
v -21.62875980 13.93095031 29.24609743
v -21.73983306 13.79706897 29.34777550
v -21.18385024 13.46500590 29.19374779
v -21.30063251 13.64083495 29.20977399
v -21.45008370 13.55228946 29.31115031
v -21.04481868 13.05744238 29.15925533
v -21.09767124 13.27020582 29.17726338
v -21.26786858 13.23592011 29.27860059
v -21.05458081 12.61522435 29.12183106
v -21.02999762 12.83567864 29.14048918
v -21.20153978 12.86238804 29.24195305
v -21.20983787 12.21688185 29.08810042
v -21.11630514 12.40618620 29.10414152
v -21.26861364 12.48905715 29.20532413
v -21.49252221 11.89222466 29.05364335
v -21.33504488 12.04466820 29.07163650
v -21.45146020 12.17305288 29.17277627
v -21.87993564 11.67875156 29.01621535
v -21.67688869 11.76812686 29.03487906
v -21.74175903 11.92881912 29.13613059
v -22.30253816 11.61315106 28.98245119
v -22.09178545 11.62723266 28.99851091
v -22.09860086 11.80020627 29.09949981
v -22.72506431 11.69474144 28.94803137
v -22.51423895 11.63504086 28.96600962
v -22.46369235 11.80051826 29.06695381
v -23.10413495 11.92272361 28.91060151
v -22.92491309 11.79193053 28.92927080
v -22.82036282 11.92977186 29.03030813
v -23.37301522 12.25546934 28.87680009
v -23.25504832 12.08016649 28.89287844
v -23.11019227 12.17447314 28.99367735
v -23.51440303 12.66175788 28.84241752
v -23.46026525 12.44949177 28.86038087
v -23.29249680 12.49079034 28.96112949
v -23.50742929 13.10405415 28.80498581
v -23.53062481 12.88337354 28.82366255
v -23.35893176 12.86429446 28.92448381
v -23.35446887 13.50372937 28.77115086
v -23.44695292 13.31365760 28.78724597
v -23.29196408 13.23765423 28.88785303
v -23.07406999 13.82978074 28.73680368
v -23.23046699 13.67647573 28.75475399
v -23.10920693 13.55371065 28.85530703
v -22.68798836 14.04570416 28.69937196
v -22.89053425 13.95501569 28.71805429
v -22.81898819 13.79802264 28.81866135
v -22.26537839 14.11395986 28.66549976
v -22.47627638 14.09858651 28.68161537
v -22.46217430 13.92674167 28.78203057
v -21.84279449 14.03504424 28.63118984
v -22.05382474 14.09338135 28.64912525
v -22.09708281 13.92653398 28.74948271
v -21.46227844 13.80944718 28.59375626
v -21.64238319 13.93914595 28.61244418
v -21.74038254 13.79738655 28.71283889
v -21.19109221 13.47802300 28.55985053
v -21.31025493 13.65280896 28.57598476
v -21.45047486 13.55276350 28.67620625
v -21.04736678 13.07303086 28.52557600
v -21.10278793 13.28478660 28.54349650
v -21.26808092 13.23649846 28.64365838
v -21.05155028 12.63068058 28.48814055
v -21.02974430 12.85157539 28.50683406
v -21.20153978 12.86302321 28.60701643
v -21.20221406 12.22967170 28.45420130
v -21.11077309 12.42052298 28.47035415
v -21.26840129 12.48963457 28.57038192
v -21.48031816 11.90224942 28.41996215
v -21.32500336 12.05640472 28.43786776
v -21.45106718 12.17352599 28.53783406
v -21.86504193 11.68388780 28.38252485
v -21.66301012 11.77588571 28.40122581
v -21.74120769 11.92913670 28.50119211
v -22.28765935 11.61297411 28.34854834
v -22.07660303 11.62964292 28.36472541
v -22.09799364 11.80030964 28.46455760
v -22.71027490 11.68921869 28.31434831
v -22.49905467 11.63224503 28.33223902
v -22.46308513 11.80041395 28.43200974
v -23.09221588 11.91241760 28.27691101
v -22.91123755 11.78382151 28.29561569
v -22.81981334 11.92945428 28.39536965
v -23.53077754 12.86747493 28.19000743
v -23.51175807 12.64619362 28.20873447
v -23.34188856 12.67250720 28.30830216
v -23.45240302 13.29927146 28.15346606
v -23.51036295 13.08856905 28.17129716
v -23.34183268 13.05480301 28.27079408
v -23.08620326 13.81968427 28.10312063
v -23.24042469 13.66469078 28.12098153
v -23.10960181 13.55323661 28.22036110
v -22.70285785 14.04047105 28.06568146
v -22.90436253 13.94716837 28.08439918
v -22.81953767 13.79770506 28.18372287
v -21.25165053 13.36807106 35.59999913
v -21.21471986 13.21726665 35.59999913
v -21.14225365 13.19635659 35.56001559
v -21.20009251 13.05146609 35.59999913
v -21.06480859 13.01547978 35.52078456
v -21.20457776 12.94440217 35.59999913
v -21.03202417 12.89955061 35.49694642
v -21.44430391 11.93339843 35.40892154
v -21.29567787 12.09245063 35.42654589
v -21.09734155 12.13978231 35.35895422
v -21.18012309 12.26883940 35.44251621
v -21.03006281 12.35192176 35.39488465
v -21.09506726 12.46444229 35.45907140
v -21.00240253 12.55177241 35.43037549
v -21.04356512 12.67771423 35.47712043
v -21.00699954 12.74914108 35.46731919
v -21.01665735 12.82151788 35.48140451
v -22.46278152 13.92663829 28.14708464
v -22.28023484 13.94219603 28.13081257
v -22.28023484 14.11404833 28.03159319
v -22.64545858 13.87848612 28.16496976
v -22.49146067 14.09608033 28.04783359
v -22.97654748 13.68735451 28.20247784
v -23.21436442 13.40293325 28.23663689
v -23.36200327 13.49091437 28.13724428
v -23.29217829 13.23707588 28.25291082
v -23.35893176 12.86365930 28.28954719
v -23.29228446 12.49021385 28.32618728
v -23.45506474 12.43495941 28.22661027
v -23.21451344 12.32432295 28.34246308
v -23.36570807 12.24251557 28.24289724
v -23.10979925 12.17400003 28.35873328
v -23.24534208 12.06823811 28.25909480
v -22.97678776 12.03984953 28.37661654
v -22.64575660 11.84862014 28.41412462
v -22.28053287 11.78480405 28.44828740
v -21.91530913 11.84840687 28.48243900
v -21.58416435 12.03944348 28.51994708
v -21.34625427 12.32380979 28.55411172
v -21.21869475 12.67188601 28.58826332
v -21.21852711 13.05418275 28.62577140
v -21.34581096 13.40242010 28.65993604
v -21.58344164 13.68694659 28.69408578
v -21.91441879 13.87827285 28.73159386
v -22.27964252 13.94219603 28.76576222
v -22.64486626 13.87869939 28.79991010
v -22.97606505 13.68776057 28.83741818
v -23.21406826 13.40344734 28.87158841
v -23.34172092 13.05542327 28.90573256
v -23.34200032 12.67312746 28.94324064
v -23.21480960 12.32483704 28.97741087
v -22.97727019 12.04025652 29.01155502
v -22.64634892 11.84883434 29.04906310
v -22.28112519 11.78480405 29.08323705
v -21.91590145 11.84819359 29.11737747
v -21.58464678 12.03903556 29.15488556
v -21.34655230 12.32329570 29.18906137
v -21.21880651 12.67126575 29.22320180
v -21.21841535 13.05356249 29.26070988
v -21.34551480 13.40190601 29.29488756
v -21.58296295 13.68653961 29.32902612
v -21.91382460 13.87805864 29.36653420
v -22.27905020 13.94219510 29.40071188
v -22.64427207 13.87891266 29.43484858
v -22.97558449 13.68816756 29.47235666
v -23.21377024 13.40396050 29.50653620
v -23.34160917 13.05604447 29.54067290
v -23.34211022 12.67374773 29.57818098
v -23.21510576 12.32535113 29.61236238
v -22.97775075 12.04066444 29.64649536
v -22.64694497 11.84904855 29.68400158
v -22.28171751 11.78480498 29.71818484
v -21.91649564 11.84798125 29.75231782
v -21.58512920 12.03862950 29.78982590
v -21.34684846 12.32278254 29.82401103
v -21.21891826 12.67064549 29.85814027
v -21.21830545 13.05294130 29.89564836
v -21.34521864 13.40139192 29.92983535
v -21.58248052 13.68613169 29.96396460
v -21.91323228 13.87784444 30.00147268
v -22.27845602 13.94219510 30.03566153
v -22.64367975 13.87912501 30.06978706
v -22.97510207 13.68857361 30.10729514
v -23.21347408 13.40447366 30.14148772
v -23.34149554 13.05666473 30.17560951
v -23.34222198 12.67436892 30.21311946
v -23.21540006 12.32586522 30.24731018
v -22.97823131 12.04107143 30.28143384
v -22.64753543 11.84926275 30.31894192
v -22.28231169 11.78480592 30.35313636
v -21.91708796 11.84776891 30.38725629
v -21.58561163 12.03822345 30.42476438
v -21.34714648 12.32226938 30.45896068
v -21.21903189 12.67002523 30.49308062
v -21.21819369 13.05232011 30.53058870
v -23.11254665 12.17731927 32.80333802
v -23.21658097 12.32792437 32.78711066
v -22.64990658 11.85012516 32.85869956
v -22.28468470 11.78481337 32.89293125
v -21.34834044 12.32021768 32.99875930
v -21.20156586 12.85603270 35.59133038
v -21.21994831 12.66506687 35.57259217
v -21.27076685 12.48329133 35.55475920
v -21.34953812 12.31816690 35.53855419
v -21.45541832 12.16832921 35.52220762
v -21.58947662 12.03498244 35.50427780
v -21.62169106 11.80039719 35.39028764
v -21.16976865 13.43859639 30.46151437
v -21.28189988 13.61662429 30.47737479
v -21.42717876 13.77792004 30.49484827
v -21.60183899 13.91404681 30.51341139
v -21.79867588 14.01761081 30.53221852
v -22.00829424 14.08412214 30.55039607
v -22.22055197 14.11262341 30.56715988
v -22.43076637 14.10495490 30.58301099
v -22.64311537 14.06024117 30.60046583
v -22.84847945 13.97748850 30.61901964
v -23.03684503 13.85919657 30.63783050
v -23.19960110 13.71122524 30.65602109
v -23.33080955 13.54185399 30.67280352
v -23.42963219 13.35620228 30.68864718
v -23.49748649 13.15015368 30.70608526
v -23.52895960 12.93102466 30.72462790
v -23.52116816 12.70872448 30.74344248
v -23.47483858 12.49364205 30.76164424
v -23.39413576 12.29508314 30.77844903
v -23.28314818 12.11648155 30.79428338
v -23.13901298 11.95445005 30.81170283
v -22.96529151 11.81728393 30.83023801
v -22.76909538 11.71246171 30.84905446
v -22.55975641 11.64459158 30.86726740
v -22.34742418 11.61475852 30.88409267
v -22.13727869 11.62115019 30.89991771
v -21.92486823 11.66450698 30.91732040
v -21.71907946 11.74592506 30.93584813
v -21.52994648 11.86303142 30.95466644
v -21.36615664 12.01007701 30.97289242
v -21.23375610 12.17884291 30.98973632
v -21.13386244 12.36379985 31.00555390
v -21.06480487 12.56921981 31.02293983
v -21.03196643 12.78804522 31.04145825
v -21.03834786 13.01041245 31.06027655
v -21.08335681 13.22592329 31.07851557
v -21.16293833 13.42520770 31.09537996
v -21.27278969 13.60439323 31.11119010
v -21.41577750 13.76714930 31.12855740
v -21.58854716 13.90534360 31.14706837
v -21.78409696 14.01141845 31.16588853
v -21.99313790 14.08064645 31.18413873
v -22.20553532 14.11181502 31.20102547
v -22.41562307 14.10669740 31.21682815
v -22.62808196 14.06469662 31.23417683
v -22.83428237 13.98461685 31.25267848
v -23.02417159 13.86870164 31.27149865
v -23.18898588 13.72259390 31.28976375
v -23.32257293 13.55444454 31.30666912
v -23.42354506 13.37017026 31.32246435
v -23.49379845 13.16539012 31.33979440
v -23.52800034 12.94688135 31.35828674
v -23.52303080 12.72446010 31.37711063
v -23.47934805 12.50853296 31.39538318
v -23.40089716 12.30853144 31.41231090
v -23.29217084 12.12875079 31.42810240
v -23.15033786 11.96528319 31.44541383
v -22.97852561 11.82607003 31.46389872
v -22.78363891 11.71874907 31.48272261
v -22.57490344 11.64816413 31.50100634
v -22.36245759 11.61565818 31.51795268
v -22.15241455 11.61950175 31.53374046
v -21.93991840 11.66014839 31.55103326
v -21.73331939 11.73888799 31.56950697
v -21.54268511 11.85360365 31.58833459
v -21.37685195 11.99876424 31.60662949
v -21.24208212 12.16628496 31.62359446
v -21.14002779 12.34988682 31.63937852
v -21.06858790 12.55401876 31.65665269
v -21.03302442 12.77219784 31.67511895
v -21.03658393 12.99466100 31.69394284
v -21.07893676 13.21099047 31.71225265
v -21.15624771 13.41169979 31.72923997
v -21.26385272 13.59208487 31.74501285
v -21.40452899 13.75625283 31.76227212
v -21.57537267 13.89647555 31.78072721
v -21.76958509 14.00503702 31.79955482
v -21.97800018 14.07697611 31.81787208
v -22.19048701 14.11082409 31.83487803
v -22.40049653 14.10825178 31.85065091
v -22.61301503 14.06895742 31.86789155
v -22.82000147 13.99156172 31.88633546
v -23.01136777 13.87805212 31.90516308
v -23.17821234 13.73384986 31.92349523
v -23.31416123 13.56696989 31.94051981
v -23.41730334 13.38402834 31.95629269
v -23.48992415 13.18055484 31.97351098
v -23.52684177 12.96271663 31.99194744
v -23.52469228 12.74022739 32.01077506
v -23.48367870 12.52350584 32.02911839
v -23.40751328 12.32209895 32.04616159
v -23.30102213 12.14109827 32.06193075
v -23.16150814 11.97624113 32.07913041
v -22.99164049 11.83501910 32.09755570
v -22.79811539 11.72522455 32.11638704
v -22.59003371 11.65193226 32.13473782
v -22.37752080 11.61674131 32.15180337
v -22.16752805 11.61804143 32.16756880
v -21.95499837 11.65598538 32.18475357
v -21.74763940 11.73203532 32.20316768
v -21.55555226 11.84433140 32.22199529
v -21.38770558 11.98756509 32.24036098
v -21.25058137 12.15379313 32.25744143
v -21.14634588 12.33608555 32.27320686
v -21.07255161 12.53888942 32.29036927
v -21.03428356 12.75637373 32.30877593
v -21.03502117 12.97887694 32.32760727
v -21.07469551 13.19597848 32.34598041
v -21.14970423 13.39807361 32.36308321
v -21.25508897 13.57970107 32.37884864
v -21.39343508 13.74523435 32.39599243
v -21.56231925 13.88744637 32.41438791
v -21.75514586 13.99846841 32.43321925
v -21.96288109 14.07311019 32.45160356
v -22.17540890 14.10964690 32.46872500
v -22.38539420 14.10961896 32.48449042
v -22.59792201 14.07302264 32.50161186
v -22.80564234 13.99832126 32.51999617
v -22.99843915 13.88724521 32.53883123
v -23.16727862 13.74499034 32.55722299
v -23.30557443 13.57942726 32.57436305
v -23.41090888 13.39777187 32.59012848
v -23.48586731 13.19564693 32.60723501
v -23.52548204 12.97852863 32.62561187
v -23.52615632 12.75602542 32.64443949
v -23.48782867 12.53855694 32.66284242
v -23.41398410 12.33578287 32.68000484
v -21.34492248 13.40087783 30.56478687
v -21.44929580 13.55134137 30.58103472
v -21.58199996 13.68572377 30.59890307
v -21.73873410 13.79643101 30.61765060
v -21.91263996 13.87762930 30.63641116
v -22.09526114 13.92621826 30.65431304
v -22.27786370 13.94219324 30.67061119
v -22.46035263 13.92705180 30.68685904
v -22.64308557 13.87933735 30.70472740
v -22.81733230 13.79897352 30.72347492
v -22.97461964 13.68897967 30.74223548
v -23.10802415 13.55512999 30.76013550
v -23.21317606 13.40498682 30.77643551
v -23.29132147 13.23938556 30.79268336
v -23.34138192 13.05728499 30.81054986
v -23.35892804 12.86620088 30.82929738
v -23.34233001 12.67499011 30.84805794
v -23.29313383 12.49252539 30.86595982
v -23.21569622 12.32638024 30.88226169
v -23.11137132 12.17589527 30.89850768
v -22.97871187 12.04148028 30.91637231
v -22.82201312 11.93072833 30.93511984
v -22.64812775 11.84947789 30.95388040
v -22.46551216 11.80083491 30.97178228
v -22.28290401 11.78480685 30.98808415
v -22.10042067 11.79989614 31.00433201
v -21.91768214 11.84755657 31.02219664
v -21.74341120 11.92786824 31.04094230
v -21.58609405 12.03781739 31.05970472
v -21.45264484 12.17163354 31.07760847
v -21.34744450 12.32175622 31.09391034
v -21.26925625 12.48732582 31.11015446
v -21.21914551 12.66940497 31.12801909
v -21.20154351 12.86048163 31.14676662
v -21.21808380 13.05169985 31.16552718
v -21.26723155 13.23418505 31.18343093
v -21.34462632 13.40036280 31.19973652
v -21.44890465 13.55086733 31.21597879
v -21.58151940 13.68531585 31.23384342
v -21.73818275 13.79611157 31.25258908
v -21.91204578 13.87741417 31.27134964
v -22.09465578 13.92611209 31.28925338
v -22.27726951 13.94219231 31.30556270
v -22.45974541 13.92715517 31.32180125
v -22.64249139 13.87954876 31.33966774
v -22.81678282 13.79928924 31.35841340
v -22.97413535 13.68938573 31.37717396
v -23.10762927 13.55560217 31.39507771
v -23.21287803 13.40549998 31.41138330
v -23.29110727 13.23996298 31.42762929
v -23.34126830 13.05790432 31.44548833
v -23.35892618 12.86683697 31.46423399
v -23.34244177 12.67561130 31.48299456
v -23.29334617 12.49310374 31.50090203
v -23.21599238 12.32689433 31.51721135
v -23.11176248 12.17637025 31.53344989
v -22.97919244 12.04188820 31.55131266
v -22.82256261 11.93104777 31.57005832
v -22.64872007 11.84969302 31.58881888
v -22.46611938 11.80094015 31.60672635
v -22.28349820 11.78480871 31.62303567
v -22.10102789 11.79979369 31.63927421
v -21.91827632 11.84734516 31.65713325
v -21.74396254 11.92755252 31.67587891
v -21.58657648 12.03741133 31.69464320
v -21.45303972 12.17116136 31.71255067
v -21.34774253 12.32124306 31.72885999
v -21.26947232 12.48674840 31.74509853
v -21.21925913 12.66878564 31.76295757
v -21.20154537 12.85984553 31.78170323
v -21.21797390 13.05107865 31.80046752
v -21.26701921 13.23360670 31.81837499
v -21.34433202 13.39984871 31.83468431
v -21.44851163 13.55039235 31.85092285
v -21.58103883 13.68490700 31.86878189
v -21.73763514 13.79579213 31.88752756
v -21.91145346 13.87719903 31.90629184
v -22.09404856 13.92600592 31.92419931
v -22.27667533 13.94219045 31.94050863
v -22.45913818 13.92725669 31.95674717
v -22.64189720 13.87976017 31.97460622
v -22.81623147 13.79960496 31.99334815
v -22.97365293 13.68979178 32.01211244
v -23.10723253 13.55607528 32.03001991
v -23.21258001 13.40601314 32.04633296
v -23.29089120 13.24053947 32.06256777
v -23.34115468 13.05852458 32.08043054
v -23.35892431 12.86747213 32.09917620
v -23.34255166 12.67623156 32.11793676
v -23.29355665 12.49368303 32.13584423
v -23.21628854 12.32740935 32.15216100
v -23.11215550 12.17684429 32.16839582
v -22.97967114 12.04229705 32.18625113
v -22.82311209 11.93136722 32.20499307
v -22.64931425 11.84990909 32.22375736
v -22.46672660 11.80104725 32.24166855
v -22.28409238 11.78481057 32.25798532
v -22.10163511 11.79969218 32.27422014
v -21.91887051 11.84713375 32.29207546
v -21.74451575 11.92723680 32.31081739
v -21.58705890 12.03700621 32.32958168
v -21.45343646 12.17068825 32.34749287
v -21.34804055 12.32072990 32.36380592
v -21.26968652 12.48617191 32.38004446
v -21.21937461 12.66816538 32.39789978
v -21.20154724 12.85921037 32.41664171
v -21.21786401 13.05045746 32.43540600
v -21.26680873 13.23302742 32.45332092
v -21.34403773 13.39933369 32.46963397
v -21.44812047 13.54991831 32.48586506
v -21.58056013 13.68449908 32.50372037
v -21.73708566 13.79547268 32.52246603
v -21.91086113 13.87698296 32.54123032
v -22.09344134 13.92589975 32.55914152
v -22.27608301 13.94218858 32.57545829
v -22.45853283 13.92735913 32.59168938
v -22.64130488 13.87997158 32.60954469
v -22.81568013 13.79992068 32.62828663
v -22.97317050 13.69019691 32.64705092
v -23.10683765 13.55654746 32.66496584
v -23.21228012 13.40652630 32.68128633
v -23.29067700 13.24111596 32.69751370
v -23.34104106 13.05914484 32.71536529
v -23.35892245 12.86810730 32.73411095
v -23.34266156 12.67685276 32.75287524
v -23.29376899 12.49426231 32.77079016
v -22.98015170 12.04270590 32.82118961
v -22.10224234 11.79959066 32.90916234
v -21.91946469 11.84692234 32.92701393
v -21.74506709 11.92692108 32.94575587
v -21.58754319 12.03660108 32.96452016
v -21.26990259 12.48559542 33.01498294
v -21.21948637 12.66754512 33.03283826
v -21.20155096 12.85857428 33.05158019
v -21.21775597 13.04983627 33.07034448
v -21.26659639 13.23244814 33.08825940
v -21.34374157 13.39881774 33.10458362
v -21.44772932 13.54944333 33.12080726
v -21.58007957 13.68408930 33.13865885
v -21.73653618 13.79515231 33.15740079
v -21.91026881 13.87676690 33.17616507
v -22.09283412 13.92579265 33.19408372
v -22.27548882 13.94218579 33.21040794
v -22.45792560 13.92746065 33.22663531
v -22.64071070 13.88018299 33.24448317
v -22.81512879 13.80023640 33.26322511
v -22.97268622 13.69060203 33.28198940
v -23.10644090 13.55701964 33.29990804
v -23.21198210 13.40703852 33.31623599
v -23.29046093 13.24169245 33.33245963
v -23.34092744 13.05976417 33.35030749
v -23.35891873 12.86874339 33.36904943
v -23.34276959 12.67747488 33.38781372
v -23.29397947 12.49484159 33.40573236
v -23.21687713 12.32843939 33.42205659
v -23.11293781 12.17779424 33.43828022
v -22.98063040 12.04311475 33.45613182
v -22.82420918 11.93200797 33.47487375
v -22.65049890 11.85034122 33.49363804
v -22.46794105 11.80126052 33.51155296
v -22.28527889 11.78481523 33.52788091
v -22.10284956 11.79948915 33.54410455
v -21.92005701 11.84671186 33.56195614
v -21.74561843 11.92660630 33.58069062
v -21.58802748 12.03619596 33.59946236
v -21.45422809 12.16974389 33.61737728
v -21.34863846 12.31970452 33.63370895
v -21.27011865 12.48501893 33.64992887
v -21.21960185 12.66692579 33.66777673
v -21.20155282 12.85793912 33.68651494
v -21.21764608 13.04921508 33.70528296
v -21.26638591 13.23186886 33.72320533
v -21.34344727 13.39830272 33.73953328
v -21.44733816 13.54896836 33.75575319
v -21.57960087 13.68368044 33.77359733
v -21.73598669 13.79483193 33.79233927
v -21.90967649 13.87655083 33.81110728
v -22.09222689 13.92568555 33.82902965
v -22.27489464 13.94218300 33.84536132
v -22.45731838 13.92756123 33.86157751
v -22.64011651 13.88039254 33.87942165
v -22.81457558 13.80055118 33.89816359
v -22.97220193 13.69100623 33.91693160
v -23.10604416 13.55749182 33.93485397
v -23.21168222 13.40755168 33.95118192
v -23.29024486 13.24226893 33.96739811
v -23.34081195 13.06038443 33.98524597
v -23.35891500 12.86937855 34.00398791
v -23.34287949 12.67809607 34.02275592
v -23.29418994 12.49542087 34.04067457
v -23.21717143 12.32895534 34.05700624
v -23.11332896 12.17826921 34.07322243
v -22.98111096 12.04352453 34.09106657
v -22.82475866 11.93232834 34.10980850
v -22.65109122 11.85055822 34.12857279
v -22.46854827 11.80136856 34.14649889
v -22.28587307 11.78481895 34.16283429
v -22.10345678 11.79938763 34.17904675
v -21.92065120 11.84650231 34.19689089
v -21.74616978 11.92629151 34.21563283
v -21.58850990 12.03579083 34.23439711
v -21.45462483 12.16927264 34.25232321
v -21.34893835 12.31919229 34.26865861
v -21.27033472 12.48444337 34.28487480
v -21.21971734 12.66630646 34.30271521
v -21.20155655 12.85730302 34.32145342
v -21.21753804 13.04859389 34.34022143
v -21.26617543 13.23128957 34.35814753
v -21.34315297 13.39778677 34.37448293
v -21.44694701 13.54849245 34.39069912
v -21.57912217 13.68327066 34.40853953
v -21.73543908 13.79451156 34.42727774
v -21.90908417 13.87633383 34.44604576
v -22.09161967 13.92557751 34.46397185
v -22.27430232 13.94218020 34.48030725
v -22.45671116 13.92766275 34.49651971
v -22.63952233 13.88060302 34.51436386
v -22.81402424 13.80086597 34.53309834
v -22.97171764 13.69141135 34.55187008
v -23.10564741 13.55796400 34.56979245
v -23.21138233 13.40806484 34.58613157
v -23.29002880 13.24284449 34.60234404
v -23.34069647 13.06100376 34.62018445
v -23.35891128 12.87001465 34.63892266
v -23.34298752 12.67871726 34.65769067
v -23.29440042 12.49600016 34.67561677
v -23.21746387 12.32947130 34.69195589
v -23.11372012 12.17874512 34.70816836
v -22.98158966 12.04393245 34.72600877
v -22.82530628 11.93264965 34.74474698
v -22.65168354 11.85077522 34.76351500
v -22.46915549 11.80147566 34.78144109
v -22.28646725 11.78482175 34.79778394
v -22.10406587 11.79928705 34.81399268
v -21.92124538 11.84629183 34.83183309
v -21.74672298 11.92597672 34.85057130
v -21.58899419 12.03538664 34.86933932
v -21.45502158 12.16880046 34.88726914
v -21.34923823 12.31867913 34.90360826
v -21.27055079 12.48386689 34.91981328
v -21.21983282 12.66568620 34.93765742
v -21.20156027 12.85666786 34.95639190
v -21.21743001 13.04797176 34.97516364
v -21.26596682 13.23071029 34.99308974
v -21.34285867 13.39727081 35.00943258
v -21.44655585 13.54801748 35.02563760
v -21.57864347 13.68286088 35.04347429
v -21.73488960 13.79419025 35.06221250
v -21.90849185 13.87611590 35.08098423
v -22.09101245 13.92547041 35.09891406
v -22.27370813 13.94217648 35.11525691
v -22.45610394 13.92776333 35.13146192
v -22.63892815 13.88081256 35.14929861
v -22.81347103 13.80118076 35.16803682
v -22.97123335 13.69181555 35.18680856
v -23.10525067 13.55843525 35.20473838
v -23.21108244 13.40857707 35.22108123
v -23.28981273 13.24342098 35.23728997
v -23.34058098 13.06162216 35.25512293
v -23.35890755 12.87064888 35.27386114
v -23.34309556 12.67933846 35.29262915
v -23.29460904 12.49658037 35.31056270
v -23.21775816 12.32998725 35.32690927
v -23.11410941 12.17922010 35.34311429
v -22.98206836 12.04434410 35.36094725
v -22.82585576 11.93297096 35.37968546
v -22.65227586 11.85099222 35.39845347
v -22.46976085 11.80158462 35.41638702
v -22.28705958 11.78482547 35.43272987
v -22.10467122 11.79918740 35.44893488
v -21.92184143 11.84608229 35.46677157
v -21.74727619 11.92566287 35.48550978
v -23.27242307 12.29066029 35.59999913
v -23.15787785 12.12707162 35.59999913
v -23.01666327 11.98585890 35.59999913
v -22.85307460 11.87131274 35.59999913
v -22.67208137 11.78691350 35.59999913
v -21.20530047 12.77350355 35.59999913
v -21.28804848 13.43633980 35.59999913
v -21.28804848 12.44024001 35.59999913
v -21.27884142 12.46250607 35.59999913
v -21.27076685 12.48329133 35.59999913
v -21.22841403 12.62421254 35.59999913
v -21.21994831 12.66506687 35.59999913
v -22.28023484 14.00917955 35.59999913
v -22.08129130 13.99177406 35.59999913
v -21.88839018 13.94008659 35.59999913
v -21.40259370 13.59992847 35.59999913
v -21.54380642 13.74114119 35.59999913
v -21.70739509 13.85568734 35.59999913
v -22.47918025 13.99177406 35.59999913
v -23.27242307 13.43633980 35.59999913
v -22.67208137 13.94008659 35.59999913
v -23.15787785 13.59992847 35.59999913
v -22.85307460 13.85568734 35.59999913
v -23.01666327 13.74114119 35.59999913
v -23.40850979 13.06244545 35.59999913
v -23.42591435 12.86350004 35.59999913
v -23.40850979 12.66455464 35.59999913
v -23.35682139 13.25534564 35.59999913
v -23.35682139 12.47165445 35.59999913
v -21.28804848 12.29066029 35.73656827
v -21.31687850 12.30730675 35.71734950
v -21.28804848 12.36523408 35.72154790
v -21.35253139 12.25343067 35.71074456
v -21.41758800 12.21587043 35.68650410
v -21.34605683 12.32415158 35.69789603
v -21.28804848 12.44024001 35.70928425
v -21.88653871 11.85921486 35.59999913
v -21.92184143 11.84608229 35.59999913
v -21.92184143 11.84608229 35.54614633
v -22.10467122 11.79918740 35.52830964
v -22.04948291 11.80977374 35.59999913
v -22.10467122 11.79918740 35.59999913
v -22.28705958 11.78482547 35.51210836
v -22.15069532 11.79261040 35.59999913
v -21.74727619 11.92566287 35.56488082
v -21.58947662 12.03498244 35.58365256
v -21.58947662 12.03498244 35.59999913
v -21.71490528 11.94481272 35.59999913
v -21.74727619 11.92566287 35.59999913
v -21.86544240 11.86774299 35.59999913
v -21.46546543 12.15657964 35.59999913
v -21.52957208 12.08884548 35.59999913
v -21.57630771 12.04614341 35.59999913
v -21.34953812 12.31816690 35.61793268
v -21.41758800 12.21587043 35.59999913
v -22.28023484 13.94219603 28.21018733
v -22.46278152 13.92663829 28.22646126
v -22.64545858 13.87848612 28.24434452
v -22.81953767 13.79770506 28.26309949
v -22.97654748 13.68735451 28.28185260
v -23.10960181 13.55323661 28.29973772
v -23.21436442 13.40293325 28.31601351
v -23.29217829 13.23707588 28.33228558
v -23.34183268 13.05480301 28.35016884
v -23.35893176 12.86365930 28.36892195
v -23.34188856 12.67250720 28.38767692
v -23.29228446 12.49021385 28.40556204
v -23.21451344 12.32432295 28.42183597
v -23.10979925 12.17400003 28.43810804
v -22.97678776 12.03984953 28.45599130
v -22.81981334 11.92945428 28.47474441
v -22.64575660 11.84862014 28.49349938
v -22.46308513 11.80041395 28.51138450
v -22.28053287 11.78480405 28.52766216
v -22.09799364 11.80030964 28.54393236
v -21.91530913 11.84840687 28.56181562
v -21.74120769 11.92913670 28.58056873
v -21.58416435 12.03944348 28.59932370
v -21.45106718 12.17352599 28.61720882
v -21.34625427 12.32380979 28.63348834
v -21.26840129 12.48963457 28.64975668
v -21.21869475 12.67188601 28.66763622
v -21.20153978 12.86302321 28.68638933
v -21.21852711 13.05418275 28.70514430
v -21.26808092 13.23649846 28.72303315
v -21.34581096 13.40242010 28.73931266
v -21.45047486 13.55276350 28.75558101
v -21.58344164 13.68694659 28.77346054
v -21.74038254 13.79738655 28.79221365
v -21.91441879 13.87827285 28.81096862
v -22.09708281 13.92653398 28.82885747
v -22.27964252 13.94219603 28.84513699
v -22.46217430 13.92674167 28.86140533
v -22.64486626 13.87869939 28.87928300
v -22.81898819 13.79802264 28.89803611
v -22.97606505 13.68776057 28.91679108
v -23.10920693 13.55371065 28.93468179
v -23.21406826 13.40344734 28.95096131
v -23.29196408 13.23765423 28.96722779
v -23.34172092 13.05542327 28.98510732
v -23.35893176 12.86429446 29.00386043
v -23.34200032 12.67312746 29.02261540
v -23.29249680 12.49079034 29.04050425
v -23.21480960 12.32483704 29.05678749
v -23.11019227 12.17447314 29.07305211
v -22.97727019 12.04025652 29.09093164
v -22.82036282 11.92977186 29.10968289
v -22.64634892 11.84883434 29.12843972
v -22.46369235 11.80051826 29.14632857
v -22.28112519 11.78480405 29.16261181
v -22.09860086 11.80020627 29.17887643
v -21.91590145 11.84819359 29.19675410
v -21.74175903 11.92881912 29.21550535
v -21.58464678 12.03903556 29.23426218
v -21.45146020 12.17305288 29.25215289
v -21.34655230 12.32329570 29.26843613
v -21.26861364 12.48905715 29.28470075
v -21.21880651 12.67126575 29.30257842
v -21.20153978 12.86238804 29.32132967
v -21.21841535 13.05356249 29.34008650
v -21.26786858 13.23592011 29.35797721
v -21.34551480 13.40190601 29.37426232
v -21.45008370 13.55228946 29.39052321
v -21.58296295 13.68653961 29.40839902
v -21.73983306 13.79706897 29.42715026
v -21.91382460 13.87805864 29.44590710
v -22.09647559 13.92642874 29.46379967
v -22.27905020 13.94219510 29.48008664
v -22.46156707 13.92684598 29.49634753
v -22.64427207 13.87891266 29.51422334
v -22.81843685 13.79833929 29.53297459
v -22.97558449 13.68816756 29.55173142
v -23.10881391 13.55418377 29.56962399
v -23.21377024 13.40396050 29.58591096
v -23.29174988 13.23823165 29.60217185
v -23.34160917 13.05604447 29.62004580
v -23.35892990 12.86492962 29.63879704
v -23.34211022 12.67374773 29.65755388
v -23.29270914 12.49136869 29.67544831
v -23.21510576 12.32535113 29.69173715
v -23.11058529 12.17494719 29.70799617
v -22.97775075 12.04066444 29.72587012
v -22.82091230 11.93009038 29.74461950
v -22.64694497 11.84904855 29.76337820
v -22.46429771 11.80062350 29.78127263
v -22.28171751 11.78480498 29.79756147
v -22.09920809 11.80010289 29.81382050
v -21.91649564 11.84798125 29.83169444
v -21.74231037 11.92850154 29.85044196
v -21.58512920 12.03862950 29.86920066
v -21.45185508 12.17257977 29.88709696
v -21.34684846 12.32278254 29.90338765
v -21.26882784 12.48847973 29.91964296
v -21.21891826 12.67064549 29.93751504
v -21.20154165 12.86175195 29.95626628
v -21.21830545 13.05294130 29.97502312
v -21.26765437 13.23534176 29.99291942
v -21.34521864 13.40139192 30.00921197
v -21.44968882 13.55181541 30.02546728
v -21.58248052 13.68613169 30.04333936
v -21.73928544 13.79675046 30.06208874
v -21.91323228 13.87784444 30.08084744
v -22.09586836 13.92632350 30.09874374
v -22.27845602 13.94219510 30.11503629
v -22.46095985 13.92694935 30.13128974
v -22.64367975 13.87912501 30.14916182
v -22.81788550 13.79865687 30.16791120
v -22.97510207 13.68857361 30.18666990
v -23.10841903 13.55465688 30.20456620
v -23.21347408 13.40447366 30.22086062
v -23.29153568 13.23880907 30.23711592
v -23.34149554 13.05666473 30.25498614
v -23.35892990 12.86556572 30.27373552
v -23.34222198 12.67436892 30.29249422
v -23.29292148 12.49194704 30.31039238
v -23.21540006 12.32586522 30.32668680
v -23.11097831 12.17542030 30.34294024
v -22.97823131 12.04107143 30.36080860
v -22.82146364 11.93040889 30.37955612
v -22.64753543 11.84926275 30.39831668
v -22.46490493 11.80072874 30.41621670
v -22.28231169 11.78480592 30.43251112
v -22.09981531 11.79999951 30.44876270
v -21.91708796 11.84776891 30.46663292
v -21.74286172 11.92818489 30.48538044
v -21.58561163 12.03822345 30.50414100
v -21.45224996 12.17210665 30.52203916
v -21.34714648 12.32226938 30.53833544
v -21.26904204 12.48790231 30.55458702
v -21.21903189 12.67002523 30.57245724
v -21.20154165 12.86111679 30.59120290
v -21.21819369 13.05232011 30.60996160
v -21.26744390 13.23476341 30.62786348
v -21.34492248 13.40087783 30.64416163
v -21.44929580 13.55134137 30.66041134
v -21.58199996 13.68572377 30.67827784
v -21.73873410 13.79643101 30.69702722
v -21.91263996 13.87762930 30.71578592
v -22.09526114 13.92621826 30.73368594
v -22.27786370 13.94219324 30.74998595
v -22.46035263 13.92705180 30.76623566
v -22.64308557 13.87933735 30.78410216
v -22.81733230 13.79897352 30.80284968
v -22.97461964 13.68897967 30.82161024
v -23.10802415 13.55512999 30.83951026
v -23.21317606 13.40498682 30.85581027
v -23.29132147 13.23938556 30.87205812
v -23.34138192 13.05728499 30.88992462
v -23.35892804 12.86620088 30.90867214
v -23.34233001 12.67499011 30.92743270
v -23.29313383 12.49252539 30.94533458
v -23.21569622 12.32638024 30.96163645
v -23.11137132 12.17589527 30.97788244
v -22.97871187 12.04148028 30.99574894
v -22.82201312 11.93072833 31.01449646
v -22.64812775 11.84947789 31.03325702
v -22.46551216 11.80083491 31.05115891
v -22.28290401 11.78480685 31.06746078
v -22.10042067 11.79989614 31.08370677
v -21.91768214 11.84755657 31.10157140
v -21.74341120 11.92786824 31.12031706
v -21.58609405 12.03781739 31.13907762
v -21.45264484 12.17163354 31.15698323
v -21.34744450 12.32175622 31.17328510
v -21.26925625 12.48732582 31.18952923
v -21.21914551 12.66940497 31.20739385
v -21.20154351 12.86048163 31.22614138
v -21.21808380 13.05169985 31.24490194
v -21.26723155 13.23418505 31.26280755
v -21.34462632 13.40036280 31.27910942
v -21.44890465 13.55086733 31.29535541
v -21.58151940 13.68531585 31.31321818
v -21.73818275 13.79611157 31.33196384
v -21.91204578 13.87741417 31.35072440
v -22.09465578 13.92611209 31.36862814
v -22.27726951 13.94219231 31.38493374
v -22.45974541 13.92715517 31.40117973
v -22.64249139 13.87954876 31.41904250
v -22.81678282 13.79928924 31.43778816
v -22.97413535 13.68938573 31.45654872
v -23.10762927 13.55560217 31.47445247
v -23.21287803 13.40549998 31.49076179
v -23.29110727 13.23996298 31.50700033
v -23.34126830 13.05790432 31.52486309
v -23.35892618 12.86683697 31.54360875
v -23.34244177 12.67561130 31.56237304
v -23.29334617 12.49310374 31.58027679
v -23.21599238 12.32689433 31.59658611
v -23.11176248 12.17637025 31.61282465
v -22.97919244 12.04188820 31.63068742
v -22.82256261 11.93104777 31.64943308
v -22.64872007 11.84969302 31.66819736
v -22.46611938 11.80094015 31.68610111
v -22.28349820 11.78480871 31.70241043
v -22.10102789 11.79979369 31.71864897
v -21.91827632 11.84734516 31.73651174
v -21.74396254 11.92755252 31.75525740
v -21.58657648 12.03741133 31.77401796
v -21.45303972 12.17116136 31.79192543
v -21.34774253 12.32124306 31.80823475
v -21.26947232 12.48674840 31.82447329
v -21.21925913 12.66878564 31.84233233
v -21.20154537 12.85984553 31.86107799
v -21.21797390 13.05107865 31.87984228
v -21.26701921 13.23360670 31.89774975
v -21.34433202 13.39984871 31.91405907
v -21.44851163 13.55039235 31.93029761
v -21.58103883 13.68490700 31.94815665
v -21.73763514 13.79579213 31.96690232
v -21.91145346 13.87719903 31.98566288
v -22.09404856 13.92600592 32.00357407
v -22.27667533 13.94219045 32.01988712
v -22.45913818 13.92725669 32.03612193
v -22.64189720 13.87976017 32.05398098
v -22.81623147 13.79960496 32.07272291
v -22.97365293 13.68979178 32.09148720
v -23.10723253 13.55607528 32.10939839
v -23.21258001 13.40601314 32.12570772
v -23.29089120 13.24053947 32.14194626
v -23.34115468 13.05852458 32.15980157
v -23.35892431 12.86747213 32.17854723
v -23.34255166 12.67623156 32.19731152
v -23.29355665 12.49368303 32.21522272
v -23.21628854 12.32740935 32.23153204
v -23.11215550 12.17684429 32.24776685
v -22.97967114 12.04229705 32.26562589
v -22.82311209 11.93136722 32.28437155
v -22.64931425 11.84990909 32.30313584
v -22.46672660 11.80104725 32.32104331
v -22.28409238 11.78481057 32.33736008
v -22.10163511 11.79969218 32.35359117
v -21.91887051 11.84713375 32.37145022
v -21.74451575 11.92723680 32.39019215
v -21.58705890 12.03700621 32.40896016
v -21.45343646 12.17068825 32.42686763
v -21.34804055 12.32072990 32.44318441
v -21.26968652 12.48617191 32.45941550
v -21.21937461 12.66816538 32.47727081
v -21.20154724 12.85921037 32.49601647
v -21.21786401 13.05045746 32.51478076
v -21.26680873 13.23302742 32.53269196
v -21.34403773 13.39933369 32.54900873
v -21.44812047 13.54991831 32.56523982
v -21.58056013 13.68449908 32.58309513
v -21.73708566 13.79547268 32.60184079
v -21.91086113 13.87698296 32.62060136
v -22.09344134 13.92589975 32.63851628
v -22.27608301 13.94218858 32.65483305
v -22.45853283 13.92735913 32.67106786
v -22.64130488 13.87997158 32.68891945
v -22.81568013 13.79992068 32.70766512
v -22.97317050 13.69019691 32.72642568
v -23.10683765 13.55654746 32.74434060
v -23.21228012 13.40652630 32.76065737
v -23.29067700 13.24111596 32.77688846
v -23.34104106 13.05914484 32.79474378
v -23.35892245 12.86810730 32.81348571
v -23.34266156 12.67685276 32.83225000
v -23.29376899 12.49426231 32.85016119
v -23.21658097 12.32792437 32.86648542
v -23.11254665 12.17731927 32.88271278
v -22.98015170 12.04270590 32.90056437
v -22.82365970 11.93168759 32.91930631
v -22.64990658 11.85012516 32.93807060
v -22.46733382 11.80115342 32.95598924
v -22.28468470 11.78481337 32.97230974
v -22.10224234 11.79959066 32.98853710
v -21.91946469 11.84692234 33.00638869
v -21.74506709 11.92692108 33.02513063
v -21.58754319 12.03660108 33.04389492
v -21.45383134 12.17021607 33.06181356
v -21.34834044 12.32021768 33.07813406
v -21.26990259 12.48559542 33.09436142
v -21.21948637 12.66754512 33.11221302
v -21.20155096 12.85857428 33.13095495
v -21.21775597 13.04983627 33.14971924
v -21.26659639 13.23244814 33.16763788
v -21.34374157 13.39881774 33.18395838
v -21.44772932 13.54944333 33.20018202
v -21.58007957 13.68408930 33.21803734
v -21.73653618 13.79515231 33.23677927
v -21.91026881 13.87676690 33.25554356
v -22.09283412 13.92579265 33.27346221
v -22.27548882 13.94218579 33.28978270
v -22.45792560 13.92746065 33.30600634
v -22.64071070 13.88018299 33.32386166
v -22.81512879 13.80023640 33.34260359
v -22.97268622 13.69060203 33.36136788
v -23.10644090 13.55701964 33.37928280
v -23.21198210 13.40703852 33.39560702
v -23.29046093 13.24169245 33.41183066
v -23.34092744 13.05976417 33.42967853
v -23.35891873 12.86874339 33.44842046
v -23.34276959 12.67747488 33.46718848
v -23.29397947 12.49484159 33.48510712
v -23.21687713 12.32843939 33.50143507
v -23.11293781 12.17779424 33.51765499
v -22.98063040 12.04311475 33.53550285
v -22.82420918 11.93200797 33.55424479
v -22.65049890 11.85034122 33.57301280
v -22.46794105 11.80126052 33.59093145
v -22.28527889 11.78481523 33.60725939
v -22.10284956 11.79948915 33.62348303
v -21.92005701 11.84671186 33.64132717
v -21.74561843 11.92660630 33.66006911
v -21.58802748 12.03619596 33.67883712
v -21.45422809 12.16974389 33.69675577
v -21.34863846 12.31970452 33.71308371
v -21.27011865 12.48501893 33.72930363
v -21.21960185 12.66692579 33.74715149
v -21.20155282 12.85793912 33.76589343
v -21.21764608 13.04921508 33.78465772
v -21.26638591 13.23186886 33.80257636
v -21.34344727 13.39830272 33.81890804
v -21.44733816 13.54896836 33.83512795
v -21.57960087 13.68368044 33.85297209
v -21.73598669 13.79483193 33.87171403
v -21.90967649 13.87655083 33.89047831
v -22.09222689 13.92568555 33.90840068
v -22.27489464 13.94218300 33.92473236
v -22.45731838 13.92756123 33.94095227
v -22.64011651 13.88039254 33.95879641
v -22.81457558 13.80055118 33.97753835
v -22.97220193 13.69100623 33.99630263
v -23.10604416 13.55749182 34.01422501
v -23.21168222 13.40755168 34.03056040
v -23.29024486 13.24226893 34.04677659
v -23.34081195 13.06038443 34.06462073
v -23.35891500 12.86937855 34.08336267
v -23.34287949 12.67809607 34.10212696
v -23.29418994 12.49542087 34.12005305
v -23.21717143 12.32895534 34.13638473
v -23.11332896 12.17826921 34.15260091
v -22.98111096 12.04352453 34.17044505
v -22.82475866 11.93232834 34.18918326
v -22.65109122 11.85055822 34.20795128
v -22.46854827 11.80136856 34.22587737
v -22.28587307 11.78481895 34.24220532
v -22.10345678 11.79938763 34.25842151
v -21.92065120 11.84650231 34.27626938
v -21.74616978 11.92629151 34.29500759
v -21.58850990 12.03579083 34.31377560
v -21.45462483 12.16927264 34.33169797
v -21.34893835 12.31919229 34.34803337
v -21.27033472 12.48444337 34.36424583
v -21.21971734 12.66630646 34.38208997
v -21.20155655 12.85730302 34.40082818
v -21.21753804 13.04859389 34.41959620
v -21.26617543 13.23128957 34.43752229
v -21.34315297 13.39778677 34.45385769
v -21.44694701 13.54849245 34.47007015
v -21.57912217 13.68327066 34.48791429
v -21.73543908 13.79451156 34.50665250
v -21.90908417 13.87633383 34.52542052
v -22.09161967 13.92557751 34.54334661
v -22.27430232 13.94218020 34.55968201
v -22.45671116 13.92766275 34.57589447
v -22.63952233 13.88060302 34.59373862
v -22.81402424 13.80086597 34.61247683
v -22.97171764 13.69141135 34.63124484
v -23.10564741 13.55796400 34.64917094
v -23.21138233 13.40806484 34.66551006
v -23.29002880 13.24284449 34.68172252
v -23.34069647 13.06100376 34.69955921
v -23.35891128 12.87001465 34.71830115
v -23.34298752 12.67871726 34.73706916
v -23.29440042 12.49600016 34.75499526
v -23.21746387 12.32947130 34.77133065
v -23.11372012 12.17874512 34.78754312
v -22.98158966 12.04393245 34.80538353
v -22.82530628 11.93264965 34.82411802
v -22.65168354 11.85077522 34.84289348
v -22.46915549 11.80147566 34.86081585
v -22.28646725 11.78482175 34.87715498
v -22.10406587 11.79928705 34.89336744
v -21.92124538 11.84629183 34.91120413
v -21.74672298 11.92597672 34.92994234
v -21.58899419 12.03538664 34.94871035
v -21.45502158 12.16880046 34.96664017
v -21.34923823 12.31867913 34.98298302
v -21.27055079 12.48386689 34.99919176
v -21.21983282 12.66568620 35.01702845
v -21.20156027 12.85666786 35.03576666
v -21.21743001 13.04797176 35.05453467
v -21.26596682 13.23071029 35.07246450
v -21.34285867 13.39727081 35.08880734
v -21.44655585 13.54801748 35.10501608
v -21.57864347 13.68286088 35.12285277
v -21.73488960 13.79419025 35.14159098
v -21.90849185 13.87611590 35.16035900
v -22.09101245 13.92547041 35.17828882
v -22.27370813 13.94217648 35.19463167
v -22.45610394 13.92776333 35.21083668
v -22.63892815 13.88081256 35.22867709
v -22.81347103 13.80118076 35.24741530
v -22.97123335 13.69181555 35.26618332
v -23.10525067 13.55843525 35.28411314
v -23.21108244 13.40857707 35.30045599
v -23.28981273 13.24342098 35.31666100
v -23.34058098 13.06162216 35.33449769
v -23.35890755 12.87064888 35.35323590
v -23.34309556 12.67933846 35.37200391
v -23.29460904 12.49658037 35.38993746
v -23.21775816 12.32998725 35.40628031
v -23.11410941 12.17922010 35.42248532
v -22.98206836 12.04434410 35.44032201
v -22.82585576 11.93297096 35.45906022
v -22.65227586 11.85099222 35.47782823
v -22.46976085 11.80158462 35.49576178
v -21.45541832 12.16832921 35.59999913
v -22.27102034 11.11092418 -10.72658785
v -21.97589912 11.13752648 -10.70566755
v -22.28023484 11.11089997 -10.62799804
v -20.85189149 13.87909520 -10.45020204
v -20.76243982 13.73980008 -10.45020204
v -20.76696418 13.74759059 -10.46159025
v -20.76243982 13.73980008 -10.46225242
v -20.63527517 13.46824132 -10.48440766
v -20.63333057 13.46292440 -10.45020204
v -20.63333057 13.46292440 -10.48482768
v -20.55485733 13.17119133 -10.50698292
v -20.55426128 13.16783577 -10.45020204
v -20.55426128 13.16783577 -10.50722785
v -20.52764967 12.87041046 -10.52831020
v -20.52763477 12.86350004 -10.45020204
v -20.52763477 12.86349911 -10.52878238
v -20.55242285 12.56978791 -10.54955460
v -20.55426128 12.55916432 -10.45020204
v -20.55426128 12.55916338 -10.55033412
v -20.63037641 12.27225363 -10.57209261
v -20.63333057 12.26407569 -10.45020204
v -20.63333057 12.26407569 -10.57273801
v -20.75980045 11.99178584 -10.59492212
v -20.76243982 11.98720001 -10.45020204
v -20.76243982 11.98720001 -10.59531327
v -20.93424276 11.74104214 -10.61699726
v -20.93766630 11.73695084 -10.45020204
v -20.93766630 11.73695084 -10.61737351
v -21.14525810 11.52804773 -10.63784771
v -21.15368657 11.52093057 -10.45020204
v -21.15368657 11.52092963 -10.63862722
v -21.39408886 11.35143172 -10.65985300
v -21.40393481 11.34570409 -10.45020204
v -21.40393667 11.34570409 -10.66068746
v -21.67324908 11.21936645 -10.68266667
v -21.68081142 11.21659484 -10.45020204
v -21.68081142 11.21659484 -10.68326272
v -21.97021432 11.13853790 -10.70524938
v -21.97589912 11.13752555 -10.45020204
v -22.28023484 11.11089997 -10.45020204
v -23.40785600 11.52182929 -10.71668975
v -23.40089530 11.51601039 -10.81526838
v -23.15795794 11.34652644 -10.69465186
v -23.15653488 11.34570315 -10.79374831
v -23.14987965 11.34188101 -10.79318486
v -22.87809737 11.21602673 -10.67182980
v -22.87966013 11.21659484 -10.77117212
v -22.86922745 11.21283602 -10.77035349
v -22.58457243 11.13752555 -10.64955350
v -22.58457243 11.13752648 -10.74876916
v -22.58086763 11.13687735 -10.64928155
v -22.57161774 11.13529224 -10.74782293
v -22.28023671 11.11089997 -10.72721742
v -24.00633879 12.55990099 -10.80493815
v -24.00477789 12.55115028 -10.90351678
v -23.92714098 12.26407569 -10.78248210
v -23.92714098 12.26407476 -10.88170148
v -23.92353863 12.25426886 -10.88093128
v -23.79803173 11.98720001 -10.75990777
v -23.79803173 11.98720001 -10.85912716
v -23.79568666 11.98315155 -10.75956412
v -23.79109710 11.97529770 -10.85811667
v -23.62280525 11.73695084 -10.73784661
v -23.62280525 11.73695177 -10.83706599
v -23.61998893 11.73360180 -10.73753648
v -23.61417376 11.72674354 -10.83612256
v -23.40678498 11.52093057 -10.81580948
v -23.79872650 13.73859402 -10.89286618
v -23.80303666 13.73107359 -10.99144947
v -23.92714098 13.46292440 -10.87039150
v -23.92714098 13.46292440 -10.96961088
v -23.92874472 13.45849689 -10.87004598
v -23.93170074 13.45023979 -10.96861623
v -24.00621027 13.16783670 -10.84798854
v -24.00621027 13.16783670 -10.94720699
v -24.00737256 13.16116471 -10.84749959
v -24.00883473 13.15255091 -10.94608940
v -24.03283492 12.86350004 -10.82643680
v -24.03283492 12.86350191 -10.92565618
v -24.03283305 12.86056731 -10.82623564
v -24.03279766 12.85197865 -10.92486642
v -24.00621027 12.55916338 -10.90410631
v -21.96773887 11.13898493 -11.39959879
v -21.96090110 11.14023756 -11.49831619
v -21.68081142 11.21659484 -11.37779560
v -21.68080956 11.21659484 -11.47701498
v -21.67093009 11.22022420 -11.37701608
v -21.66427858 11.22270618 -11.47571113
v -21.40393667 11.34570409 -11.35521941
v -21.40393667 11.34570315 -11.45443879
v -21.39202878 11.35264151 -11.35420986
v -21.38588019 11.35627180 -11.45290490
v -21.15368657 11.52092963 -11.33315824
v -21.15368843 11.52092870 -11.43237762
v -21.14352956 11.52951922 -11.33222040
v -21.13815583 11.53411530 -11.43094338
v -20.93766630 11.73695084 -11.31190173
v -20.93766443 11.73695177 -11.41112112
v -20.93283273 11.74273528 -11.31137274
v -20.92826739 11.74824778 -11.41008548
v -20.76243982 11.98720094 -11.28984056
v -20.76243795 11.98720094 -11.38905995
v -20.75872198 11.99367177 -11.28929295
v -20.75507864 12.00007368 -11.38797309
v -20.63333057 12.26407569 -11.26726530
v -20.63333057 12.26407569 -11.36648469
v -20.62966675 12.27423828 -11.26646809
v -20.62717266 12.28127070 -11.36513613
v -20.55426128 12.55916338 -11.24486141
v -20.55426128 12.55916245 -11.34408079
v -20.55208571 12.57176977 -11.24394126
v -20.55086382 12.57911045 -11.34262420
v -20.52763477 12.86349911 -11.22331154
v -20.52763477 12.86349818 -11.32253092
v -20.52765712 12.87230197 -11.22271176
v -20.52770928 12.87963334 -11.32142730
v -20.55426128 13.16783670 -11.20176073
v -20.55426128 13.16783763 -11.30097918
v -20.55518515 13.17303162 -11.20137982
v -20.55654302 13.18050735 -11.30004786
v -20.63333057 13.46292440 -11.17935684
v -20.63333057 13.46292533 -11.27857622
v -20.63590288 13.46994657 -11.17880549
v -20.63860185 13.47721647 -11.27745025
v -20.76243982 13.73980008 -11.15678158
v -20.76243982 13.73979915 -11.25600096
v -20.76784149 13.74909095 -11.15599554
v -20.77179402 13.75580579 -11.25464030
v -20.93766443 13.99004832 -11.13471948
v -20.93766443 13.99004832 -11.23393886
v -20.94432712 13.99794128 -11.13399304
v -20.94933204 14.00380675 -11.23266853
v -21.15368657 14.20606952 -11.11346763
v -21.15368657 14.20607045 -11.21268608
v -21.15718089 14.20899481 -11.11314259
v -21.16317861 14.21397738 -11.21181063
v -21.40393667 14.38129600 -11.09140553
v -21.40393667 14.38129693 -11.19062491
v -21.40777372 14.38350510 -11.09108143
v -21.41473442 14.38747998 -11.18971221
v -21.68081142 14.51040525 -11.06883027
v -21.68081142 14.51040525 -11.16804965
v -21.68810554 14.51304182 -11.06825750
v -21.69574983 14.51576594 -11.16687711
v -21.97589912 14.58947361 -11.04642637
v -21.97589912 14.58947361 -11.14564575
v -21.98553830 14.59114626 -11.04571950
v -21.99351601 14.59248737 -11.14435773
v -22.28023484 14.61610012 -11.02487557
v -22.28023298 14.61610012 -11.12409495
v -22.28610218 14.61608987 -11.02447324
v -22.29406312 14.61604517 -11.12314872
v -22.58457243 14.58947361 -11.00332569
v -22.58457243 14.58947361 -11.10254135
v -22.58680016 14.58907966 -11.00316178
v -22.59491384 14.58761841 -11.10178512
v -22.87966013 14.51040525 -10.98092180
v -22.87966013 14.51040525 -11.08014118
v -22.88382314 14.50888440 -10.98059397
v -22.89170958 14.50596936 -11.07919030
v -23.15653488 14.38129600 -10.95834654
v -23.15653488 14.38129600 -11.05756592
v -23.16320688 14.37742542 -10.95778029
v -23.17048982 14.37315345 -11.05638128
v -23.40678498 14.20607045 -10.93628537
v -23.40678498 14.20607045 -11.03550009
v -23.41240644 14.20133188 -10.93576755
v -23.41876924 14.19592276 -11.03439834
v -23.62280525 13.99004925 -10.91502886
v -23.62280525 13.99004925 -11.01424824
v -23.62922020 13.98236025 -11.01354044
v -23.79803173 13.73979915 -10.99218614
v -20.52793279 12.89581321 -12.80859765
v -20.52797750 12.89810613 -12.90765684
v -20.55426128 13.16783763 -12.78926246
v -20.55426128 13.16783950 -12.88847812
v -20.55960894 13.19674589 -12.78713625
v -20.56007273 13.19912542 -12.88617589
v -20.63333057 13.46292533 -12.76685949
v -20.63333057 13.46292533 -12.86607422
v -20.64449899 13.49276211 -12.76450045
v -20.64540423 13.49511370 -12.86353357
v -20.76243795 13.73979915 -12.74428330
v -20.76243795 13.73979915 -12.84349896
v -20.78024484 13.76994140 -12.74171751
v -20.78158036 13.77214771 -12.84074970
v -20.93766443 13.99004646 -12.72222213
v -20.93766443 13.99004646 -12.82143779
v -20.95983922 14.01595864 -12.71982398
v -20.96154913 14.01791349 -12.81885989
v -21.15368843 14.20607232 -12.70096563
v -21.15368843 14.20607232 -12.80018501
v -21.17560059 14.22415767 -12.69895863
v -21.17768489 14.22584616 -12.79798429
v -21.40393667 14.38129693 -12.67890446
v -21.40393667 14.38129693 -12.77812384
v -21.42892964 14.39545397 -12.67679594
v -21.43138088 14.39681370 -12.77581137
v -21.68081142 14.51040525 -12.65632920
v -21.68081142 14.51040525 -12.75554951
v -21.71109803 14.52111546 -12.65395619
v -21.71382494 14.52204864 -12.75296416
v -21.97589725 14.58947361 -12.63392530
v -21.97589725 14.58947361 -12.73314469
v -22.00928703 14.59502894 -12.63148617
v -22.01216668 14.59547784 -12.73049600
v -22.28023298 14.61610012 -12.61237543
v -22.28023298 14.61610012 -12.71159481
v -22.30960689 14.61585425 -12.61035912
v -22.31253125 14.61580209 -12.70937733
v -22.58457430 14.58947361 -12.59082370
v -22.58457430 14.58947361 -12.69004308
v -22.61051908 14.58469685 -12.58891635
v -22.61353470 14.58411571 -12.68791314
v -22.87966199 14.51040525 -12.56842073
v -22.87966199 14.51040525 -12.66764011
v -22.90665172 14.50032927 -12.56628893
v -22.90961519 14.49919119 -12.66527362
v -23.15653488 14.38129693 -12.54584547
v -23.15653488 14.38129693 -12.64506392
v -23.18408154 14.36505560 -12.54350226
v -23.18684757 14.36338760 -12.64248695
v -23.40678498 14.20607232 -12.52378337
v -23.40678498 14.20607232 -12.62300275
v -23.43045548 14.18584678 -12.52159290
v -23.43289368 14.18372151 -12.62058504
v -23.62280712 13.99004832 -12.50252686
v -23.62280712 13.99004739 -12.60174625
v -23.63901027 13.97045050 -12.50073127
v -23.64110574 13.96787260 -12.59971224
v -23.79803360 13.73979822 -12.48046570
v -23.79803360 13.73979822 -12.57968508
v -23.81071262 13.71746045 -12.47858163
v -23.81239273 13.71444203 -12.57754676
v -23.92714098 13.46292440 -12.45789044
v -23.92714098 13.46292440 -12.55710982
v -23.93686026 13.43551744 -12.45574467
v -23.93800952 13.43217399 -12.55470328
v -24.00620840 13.16783763 -12.43548654
v -24.00620840 13.16783763 -12.53470592
v -24.01129715 13.13741785 -12.43326627
v -24.01185036 13.13390024 -12.53222954
v -24.03283492 12.86350284 -12.41393667
v -24.03283492 12.86350284 -12.51315605
v -24.03263561 12.83707004 -12.41212524
v -24.03257973 12.83351518 -12.51109876
v -24.00620840 12.55916152 -12.39238586
v -24.00620840 12.55916152 -12.49160524
v -24.00199883 12.53618021 -12.39069737
v -24.00130033 12.53252756 -12.48964481
v -23.92714098 12.26407476 -12.36998197
v -23.92714098 12.26407476 -12.46920135
v -23.91815186 12.23993115 -12.36807834
v -23.91678467 12.23635394 -12.46701460
v -23.79803173 11.98720094 -12.34740671
v -23.79803173 11.98720094 -12.44662609
v -23.78335223 11.96225360 -12.34528609
v -23.78135361 11.95892692 -12.44422235
v -23.62280712 11.73695270 -12.32534461
v -23.62280712 11.73695270 -12.42456399
v -23.60452898 11.71552204 -12.32336368
v -23.60198833 11.71259861 -12.42231112
v -23.40678498 11.52092963 -12.30409276
v -23.40678498 11.52092870 -12.40331214
v -23.38949777 11.50661241 -12.30250578
v -23.38642813 11.50410809 -12.40144111
v -23.15653488 11.34570315 -12.28203066
v -23.15653302 11.34570315 -12.38125004
v -23.13684858 11.33450586 -12.28037011
v -23.13326299 11.33250352 -12.37928402
v -22.87966013 11.21659484 -12.25945540
v -22.87966013 11.21659484 -12.35867478
v -22.85513096 11.20787300 -12.25753035
v -22.85117097 11.20650303 -12.35643961
v -22.58457243 11.13752648 -12.23705150
v -22.58457430 11.13752648 -12.33627088
v -22.55712263 11.13291085 -12.23504357
v -22.55296707 11.13225054 -12.33396120
v -22.28023857 11.11089997 -12.21550070
v -22.28023857 11.11089997 -12.31472008
v -22.25674689 11.11105736 -12.21389230
v -22.25256152 11.11111883 -12.31282018
v -21.97589725 11.13752648 -12.19395082
v -21.97589725 11.13752648 -12.29316648
v -21.95587941 11.14117634 -12.19247933
v -21.95158973 11.14198938 -12.29138207
v -21.68080956 11.21659484 -12.17154600
v -21.68080956 11.21659484 -12.27076259
v -21.65951580 11.22450177 -12.16986682
v -21.65532485 11.22609526 -12.26875372
v -21.40393667 11.34570315 -12.14897167
v -21.40393667 11.34570315 -12.24818733
v -21.38159052 11.35882549 -12.14707084
v -21.37770131 11.36115473 -12.24595960
v -21.15368843 11.52092870 -12.12691050
v -21.15368843 11.52092870 -12.22612616
v -21.13450319 11.53726224 -12.12513633
v -21.13109455 11.54021639 -12.22403627
v -20.93766443 11.73695177 -12.10565399
v -20.93766443 11.73695177 -12.20487338
v -20.92523873 11.75192930 -12.10427843
v -20.92232369 11.75549161 -12.20317092
v -20.76243795 11.98720094 -12.08359282
v -20.76243795 11.98720187 -12.18281128
v -20.75272799 12.00423855 -12.08215393
v -20.75040154 12.00838946 -12.18102314
v -20.63333057 12.26407569 -12.06101663
v -20.63333057 12.26407569 -12.16023602
v -20.62560990 12.28572801 -12.05931883
v -20.62401921 12.29030360 -12.15818059
v -20.55426128 12.55916245 -12.03861367
v -20.55426128 12.55916245 -12.13783305
v -20.55012435 12.58364320 -12.03682553
v -20.54935507 12.58843672 -12.13569473
v -20.52763477 12.86349632 -12.01706193
v -20.52763477 12.86349632 -12.11628132
v -20.52775584 12.88404968 -12.01565471
v -20.52781917 12.88886555 -12.11454161
v -20.55426128 13.16783763 -11.99551206
v -20.55426128 13.16783763 -12.09473144
v -20.55735514 13.18489201 -11.99425943
v -20.55828273 13.18981778 -12.09311374
v -20.63333057 13.46292533 -11.97310723
v -20.63333057 13.46292533 -12.07232662
v -20.64016089 13.48136831 -11.97165530
v -20.64197883 13.48617394 -12.07049470
v -20.76243982 13.73979915 -11.95053197
v -20.76243982 13.73979915 -12.04975229
v -20.77400871 13.75954039 -11.94885653
v -20.77666670 13.76399118 -12.04769500
v -20.93766443 13.99004739 -11.92847174
v -20.93766443 13.99004739 -12.02769112
v -20.95205709 14.00698163 -11.92690618
v -20.95542289 14.01087921 -12.02576421
v -21.15368657 14.20607045 -11.90721523
v -21.15368657 14.20607045 -12.00643461
v -21.16636001 14.21660371 -11.90605294
v -21.17041312 14.21992946 -12.00489886
v -21.40393667 14.38129693 -11.88515406
v -21.40393667 14.38129693 -11.98437344
v -21.41832747 14.38951492 -11.88393869
v -21.42304368 14.39216919 -11.98275946
v -21.68081142 14.51040525 -11.86257880
v -21.68081142 14.51040525 -11.96179725
v -21.69958875 14.51711915 -11.86110731
v -21.70477994 14.51893244 -11.95991971
v -21.97589912 14.58947361 -11.84017491
v -21.97589725 14.58947361 -11.93939429
v -21.99741080 14.59312905 -11.83860190
v -22.00284041 14.59400821 -11.93742640
v -22.28023298 14.61610012 -11.81862317
v -22.28023298 14.61610012 -11.91784255
v -22.29784802 14.61601164 -11.81741990
v -22.30329253 14.61594831 -11.91626396
v -22.58457243 14.58947361 -11.79707237
v -22.58457430 14.58947361 -11.89629175
v -22.59866334 14.58693016 -11.79603674
v -22.60422707 14.58589267 -11.89484727
v -22.87966013 14.51040525 -11.77466847
v -22.87966013 14.51040525 -11.87388785
v -22.89525047 14.50464688 -11.77344285
v -22.90067263 14.50260542 -11.87223010
v -23.15653488 14.38129693 -11.75209321
v -23.15653488 14.38129693 -11.85131259
v -23.17366749 14.37127497 -11.75064128
v -23.17868359 14.36829194 -11.84943225
v -23.40678498 14.20607045 -11.73003297
v -23.40678498 14.20607232 -11.82925235
v -23.42146263 14.19361588 -11.72867697
v -23.42585102 14.18983843 -11.82749029
v -23.62280525 13.99004832 -11.70877926
v -23.62280525 13.99004832 -11.80799864
v -23.63144234 13.97967525 -11.70782559
v -23.63518067 13.97513505 -11.80662867
v -23.79803173 13.73979915 -11.68671902
v -23.79803173 13.73979822 -11.78593840
v -23.80475588 13.72805052 -11.68572437
v -23.80773611 13.72277178 -11.78450044
v -23.92714098 13.46292440 -11.66414376
v -23.92714098 13.46292440 -11.76336315
v -23.93284254 13.44702020 -11.66289486
v -23.93488213 13.44121527 -11.76166069
v -24.00621027 13.16783670 -11.64173894
v -24.00620840 13.16783763 -11.74095925
v -24.00937676 13.14929407 -11.64038386
v -24.01036769 13.14322650 -11.73915993
v -24.03283492 12.86350191 -11.62018906
v -24.03283492 12.86350284 -11.71940845
v -24.03277345 12.84882613 -11.61918230
v -24.03271012 12.84275111 -11.71798538
v -24.00621027 12.55916245 -11.59863733
v -24.00620840 12.55916245 -11.69785298
v -24.00420979 12.54803780 -11.59781870
v -24.00306426 12.54183706 -11.69658266
v -23.92714098 12.26407476 -11.57623343
v -23.92714098 12.26407476 -11.67545281
v -23.92244898 12.25133892 -11.57522760
v -23.92018586 12.24530302 -11.67397015
v -23.79803173 11.98720094 -11.55365817
v -23.79803173 11.98720094 -11.65287383
v -23.78955483 11.97267883 -11.55242510
v -23.78624678 11.96709741 -11.65116765
v -23.62280712 11.73695177 -11.53159700
v -23.62280712 11.73695270 -11.63081266
v -23.61228503 11.72453072 -11.53044961
v -23.60809781 11.71965152 -11.62921544
v -23.40678498 11.52092963 -11.51034050
v -23.40678498 11.52092963 -11.60955988
v -23.39870669 11.51419431 -11.50960010
v -23.39367941 11.51004247 -11.60835754
v -23.15653488 11.34570315 -11.48827933
v -23.15653488 11.34570315 -11.58749871
v -23.14742655 11.34048123 -11.48750912
v -23.14158529 11.33717038 -11.58623584
v -22.87966013 11.21659484 -11.46570500
v -22.87966013 11.21659484 -11.56492438
v -22.86662720 11.21190935 -11.46467961
v -22.86020853 11.20964438 -11.56339608
v -22.58457243 11.13752648 -11.44330017
v -22.58457243 11.13752648 -11.54251955
v -22.56899700 11.13485172 -11.44216023
v -22.56229334 11.13374531 -11.54089160
v -22.28023671 11.11089997 -11.42175030
v -22.28023857 11.11089997 -11.52096968
v -22.26849832 11.11093909 -11.42094471
v -22.26179466 11.11099683 -11.51970681
v -21.97589912 11.13752648 -11.40019856
v -21.97589725 11.13752648 -11.49941795
v -22.03304693 14.59858101 -14.21726309
v -22.03082666 14.59826250 -14.31664266
v -22.28023112 14.61610012 -14.19987436
v -22.28023112 14.61610012 -14.29909281
v -22.33316563 14.61530011 -14.19623476
v -22.33103104 14.61536344 -14.29560315
v -22.58457616 14.58947361 -14.17832263
v -22.58457616 14.58947361 -14.27754201
v -22.63420634 14.57998250 -14.17466439
v -22.63213694 14.58040811 -14.27403744
v -22.87966199 14.51040432 -14.15591873
v -22.87966199 14.51040432 -14.25513811
v -22.92936482 14.49145563 -14.15198855
v -22.92745002 14.49221745 -14.25135694
v -23.15653302 14.38129693 -14.13334347
v -23.15653302 14.38129693 -14.23256285
v -23.20476063 14.35241196 -14.12923168
v -23.20308238 14.35345318 -14.22859542
v -23.40678126 14.20607325 -14.11128230
v -23.40678126 14.20607325 -14.21050169
v -23.44825305 14.17015214 -14.10743408
v -23.44686538 14.17139266 -14.20678012
v -23.62280712 13.99004646 -14.09002952
v -23.62280712 13.99004646 -14.18924890
v -23.65397662 13.95182032 -14.08653520
v -23.65285344 13.95323593 -14.18588124
v -23.79803360 13.73979729 -14.06796835
v -23.79803360 13.73979729 -14.16718494
v -23.82241189 13.69614620 -14.06429615
v -23.82157184 13.69769964 -14.16364219
v -23.92714098 13.46292440 -14.04539403
v -23.92714098 13.46292440 -14.14460968
v -23.94464985 13.41243740 -14.04144522
v -23.94411899 13.41404673 -14.14079126
v -24.00620840 13.16783950 -14.02298920
v -24.00620840 13.16783950 -14.12220858
v -24.01489019 13.11365794 -14.01904132
v -24.01466109 13.11524119 -14.11837619
v -24.03283492 12.86350377 -14.00143933
v -24.03283492 12.86350377 -14.10065871
v -24.03212339 12.81351782 -13.99799995
v -24.03216437 12.81501912 -14.09732457
v -24.00620840 12.55915966 -13.97988386
v -24.00620840 12.55915966 -14.07910325
v -23.99732545 12.51248736 -13.97644635
v -23.99761789 12.51392346 -14.07576911
v -23.92714098 12.26407383 -13.95748463
v -23.92714098 12.26407383 -14.05669935
v -23.90931733 12.21720316 -13.95377330
v -23.90983514 12.21851073 -14.05309793
v -23.79803173 11.98720187 -13.93490843
v -23.79803173 11.98720187 -14.03412409
v -23.77074398 11.94154844 -13.93101551
v -23.77144061 11.94267627 -14.03033268
v -23.62280898 11.73695456 -13.91284727
v -23.62280898 11.73695456 -14.01206292
v -23.58886041 11.69769280 -13.90920021
v -23.58967625 11.69860829 -14.00850620
v -23.40678126 11.52092777 -13.89159076
v -23.40678126 11.52092777 -13.99081014
v -23.37089740 11.49161719 -13.88830971
v -23.37181009 11.49234269 -13.98761105
v -23.15653302 11.34570222 -13.86952959
v -23.15653302 11.34570222 -13.96874897
v -23.11555669 11.32277120 -13.86607997
v -23.11653458 11.32330112 -13.96538131
v -22.87966013 11.21659484 -13.84695433
v -22.87966013 11.21659484 -13.94617371
v -22.83206396 11.20004151 -13.84323277
v -22.83305116 11.20037027 -13.94253038
v -22.58457430 11.13752648 -13.82455043
v -22.58457430 11.13752648 -13.92376982
v -22.53336459 11.12927590 -13.82081769
v -22.53430896 11.12941466 -13.92010506
v -22.28024043 11.11089997 -13.80300056
v -22.28024043 11.11089997 -13.90221994
v -22.23320119 11.11153141 -13.79976608
v -22.23406732 11.11150812 -13.89904600
v -21.97589539 11.13752648 -13.78144976
v -21.97589539 11.13752648 -13.88066821
v -21.93218283 11.14580780 -13.77822645
v -21.93298377 11.14564575 -13.87750637
v -21.68080956 11.21659484 -13.75904586
v -21.68080956 11.21659484 -13.85826524
v -21.63677290 11.23329625 -13.75556178
v -21.63747326 11.23302057 -13.85483705
v -21.40393667 11.34570315 -13.73647060
v -21.40393667 11.34570315 -13.83568998
v -21.36086114 11.37140114 -13.73280026
v -21.36143669 11.37104724 -13.83206807
v -21.15369029 11.52092777 -13.71440850
v -21.15369029 11.52092777 -13.81362788
v -21.11664228 11.55290473 -13.71097099
v -21.11708373 11.55251358 -13.81023135
v -20.93766443 11.73695363 -13.69315200
v -20.93766443 11.73695363 -13.79237138
v -20.91021463 11.77049987 -13.69008236
v -20.91054246 11.77009102 -13.78933899
v -20.76243795 11.98720280 -13.67109083
v -20.76243795 11.98720280 -13.77031021
v -20.74095793 12.02550810 -13.66786472
v -20.74117772 12.02510484 -13.76711857
v -20.63333057 12.26407569 -13.64851557
v -20.63333057 12.26407569 -13.74773495
v -20.61773837 12.30878383 -13.64502124
v -20.61786130 12.30841596 -13.74426764
v -20.55426128 12.55916059 -13.62611167
v -20.55426128 12.55916059 -13.72533105
v -20.54644749 12.60740124 -13.62259593
v -20.54649405 12.60709390 -13.72183673
v -20.52763477 12.86349632 -13.60456087
v -20.52763477 12.86349632 -13.70378118
v -20.52818984 12.90758885 -13.60153314
v -20.52818425 12.90735416 -13.70077021
v -20.55426314 13.16783950 -13.58301099
v -20.55426314 13.16783950 -13.68223038
v -20.56194656 13.20859231 -13.58000748
v -20.56191303 13.20842747 -13.67923804
v -20.63333057 13.46292626 -13.56060710
v -20.63333057 13.46292626 -13.65982648
v -20.64891532 13.50412611 -13.55735119
v -20.64887993 13.50403577 -13.65657710
v -20.76243795 13.73979822 -13.53803184
v -20.76243795 13.73979822 -13.63725122
v -20.78654990 13.78029399 -13.53458222
v -20.78653686 13.78027257 -13.63380533
v -20.93766257 13.99004553 -13.51597067
v -20.93766257 13.99004553 -13.61518912
v -20.96767351 14.02487420 -13.51273991
v -20.96770518 14.02490865 -13.61195557
v -21.15368843 14.20607232 -13.49471789
v -21.15368843 14.20607232 -13.59393727
v -21.18490078 14.23165482 -13.49186059
v -21.18499391 14.23172932 -13.59106787
v -21.40393853 14.38129786 -13.47265579
v -21.40393853 14.38129786 -13.57187517
v -21.43957466 14.40132223 -13.46965414
v -21.43974416 14.40141443 -13.56885768
v -21.68081142 14.51040525 -13.45008053
v -21.68081142 14.51040525 -13.54929991
v -21.72263153 14.52503074 -13.44680600
v -21.72288485 14.52511642 -13.54600675
v -21.97589725 14.58947361 -13.42767756
v -21.97589725 14.58947361 -13.52689601
v -22.02116698 14.59684689 -13.42437230
v -22.02149667 14.59689531 -13.52357026
v -22.28023112 14.61610012 -13.40612583
v -22.28023112 14.61610012 -13.50534521
v -22.32137881 14.61561676 -13.40329833
v -22.32177742 14.61560745 -13.50249164
v -22.58457430 14.58947361 -13.38457596
v -22.58457616 14.58947361 -13.48379161
v -22.62236737 14.58238158 -13.38178944
v -22.62283862 14.58228752 -13.48097529
v -22.87966199 14.51040525 -13.36217113
v -22.87966199 14.51040432 -13.46138772
v -22.91802317 14.49593157 -13.35913967
v -22.91854285 14.49572854 -13.45831808
v -23.15653488 14.38129693 -13.33959680
v -23.15653488 14.38129693 -13.43881246
v -23.19444530 14.35876824 -13.33636697
v -23.19497988 14.35844135 -13.43554072
v -23.40678126 14.20607232 -13.31753563
v -23.40678126 14.20607232 -13.41675129
v -23.43938686 14.17802460 -13.31451070
v -23.43989909 14.17757291 -13.41368072
v -23.62280712 13.99004739 -13.29627912
v -23.62280712 13.99004739 -13.39549851
v -23.64652231 13.96116521 -13.29363324
v -23.64699729 13.96057289 -13.39279767
v -23.79803360 13.73979729 -13.27421796
v -23.79803360 13.73979729 -13.37343734
v -23.81659672 13.70682567 -13.27143889
v -23.81700464 13.70608434 -13.37059401
v -23.92714098 13.46292440 -13.25164177
v -23.92714098 13.46292440 -13.35086115
v -23.94079603 13.42398953 -13.24859541
v -23.94108847 13.42311781 -13.34774680
v -24.00620840 13.16783763 -13.22923880
v -24.00620840 13.16783763 -13.32845818
v -24.01313558 13.12553976 -13.22615333
v -24.01328087 13.12457118 -13.32530193
v -24.03283492 12.86350377 -13.20768707
v -24.03283492 12.86350377 -13.30690645
v -24.03241955 12.82530092 -13.20506446
v -24.03239720 12.82427087 -13.30421306
v -24.00620840 12.55916059 -13.18613626
v -24.00620840 12.55916059 -13.28535657
v -23.99970405 12.52433006 -13.18356954
v -23.99948426 12.52322271 -13.28270696
v -23.92714098 12.26407383 -13.16373236
v -23.92714098 12.26407383 -13.26295175
v -23.91377464 12.22855225 -13.16092815
v -23.91333506 12.22742349 -13.26005720
v -23.79803173 11.98720094 -13.14115711
v -23.79803173 11.98720094 -13.24037649
v -23.77708256 11.95187680 -13.13815080
v -23.77641760 11.95078623 -13.23727705
v -23.62280712 11.73695363 -13.11909687
v -23.62280712 11.73695363 -13.21831625
v -23.59672077 11.70657575 -13.11628334
v -23.59585091 11.70558389 -13.21541052
v -23.40678498 11.52092870 -13.09784036
v -23.40678498 11.52092870 -13.19705974
v -23.38022739 11.49908639 -13.09540775
v -23.37913774 11.49820816 -13.19452561
v -23.15653302 11.34570222 -13.07577919
v -23.15653302 11.34570222 -13.17499857
v -23.12622406 11.32860314 -13.07322271
v -23.12491275 11.32788043 -13.17233499
v -22.87966013 11.21659484 -13.05320393
v -22.87966013 11.21659484 -13.15242331
v -22.84360863 11.20391674 -13.05038389
v -22.84211852 11.20341104 -13.14948406
v -22.58457430 11.13752648 -13.03080004
v -22.58457430 11.13752648 -13.13001942
v -22.54524454 11.13105193 -13.02793156
v -22.54363894 11.13080699 -13.12703174
v -22.28023857 11.11089997 -13.00924830
v -22.28023857 11.11089997 -13.10846768
v -22.24498056 11.11125480 -13.00683152
v -22.24331908 11.11128926 -13.10593542
v -21.97589725 11.13752648 -12.98769750
v -21.97589539 11.13752648 -13.08691688
v -21.94402739 11.14345063 -12.98535429
v -21.94228396 11.14379149 -13.08444422
v -21.68080956 11.21659484 -12.96529360
v -21.68080956 11.21659484 -13.06451298
v -21.64812759 11.22886036 -12.96271570
v -21.64638974 11.22953370 -13.06179445
v -21.40393667 11.34570315 -12.94271834
v -21.40393667 11.34570315 -13.04193772
v -21.37120254 11.36507932 -12.93993555
v -21.36955410 11.36608049 -13.03901430
v -21.15368843 11.52092777 -12.92065717
v -21.15368843 11.52092777 -13.01987749
v -21.12554200 11.54505741 -12.91805319
v -21.12406865 11.54634915 -13.01713567
v -20.93766443 11.73695270 -12.89940439
v -20.93766443 11.73695270 -12.99862377
v -20.91769874 11.76118478 -12.89718412
v -20.91641538 11.76277269 -12.99625449
v -20.76243795 11.98720187 -12.87734322
v -20.76243795 11.98720187 -12.97656354
v -20.74680664 12.01485097 -12.87501119
v -20.74576728 12.01673318 -12.97407039
v -20.63333057 12.26407569 -12.85476889
v -20.63333057 12.26407569 -12.95398828
v -20.62163316 12.29724381 -12.85216771
v -20.62091604 12.29935233 -12.95122318
v -20.55426128 12.55916152 -12.83236407
v -20.55426128 12.55916152 -12.93158345
v -20.54824494 12.59552035 -12.82970794
v -20.54789849 12.59776391 -12.92876340
v -20.52763477 12.86349632 -12.81081419
v -20.52763477 12.86349632 -12.91003358
v -23.30479026 14.28543311 -15.70800133
v -23.40678498 14.20606952 -15.70800133
v -23.46579731 14.15425632 -15.69328271
v -23.62280525 13.99004925 -15.70800133
v -23.62280898 13.99004459 -15.67752846
v -23.79803173 13.73980008 -15.70800133
v -23.79803360 13.73979636 -15.65546729
v -23.66871759 13.93295079 -15.67232795
v -23.92714098 13.46292440 -15.70800133
v -24.00621027 13.16783577 -15.70800133
v -24.00620840 13.16784136 -15.61048906
v -24.01016466 13.14448938 -15.70800133
v -24.01815169 13.08989245 -15.60482197
v -24.01726693 13.09657842 -15.70452563
v -24.03283492 12.86350377 -15.58893733
v -24.03283492 12.86350377 -15.68815671
v -24.03129078 12.78991625 -15.58386441
v -24.03155342 12.79649045 -15.68354107
v -24.00620840 12.55915780 -15.56738652
v -24.00620840 12.55915873 -15.66660590
v -23.99231866 12.48883083 -15.56218602
v -23.99373055 12.49534078 -15.66188969
v -23.92714098 12.26407383 -15.54498263
v -23.92714098 12.26407383 -15.64420201
v -23.90016615 12.19459902 -15.53947013
v -23.90269004 12.20074296 -15.63918032
v -23.79803360 11.98720280 -15.52240737
v -23.79803360 11.98720187 -15.62162675
v -23.75786193 11.92104351 -15.51674958
v -23.76135997 11.92654762 -15.61644208
v -23.62280898 11.73695549 -15.50034620
v -23.62280898 11.73695549 -15.59956651
v -23.57298881 11.68011688 -15.49505349
v -23.57723750 11.68477442 -15.59470873
v -23.40678126 11.52092684 -15.47908969
v -23.40678126 11.52092684 -15.57830907
v -23.35205860 11.47684827 -15.47410619
v -23.35704491 11.48071699 -15.57377260
v -23.15653116 11.34570222 -15.45702945
v -23.15653302 11.34570222 -15.55624884
v -23.09408784 11.31132338 -15.45179076
v -23.09969626 11.31427754 -15.55147674
v -22.87966013 11.21659484 -15.43445420
v -22.87966013 11.21659484 -15.53367358
v -22.80890010 11.19253598 -15.42893704
v -22.81487174 11.19443774 -15.52861743
v -22.58457616 11.13752648 -15.41205030
v -22.58457616 11.13752648 -15.51126968
v -22.50959910 11.12597343 -15.40660020
v -22.51564711 11.12678275 -15.50625544
v -22.28024043 11.11089997 -15.39049949
v -22.28024043 11.11089997 -15.48971888
v -22.20960334 11.11232396 -15.38563333
v -22.21554331 11.11209393 -15.48526250
v -21.97589353 11.13752741 -15.36894776
v -21.97589353 11.13752648 -15.46816714
v -21.90852165 11.15077268 -15.36397077
v -21.91439830 11.14950795 -15.46362694
v -21.68080956 11.21659577 -15.34654386
v -21.68080956 11.21659577 -15.44576325
v -21.61415294 11.24240737 -15.34125768
v -21.61969617 11.24014147 -15.44092037
v -21.40393853 11.34570222 -15.32396860
v -21.40393853 11.34570222 -15.42318799
v -21.34032920 11.38424780 -15.31853434
v -21.34529315 11.38110738 -15.41817747
v -21.15369216 11.52092591 -15.30190744
v -21.15369029 11.52092591 -15.40112682
v -21.09903470 11.56875212 -15.29681869
v -21.10323124 11.56493742 -15.39643388
v -20.93766257 11.73695456 -15.28065465
v -20.93766257 11.73695456 -15.37987031
v -20.89541778 11.78930979 -15.27587883
v -20.89889720 11.78483758 -15.37550427
v -20.76243795 11.98720373 -15.25859348
v -20.76243795 11.98720373 -15.35781007
v -20.72947472 12.04695459 -15.25357645
v -20.73213086 12.04192918 -15.35321213
v -20.63333057 12.26407476 -15.23601823
v -20.63333057 12.26407569 -15.33523481
v -20.61019279 12.33193558 -15.23072552
v -20.61190270 12.32658792 -15.33035748
v -20.55426314 12.55915966 -15.21361433
v -20.55426314 12.55915966 -15.31283371
v -20.54310404 12.63116580 -15.20837657
v -20.54383606 12.62575574 -15.30798711
v -20.52763477 12.86349539 -15.19206446
v -20.52763477 12.86349539 -15.29128384
v -20.52894235 12.93117926 -15.18739946
v -20.52874677 12.92587537 -15.28698858
v -20.55426314 13.16784136 -15.17050900
v -20.55426314 13.16784136 -15.26972838
v -20.56686953 13.23225908 -15.16575273
v -20.56575008 13.22701573 -15.26535861
v -20.63333057 13.46292626 -15.14810976
v -20.63333057 13.46292626 -15.24732448
v -20.65798640 13.52676190 -15.14304616
v -20.65597661 13.52182217 -15.24266042
v -20.76243795 13.73979729 -15.12553450
v -20.76243795 13.73979822 -15.22474922
v -20.79936303 13.80084921 -15.12031443
v -20.79657838 13.79643194 -15.21991473
v -20.93766257 13.99004459 -15.10347240
v -20.93766257 13.99004459 -15.20268805
v -20.98349482 14.04251345 -15.09858854
v -20.98011225 14.03878070 -15.19815810
v -21.15369029 14.20607325 -15.08221589
v -21.15369029 14.20607325 -15.18143527
v -21.20368183 14.24648147 -15.07765707
v -21.19972184 14.24339041 -15.17723408
v -21.40393853 14.38129786 -15.06015472
v -21.40393853 14.38129786 -15.15937410
v -21.46100067 14.41284176 -15.05536493
v -21.45655639 14.41048365 -15.15495311
v -21.68081142 14.51040525 -15.03757946
v -21.68081142 14.51040525 -15.13679884
v -21.74577117 14.53261822 -15.03251400
v -21.74104936 14.53109831 -15.13209846
v -21.97589539 14.58947361 -15.01517557
v -21.97589539 14.58947361 -15.11439495
v -22.04493061 14.60023224 -15.01015481
v -22.04015851 14.59957846 -15.10971598
v -22.28023112 14.61610012 -14.99362569
v -22.28023112 14.61610012 -15.09284507
v -22.34496363 14.61490430 -14.98916652
v -22.34029397 14.61507101 -15.08871000
v -22.58457616 14.58947267 -14.97207489
v -22.58457616 14.58947267 -15.07129427
v -22.64603786 14.57749959 -14.96753283
v -22.64142968 14.57847655 -15.06709587
v -22.87966199 14.51040432 -14.94967099
v -22.87966199 14.51040432 -15.04889037
v -22.94067666 14.48689960 -14.94483463
v -22.93633856 14.48865701 -15.04440140
v -23.15653302 14.38129693 -14.92709573
v -23.15653302 14.38129693 -15.02631512
v -23.21502566 14.34598863 -14.92210012
v -23.21115509 14.34842311 -15.02165012
v -23.40677939 14.20607325 -14.90503363
v -23.40678126 14.20607325 -15.00425301
v -23.45705777 14.16222844 -14.90035933
v -23.45379256 14.16518074 -14.99988325
v -23.62280898 13.99004553 -14.88377806
v -23.62280898 13.99004553 -14.98299651
v -23.66137691 13.94241489 -14.87943344
v -23.65867607 13.94586265 -14.97896295
v -23.79803360 13.73979636 -14.86171596
v -23.79803360 13.73979729 -14.96093534
v -23.82815257 13.68542295 -14.85714875
v -23.82609621 13.68928701 -14.95668851
v -23.92714098 13.46292440 -14.83914070
v -23.92714098 13.46292440 -14.93836008
v -23.94842356 13.40086106 -14.83429782
v -23.94709736 13.40496074 -14.93383385
v -24.00620840 13.16784043 -14.81673680
v -24.00620840 13.16784043 -14.91595618
v -24.01656285 13.10177613 -14.81193118
v -24.01599102 13.10591027 -14.91144951
v -24.03283492 12.86350377 -14.79518600
v -24.03283492 12.86350377 -14.89440538
v -24.03174713 12.80172262 -14.79093544
v -24.03188497 12.80575804 -14.89043422
v -24.00620840 12.55915873 -14.77363613
v -24.00620840 12.55915873 -14.87285551
v -23.99486303 12.50065397 -14.76931758
v -23.99569936 12.50462979 -14.86883126
v -23.92714098 12.26407383 -14.75123223
v -23.92714098 12.26407383 -14.85045161
v -23.90478179 12.20588479 -14.74662405
v -23.90628681 12.20961753 -14.84614052
v -23.79803360 11.98720187 -14.72865697
v -23.79803360 11.98720187 -14.82787635
v -23.76433648 11.93127129 -14.72388115
v -23.76642078 11.93459611 -14.82338738
v -23.62280898 11.73695549 -14.70659580
v -23.62280898 11.73695456 -14.80581518
v -23.58094975 11.68887317 -14.70212452
v -23.58347178 11.69167180 -14.80160933
v -23.40678126 11.52092684 -14.68534302
v -23.40678126 11.52092777 -14.78455868
v -23.36150780 11.48420386 -14.68120795
v -23.36444519 11.48651168 -14.78069089
v -23.15653302 11.34570222 -14.66328185
v -23.15653302 11.34570222 -14.76249658
v -23.10484275 11.31701097 -14.65893351
v -23.10812846 11.31876651 -14.75842856
v -22.87966013 11.21659484 -14.64070566
v -22.87966013 11.21659484 -14.73992132
v -22.82049321 11.19624823 -14.63608630
v -22.82396890 11.19737886 -14.73557483
v -22.58457616 11.13752648 -14.61830270
v -22.58457616 11.13752648 -14.71752208
v -22.52148278 11.12758368 -14.61370848
v -22.52497897 11.12807263 -14.71318118
v -22.28024043 11.11089997 -14.59675096
v -22.28024043 11.11089997 -14.69597034
v -22.22140878 11.11188717 -14.59270157
v -22.22480997 11.11177634 -14.69215564
v -21.97589539 11.13752648 -14.57519736
v -21.97589539 11.13752648 -14.67441674
v -21.92034759 11.14824880 -14.57109954
v -21.92368731 11.14755124 -14.67056479
v -21.68080956 11.21659577 -14.55279626
v -21.68080956 11.21659577 -14.65201192
v -21.62544802 11.23781223 -14.54841252
v -21.62857540 11.23655681 -14.64788057
v -21.40393667 11.34570315 -14.53022100
v -21.40393667 11.34570315 -14.62943759
v -21.35057189 11.37779094 -14.52566497
v -21.35334909 11.37605682 -14.62512277
v -21.15369029 11.52092684 -14.50816076
v -21.15369029 11.52092684 -14.60737642
v -21.10780776 11.56080328 -14.50389437
v -21.11013792 11.55870967 -14.60333075
v -20.93766257 11.73695456 -14.48690426
v -20.93766257 11.73695363 -14.58612364
v -20.90278827 11.77987456 -14.48298432
v -20.90470120 11.77744567 -14.58242442
v -20.76243795 11.98720280 -14.46484309
v -20.76243795 11.98720280 -14.56406247
v -20.73518001 12.03620993 -14.46072198
v -20.73663101 12.03350350 -14.56016582
v -20.63333057 12.26407569 -14.44226783
v -20.63333057 12.26407569 -14.54148628
v -20.61392367 12.32034806 -14.43787199
v -20.61485685 12.31749449 -14.53731395
v -20.55426314 12.55915966 -14.41986393
v -20.55426128 12.55916059 -14.51908331
v -20.54473385 12.61928305 -14.41548672
v -20.54513805 12.61642389 -14.51491099
v -20.52763477 12.86349539 -14.39831220
v -20.52763477 12.86349632 -14.49753158
v -20.52852698 12.91937847 -14.39446863
v -20.52844130 12.91661151 -14.49387707
v -20.55426314 13.16784043 -14.37676139
v -20.55426314 13.16784043 -14.47598077
v -20.56436613 13.22043035 -14.37287964
v -20.56380548 13.21772393 -14.47230019
v -20.63333057 13.46292626 -14.35435750
v -20.63333057 13.46292626 -14.45357688
v -20.65341175 13.51545937 -14.35020100
v -20.65240405 13.51293828 -14.44961783
v -20.76243795 13.73979822 -14.33178224
v -20.76243795 13.73979822 -14.43100162
v -20.79292014 13.79059628 -14.32744600
v -20.79153620 13.78836762 -14.42686003
v -20.93766257 13.99004553 -14.30972200
v -20.93766257 13.99004553 -14.40894138
v -20.97555995 14.03372549 -14.30566516
v -20.97389288 14.03186470 -14.40505497
v -21.15369029 14.20607232 -14.28846456
v -21.15368843 14.20607232 -14.38768487
v -21.19426057 14.23909701 -14.28475883
v -21.19234018 14.23757710 -14.38415237
v -21.40393853 14.38129786 -14.26640432
v -21.40393853 14.38129786 -14.36562371
v -21.45026624 14.40711785 -14.26250767
v -21.44813724 14.40597139 -14.36190493
v -21.68081142 14.51040525 -14.24382906
v -21.68081142 14.51040525 -14.34304845
v -21.73419110 14.52886499 -14.23966046
v -21.73195966 14.52813204 -14.33905028
v -21.97589539 14.58947361 -14.22142517
v -21.97589539 14.58947361 -14.32064455
v -23.95211533 13.38926237 -15.62715136
v -23.92714098 13.46292533 -15.63289203
v -23.83382246 13.67465686 -15.65000229
v -22.28023484 11.43849455 -10.12260746
v -22.28023484 11.54053025 -10.18151455
v -22.28023484 11.54053025 -10.28073393
v -22.28023484 11.54053025 -10.37995331
v -22.28023484 11.32571511 -10.50397567
v -23.70382659 12.28197664 -15.76320268
v -23.78370799 12.54046615 -15.78591205
v -23.57368730 12.58559059 -15.90993814
v -23.41826446 11.82924956 -15.71873389
v -23.57981913 12.04138901 -15.74046724
v -23.39827828 12.15623040 -15.86448960
v -22.99925499 11.50416397 -15.67549817
v -23.22505973 11.65020373 -15.69779404
v -23.09307642 11.81969047 -15.82182012
v -22.48679288 11.33965049 -15.63027687
v -22.74934202 11.39901299 -15.65264352
v -22.68381231 11.60358917 -15.77666588
v -21.95923775 11.35959011 -15.58764838
v -22.22347260 11.32676285 -15.60928952
v -22.23140188 11.54143177 -15.73331095
v -21.45988867 11.56280283 -15.54220356
v -21.70065790 11.43911481 -15.56494366
v -21.78161964 11.63808908 -15.68896882
v -21.06820792 11.91704907 -15.49952663
v -21.24749497 11.72410138 -15.52045532
v -21.39176056 11.88326441 -15.64448141
v -20.81638947 12.39239611 -15.45437984
v -20.92188038 12.14262843 -15.47723822
v -21.11163177 12.24332768 -15.60126152
v -20.74342407 12.91823015 -15.41101094
v -20.75666562 12.65489589 -15.43200947
v -20.96949518 12.68403605 -15.55603184
v -20.85505985 13.44113238 -15.36668278
v -20.77589184 13.18245940 -15.38938563
v -20.98603547 13.13790400 -15.51340800
v -21.13946714 13.89472838 -15.32218046
v -20.97842656 13.68208323 -15.34393709
v -21.16027847 13.56773451 -15.46796225
v -21.55751362 14.22087103 -15.27897455
v -21.33215964 14.07425851 -15.30125644
v -21.46459743 13.90512567 -15.42527881
v -22.06958458 14.38678894 -15.23374300
v -21.80713601 14.32670187 -15.25612082
v -21.87322453 14.12230544 -15.38014226
v -22.59715833 14.36827332 -15.19111730
v -22.33293280 14.40038159 -15.21273516
v -22.32557163 14.18569311 -15.33675753
v -23.09705317 14.16641753 -15.14567249
v -22.85592072 14.28946294 -15.16842376
v -22.77550288 14.09026887 -15.29244520
v -23.48972112 13.81319854 -15.10298438
v -23.30994979 14.00563493 -15.12390655
v -23.16610888 13.84608820 -15.24792891
v -23.74279127 13.33859470 -15.05785622
v -23.63662049 13.58807087 -15.08071553
v -23.44714478 13.48685473 -15.20473789
v -23.81718531 12.81283516 -15.01445659
v -23.80323969 13.07619829 -15.03547095
v -23.59049022 13.04648630 -15.15949331
v -23.70698377 12.28976343 -14.97016288
v -23.78543653 12.54861616 -14.99285456
v -23.57517369 12.59260252 -15.11687692
v -23.42373505 11.83530129 -14.92563169
v -23.58425967 12.04845123 -14.94740974
v -23.40209857 12.16230635 -15.07143117
v -23.00665341 11.50810346 -14.88245092
v -23.23155478 11.65528782 -14.90471698
v -23.09866436 11.82406489 -15.02874028
v -22.49498107 11.34078298 -14.83720355
v -22.75732346 11.40159462 -14.85959627
v -22.69067988 11.60580944 -14.98361863
v -21.96739055 11.35787368 -14.79458995
v -22.23160304 11.32648438 -14.81617801
v -22.23839611 11.54119149 -14.94020503
v -21.46695741 11.55837160 -14.74914514
v -21.70844749 11.43596973 -14.77190293
v -21.78832144 11.63538359 -14.89592530
v -21.07330039 11.91056240 -14.70644679
v -21.25355601 11.71863731 -14.72735591
v -21.39697410 11.87856402 -14.85137828
v -20.81898227 12.38441840 -14.66133725
v -20.92583105 12.13523559 -14.68419190
v -21.11502923 12.23696768 -14.80821427
v -20.74315585 12.91010156 -14.61790409
v -20.75780928 12.64670771 -14.63893335
v -20.97047865 12.67699152 -14.76295851
v -20.85192502 13.43333721 -14.57364392
v -20.77418752 13.17430753 -14.59632255
v -20.98456956 13.13089021 -14.72034957
v -21.13401145 13.88865896 -14.52908106
v -20.97400464 13.67500704 -14.55088239
v -21.15647309 13.56164739 -14.67490382
v -21.55012637 14.21691198 -14.48592730
v -21.32568136 14.06915765 -14.50817473
v -21.45902440 13.90073821 -14.63219710
v -22.06139639 14.38563410 -14.44066502
v -21.79916017 14.32409883 -14.46307264
v -21.86636254 14.12006654 -14.58709873
v -22.58900367 14.36996739 -14.39805888
v -22.32480608 14.40063864 -14.41962551
v -22.31857926 14.18591477 -14.54364788
v -23.08996953 14.17083107 -14.35261779
v -22.84812182 14.29258659 -14.37538303
v -22.76879363 14.09295574 -14.49940540
v -23.48461375 13.81966844 -14.30990454
v -23.30387197 14.01108596 -14.33080714
v -23.16087857 13.85077741 -14.45482951
v -23.74017797 13.34656682 -14.26481362
v -23.63265119 13.59545253 -14.28766828
v -23.44373055 13.49320542 -14.41168971
v -23.81743304 12.82096095 -14.22134694
v -23.80207367 13.08438554 -14.24239855
v -23.58948626 13.05352990 -14.36642092
v -23.71009625 12.29756698 -14.17712029
v -23.78712036 12.55677082 -14.19979613
v -23.57662097 12.59961817 -14.32381850
v -23.42917956 11.84138842 -14.13253229
v -23.58866483 12.05554046 -14.15435411
v -23.40588719 12.16840558 -14.27837647
v -23.01402763 11.51208207 -14.08940367
v -23.23801629 11.66040450 -14.11163341
v -23.10422249 11.82846632 -14.23565857
v -22.50316739 11.34196017 -14.04413022
v -22.76529372 11.40421815 -14.06655274
v -22.69753441 11.60806697 -14.19057604
v -21.97554521 11.35620195 -14.00152780
v -22.23972604 11.32624876 -14.02307115
v -22.24538475 11.54098846 -14.14709352
v -21.47405222 11.55397668 -13.95609137
v -21.71625569 11.43286750 -13.97886034
v -21.79503813 11.63271442 -14.10288643
v -21.07842267 11.90410927 -13.91336508
v -21.25965059 11.71320025 -13.93425651
v -21.40221745 11.87388692 -14.05827887
v -20.82161792 12.37645186 -13.86829279
v -20.92981897 12.12786604 -13.89114372
v -21.11846022 12.23062724 -14.01516609
v -20.74293420 12.90197950 -13.82479258
v -20.75899765 12.63852138 -13.84585910
v -20.97149938 12.66994886 -13.96988612
v -20.84883489 13.42552528 -13.78059946
v -20.77252604 13.16615008 -13.80326506
v -20.98314092 13.12387269 -13.92728742
v -21.12858184 13.88255600 -13.73598166
v -20.96961811 13.66790477 -13.75782676
v -21.15270123 13.55553605 -13.88184913
v -21.54276334 14.21291381 -13.69288098
v -21.31923661 14.06402607 -13.71509489
v -21.45347930 13.89632374 -13.83911725
v -22.05321006 14.38443456 -13.64759263
v -21.79119736 14.32145294 -13.67003005
v -21.85951173 14.11778945 -13.79405614
v -22.58084528 14.37161677 -13.60499673
v -22.31668495 14.40085284 -13.62651400
v -22.31159434 14.18609824 -13.75053730
v -23.08285981 14.17520735 -13.55956402
v -22.84030616 14.29566741 -13.58234044
v -22.76206948 14.09560628 -13.70636281
v -23.47947471 13.82610574 -13.51682283
v -23.29776064 14.01650812 -13.53770774
v -23.15562032 13.85544240 -13.66173010
v -23.73751998 13.35452590 -13.47176917
v -23.62864278 13.60280998 -13.49462010
v -23.44028279 13.49953469 -13.61864246
v -23.81763607 12.82907929 -13.42823636
v -23.80086295 13.09257187 -13.44932429
v -23.58844504 13.06057256 -13.57334666
v -23.71316776 12.30538636 -13.38407956
v -23.78875762 12.56493106 -13.40673305
v -23.57803099 12.60663848 -13.53075635
v -23.43459427 11.84750907 -13.33943289
v -23.59303087 12.06265669 -13.36129941
v -23.40964600 12.17452716 -13.48532178
v -23.02138135 11.51609980 -13.29635736
v -23.24444614 11.66555099 -13.31855170
v -23.10975455 11.83289383 -13.44257407
v -22.51135372 11.34318206 -13.25105783
v -22.77324907 11.40688732 -13.27351015
v -22.70437963 11.61036361 -13.39753252
v -21.98370732 11.35457493 -13.20846658
v -22.24784344 11.32605597 -13.22995778
v -22.25236781 11.54082362 -13.35398294
v -21.48117498 11.54961810 -13.16303667
v -21.72407880 11.42980810 -13.18581961
v -21.80176973 11.63008157 -13.30984198
v -21.08357847 11.89768780 -13.12028151
v -21.26578055 11.70779113 -13.14115711
v -21.40749060 11.86923310 -13.26517947
v -20.82429640 12.36849930 -13.07524554
v -20.93384601 12.12052070 -13.09809275
v -21.12192474 12.22430822 -13.22211977
v -20.74274980 12.89386395 -13.03167921
v -20.76023072 12.63033506 -13.05278577
v -20.97256109 12.66290620 -13.17681186
v -20.84578574 13.41769751 -12.98756059
v -20.77091113 13.15798797 -13.01020198
v -20.98174766 13.11685052 -13.13422527
v -21.12317830 13.87641765 -12.94288225
v -20.96526884 13.66077550 -12.96477206
v -21.14896104 13.54940236 -13.08879443
v -21.53542452 14.20887653 -12.89983373
v -21.31282352 14.05886468 -12.92200945
v -21.44796215 13.89188319 -13.04603182
v -22.04502374 14.38319031 -12.85451930
v -21.78324945 14.31876142 -12.87698559
v -21.85267396 14.11547512 -13.00100796
v -22.57268131 14.37322143 -12.81193551
v -22.30857313 14.40102421 -12.83339970
v -22.30461314 14.18624539 -12.95742579
v -23.07572402 14.17954732 -12.76650932
v -22.83247374 14.29870632 -12.78929599
v -22.75533043 14.09822050 -12.91332208
v -23.47430587 13.83251045 -12.72373833
v -23.29161391 14.02190235 -12.74460834
v -23.15033413 13.86008412 -12.86863443
v -23.73481728 13.36247195 -12.67872658
v -23.62459712 13.61014321 -12.70156913
v -23.43680151 13.50584347 -12.82559615
v -23.81779626 12.83719018 -12.63512112
v -23.79960753 13.10075726 -12.65625097
v -23.58736470 13.06761429 -12.78027333
v -23.71619456 12.31322251 -12.59103697
v -23.79035018 12.57309504 -12.61366718
v -23.57940190 12.61366159 -12.73769420
v -23.43998291 11.85366325 -12.54633348
v -23.59736152 12.06979994 -12.56824471
v -23.41337129 12.18067296 -12.69226708
v -23.02870713 11.52015664 -12.50330918
v -23.25084247 11.67072728 -12.52546813
v -23.11525680 11.83734741 -12.64949050
v -22.51953818 11.34444866 -12.45798357
v -22.78119139 11.40960027 -12.48046570
v -22.71121368 11.61269657 -12.60448806
v -21.99187130 11.35299355 -12.41540443
v -22.25595340 11.32590696 -12.43684255
v -22.25934528 11.54069509 -12.56086957
v -21.48832567 11.54529676 -12.36998197
v -21.73192054 11.42679062 -12.39277609
v -21.80851437 11.62748598 -12.51679938
v -21.08876221 11.89129893 -12.32719608
v -21.27194405 11.70240995 -12.34806143
v -21.41279355 11.86460443 -12.47208379
v -20.82701959 12.36055978 -12.28220295
v -20.93791217 12.11319957 -12.30504643
v -21.12542279 12.21800968 -12.42906880
v -20.74261196 12.88575679 -12.23856490
v -20.76150849 12.62215059 -12.25971710
v -20.97366005 12.65586540 -12.38373853
v -20.84277943 13.40985298 -12.19451614
v -20.76934092 13.14982120 -12.21713610
v -20.98039910 13.10982462 -12.34116312
v -21.11780457 13.87024578 -12.14978658
v -20.96095681 13.65361921 -12.17171736
v -21.14524879 13.54324631 -12.29574438
v -21.52810805 14.20480106 -12.10678183
v -21.30644210 14.05367255 -12.12892123
v -21.44247293 13.88741564 -12.25294825
v -22.03684114 14.38190136 -12.06144877
v -21.77531272 14.31602705 -12.08394207
v -21.84584551 14.11312260 -12.20796444
v -22.56451547 14.37478047 -12.01887336
v -22.30046690 14.40115180 -12.04028632
v -22.29763940 14.18635529 -12.16431241
v -23.06856215 14.18385003 -11.97345462
v -22.82462455 14.30170145 -11.99625712
v -22.74857834 14.10079747 -12.12027948
v -23.46910536 13.83888256 -11.93065103
v -23.28543365 14.02726956 -11.95151266
v -23.14501628 13.86470161 -12.07553875
v -23.73207174 13.37040495 -11.88568212
v -23.62051234 13.61745130 -11.90852281
v -23.43328670 13.51213176 -12.03254517
v -23.81791361 12.84529455 -11.84200775
v -23.79830740 13.10894080 -11.86318230
v -23.58624712 13.07465509 -11.98720466
v -23.71917851 12.32107449 -11.79799624
v -23.79189804 12.58126274 -11.82060502
v -23.58073369 12.62068935 -11.94462739
v -23.44534360 11.85985282 -11.75324060
v -23.60165678 12.07696926 -11.77519001
v -23.41706492 12.18684018 -11.89921703
v -23.03601056 11.52425166 -11.71025820
v -23.25720526 11.67593338 -11.73237897
v -23.12073298 11.84182707 -11.85640134
v -22.52772264 11.34575997 -11.66491397
v -22.78911881 11.41235605 -11.68742310
v -22.71803468 11.61506772 -11.81144547
v -22.00004086 11.35145687 -11.62233856
v -22.26405405 11.32579986 -11.64372824
v -22.26631530 11.54060289 -11.76775061
v -21.49550058 11.54101174 -11.57693006
v -21.73977531 11.42381690 -11.59973349
v -21.81527391 11.62492856 -11.72375865
v -21.09397575 11.88494358 -11.53410785
v -21.27814107 11.69705763 -11.55496575
v -21.41812444 11.85999904 -11.67898811
v -20.82978748 12.35263422 -11.48915850
v -20.94201744 12.10590359 -11.51199918
v -21.12895437 12.21173257 -11.63602062
v -20.74251510 12.87765615 -11.44544967
v -20.76283097 12.61396799 -11.46664750
v -20.97479813 12.64882553 -11.59066986
v -20.83981596 13.40199355 -11.40147261
v -20.76781541 13.14165257 -11.42407395
v -20.97908780 13.10279593 -11.54809631
v -21.11245878 13.86404037 -11.35669090
v -20.95668204 13.64643686 -11.37866732
v -21.14157006 13.53706792 -11.50268968
v -21.52081765 14.20068648 -11.31373458
v -21.30009606 14.04845063 -11.33583765
v -21.43701166 13.88292387 -11.45986002
v -22.02865854 14.38056678 -11.26837917
v -21.76739089 14.31324892 -11.29089948
v -21.83903009 14.11073189 -11.41492184
v -22.55634591 14.37629480 -11.22580748
v -22.29236811 14.40123748 -11.24717109
v -22.29067311 14.18642886 -11.37119345
v -23.06137234 14.18811642 -11.18040271
v -22.81676233 14.30465281 -11.20321266
v -22.74181321 14.10333719 -11.32723503
v -23.46387692 13.84522207 -11.13756280
v -23.27921987 14.03260883 -11.15842070
v -23.13967049 13.86929397 -11.28244214
v -23.72928336 13.37832399 -11.09263860
v -23.61638844 13.62473611 -11.11547090
v -23.42974022 13.51839770 -11.23949327
v -23.81798811 12.85339054 -11.04889251
v -23.79696257 13.11712246 -11.07011177
v -23.58508855 13.08169402 -11.19413506
v -23.72211963 12.32894231 -11.00495365
v -23.79340120 12.58943416 -11.02753915
v -23.58202636 12.62771897 -11.15156524
v -23.45067449 11.86607499 -10.96014492
v -23.60591292 12.08416373 -10.98213997
v -23.42072688 12.19303068 -11.10616233
v -23.04328792 11.52838487 -10.91720816
v -23.26353639 11.68117113 -10.93929075
v -23.12617935 11.84633188 -11.06331684
v -22.53590338 11.34711690 -10.87184530
v -22.79703692 11.41515654 -10.89437865
v -22.72484452 11.61747705 -11.01840101
v -22.00821415 11.34996489 -10.82927268
v -22.27215096 11.32573746 -10.85061114
v -22.27327973 11.54054794 -10.97463723
v -21.50270157 11.53676491 -10.78387536
v -21.74764685 11.42088696 -10.80669276
v -21.82204463 11.62240747 -10.93071513
v -21.09922096 11.87862083 -10.74102055
v -21.28437161 11.69173326 -10.76187380
v -21.42348513 11.85541879 -10.88589709
v -20.83259821 12.34472170 -10.69611590
v -20.94615996 12.09863182 -10.71894728
v -21.13251761 12.20547687 -10.84296964
v -20.74246295 12.86956389 -10.65233257
v -20.76419815 12.60578725 -10.67357697
v -20.97597532 12.64178753 -10.79759933
v -20.83689719 13.39411829 -10.60843281
v -20.76633461 13.13347835 -10.63100807
v -20.97781375 13.09576444 -10.75503044
v -23.77068624 12.50774041 -10.22992097
v -23.58327992 12.63475232 -10.35849564
v -23.52319472 12.41039671 -10.33593155
v -23.39827269 13.96189071 -15.89328609
v -23.31599407 14.00015689 -15.91700874
v -23.49479869 13.80669605 -15.89606516
v -22.47207984 14.22086451 -16.08974673
v -22.55989611 14.15657345 -16.10820182
v -22.78219722 14.08754382 -16.08548872
v -22.33256772 14.18543514 -16.12986624
v -22.28027768 14.19355161 -16.13054611
v -22.24738523 14.18606192 -16.13762788
v -22.98901975 13.98058329 -16.06275328
v -22.94765227 14.17477243 -15.98924585
v -22.72124588 14.21707030 -16.03699662
v -23.17130752 13.84137571 -16.04103111
v -23.18369970 14.08744045 -15.93932323
v -23.08386005 14.13019840 -15.96048661
v -23.74535985 13.33060954 -15.85090347
v -23.76011387 13.61300237 -15.80174454
v -23.64055067 13.58066592 -15.87375812
v -23.58430065 13.80913891 -15.84975608
v -23.49827066 13.88543658 -15.87064378
v -23.80436100 13.06801010 -15.82854800
v -23.90248515 13.39165214 -15.75454138
v -20.95244452 13.63922842 -10.58561634
v -21.10714279 13.85780144 -10.56359988
v -21.00322023 14.04885203 -10.43996401
v -21.29378170 14.04319890 -10.54274850
v -21.20726928 14.22116999 -10.42806916
v -21.51355334 14.19653557 -10.52068453
v -21.43646777 14.35997896 -10.41555963
v -21.46460488 14.37380537 -10.41407418
v -21.75948210 14.31042701 -10.49785502
v -21.71314135 14.47002869 -10.40128153
v -22.02047780 14.37918749 -10.47531050
v -21.97482251 14.52653483 -10.38844790
v -22.28427678 14.40127939 -10.45405399
v -22.26439863 14.54075798 -10.37493255
v -22.52687514 14.51015100 -10.36262047
v -22.54817076 14.37776349 -10.43274160
v -22.55914174 14.50338960 -10.36103629
v -22.80888334 14.30756226 -10.41016914
v -22.80592732 14.42835666 -10.34839731
v -23.05415832 14.19234462 -10.38735174
v -23.04127999 14.31365963 -10.33532806
v -23.27297069 14.03791830 -10.36532782
v -23.26321229 14.15653527 -10.32185089
v -23.44883233 13.97350803 -10.30934788
v -23.45861681 13.85152806 -10.34447365
v -23.47037941 13.94800935 -10.30775718
v -23.61222543 13.63199484 -10.32241993
v -23.61300774 13.74500524 -10.29551588
v -23.72645028 13.38622812 -10.29959600
v -23.79557118 13.12530134 -10.27704217
v -23.82094041 13.13517336 -10.26207488
v -23.79956841 13.26385140 -10.26879530
v -23.76473509 13.40006664 -10.27609222
v -23.72349054 13.51868547 -10.28260775
v -23.82085286 12.74716016 -10.24260279
v -23.81801978 12.86147907 -10.25577169
v -23.83104526 12.86350098 -10.24841052
v -23.83122593 13.01432215 -10.25590487
v -23.67469296 12.26310246 -10.21581702
v -23.42435718 12.19924260 -10.31311136
v -23.55036139 12.05586456 -10.20275708
v -23.29173684 12.01078855 -10.29107906
v -23.38717878 11.86343562 -10.18939354
v -23.13159779 11.85086276 -10.27022582
v -23.20562862 11.70924213 -10.17701440
v -23.18047732 11.69159077 -10.17537247
v -22.94293605 11.71847712 -10.24818234
v -22.98261598 11.57756615 -10.16285177
v -22.73164131 11.61992364 -10.22535842
v -22.76602387 11.49494480 -10.14981605
v -22.73644693 11.48662902 -10.14808472
v -22.50722423 11.56014856 -10.20280179
v -22.51199260 11.44464593 -10.13525762
v -23.60320464 12.86176126 -10.37979685
v -23.58389273 13.08873016 -10.40106826
v -23.52442779 13.31320778 -10.42361837
v -23.42615835 13.52464315 -10.44644602
v -23.29400741 13.71350978 -10.46849973
v -23.13429490 13.87386210 -10.48935018
v -22.94604853 14.00671620 -10.51137410
v -22.73503505 14.10583965 -10.53419616
v -22.51074277 14.16623406 -10.55676397
v -22.28371240 14.18646518 -10.57807542
v -22.05676399 14.16745968 -10.59933286
v -21.83222584 14.10830487 -10.62188111
v -21.62065171 14.01032135 -10.64470690
v -21.43158019 13.87840603 -10.66677086
v -21.27101272 13.71890586 -10.68762597
v -21.13792486 13.53086624 -10.70963871
v -21.03851736 13.31999619 -10.73245518
v -20.95727623 12.86871638 -10.77635493
v -21.03482001 12.41719071 -10.82014199
v -21.26419730 12.01619953 -10.86504292
v -21.61131613 11.72209810 -10.90790145
v -22.04621211 11.56139281 -10.95329877
v -22.50018902 11.55894250 -10.99586673
v -22.93669619 11.71488874 -11.04123425
v -23.28717336 12.00540643 -11.08417101
v -23.52070250 12.40361482 -11.12897601
v -23.60317670 12.85480335 -11.17291581
v -23.52686413 13.30640726 -11.21666189
v -23.29853177 13.70808389 -11.26158796
v -22.95225486 14.00307938 -11.30442508
v -22.51777425 14.16497026 -11.34982985
v -22.06380107 14.16864619 -11.39240153
v -21.62690274 14.01389390 -11.43775787
v -21.27558738 13.72427400 -11.48071792
v -21.04103006 13.32677063 -11.52549963
v -20.95732093 12.87567895 -11.56947203
v -21.03240229 12.42399774 -11.61318459
v -21.25968598 12.02163938 -11.65813021
v -21.60512097 11.72575168 -11.70095243
v -22.03918248 11.56267617 -11.74636465
v -22.49315009 11.55777555 -11.78893633
v -22.93043584 11.71133202 -11.83428057
v -23.28258753 12.00005319 -11.87726296
v -23.51817116 12.39684690 -11.92201860
v -23.60311337 12.84783799 -11.96603291
v -23.52926321 13.29959463 -12.00970449
v -23.30303006 13.70263007 -12.05467712
v -22.95843884 13.99940904 -12.09747978
v -22.52480388 14.16366827 -12.14289479
v -22.07084000 14.16979358 -12.18547113
v -21.63317427 14.01743293 -12.23080792
v -21.28018625 13.72961234 -12.27380987
v -21.04358003 13.33353296 -12.31853850
v -20.95740475 12.88264710 -12.36259099
v -21.03002183 12.43081596 -12.40622811
v -21.25520073 12.02710718 -12.45121844
v -21.59894817 11.72943786 -12.49400433
v -22.03215472 11.56399772 -12.53942586
v -22.48611115 11.55664679 -12.58200686
v -22.92415313 11.70780975 -12.62733154
v -23.27797562 11.99472882 -12.67035864
v -23.51560444 12.39009108 -12.71506213
v -23.60301279 12.84086611 -12.75914721
v -23.53162505 13.29276897 -12.80274894
v -23.30750413 13.69714830 -12.84776069
v -22.96460047 13.99570797 -12.89053168
v -22.53182977 14.16232623 -12.93595694
v -22.07788080 14.17090278 -12.97854539
v -21.63946815 14.02094029 -13.02385516
v -21.28480934 13.73492274 -13.06690462
v -21.04616538 13.34028132 -13.11158296
v -20.95752396 12.88962271 -13.15570436
v -21.02767862 12.43764628 -13.19927257
v -21.25073969 12.03260291 -13.24430387
v -21.59279771 11.73315570 -13.28705903
v -22.02512883 11.56535838 -13.33248802
v -22.47906849 11.55555714 -13.37508019
v -22.91784994 11.70432009 -13.42037972
v -23.27334136 11.98943332 -13.46345525
v -23.51299860 12.38335017 -13.50810286
v -23.60287495 12.83388771 -13.55225872
v -23.53394963 13.28593399 -13.59579153
v -23.31195213 13.69163767 -13.64084519
v -22.97074161 13.99197336 -13.68358638
v -22.53885195 14.16094601 -13.72901909
v -22.08492346 14.17197380 -13.77161406
v -21.64578065 14.02441226 -13.81690335
v -21.28945664 13.74020241 -13.86000402
v -21.04878798 13.34701572 -13.90462182
v -20.95768042 12.89660390 -13.94881494
v -21.02537267 12.44448870 -13.99231516
v -21.24630660 12.03812752 -14.03738745
v -21.58666961 11.73690520 -14.08011373
v -22.01810852 11.56675816 -14.12555017
v -22.47202583 11.55450568 -14.16815259
v -22.91152440 11.70086302 -14.21342697
v -23.26868102 11.98416762 -14.25655466
v -23.51035737 12.37662230 -14.30114545
v -23.60269986 12.82690279 -14.34537210
v -23.53623696 13.27908598 -14.38883599
v -23.31637219 13.68610002 -14.43393063
v -22.97685668 13.98820803 -14.47664108
v -22.54587226 14.15952761 -14.52208124
v -22.09196612 14.17300571 -14.56468739
v -21.65211551 14.02785257 -14.60994966
v -21.29412815 13.74545414 -14.65310343
v -21.05144784 13.35373614 -14.69766628
v -20.95787227 12.90359162 -14.74192645
v -21.02310583 12.45134138 -14.78535961
v -21.24189772 12.04368006 -14.83046822
v -21.58056386 11.74068637 -14.87316843
v -22.01109193 11.56819612 -14.91861232
v -22.46498317 11.55349333 -14.96122684
v -22.90518023 11.69744041 -15.00647329
v -23.26399833 11.97893173 -15.04965406
v -23.50767888 12.36990932 -15.09418618
v -23.60248752 12.81991228 -15.13847895
v -23.53848517 13.27222772 -15.18188324
v -23.32076617 13.68053351 -15.22701047
v -22.98294939 13.98441102 -15.26969951
v -22.55288698 14.15807102 -15.31514339
v -22.09901065 14.17399943 -15.35776537
v -21.65847085 14.03125841 -15.40299691
v -21.29882388 13.75067513 -15.44620283
v -21.05414495 13.36044166 -15.49070887
v -20.95810324 12.91058399 -15.53503331
v -21.02087624 12.45820522 -15.57840221
v -21.23751678 12.04925962 -15.62354900
v -21.57448232 11.74449921 -15.66622593
v -22.00407907 11.56967320 -15.71167074
v -22.45793864 11.55251916 -15.75430296
v -22.89881371 11.69405133 -15.79952054
v -23.25929143 11.97372563 -15.84275626
v -23.50496501 12.36321032 -15.88722877
v -23.60223792 12.81291712 -15.93158580
v -23.32513407 13.67493998 -16.02008753
v -23.45052548 13.48048542 -15.99778421
v -23.54069427 13.26535828 -15.97492583
v -23.59145507 13.03944178 -15.95257036
v -23.81689660 12.80470379 -15.80756344
v -23.60727638 12.77509052 -16.13061689
v -23.27083610 12.86350004 -16.47000015
v -23.25578406 12.69148383 -16.47000015
v -23.06840383 14.41484597 -15.72051831
v -22.94474095 14.46488407 -15.72681777
v -22.10821956 13.83905020 -16.47000015
v -22.28023484 14.18646984 -16.13762788
v -22.28023484 13.85410037 -16.47000015
v -22.33256772 14.18543514 -16.13762788
v -22.45225199 13.83905020 -16.47000015
v -22.61904068 13.79435975 -16.47000015
v -22.55989611 14.15657345 -16.13762788
v -22.50996605 14.16637097 -16.13762788
v -22.77553640 13.72138504 -16.47000015
v -22.78219722 14.08754382 -16.13762788
v -22.73271792 14.10668530 -16.13762788
v -22.91698009 13.62234447 -16.47000015
v -22.98901975 13.98058329 -16.13762788
v -22.94171974 14.00922611 -16.13762788
v -23.03907834 13.50024529 -16.47000015
v -23.17130752 13.84137571 -16.13762788
v -23.13062362 13.87695409 -16.13762788
v -23.13812077 13.35879974 -16.47000015
v -23.32513407 13.67493998 -16.13762788
v -23.29368889 13.71388882 -16.13762788
v -23.21109548 13.20230495 -16.47000015
v -23.45052548 13.48048542 -16.13762788
v -23.42596091 13.52498494 -16.13762788
v -23.25578406 13.03551532 -16.47000015
v -23.54069427 13.26535828 -16.13762788
v -23.52342010 13.31598219 -16.13762788
v -23.60279858 12.89634965 -16.13762788
v -23.59145507 13.03944178 -16.13762788
v -23.58310670 13.09323125 -16.13762788
v -23.13812077 12.36820035 -16.47000015
v -23.52536656 12.32207660 -16.10284857
v -23.21109548 12.52469514 -16.47000015
v -23.58231507 12.52696849 -16.11573435
v -23.58884178 12.56305072 -16.11794904
v -22.91698009 12.10465655 -16.47000015
v -23.28819968 11.91286463 -16.07506536
v -23.03907834 12.22675480 -16.47000015
v -23.41217361 12.08572835 -16.08720608
v -23.43538031 12.12565321 -16.08991437
v -22.61904068 11.93264034 -16.47000015
v -22.92721346 11.60799991 -16.04820602
v -22.77553640 12.00561505 -16.47000015
v -23.10929447 11.73589937 -16.06102102
v -23.13361317 11.75647322 -16.06282778
v -22.28023484 11.87289972 -16.47000015
v -22.46171236 11.43411826 -16.01974480
v -22.45225199 11.88794989 -16.47000015
v -22.67681062 11.49130613 -16.03224687
v -22.72416465 11.50892954 -16.03514142
v -21.94143087 11.93264034 -16.47000015
v -21.97268791 11.42881066 -15.99331759
v -22.10821956 11.88794989 -16.47000015
v -22.20437303 11.41080726 -16.00592770
v -22.23563753 11.41116954 -16.00758545
v -21.64348960 12.10465655 -16.47000015
v -21.48587629 11.59606315 -15.96480422
v -21.78493515 12.00561505 -16.47000015
v -21.69740573 11.49978489 -15.97755961
v -21.74332179 11.48394868 -15.98024927
v -21.42235078 12.36820035 -16.47000015
v -21.08792588 11.91681251 -15.93816094
v -21.52139135 12.22675480 -16.47000015
v -21.25913464 11.75070740 -15.95031656
v -21.28895000 11.72667276 -15.95228352
v -21.30468562 12.69148383 -16.47000015
v -20.81158198 12.36648299 -15.91012441
v -21.34937607 12.52469514 -16.47000015
v -20.91437764 12.15638500 -15.92255570
v -20.91686055 12.15217076 -15.92281647
v -20.91863938 12.14917190 -15.92299901
v -20.94147727 12.11196277 -15.92531987
v -21.30468562 13.03551532 -16.47000015
v -20.70269547 12.89026625 -15.88283293
v -21.28963545 12.86350004 -16.47000015
v -20.72931081 12.64853589 -15.89484699
v -20.73899843 12.60169875 -15.89728706
v -21.42235078 13.35879974 -16.47000015
v -20.77668533 13.42516579 -15.85556753
v -21.34937607 13.20230495 -16.47000015
v -20.71975172 13.17957696 -15.86842723
v -20.71445622 13.14122416 -15.87038301
v -21.64348960 13.62234447 -16.47000015
v -21.03544027 13.92062288 -15.82749747
v -21.52139135 13.50024529 -16.47000015
v -20.89775726 13.70937470 -15.83987288
v -20.87311819 13.66233733 -15.84254019
v -21.78493515 13.72138504 -16.47000015
v -21.23570628 14.13689461 -15.81360959
v -21.20899037 14.11222387 -15.81534185
v -22.81925268 14.50479589 -15.73306136
v -22.55504765 14.55619000 -15.74574597
v -22.28795923 14.56610579 -15.75797610
v -22.24005572 14.56350181 -15.76012559
v -21.97795548 14.52439092 -15.77242650
v -21.72812819 14.44542408 -15.78509621
v -21.94143087 13.79435975 -16.47000015
v -21.67591080 14.42323998 -15.78787901
v -21.44327573 14.29670956 -15.80090262
v -22.28023484 12.86350004 -16.47000015
v -22.54401892 11.34850830 -10.52525546
v -23.60223792 12.81291712 -16.13002643
v -20.81168443 12.40727492 -15.89955576
v -22.86962233 14.28385451 -15.61365929
v -23.10941182 14.15858604 -15.59094246
v -23.32048491 13.99604790 -15.56926034
v -22.61157334 14.36516456 -15.63637890
v -22.34739251 14.39981814 -15.65807499
v -21.82146162 14.33125697 -15.70134051
v -21.34395018 14.08339851 -15.74652828
v -21.14944346 13.90565746 -15.76749422
v -20.98658122 13.69491033 -15.78916050
v -20.77914402 13.19743041 -15.83459787
v -20.75466514 12.67006993 -15.87724872
v -21.11163177 12.24332768 -15.79969563
v -21.22936957 12.05980126 -15.82072861
v -21.23751678 12.04925962 -15.82198776
v -21.38201892 11.89218182 -15.84170200
v -21.39176056 11.88326441 -15.84291644
v -21.56304568 11.75179426 -15.86335339
v -21.57448232 11.74449921 -15.86466469
v -21.76893316 11.64332777 -15.88605903
v -21.78161964 11.63808908 -15.88740386
v -21.99072391 11.57259569 -15.90879075
v -22.00407907 11.56967320 -15.91010951
v -22.21800014 11.54199429 -15.93051292
v -22.23140188 11.54143177 -15.93174972
v -22.44440280 11.55075524 -15.95144905
v -22.45793864 11.55251916 -15.95273800
v -22.67053723 11.59941312 -15.97374491
v -22.68381231 11.60358917 -15.97510464
v -22.88642898 11.68758422 -15.99659584
v -22.89881371 11.69405133 -15.99795930
v -23.08213525 11.81126107 -16.01895131
v -23.09307642 11.81969047 -16.02025516
v -23.25003780 11.96364872 -16.03993215
v -23.25929143 11.97372563 -16.04119502
v -23.39070290 12.14439422 -16.06157236
v -23.39827828 12.15623040 -16.06292836
v -23.49951677 12.35007681 -16.08427055
v -23.50496501 12.36321032 -16.08566567
v -23.57063815 12.57175952 -16.10700600
v -23.57368730 12.58559059 -16.10837318
v -23.60163443 12.79903390 -16.12874866
v -22.80481718 11.41795609 -10.54780744
v -23.05037715 11.53246034 -10.57062950
v -23.60993996 12.09105551 -10.63554175
v -23.45577627 11.87209319 -10.61351504
v -23.26964401 11.68627758 -10.59266739
v -23.72486517 12.33640499 -10.65835543
v -23.79477210 12.59711292 -10.68091579
v -23.79567921 13.12468015 -10.72347723
v -23.81801791 12.86092680 -10.70221327
v -23.72668870 13.38556875 -10.74601896
v -23.61260727 13.63133453 -10.76884102
v -23.27363752 14.03735485 -10.81174053
v -23.45913835 13.85090686 -10.79089474
v -23.05498160 14.19186406 -10.83375700
v -22.80984074 14.30721115 -10.85657161
v -22.54922502 14.37757630 -10.87913476
v -22.28538319 14.40127660 -10.90045180
v -22.02165872 14.37938958 -10.92169620
v -21.76068164 14.31085914 -10.94423514
v -21.51471004 14.19719961 -10.96705534
v -21.29483409 14.04407900 -10.98912023
v -21.10806853 13.85889389 -11.00997068
v -20.95321380 13.64054438 -11.03197318
v -20.83744854 13.39561492 -11.05478313
v -20.76662332 13.13509233 -11.07735839
v -20.74247040 12.87122257 -11.09868567
v -20.76390386 12.60752697 -11.11991610
v -20.83197609 12.34646328 -11.14244666
v -20.94521187 12.10028585 -11.16527058
v -21.09798416 11.88010629 -11.18734758
v -21.28285356 11.69302408 -11.20819803
v -21.50089480 11.53782569 -11.23018842
v -21.74561284 11.42163947 -11.25299465
v -22.00604044 11.35035791 -11.27557643
v -22.26993628 11.32574957 -11.29692234
v -22.53360488 11.34673133 -11.31813787
v -22.79475331 11.41434349 -11.34065725
v -23.04113470 11.52715646 -11.36348583
v -23.26161787 11.67957764 -11.38557680
v -23.44901673 11.86413411 -11.40642725
v -23.60455878 12.08186615 -11.42840274
v -23.72116409 12.32637092 -11.45120524
v -23.79290387 12.58670352 -11.47379633
v -23.81796762 12.85062451 -11.49515994
v -23.79743755 13.11426423 -11.51635777
v -23.73028360 13.37549835 -11.53886877
v -23.61789532 13.62208277 -11.56170201
v -23.46582524 13.84286676 -11.58380322
v -23.28158356 14.03058413 -11.60465460
v -23.06416072 14.18646798 -11.62661798
v -22.81986922 14.30349238 -11.64941676
v -22.55963348 14.37569037 -11.67201530
v -22.29568921 14.40120768 -11.69339474
v -22.03207649 14.38112929 -11.71457954
v -21.77075855 14.31443635 -11.73708402
v -21.52397111 14.20247275 -11.75991632
v -21.30288817 14.05075472 -11.78202964
v -21.11485042 13.86682596 -11.80288382
v -20.95862664 13.64971325 -11.82483416
v -20.84118314 13.40563688 -11.84762828
v -20.76852880 13.14549893 -11.87023334
v -20.74255608 12.88153138 -11.89163234
v -20.76218277 12.61794567 -11.91279851
v -20.82841657 12.35654484 -11.93529647
v -20.93995363 12.10955810 -11.95812784
v -21.09131962 11.88817341 -11.98025607
v -21.27493545 11.69981807 -12.00111117
v -21.49173617 11.54325251 -12.02304941
v -21.73559740 11.42539270 -12.04584446
v -21.99563570 11.35228015 -12.06845324
v -22.25962467 11.32585295 -12.08986528
v -22.52318524 11.34502795 -12.11102214
v -22.78466709 11.41080167 -12.13350799
v -23.03185314 11.52191404 -12.15634309
v -23.25353585 11.67292520 -12.17848342
v -23.44221063 11.85622904 -12.19934039
v -23.59911613 12.07271870 -12.22126372
v -23.71739410 12.31636107 -12.24405598
v -23.79096299 12.57629972 -12.26667222
v -23.81784655 12.84031011 -12.28810288
v -23.79912324 13.10384460 -12.30924390
v -23.73380773 13.36540561 -12.33171951
v -23.62312190 13.61279190 -12.35455927
v -23.47246557 13.83477263 -12.37670891
v -23.28947373 14.02376778 -12.39757054
v -23.07329699 14.18101136 -12.41947897
v -22.82987162 14.29970376 -12.44226750
v -22.57003635 14.37373087 -12.46489026
v -22.30600640 14.40106891 -12.48633675
v -22.04249613 14.38279729 -12.50746381
v -21.78085595 14.31794278 -12.52993383
v -21.53327316 14.20768350 -12.55277451
v -21.31099440 14.05738201 -12.57493254
v -21.12167887 13.87470309 -12.59580161
v -20.96409723 13.65883928 -12.61769515
v -20.84499039 13.41563370 -12.64047809
v -20.77050507 13.15589994 -12.66311016
v -20.74271254 12.89185230 -12.68457156
v -20.76053247 12.62836717 -12.70568557
v -20.82492784 12.36664876 -12.72814535
v -20.93475871 12.11886946 -12.75098510
v -21.08470351 11.89629454 -12.77315803
v -21.26707137 11.70665864 -12.79402710
v -21.48262225 11.54873986 -12.81591039
v -21.72560617 11.42921671 -12.83868961
v -21.98523656 11.35427598 -12.86132913
v -22.24930190 11.32602617 -12.88280822
v -22.51276374 11.34339627 -12.90390827
v -22.77455665 11.40733063 -12.92635687
v -23.02253060 11.51673403 -12.94920035
v -23.24540354 11.66632213 -12.97138538
v -23.43535982 11.84837893 -12.99225818
v -23.59361388 12.06361316 -13.01412471
v -23.71355332 12.30637729 -13.03690113
v -23.78894947 12.56590150 -13.05954717
v -23.81765470 12.82998268 -13.08104210
v -23.80073443 13.09342124 -13.10212817
v -23.73726107 13.35529052 -13.12457304
v -23.62828702 13.60346004 -13.14741652
v -23.47905748 13.82662542 -13.16961087
v -23.29730988 14.01690487 -13.19048740
v -23.08239229 14.17549420 -13.21234461
v -22.83984981 14.29584622 -13.23511731
v -22.58043177 14.37169965 -13.25776707
v -22.31633477 14.40086123 -13.27927690
v -22.05291949 14.38439172 -13.30034994
v -21.79097757 14.32137843 -13.32278457
v -21.54261433 14.21283279 -13.34562805
v -21.31915465 14.06396180 -13.36783450
v -21.12855390 13.88252527 -13.38871755
v -20.96962929 13.66792247 -13.41055986
v -20.84886469 13.42560444 -13.43332883
v -20.77255584 13.16629443 -13.45598511
v -20.74293792 12.90218532 -13.47751077
v -20.75895667 12.63879053 -13.49857356
v -20.82150988 12.37677503 -13.52099515
v -20.92962526 12.12821994 -13.54384236
v -21.07813768 11.90446783 -13.56605999
v -21.25926316 11.71354391 -13.58694863
v -21.47354931 11.55428682 -13.60877417
v -21.71564288 11.43310964 -13.63154035
v -21.97484300 11.35634445 -13.65420409
v -22.23896608 11.32626925 -13.67574371
v -22.50233851 11.34183910 -13.69679533
v -22.76442572 11.40393037 -13.71921040
v -23.01317081 11.51161641 -13.74205761
v -23.23721536 11.65976748 -13.76428735
v -23.42846431 11.84058469 -13.78517784
v -23.58805202 12.05455139 -13.80699314
v -23.70964177 12.29641959 -13.82975094
v -23.78686331 12.55551074 -13.85242399
v -23.81739579 12.81964406 -13.87397759
v -23.80227484 13.08299694 -13.89501896
v -23.74064364 13.34515400 -13.91742192
v -23.63338880 13.59409001 -13.94026913
v -23.48559909 13.81842513 -13.96250911
v -23.30509014 14.00999632 -13.98340799
v -23.09144288 14.16991744 -14.00520932
v -22.84980193 14.29191791 -14.02796246
v -22.59082161 14.36959393 -14.05063923
v -22.32667804 14.40058369 -14.07221239
v -22.06334472 14.38591350 -14.09324072
v -21.80111781 14.32474237 -14.11563810
v -21.55199461 14.21791781 -14.13848531
v -21.32736892 14.07049038 -14.16073646
v -21.13547362 13.89029156 -14.18163907
v -20.97522095 13.67696282 -14.20342457
v -20.85280977 13.43554910 -14.22617398
v -20.77467926 13.17668147 -14.24885727
v -20.74323222 12.91252952 -14.27044626
v -20.75745352 12.64921669 -14.29146342
v -20.81816271 12.38692179 -14.31384962
v -20.92455514 12.13761047 -14.33670055
v -21.07162029 11.91269420 -14.35895823
v -21.25151083 11.72047388 -14.37987201
v -21.46451920 11.55989338 -14.40164261
v -21.70570381 11.43707242 -14.42439016
v -21.96445875 11.35848556 -14.44707718
v -22.22861908 11.32658124 -14.46867920
v -22.49191329 11.34035364 -14.48968705
v -22.75427431 11.40060183 -14.51206021
v -23.00377190 11.50656305 -14.53491114
v -23.22897688 11.65326312 -14.55718558
v -23.42152223 11.83284633 -14.57810216
v -23.58243056 12.04553340 -14.59985785
v -23.70566130 12.28648890 -14.62260168
v -23.78470264 12.54512928 -14.64529242
v -23.81706424 12.80929521 -14.66691028
v -23.80374260 13.07257079 -14.68790881
v -23.74395542 13.33499700 -14.71027546
v -23.63842539 13.58468086 -14.73312639
v -23.49209040 13.81017361 -14.75540735
v -23.31281640 14.00304399 -14.77633324
v -23.10044877 14.16428108 -14.79807403
v -22.85972610 14.28792067 -14.82081227
v -22.60120213 14.36741650 -14.84351046
v -22.33703062 14.40023631 -14.86514416
v -22.07377180 14.38736171 -14.88613244
v -21.81128040 14.32803553 -14.90848698
v -21.56141400 14.22294043 -14.93133791
v -21.33563347 14.07697052 -14.95363470
v -21.14243619 13.89800292 -14.97456618
v -20.98087221 13.68595939 -14.99629207
v -20.85682563 13.44546676 -15.01902379
v -20.77687532 13.18706013 -15.04173037
v -20.74359730 12.92288397 -15.06337710
v -20.75602300 12.65964285 -15.08435421
v -20.81488818 12.39708904 -15.10670315
v -20.91955021 12.14703824 -15.12955409
v -21.06515318 11.92097273 -15.15185647
v -21.24381438 11.72744855 -15.17279726
v -21.45553380 11.56555861 -15.19450732
v -21.69579454 11.44110411 -15.21723531
v -21.95408195 11.36070024 -15.23994561
v -22.21826091 11.32696401 -15.26161097
v -22.48148620 11.33894082 -15.28257784
v -22.74410240 11.39734499 -15.30491468
v -22.99433388 11.50157303 -15.32776561
v -23.22068624 11.64680906 -15.35007916
v -23.41453731 11.82516292 -15.37102740
v -23.57675135 12.03655917 -15.39272722
v -23.70161377 12.27658521 -15.41544683
v -23.78246933 12.53475342 -15.43816365
v -23.81666377 12.79893517 -15.45984205
v -23.80513586 13.06214370 -15.48079960
v -23.74719456 13.32482044 -15.50312899
v -23.64340052 13.57523352 -15.52597992
v -23.49853143 13.80186900 -15.54830279
v -22.50717208 11.56013925 -10.40123310
v -22.73153886 11.61988638 -10.42378508
v -22.94279449 11.71839517 -10.44660248
v -23.13143201 11.85072493 -10.46864130
v -23.29156362 12.01058365 -10.48949268
v -23.42435718 12.19924260 -10.51155012
v -23.52306247 12.41003536 -10.53433307
v -23.58320542 12.63432484 -10.55689435
v -23.60320464 12.86128629 -10.57819184
v -23.58389273 13.08873016 -10.59950329
v -23.52463268 13.31264060 -10.62199660
v -23.42648618 13.52407597 -10.64481866
v -23.29445630 13.71297520 -10.66687237
v -23.13486859 13.87337781 -10.68771817
v -22.94604853 14.00671620 -10.70981286
v -22.73586020 14.10553697 -10.73254459
v -22.51164988 14.16607387 -10.75511239
v -22.28466421 14.18646239 -10.77642571
v -22.05676399 14.16745968 -10.79777163
v -21.83325961 14.10867553 -10.82020812
v -21.62164822 14.01089318 -10.84303390
v -21.43248543 13.87916226 -10.86509787
v -21.27180994 13.71984556 -10.88594552
v -21.13858797 13.53199873 -10.90794615
v -21.03899233 13.32128327 -10.93075611
v -20.97806148 13.09715305 -10.95333230
v -20.95728181 12.87014410 -10.97466238
v -20.97572200 12.64328416 -10.99589374
v -21.03428543 12.41868921 -11.01842429
v -21.13170363 12.20689993 -11.04124822
v -21.26313373 12.01747824 -11.06332522
v -21.42217942 11.85652986 -11.08417474
v -21.60976268 11.72301080 -11.10616233
v -21.82029560 11.62305474 -11.12897228
v -22.04434387 11.56172995 -11.15155406
v -22.27137610 11.54055912 -11.17289998
v -22.49821089 11.55861001 -11.19411550
v -22.50018902 11.55894250 -11.19430643
v -22.72287942 11.61677763 -11.21663582
v -22.93484472 11.71383169 -11.23946346
v -23.12452719 11.84496097 -11.26155071
v -23.28574844 12.00373657 -11.28240209
v -23.28717336 12.00540643 -11.28260605
v -23.41956273 12.19105348 -11.30437665
v -23.51987921 12.40140293 -11.32718381
v -23.58159795 12.62536924 -11.34977303
v -23.60315993 12.85242289 -11.37113385
v -23.58549833 13.07923440 -11.39233448
v -23.58508855 13.08169402 -11.39257289
v -23.52772467 13.30397651 -11.41484641
v -23.43103662 13.51611596 -11.43767964
v -23.30021188 13.70605733 -11.45977806
v -23.14170450 13.86755332 -11.48063224
v -23.13967049 13.86929397 -11.48088183
v -22.95465395 14.00166098 -11.50259189
v -22.74448797 14.10233881 -11.52539439
v -22.52060361 14.16445058 -11.54799294
v -22.29353040 14.18640371 -11.56937238
v -22.06674218 14.16913047 -11.59055810
v -22.06380107 14.16864619 -11.59084029
v -21.84192836 14.11175355 -11.61305793
v -21.62961476 14.01543058 -11.63589116
v -21.43941447 13.88490573 -11.65800355
v -21.27764560 13.72667030 -11.67885773
v -21.27558738 13.72427400 -11.67915203
v -21.14324272 13.53988610 -11.70080714
v -21.04220726 13.32990546 -11.72360592
v -20.97970061 13.10610678 -11.74621098
v -20.95735632 12.87901215 -11.76760998
v -20.97424120 12.65224721 -11.78877614
v -20.97479813 12.64882553 -11.78910863
v -21.03122324 12.42736168 -11.81127317
v -21.12717927 12.21487671 -11.83410548
v -21.25740051 12.02441845 -11.85623091
v -21.41536772 11.86237391 -11.87708881
v -21.41812444 11.85999904 -11.87742688
v -21.60188369 11.72767952 -11.89902332
v -21.81167901 11.62628364 -11.92181744
v -22.03539200 11.56338397 -11.94442995
v -22.26250432 11.54064853 -11.96584292
v -22.48924784 11.55714504 -11.98699977
v -22.49315009 11.55777555 -11.98737510
v -22.71420136 11.61373034 -12.00948562
v -22.92685956 11.70932129 -12.03232072
v -23.11757579 11.83923800 -12.05445640
v -23.27989414 11.99693605 -12.07531802
v -23.28258753 12.00005319 -12.07570173
v -23.41488004 12.18318380 -12.09724136
v -23.51663448 12.39279192 -12.12003361
v -23.57992902 12.61641923 -12.14264985
v -23.60305563 12.84355018 -12.16407679
v -23.58694747 13.07027042 -12.18521781
v -23.58624712 13.07465509 -12.18564343
v -23.53075705 13.29529379 -12.20769715
v -23.43553305 13.50812241 -12.23053690
v -23.30592088 13.69909476 -12.25268375
v -23.14849198 13.86168879 -12.27354538
v -23.14501628 13.86470161 -12.27397379
v -22.96251431 13.99696711 -12.29545660
v -22.75309339 14.09907918 -12.31824514
v -22.52955362 14.16276582 -12.34086789
v -22.30240591 14.18628450 -12.36231532
v -22.07570709 14.17056471 -12.38344051
v -21.85061574 14.11477011 -12.40590867
v -21.63761668 14.01991304 -12.42874842
v -21.44638821 13.89060728 -12.45090924
v -22.02644572 11.56510040 -12.73730677
v -21.80308290 11.62957307 -12.71466725
v -21.59404010 11.73240039 -12.69188803
v -21.40860260 11.86825894 -12.67000474
v -21.25170827 12.03140430 -12.64913660
v -21.12270892 12.22288795 -12.62696367
v -21.02822065 12.43605465 -12.60412298
v -20.97282186 12.66121306 -12.58166414
v -20.95749043 12.88789138 -12.56054919
v -20.98140121 13.11505493 -12.53908686
v -21.04547992 13.33850529 -12.51645666
v -21.14795148 13.54773715 -12.49367278
v -21.28018625 13.72961234 -12.47224770
v -21.28352039 13.73344753 -12.47177459
v -22.11158350 14.17567674 -15.55499993
v -22.08419889 14.38873820 -15.67902230
v -22.25362323 11.54079754 -12.75878213
v -22.48028107 11.55574154 -12.77988218
v -22.70550467 11.61074452 -12.80233450
v -22.91884087 11.70486491 -12.82517798
v -23.11057784 11.83355693 -12.84736209
v -23.27399887 11.99018210 -12.86823582
v -23.41014706 12.17535045 -12.89010234
v -23.51333015 12.38420233 -12.91287877
v -23.57819490 12.60747388 -12.93552481
v -23.60289171 12.83466443 -12.95701973
v -23.58833514 13.06130365 -12.97810581
v -23.53372797 13.28659151 -13.00054602
v -23.43997546 13.50009441 -13.02339323
v -23.31159264 13.69208563 -13.04558571
v -23.15523475 13.85578420 -13.06646504
v -22.97033742 13.99222016 -13.08831759
v -22.76167646 14.09575995 -13.11109029
v -22.53849804 14.16101679 -13.13374378
v -22.31129259 14.18610569 -13.15525454
v -22.08467200 14.17193655 -13.17632757
v -21.85932174 14.11772519 -13.19876220
v -21.64565399 14.02434241 -13.22160568
v -21.45341039 13.89626786 -13.24381121
v -21.28943428 13.74017633 -13.26469518
v -21.15271054 13.55555188 -13.28653749
v -21.04881406 13.34708370 -13.30930647
v -20.98316513 13.12399656 -13.33196368
v -20.95768414 12.89678086 -13.35348841
v -20.97146586 12.67018076 -13.37455120
v -21.02528140 12.44476624 -13.39697372
v -21.11829445 12.23093364 -13.41982093
v -21.24605887 12.03843579 -13.44203763
v -21.40188403 11.87418215 -13.46292626
v -21.58623561 11.73717249 -13.48475274
v -21.79451101 11.63292211 -13.50751799
v -22.01750316 11.56688016 -13.53017800
v -22.24473283 11.54100616 -13.55172135
v -22.47131243 11.55440137 -13.57277017
v -22.69678935 11.60781924 -13.59518804
v -22.91078679 11.70046255 -13.61803152
v -23.10353518 11.82791870 -13.64026032
v -23.26806635 11.98347658 -13.66115548
v -23.40536192 12.16755435 -13.68296705
v -23.50996621 12.37563603 -13.70572858
v -23.57640117 12.59853505 -13.72839697
v -23.60266820 12.82577030 -13.74995522
v -23.58965948 13.05233501 -13.77099194
v -23.53663743 13.27787153 -13.79339956
v -23.44436385 13.49203289 -13.81624676
v -23.31721969 13.68503086 -13.83848768
v -23.16192910 13.84984143 -13.85938656
v -22.97812328 13.98742292 -13.88118602
v -22.77023718 14.09238111 -13.90394010
v -22.54743502 14.15920630 -13.92661687
v -22.32019044 14.18586634 -13.94819003
v -22.09364250 14.17324599 -13.96921556
v -21.86804637 14.12061974 -13.99161108
v -21.65372297 14.02871776 -14.01446201
v -21.46047540 13.90188467 -14.03671317
v -21.29538544 13.74685764 -14.05761577
v -21.15751989 13.56332935 -14.07940220
v -21.05220966 13.35563883 -14.10215162
v -20.98499238 13.13293260 -14.12483491
v -20.95793746 12.90568057 -14.14642297
v -20.97017318 12.67915033 -14.16743733
v -21.02240175 12.45349552 -14.18982726
v -21.11393213 12.23901007 -14.21267446
v -21.24045230 12.04551291 -14.23493680
v -21.39521390 11.88014448 -14.25584592
v -21.57846838 11.74199581 -14.27761652
v -21.78596146 11.63633168 -14.30036314
v -22.00856991 11.56872325 -14.32305016
v -22.23582938 11.54127531 -14.34465311
v -22.46234380 11.55312359 -14.36566096
v -22.68805541 11.60495542 -14.38803878
v -22.90270105 11.69611514 -14.41088971
v -23.09644595 11.82232238 -14.43316229
v -23.26209471 11.97681949 -14.45408072
v -23.40052649 12.15979643 -14.47583549
v -23.50654267 12.36709207 -14.49857559
v -23.57454225 12.58960180 -14.52127006
v -23.60238321 12.81686686 -14.54288792
v -23.59092049 13.04336544 -14.56388272
v -23.53948541 13.26913293 -14.58625309
v -23.44869822 13.48393783 -14.60910030
v -23.32280576 13.67793139 -14.63138591
v -23.16857316 13.84386048 -14.65230994
v -22.98587374 13.98257352 -14.67405166
v -22.77877554 14.08894174 -14.69678711
v -22.55636640 14.15733248 -14.71948810
v -22.32909575 14.18556832 -14.74112086
v -22.10261300 14.17449210 -14.76210635
v -21.87678963 14.12345283 -14.78446461
v -21.66182548 14.03303817 -14.80731554
v -21.46758512 13.90745956 -14.82960768
v -21.30137570 13.75349145 -14.85054009
v -21.16238140 13.57106864 -14.87227064
v -21.05566300 13.36417068 -14.89500143
v -20.98688111 13.14186212 -14.91770335
v -20.95825225 12.91458867 -14.93935473
v -20.96894197 12.68811990 -14.96033184
v -21.01958357 12.46224251 -14.98267613
v -21.10962570 12.24712189 -15.00552706
v -21.23489045 12.05263473 -15.02783503
v -21.38859220 11.88614406 -15.04877489
v -21.57073840 11.74686942 -15.07048495
v -21.77743614 11.63979992 -15.09321295
v -21.99964225 11.57062780 -15.11592325
v -22.22691849 11.54160500 -15.13758581
v -22.45337330 11.55190822 -15.15855547
v -22.67930470 11.60215400 -15.18089231
v -22.89457992 11.69182174 -15.20374324
v -23.08931388 11.81676984 -15.22605680
v -23.25608581 11.97020989 -15.24700411
v -23.39563891 12.15207577 -15.26870020
v -23.50305952 12.35857233 -15.29142447
v -23.57262187 12.58067694 -15.31414129
v -23.60203862 12.80795410 -15.33581968
v -23.59212190 13.03439494 -15.35677724
v -23.54227193 13.26037850 -15.37910383
v -23.45297858 13.47581111 -15.40195476
v -23.32834713 13.67078722 -15.42428043
v -23.17517065 13.83784134 -15.44523798
v -22.99358323 13.97767477 -15.46692010
v -22.78728969 14.08544369 -15.48963599
v -22.56528847 14.15539533 -15.51235653
v -22.33801037 14.18520790 -15.53404890
v -21.88554965 14.12622444 -15.57731815
v -21.87322453 14.12230544 -15.57858195
v -21.57086879 14.22789879 -15.72419144
v -21.66996151 14.03730363 -15.60016908
v -21.65847085 14.03125841 -15.60143568
v -21.47474140 13.91298976 -15.62250219
v -21.46459743 13.90512567 -15.62371757
v -21.30740508 13.76007684 -15.64346813
v -21.16729319 13.57876975 -15.66513814
v -21.16027847 13.56773451 -15.66639729
v -20.86090855 13.45535554 -15.81186987
v -21.05917595 13.37267831 -15.68784751
v -21.05414495 13.36044166 -15.68914391
v -20.98883316 13.15078326 -15.71057551
v -20.98603547 13.13790400 -15.71184583
v -20.74403316 12.93324772 -15.85630514
v -20.95862664 12.92350516 -15.73228277
v -20.95810324 12.91058399 -15.73347114
v -20.96777223 12.69709039 -15.75322263
v -20.96949518 12.68403605 -15.75447060
v -21.10537328 12.25526538 -15.79838060
v -21.02087624 12.45820522 -15.77684097
v -21.01682872 12.47100625 -15.77552967
v -23.32513407 13.67493998 -16.11930691
v -23.59145507 13.03944178 -16.05178975
v -23.54069427 13.26535828 -16.07414708
v -23.60223792 12.81291712 -16.03080519
v -23.45052548 13.48048542 -16.09700359
v -23.29173684 12.01078855 -10.39029472
v -23.13159779 11.85086276 -10.36944520
v -22.94293605 11.71847712 -10.34740265
v -22.73164131 11.61992364 -10.32457687
v -22.50722423 11.56014856 -10.30202117
v -23.58389273 13.08873016 -10.50028391
v -23.60320464 12.86176126 -10.47901250
v -23.58327992 12.63475232 -10.45771502
v -23.52319472 12.41039671 -10.43515094
v -23.42435718 12.19924260 -10.41233074
v -22.94604853 14.00671620 -10.61059348
v -23.13429490 13.87386210 -10.58856957
v -23.29400741 13.71350978 -10.56771539
v -23.42615835 13.52464315 -10.54566167
v -23.52442779 13.31320778 -10.52283775
v -22.05676399 14.16745968 -10.69855224
v -22.28371240 14.18646518 -10.67729574
v -22.51074277 14.16623406 -10.65598335
v -22.73503505 14.10583965 -10.63341182
v -21.13792486 13.53086624 -10.80885809
v -21.27101272 13.71890586 -10.78684162
v -21.43158019 13.87840603 -10.76599024
v -21.62065171 14.01032135 -10.74392628
v -21.83222584 14.10830487 -10.72109677
v -20.97597532 12.64178753 -10.89681871
v -20.95727623 12.86871638 -10.87557431
v -20.97781375 13.09576444 -10.85424982
v -21.03851736 13.31999619 -10.83167456
v -21.42348513 11.85541879 -10.98511554
v -21.26419730 12.01619953 -10.96426230
v -21.13251761 12.20547687 -10.94218902
v -21.03482001 12.41719071 -10.91936138
v -22.50018902 11.55894250 -11.09508611
v -22.27327973 11.54054794 -11.07385289
v -22.04621211 11.56139281 -11.05251815
v -21.82204463 11.62240747 -11.02993451
v -21.61131613 11.72209810 -11.00711711
v -23.28717336 12.00540643 -11.18338667
v -23.12617935 11.84633188 -11.16253249
v -22.93669619 11.71488874 -11.14045363
v -22.72484452 11.61747705 -11.11762039
v -23.58508855 13.08169402 -11.29335444
v -23.60317670 12.85480335 -11.27213519
v -23.58202636 12.62771897 -11.25078090
v -23.52070250 12.40361482 -11.22819539
v -23.42072688 12.19303068 -11.20538171
v -23.13967049 13.86929397 -11.38166245
v -23.29853177 13.70808389 -11.36080734
v -23.42974022 13.51839770 -11.33871265
v -23.52686413 13.30640726 -11.31588034
v -22.06380107 14.16864619 -11.49162091
v -22.29067311 14.18642886 -11.47041284
v -22.51777425 14.16497026 -11.44904923
v -22.74181321 14.10333719 -11.42645441
v -22.95225486 14.00307938 -11.40364446
v -21.27558738 13.72427400 -11.57993730
v -21.43701166 13.88292387 -11.55907940
v -21.62690274 14.01389390 -11.53697725
v -21.83903009 14.11073189 -11.51414122
v -20.97479813 12.64882553 -11.68988924
v -20.95732093 12.87567895 -11.66869141
v -20.97908780 13.10279593 -11.64731570
v -21.04103006 13.32677063 -11.62471529
v -21.14157006 13.53706792 -11.60190906
v -21.41812444 11.85999904 -11.77820750
v -21.25968598 12.02163938 -11.75734960
v -21.12895437 12.21173257 -11.73524000
v -21.03240229 12.42399774 -11.71240024
v -22.49315009 11.55777555 -11.88815571
v -22.26631530 11.54060289 -11.86696999
v -22.03918248 11.56267617 -11.84558030
v -21.81527391 11.62492856 -11.82297803
v -21.60512097 11.72575168 -11.80017181
v -23.28258753 12.00005319 -11.97648235
v -23.12073298 11.84182707 -11.95562072
v -22.93043584 11.71133202 -11.93349995
v -22.71803468 11.61506772 -11.91066485
v -23.58624712 13.07465509 -12.08642405
v -23.60311337 12.84783799 -12.06524950
v -23.58073369 12.62068935 -12.04384677
v -23.51817116 12.39684690 -12.02123798
v -23.41706492 12.18684018 -11.99843641
v -23.14501628 13.86470161 -12.17475440
v -23.30303006 13.70263007 -12.15389278
v -23.43328670 13.51213176 -12.13176455
v -23.52926321 13.29959463 -12.10892387
v -21.28018625 13.72961234 -12.37302832
v -21.44247293 13.88741564 -12.35216670
v -21.63317427 14.01743293 -12.33002730
v -21.84584551 14.11312260 -12.30718382
v -22.07084000 14.16979358 -12.28469051
v -22.29763940 14.18635529 -12.26353180
v -22.52480388 14.16366827 -12.24211510
v -22.74857834 14.10079747 -12.21949887
v -22.95843884 13.99940904 -12.19669636
v -22.25934528 11.54069509 -12.66008895
v -22.03215472 11.56399772 -12.63864618
v -21.80851437 11.62748598 -12.61601783
v -21.59894817 11.72943786 -12.59322371
v -21.41279355 11.86460443 -12.57130317
v -21.25520073 12.02710718 -12.55043782
v -21.12542279 12.21800968 -12.52828818
v -21.03002183 12.43081596 -12.50544470
v -20.97366005 12.65586540 -12.48295885
v -20.95740475 12.88264710 -12.46181037
v -20.98039910 13.10982462 -12.44037785
v -21.04358003 13.33353296 -12.41775788
v -21.14524879 13.54324631 -12.39495911
v -21.87322453 14.12230544 -15.47936257
v -22.09901065 14.17399943 -15.45698475
v -22.32557163 14.18569311 -15.43597691
v -22.55288698 14.15807102 -15.41436277
v -22.77550288 14.09026887 -15.39166551
v -22.98294939 13.98441102 -15.36891423
v -23.16610888 13.84608820 -15.34714829
v -23.32076617 13.68053351 -15.32622986
v -23.44714478 13.48685473 -15.30395728
v -23.53848517 13.27222772 -15.28110262
v -23.59049022 13.04648630 -15.25871269
v -23.60248752 12.81991228 -15.23769833
v -23.57517369 12.59260252 -15.21609630
v -23.50767888 12.36990932 -15.19340556
v -23.40209857 12.16230635 -15.17065149
v -23.26399833 11.97893173 -15.14887344
v -23.09866436 11.82406489 -15.12795966
v -22.90518023 11.69744041 -15.10569267
v -22.69067988 11.60580944 -15.08283801
v -22.46498317 11.55349333 -15.06044623
v -22.23839611 11.54119149 -15.03941976
v -22.01109193 11.56819612 -15.01783170
v -21.78832144 11.63538359 -14.99514468
v -21.58056386 11.74068637 -14.97238688
v -21.39697410 11.87856402 -14.95059766
v -21.24189772 12.04368006 -14.92968854
v -21.11502923 12.23696768 -14.90743365
v -21.02310583 12.45134138 -14.88457900
v -20.97047865 12.67699152 -14.86217789
v -20.95787227 12.90359162 -14.84114584
v -20.98456956 13.13089021 -14.81956523
v -21.05144784 13.35373614 -14.79688566
v -21.15647309 13.56164739 -14.77412321
v -21.29412815 13.74545414 -14.75232281
v -21.45902440 13.90073821 -14.73141648
v -21.65211551 14.02785257 -14.70916905
v -21.86636254 14.12006654 -14.68631811
v -22.09196612 14.17300571 -14.66390677
v -22.31857926 14.18591477 -14.64286726
v -22.54587226 14.15952761 -14.62130062
v -22.76879363 14.09295574 -14.59862478
v -22.97685668 13.98820803 -14.57586046
v -23.16087857 13.85077741 -14.55404889
v -23.31637219 13.68610002 -14.53314628
v -23.44373055 13.49320542 -14.51090910
v -23.53623696 13.27908598 -14.48805537
v -23.58948626 13.05352990 -14.46564030
v -23.60269986 12.82690279 -14.44458775
v -23.57662097 12.59961817 -14.42303788
v -23.51035737 12.37662230 -14.40036483
v -23.40588719 12.16840558 -14.37759586
v -23.26868102 11.98416762 -14.35577404
v -23.10422249 11.82846632 -14.33487795
v -22.91152440 11.70086302 -14.31264635
v -22.69753441 11.60806697 -14.28979449
v -22.47202583 11.55450568 -14.26737197
v -22.24538475 11.54098846 -14.24631290
v -22.01810852 11.56675816 -14.22476955
v -21.79503813 11.63271442 -14.20210209
v -21.58666961 11.73690520 -14.17933311
v -21.40221745 11.87388692 -14.15749826
v -21.24630660 12.03812752 -14.13660683
v -21.11846022 12.23062724 -14.11438547
v -21.02537267 12.44448870 -14.09153454
v -20.97149938 12.66994886 -14.06910177
v -20.95768042 12.89660390 -14.04803433
v -20.98314092 13.12387269 -14.02650680
v -21.04878798 13.34701572 -14.00384121
v -21.15270123 13.55553605 -13.98106851
v -21.28945664 13.74020241 -13.95922340
v -21.45347930 13.89632374 -13.93833663
v -21.64578065 14.02441226 -13.91612273
v -21.85951173 14.11778945 -13.89327180
v -22.08492346 14.17197380 -13.87083344
v -22.31159434 14.18609824 -13.84975668
v -22.53885195 14.16094601 -13.82823847
v -22.76206948 14.09560628 -13.80558219
v -22.97074161 13.99197336 -13.78280576
v -23.15562032 13.85544240 -13.76094949
v -23.31195213 13.69163767 -13.74006458
v -23.44028279 13.49953469 -13.71786185
v -23.53394963 13.28593399 -13.69501092
v -23.58844504 13.06057256 -13.67256604
v -23.60287495 12.83388771 -13.65147810
v -23.57803099 12.60663848 -13.62997573
v -23.51299860 12.38335017 -13.60732131
v -23.40964600 12.17452716 -13.58454116
v -23.27334136 11.98943332 -13.56267463
v -23.10975455 11.83289383 -13.54179345
v -22.91784994 11.70432009 -13.51959910
v -22.70437963 11.61036361 -13.49675190
v -22.47906849 11.55555714 -13.47429957
v -22.25236781 11.54082362 -13.45319953
v -22.02512883 11.56535838 -13.43170740
v -21.80176973 11.63008157 -13.40906136
v -21.59279771 11.73315570 -13.38627841
v -21.40749060 11.86923310 -13.36439885
v -21.25073969 12.03260291 -13.34352326
v -21.12192474 12.22430822 -13.32133822
v -21.02767862 12.43764628 -13.29848729
v -20.97256109 12.66290620 -13.27603124
v -20.95752396 12.88962271 -13.25492375
v -20.98174766 13.11685052 -13.23344465
v -21.04616538 13.34028132 -13.21080234
v -21.14896104 13.54940236 -13.18801381
v -21.28480934 13.73492274 -13.16612400
v -21.44796215 13.89188319 -13.14525120
v -21.63946815 14.02094029 -13.12307455
v -21.85267396 14.11547512 -13.10022734
v -22.07788080 14.17090278 -13.07776105
v -22.30461314 14.18624539 -13.05664517
v -22.53182977 14.16232623 -13.03517632
v -22.75533043 14.09822050 -13.01254146
v -22.96460047 13.99570797 -12.98975106
v -23.15033413 13.86008412 -12.96785008
v -23.30750413 13.69714830 -12.94698007
v -23.43680151 13.50584347 -12.92481180
v -23.53162505 13.29276897 -12.90196832
v -23.58736470 13.06761429 -12.87949272
v -23.60301279 12.84086611 -12.85836659
v -23.57940190 12.61366159 -12.83691265
v -23.51560444 12.39009108 -12.81427871
v -23.41337129 12.18067296 -12.79148646
v -23.27797562 11.99472882 -12.76957802
v -23.11525680 11.83734741 -12.74870988
v -22.92415313 11.70780975 -12.72655092
v -22.71121368 11.61269657 -12.70370744
v -22.48611115 11.55664679 -12.68122531
v -21.65847085 14.03125841 -15.50221629
v -21.46459743 13.90512567 -15.52449819
v -21.16027847 13.56773451 -15.56718163
v -21.29882388 13.75067513 -15.54542221
v -21.05414495 13.36044166 -15.58992453
v -20.98603547 13.13790400 -15.61262738
v -20.95810324 12.91058399 -15.63425176
v -20.96949518 12.68403605 -15.65525122
v -21.02087624 12.45820522 -15.67762159
v -21.11163177 12.24332768 -15.70047997
v -21.23751678 12.04925962 -15.72276838
v -21.39176056 11.88326441 -15.74369706
v -21.57448232 11.74449921 -15.76544531
v -21.78161964 11.63808908 -15.78818448
v -22.00407907 11.56967320 -15.81089012
v -22.23140188 11.54143177 -15.83253033
v -22.45793864 11.55251916 -15.85352235
v -22.68381231 11.60358917 -15.87588526
v -22.89881371 11.69405133 -15.89873992
v -23.09307642 11.81969047 -15.92103951
v -23.25929143 11.97372563 -15.94197564
v -23.39827828 12.15623040 -15.96370898
v -23.50496501 12.36321032 -15.98644815
v -23.57368730 12.58559059 -16.00915380
v -22.15069532 11.79261040 38.06407377
v -22.15069532 11.79261040 37.98470274
v -21.41758800 12.21587043 38.70275617
v -21.41758800 12.21587043 36.16275638
v -22.28023484 11.71782054 38.92472014
v -22.28023484 11.71782054 38.80573809
v -22.09688723 11.82367746 39.01453689
v -22.21565321 11.75510697 38.79071400
v -21.93565294 11.91676594 39.06290978
v -22.15069532 11.79261040 38.77845407
v -21.78414166 12.00424042 39.07821327
v -21.35263011 12.25337386 36.15049273
v -21.28804848 12.29066029 36.13547236
v -21.41758800 12.21587043 36.79775447
v -21.41758800 12.21587043 36.87713295
v -22.15069532 11.79261040 36.23845428
v -21.41758800 12.21587043 36.95650399
v -21.41758800 12.21587043 37.43275627
v -21.35253139 12.25343067 36.98074445
v -21.35263011 12.25337386 37.42049262
v -21.28804848 12.29066029 37.00656816
v -21.28804848 12.29066029 37.40547225
v -22.15069532 11.79261040 38.69907930
v -22.15069532 11.79261040 38.61970082
v -21.41758800 12.21587043 38.86150569
v -21.41758800 12.21587043 36.24213114
v -21.41758800 12.21587043 36.32150590
v -21.35253139 12.25343067 36.34574637
v -21.35263011 12.25337386 36.78549454
v -21.28804848 12.29066029 36.37156636
v -21.28804848 12.29066029 36.77047417
v -22.15069532 11.79261040 37.50845417
v -22.21575193 11.75505016 37.96046600
v -22.21565321 11.75510697 37.52071410
v -22.28023484 11.71782054 37.93463856
v -22.28023484 11.71782054 37.53573447
v -22.15069532 11.79261040 38.14345226
v -22.21575193 11.75505016 38.59546408
v -22.21565321 11.75510697 38.15571591
v -22.28023484 11.71782054 38.56964037
v -22.28023484 11.71782054 38.17073256
v -21.41758800 12.21587043 38.78213093
v -22.28023484 11.71782054 36.02964059
v -22.21575193 11.75505016 36.05546430
v -22.15069532 11.79261040 36.07970104
v -22.15069532 11.79261040 36.15907580
v -22.15069532 11.79261040 36.87345237
v -22.15069532 11.79261040 36.79407761
v -22.15069532 11.79261040 36.71470284
v -22.21575193 11.75505016 36.69046238
v -22.21565321 11.75510697 36.25071421
v -22.28023484 11.71782054 36.66463867
v -22.28023484 11.71782054 36.26573458
v -21.41758800 12.21587043 38.06775808
v -21.41758800 12.21587043 38.14713284
v -21.41758800 12.21587043 38.22650388
v -21.35253139 12.25343067 38.25074434
v -21.35263011 12.25337386 38.69049624
v -21.28804848 12.29066029 38.27656806
v -21.28804848 12.29066029 38.67547214
v -21.28804848 12.29066029 38.91156614
v -21.28804848 12.29066029 38.92472014
v -21.35253139 12.25343067 38.88574243
v -21.47139609 12.18480337 39.01453689
v -21.41758800 12.21587043 37.51213104
v -21.41758800 12.21587043 37.59150580
v -21.35253139 12.25343067 37.61574626
v -21.35263011 12.25337386 38.05549070
v -21.28804848 12.29066029 37.64156625
v -21.28804848 12.29066029 38.04047406
v -22.15069532 11.79261040 37.42907569
v -22.15069532 11.79261040 37.34970093
v -22.21575193 11.75505016 37.32546791
v -22.21565321 11.75510697 36.88571602
v -22.28023484 11.71782054 37.29964048
v -22.28023484 11.71782054 36.90073267
v -21.63263038 12.09171489 39.06290978
v -23.14288355 12.21587043 36.05324402
v -23.14288355 12.21587043 35.97386926
v -22.40977436 11.79261040 36.69192269
v -23.27242307 12.29066029 38.92472014
v -23.27242307 12.29066029 38.69990259
v -23.08907360 12.18480337 39.01453689
v -23.20784144 12.25337386 38.68487850
v -22.92783931 12.09171489 39.06290978
v -23.14288355 12.21587043 38.67261857
v -22.77632989 12.00424042 39.07821327
v -23.14288355 12.21587043 38.59324381
v -23.14288355 12.21587043 38.51386905
v -22.40977436 11.79261040 38.75567392
v -23.27242307 12.29066029 38.46380487
v -23.27242307 12.29066029 38.06490451
v -23.20784144 12.25337386 38.04988042
v -23.14288355 12.21587043 38.03762048
v -22.40977436 11.79261040 38.67629543
v -22.40977436 11.79261040 38.59692439
v -22.34481834 11.75510697 36.04466096
v -22.34471962 11.75505016 38.77991065
v -22.46358432 11.82367746 39.01453689
v -23.14288355 12.21587043 37.95824572
v -23.14288355 12.21587043 37.87886724
v -23.14288355 12.21587043 37.40261868
v -23.20794016 12.25343067 37.85463050
v -23.20784144 12.25337386 37.41487861
v -23.27242307 12.29066029 37.82880679
v -23.27242307 12.29066029 37.42990270
v -23.20794016 12.25343067 35.94963253
v -23.27242307 12.29066029 35.92380509
v -22.40977436 11.79261040 37.96192259
v -22.40977436 11.79261040 38.04129735
v -22.40977436 11.79261040 38.12067583
v -22.34471962 11.75505016 38.14490885
v -22.34481834 11.75510697 38.58466074
v -23.14288355 12.21587043 36.13261878
v -23.14288355 12.21587043 37.32324392
v -23.14288355 12.21587043 37.24386916
v -23.14288355 12.21587043 36.76762059
v -23.20794016 12.25343067 37.21963242
v -23.20784144 12.25337386 36.77988052
v -23.27242307 12.29066029 37.19380498
v -23.27242307 12.29066029 36.79490462
v -22.62481861 11.91676594 39.06290978
v -23.14288355 12.21587043 36.68824211
v -22.40977436 11.79261040 37.32692450
v -23.14288355 12.21587043 36.60886735
v -23.20794016 12.25343067 36.58463433
v -23.20784144 12.25337386 36.14488244
v -23.27242307 12.29066029 36.55880690
v -23.27242307 12.29066029 36.15989909
v -22.40977436 11.79261040 37.40629926
v -22.40977436 11.79261040 37.48567030
v -22.34471962 11.75505016 37.50991076
v -22.34481834 11.75510697 37.94966266
v -22.40977436 11.79261040 36.05692461
v -22.40977436 11.79261040 36.13629937
v -22.40977436 11.79261040 36.21567041
v -22.34471962 11.75505016 36.23991087
v -22.34481834 11.75510697 36.67965904
v -22.40977436 11.79261040 36.77129745
v -22.40977436 11.79261040 36.85067222
v -22.34471962 11.75505016 36.87491268
v -22.34481834 11.75510697 37.31466085
v -23.27242307 12.44024001 38.57046366
v -23.27242307 12.44024001 38.64983842
v -23.27242307 13.28676008 37.93178499
v -23.27242307 13.43633980 38.92472014
v -23.27242307 13.43633980 38.59407082
v -23.27242307 13.22462689 39.01453689
v -23.27242307 13.36176600 38.57904673
v -23.27242307 13.03844899 39.06290978
v -23.27242307 13.28676008 38.56678307
v -23.27242307 12.36523408 35.93882918
v -23.27242307 12.44024001 38.49108890
v -23.27242307 13.36188056 35.84379703
v -23.27242307 13.43633980 35.81797332
v -23.27242307 13.28676008 35.94741225
v -23.27242307 13.28676008 35.86803377
v -23.27242307 12.44024001 36.58609092
v -23.27242307 13.28676008 38.48741204
v -23.27242307 13.28676008 38.40803355
v -23.27242307 13.36188056 38.38379681
v -23.27242307 13.36176600 37.94404492
v -23.27242307 13.43633980 38.35796937
v -23.27242307 13.43633980 37.95906901
v -23.27242307 13.28676008 37.85241023
v -23.27242307 13.28676008 37.77303547
v -23.27242307 13.28676008 37.29678690
v -23.27242307 13.36188056 37.74879873
v -23.27242307 13.36176600 37.30904683
v -23.27242307 13.43633980 37.72297129
v -23.27242307 13.43633980 37.32407093
v -23.27242307 13.28676008 36.02678701
v -23.27242307 12.36511953 38.03907707
v -23.27242307 12.44024001 38.01484033
v -23.27242307 12.44024001 37.93546185
v -23.27242307 12.44024001 37.85609081
v -23.27242307 13.28676008 36.66178510
v -23.27242307 13.28676008 36.58241034
v -23.27242307 12.44024001 37.22108901
v -23.27242307 13.28676008 36.50303558
v -23.27242307 13.36188056 36.47879884
v -23.27242307 13.36176600 36.03904694
v -23.27242307 13.43633980 36.45297140
v -23.27242307 13.43633980 36.05407104
v -23.27242307 12.36511953 38.67407516
v -23.27242307 12.50237320 39.01453689
v -23.27242307 12.68855017 39.06290978
v -23.27242307 12.86350004 39.07821327
v -23.27242307 12.44024001 35.95108911
v -23.27242307 12.44024001 36.03046387
v -23.27242307 12.44024001 36.10983863
v -23.27242307 12.36511953 36.13407910
v -23.27242307 12.36523408 36.57382727
v -23.27242307 12.44024001 36.66546568
v -23.27242307 12.44024001 36.74484044
v -23.27242307 12.36511953 36.76907718
v -23.27242307 12.36523408 37.20882908
v -23.27242307 13.28676008 37.21741214
v -23.27242307 13.28676008 37.13803366
v -23.27242307 13.36188056 37.11379692
v -23.27242307 13.36176600 36.67404875
v -23.27242307 13.43633980 37.08797321
v -23.27242307 13.43633980 36.68906912
v -23.27242307 12.44024001 37.30046377
v -23.27242307 12.44024001 37.37984225
v -23.27242307 12.36511953 37.40407526
v -23.27242307 12.36523408 37.84382716
v -22.46358432 13.90332263 39.01453689
v -22.40977436 13.93438969 38.99170458
v -22.40977436 13.93438969 38.93720359
v -22.40977436 13.93438969 38.30220178
v -22.34471962 13.97194993 38.27796504
v -22.40977436 13.93438969 37.82594949
v -22.40977436 13.93438969 38.46095130
v -22.34471962 13.97194993 38.91296312
v -22.34481834 13.97189312 38.47321495
v -22.28023484 14.00917955 38.88713941
v -22.28023484 14.00917955 38.48823532
v -22.34481834 13.97189312 37.83821315
v -22.28023484 14.00917955 38.25214133
v -22.28023484 14.00917955 37.85323724
v -23.20784144 13.47362623 35.83299369
v -22.40977436 13.93438969 35.84157676
v -22.40977436 13.93438969 35.76220199
v -23.14288355 13.51112965 36.48025542
v -22.92783931 13.63528520 39.06290978
v -22.77632989 13.72275967 39.07821327
v -22.62481861 13.81023414 39.06290978
v -22.40977436 13.93438969 38.38157654
v -23.14288355 13.51112965 38.54400665
v -22.34471962 13.97194993 35.73796526
v -22.28023484 14.00917955 35.71213782
v -23.14288355 13.51112965 38.46463189
v -23.14288355 13.51112965 38.38525712
v -22.40977436 13.93438969 35.92095152
v -23.14288355 13.51112965 37.75025532
v -23.14288355 13.51112965 37.82963008
v -22.40977436 13.93438969 37.19095141
v -23.14288355 13.51112965 37.90900856
v -23.20794016 13.47356942 37.93324158
v -23.20784144 13.47362623 38.37299347
v -23.20794016 13.47356942 38.56824338
v -23.08907360 13.54219578 39.01453689
v -22.40977436 13.93438969 36.55595332
v -22.40977436 13.93438969 36.47657856
v -23.14288355 13.51112965 37.11525723
v -22.40977436 13.93438969 36.39720008
v -22.34471962 13.97194993 36.37296334
v -22.34481834 13.97189312 35.93321145
v -22.28023484 14.00917955 36.34713963
v -22.28023484 14.00917955 35.94823554
v -22.40977436 13.93438969 37.74657845
v -22.40977436 13.93438969 37.66720369
v -22.34471962 13.97194993 37.64296323
v -22.34481834 13.97189312 37.20321134
v -22.28023484 14.00917955 37.61713952
v -22.28023484 14.00917955 37.21823543
v -23.14288355 13.51112965 35.84525734
v -23.14288355 13.51112965 35.92463210
v -23.14288355 13.51112965 36.00400686
v -23.20794016 13.47356942 36.02824360
v -23.20784144 13.47362623 36.46799549
v -23.14288355 13.51112965 36.55963019
v -23.14288355 13.51112965 36.63900867
v -23.20794016 13.47356942 36.66324168
v -23.20784144 13.47362623 37.10299358
v -22.40977436 13.93438969 37.11157665
v -22.40977436 13.93438969 37.03220189
v -22.34471962 13.97194993 37.00796515
v -22.34481834 13.97189312 36.56821325
v -22.28023484 14.00917955 36.98214144
v -22.28023484 14.00917955 36.58323735
v -23.14288355 13.51112965 37.19462827
v -23.14288355 13.51112965 37.27400675
v -23.20794016 13.47356942 37.29824349
v -23.20784144 13.47362623 37.73799539
v -21.41758800 13.51112965 35.73574498
v -21.41758800 13.51112965 35.65636650
v -22.15069532 13.93438969 36.37442365
v -22.15069532 13.93438969 38.99170458
v -22.09688723 13.90332263 39.01453689
v -22.15069532 13.93438969 38.95329684
v -21.41758800 13.51112965 38.35511953
v -22.15069532 13.93438969 38.91442344
v -21.28804848 13.43633980 38.78130764
v -21.28804848 13.43633980 38.38239983
v -21.35263011 13.47362623 38.36738318
v -22.21565321 13.97189312 35.72716191
v -22.15069532 13.93438969 35.73942184
v -21.41758800 13.51112965 35.81511602
v -22.15069532 13.93438969 35.89817509
v -22.21575193 13.97194993 35.92240810
v -22.21565321 13.97189312 36.36216000
v -21.41758800 13.51112965 36.45011783
v -21.41758800 13.51112965 36.37074307
v -22.15069532 13.93438969 37.00942174
v -21.41758800 13.51112965 36.29137203
v -21.35253139 13.47356942 36.26713157
v -21.35263011 13.47362623 35.82737967
v -21.28804848 13.43633980 36.24130785
v -21.28804848 13.43633980 35.84240377
v -22.15069532 13.93438969 37.08880022
v -22.15069532 13.93438969 37.16817498
v -22.15069532 13.93438969 37.64442354
v -22.21575193 13.97194993 37.19240800
v -22.21565321 13.97189312 37.63215989
v -21.41503617 13.50965630 38.99054229
v -21.41758800 13.51112965 38.99012133
v -21.47139609 13.54219578 39.01453689
v -21.41758800 13.51112965 38.91074285
v -21.63263038 13.63528520 39.06290978
v -21.78414166 13.72275967 39.07821327
v -21.28804848 13.43633980 35.60630977
v -21.35253139 13.47356942 35.63212976
v -22.15069532 13.93438969 35.81879660
v -22.15069532 13.93438969 36.45379469
v -22.15069532 13.93438969 36.53317317
v -22.21575193 13.97194993 36.55740991
v -22.21565321 13.97189312 36.99716181
v -21.41758800 13.51112965 37.08511591
v -21.41758800 13.51112965 37.00574487
v -21.41758800 13.51112965 36.92637011
v -21.35253139 13.47356942 36.90212965
v -21.35263011 13.47362623 36.46237776
v -21.28804848 13.43633980 36.87630594
v -21.28804848 13.43633980 36.47740185
v -21.35253139 13.47356942 38.80713135
v -21.41758800 13.51112965 38.83136809
v -21.93565294 13.81023414 39.06290978
v -22.15069532 13.93438969 37.72379830
v -22.15069532 13.93438969 37.80317307
v -22.15069532 13.93438969 38.27942163
v -22.21575193 13.97194993 37.82740980
v -22.21565321 13.97189312 38.26716170
v -22.15069532 13.93438969 38.35880011
v -21.41758800 13.51112965 37.72011772
v -22.15069532 13.93438969 38.43817115
v -22.21575193 13.97194993 38.46241161
v -22.21565321 13.97189312 38.90215978
v -21.41758800 13.51112965 37.64074296
v -21.41758800 13.51112965 37.56136820
v -21.35253139 13.47356942 37.53713146
v -21.35263011 13.47362623 37.09738329
v -21.28804848 13.43633980 37.51130775
v -21.28804848 13.43633980 37.11240366
v -21.41758800 13.51112965 38.27574477
v -21.41758800 13.51112965 38.19637001
v -21.35253139 13.47356942 38.17212954
v -21.35263011 13.47362623 37.73238137
v -21.28804848 13.43633980 38.14630583
v -21.28804848 13.43633980 37.74740174
v -21.28804848 12.44024001 38.16990927
v -21.28804848 12.44024001 38.09053451
v -21.28804848 13.28676008 38.80859166
v -21.28804848 12.44024001 36.34428233
v -21.28804848 12.44024001 36.26491129
v -21.28804848 13.28676008 36.90358996
v -21.28804848 12.44024001 36.18553653
v -21.28804848 12.36511953 36.16129607
v -21.28804848 13.28676008 35.63359007
v -21.28804848 13.36176600 35.62132642
v -21.28804848 13.28676008 36.26858816
v -21.28804848 13.28676008 36.98296472
v -21.28804848 13.28676008 37.06233948
v -21.28804848 13.28676008 37.53858805
v -21.28804848 13.36188056 37.08657995
v -21.28804848 13.36176600 37.52632812
v -21.28804848 13.28676008 37.61796653
v -21.28804848 12.44024001 36.97928786
v -21.28804848 13.28676008 37.69733757
v -21.28804848 13.28676008 38.17358613
v -21.28804848 13.36188056 37.72157803
v -21.28804848 13.36176600 38.16132620
v -21.28804848 13.30375206 38.97265345
v -21.28804848 13.32055125 38.97799924
v -21.28804848 13.22462689 39.01453689
v -21.28804848 13.28676008 36.34796664
v -21.28804848 13.28676008 36.42734140
v -21.28804848 13.36188056 36.45157441
v -21.28804848 13.36176600 36.89132631
v -21.28804848 12.44024001 36.89990938
v -21.28804848 12.44024001 36.82053462
v -21.28804848 12.36511953 36.79629788
v -21.28804848 12.36523408 36.35654971
v -21.28804848 13.28676008 38.96733746
v -21.28804848 12.44024001 37.61428595
v -21.28804848 12.44024001 37.53491119
v -21.28804848 12.44024001 37.45553643
v -21.28804848 12.36511953 37.43129596
v -21.28804848 12.36523408 36.99154779
v -21.28804848 13.28676008 35.71296483
v -21.28804848 13.28676008 35.79233959
v -21.28804848 13.36188056 35.81657633
v -21.28804848 13.36176600 36.25632823
v -21.28804848 12.44024001 38.80490735
v -21.28804848 12.44024001 38.72553632
v -21.28804848 12.44024001 38.24928775
v -21.28804848 12.36511953 38.70129958
v -21.28804848 12.36523408 38.26154768
v -21.28804848 12.36511953 38.06629777
v -21.28804848 12.36523408 37.62654960
v -21.28804848 13.28676008 38.88796642
v -21.28804848 13.28676008 38.25296462
v -21.28804848 13.28676008 38.33233938
v -21.28804848 13.36188056 38.35657984
v -21.28804848 13.36176600 38.79632428
v -21.28804848 12.50237320 39.01453689
v -21.28804848 12.36523408 38.89654949
v -21.28804848 12.68855017 39.06290978
v -21.28804848 12.44024001 38.88428584
v -21.28804848 12.86350004 39.07821327
v -21.28804848 13.03844899 39.06290978
v -21.31687850 12.30730675 36.78969294
v -21.34605683 12.32415158 36.80914640
v -21.34605683 12.32415158 36.88851744
v -21.34605683 12.32415158 36.96789593
v -21.31687850 12.30730675 36.98734567
v -21.31687850 12.30730675 37.42469475
v -21.34605683 12.32415158 37.44414449
v -21.34605683 12.32415158 37.52352297
v -21.34605683 12.32415158 37.60289773
v -21.31687850 12.30730675 37.62234747
v -21.31687850 12.30730675 38.05969283
v -21.34605683 12.32415158 38.07914630
v -21.34605683 12.32415158 38.15852106
v -21.34605683 12.32415158 38.23789582
v -21.31687850 12.30730675 38.25734556
v -21.31687850 12.30730675 38.69469464
v -21.34605683 12.32415158 38.71414438
v -21.34605683 12.32415158 38.79352286
v -21.34605683 12.32415158 38.87289390
v -21.31687850 12.30730675 38.89235109
v -21.31687850 13.41969427 35.62552482
v -21.34605683 13.40284850 35.64497828
v -21.34605683 13.40284850 35.72435305
v -21.34605683 13.40284850 35.80373153
v -21.31687850 13.41969427 35.82318127
v -21.31687850 13.41969427 36.26053035
v -21.34605683 13.40284850 36.27998009
v -21.34605683 13.40284850 36.35935485
v -21.34605683 13.40284850 36.43872961
v -21.31687850 13.41969427 36.45818308
v -21.31687850 13.41969427 36.89552844
v -21.34605683 13.40284850 36.91497818
v -21.34605683 13.40284850 36.99435294
v -21.34605683 13.40284850 37.07373142
v -21.31687850 13.41969427 37.09318116
v -21.31687850 13.41969427 37.53052652
v -21.34605683 13.40284850 37.54997998
v -21.34605683 13.40284850 37.62935102
v -21.34605683 13.40284850 37.70872951
v -21.31687850 13.41969427 37.72817925
v -21.31687850 13.41969427 38.16552833
v -21.34605683 13.40284850 38.18497807
v -21.34605683 13.40284850 38.26435655
v -21.34605683 13.40284850 38.34373131
v -21.31687850 13.41969427 38.36318105
v -22.90080860 13.08936998 39.40999880
v -22.93060347 12.97817752 39.40999880
v -22.28023484 12.86350004 39.40999880
v -22.94063568 12.86350004 39.40999880
v -22.93060347 12.74882257 39.40999880
v -22.70473167 13.36939540 39.40999880
v -22.78613113 13.28799687 39.40999880
v -22.85215817 13.19370046 39.40999880
v -22.39491232 13.51386681 39.40999880
v -22.50610478 13.48407287 39.40999880
v -22.61043526 13.43542431 39.40999880
v -22.05436490 13.48407287 39.40999880
v -22.16555923 13.51386681 39.40999880
v -22.28023484 13.52389995 39.40999880
v -21.77434042 13.28799687 39.40999880
v -21.85573801 13.36939540 39.40999880
v -21.95003629 13.43542431 39.40999880
v -21.62986808 12.97817752 39.40999880
v -21.65966295 13.08936998 39.40999880
v -21.70831151 13.19370046 39.40999880
v -21.65966295 12.63763011 39.40999880
v -21.62986808 12.74882257 39.40999880
v -21.61983773 12.86350004 39.40999880
v -21.85573801 12.35760469 39.40999880
v -21.77434042 12.43900321 39.40999880
v -21.70831151 12.53329962 39.40999880
v -22.16555923 12.21313328 39.40999880
v -22.05436490 12.24292722 39.40999880
v -21.95003629 12.29157671 39.40999880
v -22.50610478 12.24292722 39.40999880
v -22.39491232 12.21313328 39.40999880
v -22.28023484 12.20310014 39.40999880
v -22.78613113 12.43900321 39.40999880
v -22.70473167 12.35760469 39.40999880
v -22.61043526 12.29157671 39.40999880
v -22.90080860 12.63763011 39.40999880
v -22.85215817 12.53329962 39.40999880
v -22.28023484 13.97588849 38.90636191
v -22.28023484 13.94219603 38.92581165
v -22.28023484 13.94219603 38.99170458
v -22.28023484 13.94219603 38.96468505
v -21.31687850 13.41969427 38.80052641
v -21.34605683 13.40284850 38.81997988
v -21.34605683 13.40284850 38.89935464
v -21.34605683 13.40284850 38.97872940
v -21.33893408 13.40696029 38.98347914
v -21.35263756 13.42748571 38.98480535
v -21.37907036 13.46435584 38.98729011
v -22.28023484 13.97588849 35.73136032
v -22.28023484 13.94219603 35.75081378
v -22.28023484 13.94219603 35.83018854
v -22.28023484 13.94219603 35.90955958
v -22.28023484 13.97588849 35.92901677
v -22.28023484 13.97588849 36.36635840
v -22.28023484 13.94219603 36.38581187
v -22.28023484 13.94219603 36.46518663
v -22.28023484 13.94219603 36.54456511
v -22.28023484 13.97588849 36.56401485
v -22.28023484 13.97588849 37.00136021
v -22.28023484 13.94219603 37.02081367
v -22.28023484 13.94219603 37.10018843
v -22.28023484 13.94219603 37.17956319
v -22.28023484 13.97588849 37.19901666
v -22.28023484 13.97588849 37.63636202
v -22.28023484 13.94219603 37.65581176
v -22.28023484 13.94219603 37.73518652
v -22.28023484 13.94219603 37.81456500
v -22.28023484 13.97588849 37.83401474
v -22.28023484 13.97588849 38.27136010
v -22.28023484 13.94219603 38.29081357
v -22.28023484 13.94219603 38.37018460
v -22.28023484 13.94219603 38.44956309
v -22.28023484 13.97588849 38.46901283
v -23.24359305 13.41969427 35.83719209
v -23.21441472 13.40284850 35.85664928
v -23.21441472 13.40284850 35.93602031
v -23.21441472 13.40284850 36.01539508
v -23.24359305 13.41969427 36.03484854
v -23.24359305 13.41969427 36.47219390
v -23.21441472 13.40284850 36.49164736
v -23.21441472 13.40284850 36.57102212
v -23.21441472 13.40284850 36.65039316
v -23.24359305 13.41969427 36.66985035
v -23.24359305 13.41969427 37.10719198
v -23.21441472 13.40284850 37.12664545
v -23.21441472 13.40284850 37.20602021
v -23.21441472 13.40284850 37.28539497
v -23.24359305 13.41969427 37.30484843
v -23.24359305 13.41969427 37.74219379
v -23.21441472 13.40284850 37.76164725
v -23.21441472 13.40284850 37.84102201
v -23.21441472 13.40284850 37.92039305
v -23.24359305 13.41969427 37.93985024
v -23.24359305 13.41969427 38.37719187
v -23.21441472 13.40284850 38.39664534
v -23.21441472 13.40284850 38.47602010
v -23.21441472 13.40284850 38.55539858
v -23.24359305 13.41969427 38.57484832
v -23.24359305 12.30730675 35.94302759
v -23.21441472 12.32415158 35.96247733
v -23.21441472 12.32415158 36.04185581
v -23.21441472 12.32415158 36.12123057
v -23.24359305 12.30730675 36.14068404
v -23.24359305 12.30730675 36.57802567
v -23.21441472 12.32415158 36.59747913
v -23.21441472 12.32415158 36.67685390
v -23.21441472 12.32415158 36.75622866
v -23.24359305 12.30730675 36.77568212
v -23.24359305 12.30730675 37.21302748
v -23.21441472 12.32415158 37.23248094
v -23.21441472 12.32415158 37.31185570
v -23.21441472 12.32415158 37.39122674
v -23.24359305 12.30730675 37.41068393
v -23.24359305 12.30730675 37.84802556
v -23.21441472 12.32415158 37.86747903
v -23.21441472 12.32415158 37.94685379
v -23.21441472 12.32415158 38.02622855
v -23.24359305 12.30730675 38.04568201
v -23.24359305 12.30730675 38.48302737
v -23.21441472 12.32415158 38.50248083
v -23.21441472 12.32415158 38.58185560
v -23.21441472 12.32415158 38.66122663
v -23.24359305 12.30730675 38.68068382
v -22.28023484 11.75111160 36.04885936
v -22.28023484 11.78480405 36.06831282
v -22.28023484 11.78480405 36.14768758
v -22.28023484 11.78480405 36.22706234
v -22.28023484 11.75111160 36.24651209
v -22.28023484 11.75111160 36.68386117
v -22.28023484 11.78480405 36.70331091
v -22.28023484 11.78480405 36.78268939
v -22.28023484 11.78480405 36.86206415
v -22.28023484 11.75111160 36.88151389
v -22.28023484 11.75111160 37.31885925
v -22.28023484 11.78480405 37.33831272
v -22.28023484 11.78480405 37.41768748
v -22.28023484 11.78480405 37.49706224
v -22.28023484 11.75111160 37.51651198
v -22.28023484 11.75111160 37.95386106
v -22.28023484 11.78480405 37.97331080
v -22.28023484 11.78480405 38.05268928
v -22.28023484 11.78480405 38.13206032
v -22.28023484 11.75111160 38.15151751
v -22.28023484 11.75111160 38.58885914
v -22.28023484 11.78480405 38.60830888
v -22.28023484 11.78480405 38.68768737
v -22.28023484 11.78480405 38.76706213
v -22.28023484 11.75111160 38.78651559
v -21.31687850 12.30730675 36.15469486
v -21.34605683 12.32415158 36.17414460
v -21.34605683 12.32415158 36.25351936
v -21.34605683 12.32415158 36.33289784
v -21.31687850 12.30730675 36.35234758
f 1 2 3
f 4 5 6
f 7 8 9
f 10 11 12
f 12 11 13
f 8 7 14
f 14 7 15
f 14 15 10
f 10 15 16
f 10 16 11
f 17 18 9
f 9 18 19
f 9 19 7
f 20 21 22
f 22 21 23
f 22 23 17
f 17 23 24
f 17 24 18
f 25 26 22
f 22 26 27
f 22 27 20
f 28 29 30
f 30 29 31
f 30 31 25
f 25 31 32
f 25 32 26
f 33 34 35
f 35 34 28
f 35 28 36
f 36 28 30
f 37 38 39
f 39 38 40
f 39 40 33
f 33 40 41
f 33 41 34
f 37 39 42
f 42 39 43
f 42 43 44
f 44 43 45
f 45 43 46
f 45 46 47
f 47 46 48
f 48 46 49
f 48 49 50
f 50 49 51
f 50 51 52
f 52 51 53
f 53 51 54
f 53 54 55
f 55 54 56
f 55 56 57
f 58 59 60
f 60 61 58
f 58 61 62
f 58 62 56
f 56 62 63
f 56 63 57
f 64 65 66
f 66 65 67
f 66 67 59
f 59 67 68
f 59 68 60
f 69 70 64
f 64 70 71
f 64 71 65
f 72 73 74
f 74 73 75
f 74 75 69
f 69 75 76
f 69 76 70
f 72 74 77
f 77 74 78
f 77 78 79
f 79 78 80
f 80 78 81
f 80 81 82
f 82 81 83
f 83 81 84
f 83 84 85
f 85 84 86
f 85 86 87
f 87 86 88
f 88 86 89
f 88 89 90
f 90 89 91
f 91 89 92
f 91 92 93
f 94 95 96
f 96 97 94
f 94 97 98
f 94 98 92
f 92 98 99
f 92 99 93
f 100 101 102
f 102 101 103
f 102 103 95
f 95 103 104
f 95 104 96
f 6 5 105
f 13 105 12
f 12 105 5
f 12 5 106
f 106 5 107
f 106 107 100
f 100 107 108
f 100 108 101
f 109 110 111
f 111 110 112
f 111 112 113
f 113 112 114
f 113 114 115
f 115 114 116
f 115 116 117
f 117 116 118
f 117 118 119
f 119 118 120
f 119 120 121
f 121 120 122
f 121 122 123
f 123 122 124
f 123 124 125
f 125 124 126
f 125 126 127
f 127 126 128
f 127 128 129
f 129 128 130
f 129 130 131
f 131 130 132
f 131 132 133
f 133 132 134
f 133 134 135
f 135 134 136
f 135 136 137
f 135 137 138
f 138 137 139
f 138 139 140
f 140 139 141
f 140 141 142
f 142 141 143
f 142 143 144
f 144 143 145
f 144 145 6
f 6 145 146
f 6 146 4
f 147 148 109
f 109 148 149
f 109 149 110
f 150 151 152
f 152 151 153
f 152 153 154
f 154 153 155
f 154 155 156
f 156 155 157
f 156 157 158
f 158 157 159
f 158 159 160
f 160 159 161
f 160 161 162
f 162 161 163
f 162 163 164
f 164 163 165
f 164 165 166
f 166 165 167
f 166 167 168
f 168 167 169
f 168 169 170
f 170 169 171
f 170 171 172
f 172 171 173
f 172 173 174
f 174 173 175
f 174 175 176
f 176 175 177
f 176 177 178
f 178 177 179
f 178 179 180
f 180 179 181
f 180 181 182
f 182 181 183
f 182 183 184
f 184 183 185
f 184 185 186
f 186 185 187
f 186 187 188
f 188 187 189
f 188 189 190
f 190 189 191
f 190 191 192
f 192 191 193
f 192 193 194
f 194 193 195
f 194 195 196
f 196 195 197
f 196 197 198
f 198 197 199
f 198 199 200
f 200 199 201
f 200 201 202
f 202 201 203
f 202 203 204
f 204 203 205
f 204 205 206
f 206 205 207
f 206 207 208
f 208 207 209
f 208 209 210
f 210 209 211
f 210 211 212
f 212 211 213
f 212 213 214
f 214 213 215
f 214 215 216
f 216 215 217
f 216 217 218
f 218 217 219
f 218 219 220
f 220 219 221
f 220 221 222
f 222 221 223
f 222 223 224
f 224 223 225
f 224 225 226
f 226 225 227
f 226 227 228
f 228 227 229
f 228 229 230
f 230 229 231
f 230 231 232
f 232 231 233
f 232 233 234
f 234 233 235
f 234 235 236
f 236 235 237
f 236 237 238
f 238 237 239
f 238 239 240
f 240 239 241
f 240 241 242
f 242 241 243
f 242 243 244
f 244 243 245
f 244 245 246
f 246 245 247
f 246 247 248
f 248 247 249
f 248 249 250
f 250 249 251
f 250 251 252
f 252 251 253
f 252 253 254
f 254 253 255
f 254 255 256
f 256 255 257
f 256 257 258
f 258 257 259
f 258 259 260
f 260 259 261
f 260 261 262
f 262 261 263
f 262 263 264
f 264 263 265
f 264 265 266
f 266 265 267
f 266 267 268
f 268 267 269
f 268 269 270
f 270 269 271
f 270 271 272
f 272 271 273
f 272 273 274
f 274 273 275
f 274 275 276
f 276 275 277
f 276 277 278
f 278 277 279
f 278 279 280
f 280 279 281
f 280 281 282
f 282 281 283
f 282 283 284
f 284 283 285
f 284 285 286
f 286 285 287
f 286 287 288
f 288 287 289
f 288 289 290
f 290 289 291
f 290 291 292
f 292 291 293
f 292 293 294
f 294 293 295
f 294 295 296
f 296 295 297
f 296 297 298
f 298 297 299
f 298 299 300
f 300 299 301
f 300 301 302
f 302 301 303
f 302 303 304
f 304 303 305
f 304 305 306
f 306 305 307
f 306 307 308
f 308 307 309
f 308 309 310
f 310 309 311
f 310 311 312
f 312 311 313
f 312 313 314
f 314 313 315
f 314 315 316
f 316 315 317
f 316 317 318
f 318 317 319
f 318 319 320
f 320 319 321
f 320 321 322
f 322 321 323
f 322 323 324
f 324 323 325
f 324 325 326
f 326 325 327
f 326 327 328
f 328 327 329
f 328 329 330
f 330 329 331
f 330 331 332
f 332 331 333
f 332 333 334
f 334 333 335
f 334 335 336
f 336 335 337
f 336 337 338
f 336 338 339
f 339 338 340
f 339 340 341
f 341 340 342
f 341 342 343
f 343 342 344
f 343 344 345
f 345 344 346
f 345 346 347
f 347 346 348
f 347 348 349
f 349 348 350
f 349 350 351
f 351 350 352
f 351 352 353
f 353 352 354
f 353 354 355
f 355 354 356
f 355 356 357
f 357 356 358
f 357 358 147
f 147 358 359
f 147 359 148
f 360 361 362
f 362 361 363
f 362 363 364
f 364 363 365
f 364 365 366
f 366 365 367
f 366 367 368
f 368 367 369
f 368 369 370
f 370 369 371
f 370 371 372
f 372 371 373
f 372 373 374
f 374 373 375
f 374 375 376
f 376 375 377
f 376 377 378
f 378 377 379
f 378 379 380
f 380 379 381
f 380 381 382
f 382 381 383
f 382 383 384
f 384 383 385
f 384 385 386
f 386 385 387
f 386 387 388
f 388 387 389
f 388 389 390
f 390 389 391
f 390 391 392
f 392 391 393
f 392 393 394
f 394 393 395
f 394 395 396
f 396 395 397
f 396 397 398
f 398 397 399
f 398 399 400
f 400 399 401
f 400 401 402
f 402 401 403
f 402 403 404
f 404 403 405
f 404 405 406
f 406 405 407
f 406 407 408
f 408 407 409
f 408 409 410
f 410 409 411
f 410 411 412
f 412 411 413
f 412 413 414
f 414 413 415
f 414 415 416
f 416 415 417
f 416 417 418
f 418 417 419
f 418 419 420
f 420 419 421
f 420 421 422
f 422 421 423
f 422 423 424
f 424 423 425
f 424 425 426
f 426 425 427
f 426 427 428
f 428 427 429
f 428 429 430
f 430 429 431
f 430 431 432
f 432 431 433
f 432 433 434
f 434 433 435
f 434 435 436
f 436 435 437
f 436 437 438
f 438 437 439
f 438 439 440
f 440 439 441
f 440 441 442
f 442 441 443
f 442 443 444
f 444 443 445
f 444 445 446
f 446 445 447
f 446 447 448
f 448 447 449
f 448 449 450
f 450 449 451
f 450 451 452
f 452 451 453
f 452 453 454
f 454 453 455
f 454 455 456
f 456 455 457
f 456 457 458
f 458 457 459
f 458 459 460
f 460 459 461
f 460 461 462
f 462 461 463
f 462 463 464
f 464 463 465
f 464 465 466
f 466 465 467
f 466 467 468
f 468 467 469
f 468 469 470
f 470 469 471
f 470 471 472
f 472 471 473
f 472 473 474
f 474 473 475
f 474 475 476
f 476 475 477
f 476 477 478
f 478 477 479
f 478 479 480
f 480 479 481
f 480 481 482
f 482 481 483
f 482 483 484
f 484 483 485
f 484 485 486
f 486 485 487
f 486 487 488
f 488 487 489
f 488 489 490
f 490 489 491
f 490 491 492
f 492 491 493
f 492 493 494
f 494 493 495
f 494 495 496
f 496 495 497
f 496 497 498
f 498 497 499
f 498 499 500
f 500 499 501
f 500 501 502
f 502 501 503
f 502 503 504
f 504 503 505
f 504 505 506
f 506 505 507
f 506 507 508
f 508 507 509
f 508 509 510
f 510 509 511
f 510 511 512
f 512 511 513
f 512 513 514
f 514 513 515
f 514 515 516
f 516 515 517
f 516 517 518
f 518 517 519
f 518 519 520
f 520 519 521
f 520 521 522
f 522 521 523
f 522 523 524
f 524 523 525
f 524 525 526
f 526 525 527
f 526 527 528
f 528 527 529
f 528 529 530
f 530 529 531
f 530 531 532
f 532 531 533
f 532 533 534
f 534 533 535
f 534 535 536
f 536 535 537
f 536 537 538
f 538 537 539
f 538 539 540
f 540 539 541
f 540 541 542
f 542 541 543
f 542 543 544
f 544 543 545
f 544 545 546
f 546 545 547
f 546 547 548
f 548 547 549
f 548 549 550
f 550 549 551
f 550 551 552
f 552 551 553
f 552 553 554
f 554 553 555
f 554 555 556
f 556 555 557
f 556 557 558
f 558 557 559
f 558 559 560
f 560 559 561
f 560 561 562
f 562 561 563
f 562 563 564
f 564 563 565
f 564 565 566
f 566 565 567
f 566 567 568
f 568 567 569
f 568 569 570
f 570 569 571
f 570 571 572
f 572 571 573
f 572 573 574
f 574 573 575
f 574 575 576
f 576 575 577
f 576 577 578
f 578 577 579
f 578 579 580
f 580 579 581
f 580 581 582
f 582 581 583
f 582 583 584
f 584 583 585
f 584 585 586
f 586 585 587
f 586 587 588
f 588 587 589
f 588 589 590
f 590 589 591
f 590 591 592
f 592 591 593
f 592 593 594
f 594 593 595
f 594 595 596
f 596 595 597
f 596 597 598
f 598 597 599
f 598 599 600
f 600 599 601
f 600 601 602
f 602 601 603
f 602 603 604
f 604 603 605
f 604 605 606
f 606 605 607
f 606 607 608
f 608 607 609
f 608 609 610
f 610 609 611
f 610 611 612
f 612 611 613
f 612 613 614
f 614 613 615
f 614 615 150
f 150 615 151
f 616 617 618
f 618 617 619
f 618 619 620
f 620 619 621
f 620 621 622
f 622 621 623
f 622 623 624
f 624 623 625
f 624 625 626
f 626 625 627
f 626 627 628
f 628 627 629
f 628 629 630
f 630 629 631
f 630 631 632
f 632 631 633
f 632 633 634
f 634 633 635
f 634 635 636
f 636 635 637
f 636 637 638
f 638 637 639
f 638 639 640
f 640 639 641
f 640 641 642
f 642 641 643
f 642 643 644
f 644 643 645
f 644 645 646
f 646 645 647
f 646 647 648
f 648 647 649
f 648 649 650
f 650 649 651
f 650 651 652
f 652 651 653
f 652 653 654
f 654 653 655
f 654 655 656
f 656 655 657
f 656 657 658
f 658 657 659
f 658 659 660
f 660 659 661
f 660 661 662
f 662 661 663
f 662 663 664
f 664 663 665
f 664 665 666
f 666 665 667
f 666 667 668
f 668 667 669
f 668 669 670
f 670 669 671
f 670 671 672
f 672 671 673
f 672 673 674
f 674 673 675
f 674 675 676
f 676 675 677
f 676 677 678
f 678 677 679
f 678 679 680
f 680 679 681
f 680 681 682
f 682 681 683
f 682 683 684
f 684 683 685
f 684 685 686
f 686 685 687
f 686 687 688
f 688 687 689
f 688 689 690
f 690 689 691
f 690 691 692
f 692 691 693
f 692 693 694
f 694 693 695
f 694 695 696
f 696 695 697
f 696 697 698
f 698 697 699
f 698 699 700
f 700 699 701
f 700 701 702
f 702 701 703
f 702 703 704
f 704 703 705
f 704 705 706
f 706 705 707
f 706 707 708
f 708 707 709
f 708 709 710
f 710 709 711
f 710 711 712
f 712 711 713
f 712 713 714
f 714 713 715
f 714 715 716
f 716 715 717
f 716 717 718
f 718 717 719
f 718 719 720
f 720 719 721
f 720 721 722
f 722 721 723
f 722 723 724
f 724 723 725
f 724 725 726
f 726 725 727
f 726 727 728
f 728 727 729
f 728 729 730
f 730 729 731
f 730 731 732
f 732 731 733
f 732 733 734
f 734 733 735
f 734 735 736
f 736 735 737
f 736 737 738
f 738 737 739
f 738 739 740
f 740 739 741
f 740 741 742
f 742 741 743
f 742 743 744
f 744 743 745
f 744 745 746
f 746 745 747
f 746 747 748
f 748 747 749
f 748 749 750
f 750 749 751
f 750 751 752
f 752 751 753
f 752 753 754
f 754 753 755
f 754 755 756
f 756 755 757
f 756 757 758
f 758 757 759
f 758 759 760
f 760 759 761
f 760 761 762
f 762 761 763
f 762 763 764
f 764 763 765
f 764 765 766
f 766 765 767
f 766 767 768
f 768 767 769
f 768 769 770
f 770 769 771
f 770 771 772
f 772 771 773
f 772 773 774
f 774 773 775
f 774 775 776
f 776 775 777
f 776 777 778
f 778 777 779
f 778 779 780
f 780 779 781
f 780 781 782
f 782 781 783
f 782 783 784
f 784 783 785
f 784 785 786
f 786 785 787
f 786 787 788
f 788 787 789
f 788 789 790
f 790 789 791
f 790 791 792
f 792 791 793
f 792 793 794
f 794 793 795
f 794 795 796
f 796 795 797
f 796 797 798
f 798 797 799
f 798 799 800
f 800 799 801
f 800 801 802
f 802 801 803
f 802 803 804
f 804 803 805
f 804 805 806
f 806 805 807
f 806 807 808
f 808 807 809
f 808 809 810
f 810 809 811
f 810 811 812
f 812 811 813
f 812 813 814
f 814 813 815
f 814 815 816
f 816 815 817
f 816 817 818
f 818 817 819
f 818 819 820
f 820 819 821
f 820 821 822
f 822 821 823
f 822 823 824
f 824 823 825
f 824 825 826
f 826 825 827
f 826 827 828
f 828 827 829
f 828 829 830
f 830 829 831
f 830 831 832
f 832 831 833
f 832 833 834
f 834 833 835
f 834 835 836
f 836 835 837
f 836 837 838
f 838 837 839
f 838 839 840
f 840 839 841
f 840 841 842
f 842 841 843
f 842 843 844
f 844 843 845
f 844 845 846
f 846 845 847
f 846 847 848
f 848 847 849
f 848 849 850
f 850 849 851
f 850 851 852
f 852 851 853
f 852 853 854
f 854 853 855
f 854 855 856
f 856 855 857
f 856 857 858
f 858 857 859
f 858 859 860
f 860 859 861
f 860 861 862
f 862 861 863
f 862 863 864
f 864 863 865
f 864 865 866
f 866 865 867
f 866 867 868
f 868 867 869
f 868 869 870
f 870 869 871
f 870 871 360
f 360 871 361
f 872 873 874
f 874 873 875
f 874 875 876
f 876 875 877
f 876 877 878
f 878 877 879
f 878 879 880
f 880 879 881
f 880 881 882
f 882 881 883
f 882 883 884
f 884 883 885
f 884 885 886
f 886 885 887
f 886 887 888
f 888 887 889
f 888 889 890
f 890 889 891
f 890 891 892
f 892 891 893
f 892 893 894
f 894 893 895
f 894 895 896
f 896 895 897
f 896 897 898
f 898 897 899
f 898 899 900
f 900 899 901
f 900 901 902
f 902 901 903
f 902 903 904
f 904 903 905
f 904 905 906
f 906 905 907
f 906 907 908
f 908 907 909
f 908 909 910
f 910 909 911
f 910 911 912
f 912 911 913
f 912 913 914
f 914 913 915
f 914 915 916
f 916 915 917
f 916 917 918
f 918 917 919
f 918 919 920
f 920 919 921
f 920 921 922
f 922 921 923
f 922 923 924
f 924 923 925
f 924 925 926
f 926 925 927
f 926 927 928
f 928 927 929
f 928 929 930
f 930 929 931
f 930 931 932
f 932 931 933
f 932 933 934
f 934 933 935
f 934 935 936
f 936 935 937
f 936 937 938
f 938 937 939
f 938 939 940
f 940 939 941
f 940 941 942
f 942 941 943
f 942 943 944
f 944 943 945
f 944 945 946
f 946 945 947
f 946 947 948
f 948 947 949
f 948 949 950
f 950 949 951
f 950 951 952
f 952 951 953
f 952 953 954
f 954 953 955
f 954 955 956
f 956 955 957
f 956 957 958
f 958 957 959
f 958 959 960
f 960 959 961
f 960 961 962
f 962 961 963
f 962 963 964
f 964 963 965
f 964 965 966
f 966 965 967
f 966 967 968
f 968 967 969
f 968 969 970
f 970 969 971
f 970 971 972
f 972 971 973
f 972 973 974
f 974 973 975
f 974 975 976
f 976 975 977
f 976 977 978
f 978 977 979
f 978 979 980
f 980 979 981
f 980 981 982
f 982 981 983
f 982 983 984
f 984 983 985
f 984 985 986
f 986 985 987
f 986 987 988
f 988 987 989
f 988 989 990
f 990 989 991
f 990 991 992
f 992 991 993
f 992 993 994
f 994 993 995
f 994 995 996
f 996 995 997
f 996 997 998
f 998 997 999
f 998 999 1000
f 1000 999 1001
f 1000 1001 1002
f 1002 1001 1003
f 1002 1003 1004
f 1004 1003 1005
f 1004 1005 1006
f 1006 1005 1007
f 1006 1007 1008
f 1008 1007 1009
f 1008 1009 1010
f 1010 1009 1011
f 1010 1011 1012
f 1012 1011 1013
f 1012 1013 1014
f 1014 1013 1015
f 1014 1015 1016
f 1016 1015 1017
f 1016 1017 1018
f 1018 1017 1019
f 1018 1019 1020
f 1020 1019 1021
f 1020 1021 1022
f 1022 1021 1023
f 1022 1023 1024
f 1024 1023 1025
f 1024 1025 1026
f 1026 1025 1027
f 1026 1027 1028
f 1028 1027 1029
f 1028 1029 1030
f 1030 1029 1031
f 1030 1031 1032
f 1032 1031 1033
f 1032 1033 1034
f 1034 1033 1035
f 1034 1035 1036
f 1036 1035 1037
f 1036 1037 1038
f 1038 1037 1039
f 1038 1039 1040
f 1040 1039 1041
f 1040 1041 1042
f 1042 1041 1043
f 1042 1043 1044
f 1044 1043 1045
f 1044 1045 1046
f 1046 1045 1047
f 1046 1047 1048
f 1048 1047 1049
f 1048 1049 1050
f 1050 1049 1051
f 1050 1051 1052
f 1052 1051 1053
f 1052 1053 1054
f 1054 1053 1055
f 1054 1055 1056
f 1056 1055 1057
f 1056 1057 1058
f 1058 1057 1059
f 1058 1059 1060
f 1060 1059 1061
f 1060 1061 1062
f 1062 1061 1063
f 1062 1063 1064
f 1064 1063 1065
f 1064 1065 1066
f 1066 1065 1067
f 1066 1067 1068
f 1068 1067 1069
f 1068 1069 1070
f 1070 1069 1071
f 1070 1071 1072
f 1072 1071 1073
f 1072 1073 1074
f 1074 1073 1075
f 1074 1075 1076
f 1076 1075 1077
f 1076 1077 1078
f 1078 1077 1079
f 1078 1079 1080
f 1080 1079 1081
f 1080 1081 1082
f 1082 1081 1083
f 1082 1083 1084
f 1084 1083 1085
f 1084 1085 1086
f 1086 1085 1087
f 1086 1087 1088
f 1088 1087 1089
f 1088 1089 1090
f 1090 1089 1091
f 1090 1091 1092
f 1092 1091 1093
f 1092 1093 1094
f 1094 1093 1095
f 1094 1095 1096
f 1096 1095 1097
f 1096 1097 1098
f 1098 1097 1099
f 1098 1099 1100
f 1100 1099 1101
f 1100 1101 1102
f 1102 1101 1103
f 1102 1103 1104
f 1104 1103 1105
f 1104 1105 1106
f 1106 1105 1107
f 1106 1107 1108
f 1108 1107 1109
f 1108 1109 1110
f 1110 1109 1111
f 1110 1111 1112
f 1112 1111 1113
f 1112 1113 1114
f 1114 1113 1115
f 1114 1115 1116
f 1116 1115 1117
f 1116 1117 1118
f 1118 1117 1119
f 1118 1119 1120
f 1120 1119 1121
f 1120 1121 1122
f 1122 1121 1123
f 1122 1123 1124
f 1124 1123 1125
f 1124 1125 1126
f 1126 1125 1127
f 1126 1127 616
f 616 1127 617
f 1128 1129 1130
f 1130 1129 1131
f 1130 1131 1132
f 1132 1131 1133
f 1132 1133 1134
f 1134 1133 1135
f 1134 1135 1136
f 1136 1135 1137
f 1136 1137 1138
f 1138 1137 1139
f 1138 1139 1140
f 1140 1139 1141
f 1140 1141 1142
f 1142 1141 1143
f 1142 1143 1144
f 1144 1143 1145
f 1144 1145 1146
f 1146 1145 1147
f 1146 1147 1148
f 1148 1147 1149
f 1148 1149 1150
f 1150 1149 1151
f 1150 1151 1152
f 1152 1151 1153
f 1152 1153 1154
f 1154 1153 1155
f 1154 1155 1156
f 1156 1155 1157
f 1156 1157 1158
f 1158 1157 1159
f 1158 1159 1160
f 1160 1159 1161
f 1160 1161 1162
f 1162 1161 1163
f 1162 1163 1164
f 1164 1163 1165
f 1164 1165 1166
f 1166 1165 1167
f 1166 1167 1168
f 1168 1167 1169
f 1168 1169 1170
f 1170 1169 1171
f 1170 1171 1172
f 1172 1171 1173
f 1172 1173 1174
f 1174 1173 1175
f 1174 1175 1176
f 1176 1175 1177
f 1176 1177 1178
f 1178 1177 1179
f 1178 1179 1180
f 1180 1179 1181
f 1180 1181 1182
f 1182 1181 1183
f 1182 1183 1184
f 1184 1183 1185
f 1184 1185 1186
f 1186 1185 1187
f 1186 1187 1188
f 1188 1187 1189
f 1188 1189 1190
f 1190 1189 1191
f 1190 1191 1192
f 1192 1191 1193
f 1192 1193 1194
f 1194 1193 1195
f 1194 1195 1196
f 1196 1195 1197
f 1196 1197 1198
f 1198 1197 1199
f 1198 1199 1200
f 1200 1199 1201
f 1200 1201 1202
f 1202 1201 1203
f 1202 1203 1204
f 1204 1203 1205
f 1204 1205 1206
f 1206 1205 1207
f 1206 1207 1208
f 1208 1207 1209
f 1208 1209 1210
f 1210 1209 1211
f 1210 1211 1212
f 1212 1211 1213
f 1212 1213 1214
f 1214 1213 1215
f 1214 1215 1216
f 1216 1215 1217
f 1216 1217 1218
f 1218 1217 1219
f 1218 1219 1220
f 1220 1219 1221
f 1220 1221 1222
f 1222 1221 1223
f 1222 1223 1224
f 1224 1223 1225
f 1224 1225 1226
f 1226 1225 1227
f 1226 1227 1228
f 1228 1227 1229
f 1228 1229 1230
f 1230 1229 1231
f 1230 1231 1232
f 1232 1231 1233
f 1232 1233 1234
f 1234 1233 1235
f 1234 1235 1236
f 1236 1235 1237
f 1236 1237 1238
f 1238 1237 1239
f 1238 1239 1240
f 1240 1239 1241
f 1240 1241 1242
f 1242 1241 1243
f 1242 1243 1244
f 1244 1243 1245
f 1244 1245 1246
f 1246 1245 1247
f 1246 1247 1248
f 1248 1247 1249
f 1248 1249 1250
f 1250 1249 1251
f 1250 1251 1252
f 1252 1251 1253
f 1252 1253 1254
f 1254 1253 1255
f 1254 1255 1256
f 1256 1255 1257
f 1256 1257 1258
f 1258 1257 1259
f 1258 1259 1260
f 1260 1259 1261
f 1260 1261 1262
f 1262 1261 1263
f 1262 1263 1264
f 1264 1263 1265
f 1264 1265 1266
f 1266 1265 1267
f 1266 1267 1268
f 1268 1267 1269
f 1268 1269 1270
f 1270 1269 1271
f 1270 1271 1272
f 1272 1271 1273
f 1272 1273 1274
f 1274 1273 1275
f 1274 1275 1276
f 1276 1275 1277
f 1276 1277 1278
f 1278 1277 1279
f 1278 1279 1280
f 1280 1279 1281
f 1280 1281 1282
f 1282 1281 1283
f 1282 1283 1284
f 1284 1283 1285
f 1284 1285 1286
f 1286 1285 1287
f 1286 1287 1288
f 1288 1287 1289
f 1288 1289 1290
f 1290 1289 1291
f 1290 1291 1292
f 1292 1291 1293
f 1292 1293 1294
f 1294 1293 1295
f 1294 1295 1296
f 1296 1295 1297
f 1296 1297 1298
f 1298 1297 1299
f 1298 1299 1300
f 1300 1299 1301
f 1300 1301 1302
f 1302 1301 1303
f 1302 1303 1304
f 1304 1303 1305
f 1304 1305 1306
f 1306 1305 1307
f 1306 1307 1308
f 1308 1307 1309
f 1308 1309 1310
f 1310 1309 1311
f 1310 1311 1312
f 1312 1311 1313
f 1312 1313 1314
f 1314 1313 1315
f 1314 1315 1316
f 1316 1315 1317
f 1316 1317 1318
f 1318 1317 1319
f 1318 1319 1320
f 1320 1319 1321
f 1320 1321 1322
f 1322 1321 1323
f 1322 1323 1324
f 1324 1323 1325
f 1324 1325 1326
f 1326 1325 1327
f 1326 1327 1328
f 1328 1327 1329
f 1328 1329 1330
f 1330 1329 1331
f 1330 1331 1332
f 1332 1331 1333
f 1332 1333 1334
f 1334 1333 1335
f 1334 1335 1336
f 1336 1335 1337
f 1336 1337 1338
f 1338 1337 1339
f 1338 1339 1340
f 1340 1339 1341
f 1340 1341 1342
f 1342 1341 1343
f 1342 1343 1344
f 1344 1343 1345
f 1344 1345 1346
f 1346 1345 1347
f 1346 1347 1348
f 1348 1347 1349
f 1348 1349 1350
f 1350 1349 1351
f 1350 1351 1352
f 1352 1351 1353
f 1352 1353 1354
f 1354 1353 1355
f 1354 1355 1356
f 1356 1355 1357
f 1356 1357 1358
f 1358 1357 1359
f 1358 1359 1360
f 1360 1359 1361
f 1360 1361 1362
f 1362 1361 1363
f 1362 1363 1364
f 1364 1363 1365
f 1364 1365 1366
f 1366 1365 1367
f 1366 1367 1368
f 1368 1367 1369
f 1368 1369 1370
f 1370 1369 1371
f 1370 1371 1372
f 1372 1371 1373
f 1372 1373 1374
f 1374 1373 1375
f 1374 1375 1376
f 1376 1375 1377
f 1376 1377 1378
f 1378 1377 1379
f 1378 1379 1380
f 1380 1379 1381
f 1380 1381 1382
f 1382 1381 1383
f 1382 1383 872
f 872 1383 873
f 1384 1385 3
f 3 1385 1386
f 3 1386 1
f 1387 1388 1384
f 1384 1388 1389
f 1384 1389 1385
f 1390 1391 1387
f 1387 1391 1392
f 1387 1392 1388
f 1393 1394 1390
f 1390 1394 1395
f 1390 1395 1391
f 1129 1128 1396
f 1396 1128 1397
f 1396 1397 1398
f 1398 1397 1399
f 1398 1399 1400
f 1400 1399 1401
f 1400 1401 1402
f 1402 1401 1403
f 1402 1403 1404
f 1404 1403 1405
f 1404 1405 1406
f 1406 1405 1407
f 1406 1407 1408
f 1408 1407 1409
f 1408 1409 1410
f 1410 1409 1411
f 1410 1411 1412
f 1412 1411 1413
f 1412 1413 1414
f 1414 1413 1415
f 1414 1415 1416
f 1416 1415 1417
f 1416 1417 1418
f 1418 1417 1419
f 1418 1419 1420
f 1420 1419 1421
f 1420 1421 1422
f 1422 1421 1423
f 1422 1423 1424
f 1424 1423 1425
f 1424 1425 1426
f 1426 1425 1427
f 1426 1427 1428
f 1428 1427 1429
f 1428 1429 1430
f 1430 1429 1431
f 1430 1431 1432
f 1432 1431 1433
f 1432 1433 1434
f 1434 1433 1435
f 1434 1435 1436
f 1436 1435 1437
f 1436 1437 1438
f 1438 1437 1439
f 1438 1439 1440
f 1440 1439 1441
f 1440 1441 1442
f 1442 1441 1443
f 1442 1443 1444
f 1444 1443 1445
f 1444 1445 1446
f 1446 1445 1447
f 1446 1447 1448
f 1448 1447 1449
f 1448 1449 1450
f 1450 1449 1451
f 1450 1451 1452
f 1452 1451 1453
f 1452 1453 1454
f 1454 1453 1455
f 1454 1455 1456
f 1456 1455 1457
f 1456 1457 1458
f 1458 1457 1459
f 1458 1459 1460
f 1460 1459 1461
f 1460 1461 1462
f 1462 1461 1463
f 1462 1463 1464
f 1464 1463 1465
f 1464 1465 1466
f 1466 1465 1467
f 1466 1467 1468
f 1468 1467 1469
f 1468 1469 1470
f 1470 1469 1471
f 1470 1471 1472
f 1472 1471 1473
f 1472 1473 1474
f 1474 1473 1475
f 1474 1475 1476
f 1476 1475 1477
f 1476 1477 1478
f 1478 1477 1479
f 1478 1479 1480
f 1480 1479 1481
f 1480 1481 1482
f 1482 1481 1483
f 1482 1483 1484
f 1484 1483 1485
f 1484 1485 1486
f 1486 1485 1487
f 1486 1487 1488
f 1488 1487 1489
f 1488 1489 1490
f 1490 1489 1491
f 1490 1491 1492
f 1492 1491 1493
f 1492 1493 1494
f 1494 1493 1495
f 1494 1495 1496
f 1496 1495 1497
f 1496 1497 1498
f 1498 1497 1499
f 1498 1499 1500
f 1500 1499 1501
f 1500 1501 1502
f 1502 1501 1503
f 1502 1503 1504
f 1504 1503 1505
f 1504 1505 1506
f 1506 1505 1507
f 1506 1507 1508
f 1508 1507 1509
f 1508 1509 1510
f 1510 1509 1511
f 1510 1511 1512
f 1512 1511 1513
f 1512 1513 1514
f 1514 1513 1515
f 1514 1515 1516
f 1516 1515 1517
f 1516 1517 1518
f 1518 1517 1519
f 1518 1519 1520
f 1520 1519 1521
f 1520 1521 1522
f 1522 1521 1523
f 1522 1523 1524
f 1524 1523 1525
f 1524 1525 1526
f 1526 1525 1527
f 1526 1527 1528
f 1528 1527 1529
f 1528 1529 1530
f 1530 1529 1531
f 1530 1531 1532
f 1532 1531 1533
f 1532 1533 1534
f 1534 1533 1535
f 1534 1535 1536
f 1536 1535 1537
f 1536 1537 1538
f 1538 1537 1539
f 1538 1539 1540
f 1540 1539 1541
f 1540 1541 1542
f 1542 1541 1543
f 1542 1543 1544
f 1544 1543 1545
f 1544 1545 1546
f 1546 1545 1547
f 1546 1547 1548
f 1548 1547 1549
f 1548 1549 1550
f 1550 1549 1551
f 1550 1551 1552
f 1552 1551 1553
f 1552 1553 1554
f 1554 1553 1555
f 1554 1555 1556
f 1556 1555 1557
f 1556 1557 1558
f 1558 1557 1559
f 1558 1559 1560
f 1560 1559 1561
f 1560 1561 1562
f 1562 1561 1563
f 1562 1563 1564
f 1564 1563 1565
f 1564 1565 1566
f 1566 1565 1567
f 1566 1567 1568
f 1568 1567 1569
f 1568 1569 1570
f 1570 1569 1571
f 1570 1571 1572
f 1572 1571 1573
f 1572 1573 1574
f 1574 1573 1575
f 1574 1575 1576
f 1576 1575 1577
f 1576 1577 1578
f 1578 1577 1579
f 1578 1579 1580
f 1580 1579 1581
f 1580 1581 1582
f 1582 1581 1583
f 1582 1583 1584
f 1584 1583 1585
f 1584 1585 1586
f 1586 1585 1587
f 1586 1587 1588
f 1588 1587 1589
f 1588 1589 1590
f 1590 1589 1591
f 1590 1591 1592
f 1592 1591 1593
f 1592 1593 1594
f 1594 1593 1595
f 1594 1595 1596
f 1596 1595 1597
f 1596 1597 1598
f 1598 1597 1599
f 1598 1599 1600
f 1600 1599 1601
f 1600 1601 1602
f 1602 1601 1603
f 1602 1603 1604
f 1604 1603 1605
f 1604 1605 1606
f 1606 1605 1607
f 1606 1607 1608
f 1608 1607 1609
f 1608 1609 1610
f 1610 1609 1611
f 1610 1611 1612
f 1612 1611 1613
f 1612 1613 1614
f 1614 1613 1615
f 1614 1615 1616
f 1616 1615 1617
f 1616 1617 1618
f 1618 1617 1619
f 1618 1619 1620
f 1620 1619 1621
f 1620 1621 1622
f 1622 1621 1623
f 1622 1623 1624
f 1624 1623 1625
f 1624 1625 1626
f 1626 1625 1627
f 1626 1627 1628
f 1628 1627 1629
f 1628 1629 1630
f 1630 1629 1631
f 1630 1631 1632
f 1632 1631 1633
f 1632 1633 1634
f 1634 1633 1635
f 1634 1635 1636
f 1636 1635 1637
f 1636 1637 1638
f 1638 1637 1639
f 1638 1639 1640
f 1640 1639 1641
f 1640 1641 1642
f 1642 1641 1643
f 1642 1643 1644
f 1644 1643 1645
f 1644 1645 1646
f 1646 1645 1647
f 1646 1647 1648
f 1648 1647 1649
f 1648 1649 1393
f 1393 1649 1394
f 142 144 1650
f 1651 1652 1653
f 1653 1652 1654
f 1653 1654 1655
f 1656 1657 1658
f 1658 1657 1659
f 1658 1659 1660
f 1660 1659 1661
f 1660 1661 1662
f 1663 1664 1665
f 1665 1664 1666
f 1665 1666 1667
f 1668 1669 1670
f 1670 1669 1671
f 1672 1673 1674
f 1674 1673 1675
f 1676 1677 1678
f 1678 1677 1679
f 1678 1679 1680
f 1681 1682 1683
f 1683 1682 1684
f 1685 1686 1687
f 1687 1686 1688
f 1687 1688 1689
f 1690 1691 1692
f 1693 1694 1695
f 1695 1696 1693
f 1693 1696 1697
f 1693 1697 1698
f 1697 1699 1698
f 1698 1699 1700
f 1698 1700 1701
f 1701 1700 1702
f 1701 1702 1703
f 1703 1702 1704
f 1703 1704 1705
f 1704 1706 1705
f 1705 1706 1707
f 1705 1707 1708
f 1708 1707 1709
f 1708 1709 1710
f 1710 1709 1711
f 1710 1711 1712
f 1712 1711 1713
f 1712 1713 1714
f 1713 1715 1714
f 1714 1715 1716
f 1714 1716 1717
f 1717 1716 1718
f 1716 1719 1718
f 1718 1719 1720
f 1718 1720 1721
f 1720 1722 1721
f 1721 1722 1723
f 1721 1723 1724
f 1724 1723 1725
f 1724 1725 1651
f 1651 1725 1726
f 1651 1726 1652
f 140 1727 138
f 138 1727 1728
f 138 1728 135
f 1729 133 1728
f 1728 133 135
f 1730 129 1729
f 1729 129 131
f 1729 131 133
f 1731 123 1732
f 1732 123 125
f 1732 125 1730
f 1730 125 127
f 1730 127 129
f 1733 119 1731
f 1731 119 121
f 1731 121 123
f 1734 115 1733
f 1733 115 117
f 1733 117 119
f 1735 111 1734
f 1734 111 113
f 1734 113 115
f 1736 355 1737
f 1737 355 357
f 1737 357 1738
f 1738 357 147
f 1738 147 1735
f 1735 147 109
f 1735 109 111
f 1739 351 1736
f 1736 351 353
f 1736 353 355
f 1740 347 1739
f 1739 347 349
f 1739 349 351
f 1741 343 1740
f 1740 343 345
f 1740 345 347
f 1742 339 1741
f 1741 339 341
f 1741 341 343
f 1743 336 1742
f 1742 336 339
f 1744 332 1743
f 1743 332 334
f 1743 334 336
f 1745 328 1744
f 1744 328 330
f 1744 330 332
f 1746 324 1745
f 1745 324 326
f 1745 326 328
f 1747 320 1746
f 1746 320 322
f 1746 322 324
f 1748 316 1747
f 1747 316 318
f 1747 318 320
f 1749 312 1748
f 1748 312 314
f 1748 314 316
f 1750 308 1749
f 1749 308 310
f 1749 310 312
f 1751 304 1750
f 1750 304 306
f 1750 306 308
f 1752 300 1751
f 1751 300 302
f 1751 302 304
f 1753 296 1752
f 1752 296 298
f 1752 298 300
f 1754 292 1753
f 1753 292 294
f 1753 294 296
f 1755 288 1754
f 1754 288 290
f 1754 290 292
f 1756 284 1755
f 1755 284 286
f 1755 286 288
f 1757 280 1756
f 1756 280 282
f 1756 282 284
f 1758 276 1757
f 1757 276 278
f 1757 278 280
f 1759 272 1758
f 1758 272 274
f 1758 274 276
f 1760 268 1759
f 1759 268 270
f 1759 270 272
f 1761 264 1760
f 1760 264 266
f 1760 266 268
f 1762 260 1761
f 1761 260 262
f 1761 262 264
f 1763 256 1762
f 1762 256 258
f 1762 258 260
f 248 250 1764
f 1764 250 252
f 1764 252 1763
f 1763 252 254
f 1763 254 256
f 246 1765 244
f 244 1765 1766
f 244 1766 242
f 242 1766 240
f 238 1767 236
f 236 1767 1768
f 236 1768 234
f 234 1768 232
f 230 1769 228
f 228 1769 1770
f 228 1770 226
f 226 1770 224
f 222 1771 220
f 220 1771 1772
f 220 1772 218
f 218 1772 216
f 214 1773 212
f 212 1773 1774
f 212 1774 210
f 210 1774 208
f 206 1775 204
f 204 1775 1776
f 204 1776 202
f 202 1776 200
f 198 1777 196
f 196 1777 1778
f 196 1778 194
f 194 1778 192
f 190 1779 188
f 188 1779 1780
f 188 1780 186
f 186 1780 184
f 182 1781 180
f 180 1781 1782
f 180 1782 178
f 178 1782 176
f 174 1783 172
f 172 1783 1784
f 172 1784 170
f 170 1784 168
f 166 1785 164
f 164 1785 1786
f 164 1786 162
f 162 1786 160
f 158 1787 156
f 156 1787 1788
f 156 1788 154
f 154 1788 152
f 150 1789 614
f 614 1789 1790
f 614 1790 612
f 612 1790 610
f 608 1791 606
f 606 1791 1792
f 606 1792 604
f 604 1792 602
f 600 1793 598
f 598 1793 1794
f 598 1794 596
f 596 1794 594
f 592 1795 590
f 590 1795 1796
f 590 1796 588
f 588 1796 586
f 584 1797 582
f 582 1797 1798
f 582 1798 580
f 580 1798 578
f 576 1799 574
f 574 1799 1800
f 574 1800 572
f 572 1800 570
f 568 1801 566
f 566 1801 1802
f 566 1802 564
f 564 1802 562
f 560 1803 558
f 558 1803 1804
f 558 1804 556
f 556 1804 554
f 552 1805 550
f 550 1805 1806
f 550 1806 548
f 548 1806 546
f 544 1807 542
f 542 1807 1808
f 542 1808 540
f 540 1808 538
f 536 1809 534
f 534 1809 1810
f 534 1810 532
f 532 1810 530
f 528 1811 526
f 526 1811 1812
f 526 1812 524
f 524 1812 522
f 520 1813 518
f 518 1813 1814
f 518 1814 516
f 516 1814 514
f 512 1815 510
f 510 1815 1816
f 510 1816 508
f 508 1816 506
f 504 1817 502
f 502 1817 1818
f 502 1818 500
f 500 1818 498
f 496 1819 494
f 494 1819 1820
f 494 1820 492
f 492 1820 490
f 488 1821 486
f 486 1821 1822
f 486 1822 484
f 484 1822 482
f 480 1823 478
f 478 1823 1824
f 478 1824 476
f 476 1824 474
f 472 1825 470
f 470 1825 1826
f 470 1826 468
f 468 1826 466
f 464 1827 462
f 462 1827 1828
f 462 1828 460
f 460 1828 458
f 456 1829 454
f 454 1829 1830
f 454 1830 452
f 452 1830 450
f 448 1831 446
f 446 1831 1832
f 446 1832 444
f 444 1832 442
f 440 1833 438
f 438 1833 1834
f 438 1834 436
f 436 1834 434
f 432 1835 430
f 430 1835 1836
f 430 1836 428
f 428 1836 426
f 424 1837 422
f 422 1837 1838
f 422 1838 420
f 420 1838 418
f 416 1839 414
f 414 1839 1840
f 414 1840 412
f 412 1840 410
f 408 1841 406
f 406 1841 1842
f 406 1842 404
f 404 1842 402
f 400 1843 398
f 398 1843 1844
f 398 1844 396
f 396 1844 394
f 392 1845 390
f 390 1845 1846
f 390 1846 388
f 388 1846 386
f 384 1847 382
f 382 1847 1848
f 382 1848 380
f 380 1848 378
f 376 1849 374
f 374 1849 1850
f 374 1850 372
f 372 1850 370
f 368 1851 366
f 366 1851 1852
f 366 1852 364
f 364 1852 362
f 360 1853 870
f 870 1853 1854
f 870 1854 868
f 868 1854 866
f 864 1855 862
f 862 1855 1856
f 862 1856 860
f 860 1856 858
f 856 1857 854
f 854 1857 1858
f 854 1858 852
f 852 1858 850
f 848 1859 846
f 846 1859 1860
f 846 1860 844
f 844 1860 842
f 840 1861 838
f 838 1861 1862
f 838 1862 836
f 836 1862 834
f 832 1863 830
f 830 1863 1864
f 830 1864 828
f 828 1864 826
f 824 1865 822
f 822 1865 1866
f 822 1866 820
f 820 1866 818
f 816 1867 814
f 814 1867 1868
f 814 1868 812
f 812 1868 810
f 808 1869 806
f 806 1869 1870
f 806 1870 804
f 804 1870 802
f 800 1871 798
f 798 1871 1872
f 798 1872 796
f 796 1872 794
f 792 1873 790
f 790 1873 1874
f 790 1874 788
f 788 1874 786
f 784 1875 782
f 782 1875 1876
f 782 1876 780
f 780 1876 778
f 776 1877 774
f 774 1877 1878
f 774 1878 772
f 772 1878 770
f 768 1879 766
f 766 1879 1880
f 766 1880 764
f 764 1880 762
f 760 1881 758
f 758 1881 1882
f 758 1882 756
f 756 1882 754
f 752 1883 750
f 750 1883 1884
f 750 1884 748
f 748 1884 746
f 744 1885 742
f 742 1885 1886
f 742 1886 740
f 740 1886 738
f 736 1887 734
f 734 1887 1888
f 734 1888 732
f 732 1888 730
f 728 1889 726
f 726 1889 1890
f 726 1890 724
f 724 1890 722
f 720 1891 718
f 718 1891 1892
f 718 1892 716
f 716 1892 714
f 712 1893 710
f 710 1893 1894
f 710 1894 708
f 708 1894 706
f 704 1895 702
f 702 1895 1896
f 702 1896 700
f 700 1896 698
f 696 1897 694
f 694 1897 1898
f 694 1898 692
f 692 1898 690
f 688 1899 686
f 686 1899 1900
f 686 1900 684
f 684 1900 682
f 680 1901 678
f 678 1901 1902
f 678 1902 676
f 676 1902 674
f 672 1903 670
f 670 1903 1904
f 670 1904 668
f 668 1904 666
f 664 1905 662
f 662 1905 1906
f 662 1906 660
f 660 1906 658
f 656 1907 654
f 654 1907 1908
f 654 1908 652
f 652 1908 650
f 648 1909 646
f 646 1909 1910
f 646 1910 644
f 644 1910 642
f 640 1911 638
f 638 1911 1912
f 638 1912 636
f 636 1912 634
f 632 1913 630
f 630 1913 1914
f 630 1914 628
f 628 1914 626
f 624 1915 622
f 622 1915 1916
f 622 1916 620
f 620 1916 618
f 616 1917 1126
f 1126 1917 1918
f 1126 1918 1124
f 1124 1918 1122
f 1120 1919 1118
f 1118 1919 1920
f 1118 1920 1116
f 1116 1920 1114
f 1112 1921 1110
f 1110 1921 1922
f 1110 1922 1108
f 1108 1922 1106
f 1104 1923 1102
f 1102 1923 1924
f 1102 1924 1100
f 1100 1924 1098
f 1096 1925 1094
f 1094 1925 1926
f 1094 1926 1092
f 1092 1926 1090
f 1088 1927 1086
f 1086 1927 1928
f 1086 1928 1084
f 1084 1928 1082
f 1080 1929 1078
f 1078 1929 1930
f 1078 1930 1076
f 1076 1930 1074
f 1072 1931 1070
f 1070 1931 1932
f 1070 1932 1068
f 1068 1932 1066
f 1064 1933 1062
f 1062 1933 1934
f 1062 1934 1060
f 1060 1934 1058
f 1056 1935 1054
f 1054 1935 1936
f 1054 1936 1052
f 1052 1936 1050
f 1048 1937 1046
f 1046 1937 1938
f 1046 1938 1044
f 1044 1938 1042
f 1040 1939 1038
f 1038 1939 1940
f 1038 1940 1036
f 1036 1940 1034
f 1032 1941 1030
f 1030 1941 1942
f 1030 1942 1028
f 1028 1942 1026
f 1024 1943 1022
f 1022 1943 1944
f 1022 1944 1020
f 1020 1944 1018
f 1016 1945 1014
f 1014 1945 1946
f 1014 1946 1012
f 1012 1946 1010
f 1008 1947 1006
f 1006 1947 1948
f 1006 1948 1004
f 1004 1948 1002
f 1000 1949 998
f 998 1949 1950
f 998 1950 996
f 996 1950 994
f 992 1951 990
f 990 1951 1952
f 990 1952 988
f 988 1952 986
f 984 1953 982
f 982 1953 1954
f 982 1954 980
f 980 1954 978
f 976 1955 974
f 974 1955 1956
f 974 1956 972
f 972 1956 970
f 968 1957 966
f 966 1957 1958
f 966 1958 964
f 964 1958 962
f 960 1959 958
f 958 1959 1960
f 958 1960 956
f 956 1960 954
f 952 1961 950
f 950 1961 1962
f 950 1962 948
f 948 1962 946
f 944 1963 942
f 942 1963 1964
f 942 1964 940
f 940 1964 938
f 936 1965 934
f 934 1965 1966
f 934 1966 932
f 932 1966 930
f 928 1967 926
f 926 1967 1968
f 926 1968 924
f 924 1968 922
f 920 1969 918
f 918 1969 1970
f 918 1970 916
f 916 1970 914
f 912 1971 910
f 910 1971 1972
f 910 1972 908
f 908 1972 906
f 904 1973 902
f 902 1973 1974
f 902 1974 900
f 900 1974 898
f 896 1975 894
f 894 1975 1976
f 894 1976 892
f 892 1976 890
f 888 1977 886
f 886 1977 1978
f 886 1978 884
f 884 1978 882
f 880 1979 878
f 878 1979 1980
f 878 1980 876
f 876 1980 874
f 872 1981 1382
f 1382 1981 1982
f 1382 1982 1380
f 1380 1982 1378
f 1376 1983 1374
f 1374 1983 1984
f 1374 1984 1372
f 1372 1984 1370
f 1368 1985 1366
f 1366 1985 1986
f 1366 1986 1364
f 1364 1986 1362
f 1360 1987 1358
f 1358 1987 1988
f 1358 1988 1356
f 1356 1988 1354
f 1352 1989 1350
f 1350 1989 1990
f 1350 1990 1348
f 1348 1990 1346
f 1344 1991 1342
f 1342 1991 1992
f 1342 1992 1340
f 1340 1992 1338
f 1336 1993 1334
f 1334 1993 1994
f 1334 1994 1332
f 1332 1994 1330
f 1328 1995 1326
f 1326 1995 1996
f 1326 1996 1324
f 1324 1996 1322
f 1320 1997 1318
f 1318 1997 1998
f 1318 1998 1316
f 1316 1998 1314
f 1312 1999 1310
f 1310 1999 2000
f 1310 2000 1308
f 1308 2000 1306
f 1304 2001 1302
f 1302 2001 2002
f 1302 2002 1300
f 1300 2002 1298
f 1296 2003 1294
f 1294 2003 2004
f 1294 2004 1292
f 1292 2004 1290
f 1288 2005 1286
f 1286 2005 2006
f 1286 2006 1284
f 1284 2006 1282
f 1280 2007 1278
f 1278 2007 2008
f 1278 2008 1276
f 1276 2008 1274
f 1272 2009 1270
f 1270 2009 2010
f 1270 2010 1268
f 1268 2010 1266
f 1264 2011 1262
f 1262 2011 2012
f 1262 2012 1260
f 1260 2012 1258
f 1256 2013 1254
f 1254 2013 2014
f 1254 2014 1252
f 1252 2014 1250
f 1248 2015 1246
f 1246 2015 2016
f 1246 2016 1244
f 1244 2016 1242
f 1240 2017 1238
f 1238 2017 2018
f 1238 2018 1236
f 1236 2018 1234
f 1232 2019 1230
f 1230 2019 2020
f 1230 2020 1228
f 1228 2020 1226
f 1224 2021 1222
f 1222 2021 2022
f 1222 2022 1220
f 1220 2022 1218
f 1216 2023 1214
f 1214 2023 2024
f 2025 1210 2024
f 2024 1210 1212
f 2024 1212 1214
f 2026 1206 2025
f 2025 1206 1208
f 2025 1208 1210
f 2027 1202 2026
f 2026 1202 1204
f 2026 1204 1206
f 2028 1198 2027
f 2027 1198 1200
f 2027 1200 1202
f 1190 1192 2029
f 2029 1192 1194
f 2029 1194 2028
f 2028 1194 1196
f 2028 1196 1198
f 1188 2030 1186
f 1186 2030 2031
f 1186 2031 1184
f 1184 2031 1182
f 1180 2032 1178
f 1178 2032 2033
f 1178 2033 1176
f 1176 2033 1174
f 1172 2034 1170
f 1170 2034 2035
f 1170 2035 1168
f 1168 2035 1166
f 1164 2036 1162
f 1162 2036 2037
f 1162 2037 1160
f 1160 2037 1158
f 1156 2038 1154
f 1154 2038 2039
f 1154 2039 1152
f 1152 2039 1150
f 1148 2040 1146
f 1146 2040 2041
f 1146 2041 1144
f 1144 2041 1142
f 1140 2042 1138
f 1138 2042 2043
f 1138 2043 1136
f 1136 2043 1134
f 1132 2044 1130
f 1130 2044 2045
f 1130 2045 1128
f 1128 2045 1397
f 1399 2046 1401
f 1401 2046 2047
f 1401 2047 1403
f 1403 2047 1405
f 1407 2048 1409
f 1409 2048 2049
f 1409 2049 1411
f 1411 2049 1413
f 1415 2050 1417
f 1417 2050 2051
f 1417 2051 1419
f 1419 2051 1421
f 1423 2052 1425
f 1425 2052 2053
f 1425 2053 1427
f 1427 2053 1429
f 1431 2054 1433
f 1433 2054 2055
f 1433 2055 1435
f 1435 2055 1437
f 1439 2056 1441
f 1441 2056 2057
f 1441 2057 1443
f 1443 2057 1445
f 1447 2058 1449
f 1449 2058 2059
f 1449 2059 1451
f 1451 2059 1453
f 1455 2060 1457
f 1457 2060 2061
f 1457 2061 1459
f 1459 2061 1461
f 1463 2062 1465
f 1465 2062 2063
f 1465 2063 1467
f 1467 2063 1469
f 1471 2064 1473
f 1473 2064 2065
f 1473 2065 1475
f 1475 2065 1477
f 1479 2066 1481
f 1481 2066 2067
f 1481 2067 1483
f 1483 2067 1485
f 1487 2068 1489
f 1489 2068 2069
f 1489 2069 1491
f 1491 2069 1493
f 1495 2070 1497
f 1497 2070 2071
f 1497 2071 1499
f 1499 2071 1501
f 1503 2072 1505
f 1505 2072 2073
f 1505 2073 1507
f 1507 2073 1509
f 1511 2074 1513
f 1513 2074 2075
f 1513 2075 1515
f 1515 2075 1517
f 1519 2076 1521
f 1521 2076 2077
f 1521 2077 1523
f 1523 2077 1525
f 1527 2078 1529
f 1529 2078 2079
f 1529 2079 1531
f 1531 2079 1533
f 1535 2080 1537
f 1537 2080 2081
f 1537 2081 1539
f 1539 2081 1541
f 1543 2082 1545
f 1545 2082 2083
f 1545 2083 1547
f 1547 2083 1549
f 1551 2084 1553
f 1553 2084 2085
f 1553 2085 1555
f 1555 2085 1557
f 1559 2086 1561
f 1561 2086 2087
f 1561 2087 1563
f 1563 2087 1565
f 1567 2088 1569
f 1569 2088 2089
f 1569 2089 1571
f 1571 2089 1573
f 1575 2090 1577
f 1577 2090 2091
f 1577 2091 1579
f 1579 2091 1581
f 1583 2092 1585
f 1585 2092 2093
f 1585 2093 1587
f 1587 2093 1589
f 1591 2094 1593
f 1593 2094 2095
f 1593 2095 1595
f 1595 2095 1597
f 1599 2096 1601
f 1601 2096 2097
f 1601 2097 1603
f 1603 2097 1605
f 1607 2098 1609
f 1609 2098 2099
f 1609 2099 1611
f 1611 2099 1613
f 1615 2100 1617
f 1617 2100 2101
f 1617 2101 1619
f 1619 2101 1621
f 1623 2102 1625
f 1625 2102 2103
f 1625 2103 1627
f 1627 2103 1629
f 1631 2104 1633
f 1633 2104 2105
f 1633 2105 1635
f 1635 2105 1637
f 1639 2106 1641
f 1641 2106 2107
f 1641 2107 1643
f 1643 2107 1645
f 1647 2108 1649
f 1649 2108 2109
f 1649 2109 1394
f 1394 2109 1395
f 1391 2110 1392
f 1392 2110 2111
f 1392 2111 1388
f 1388 2111 1389
f 1385 2112 1386
f 1386 2112 2113
f 1386 2113 1
f 1 2113 2
f 2114 1650 2115
f 2115 1650 144
f 2115 144 6
f 2114 2116 1650
f 1650 2116 1727
f 1650 1727 142
f 142 1727 140
f 1727 2116 2117
f 1727 2117 1728
f 1728 2117 2118
f 1728 2118 1729
f 1729 2118 2119
f 1729 2119 1730
f 1730 2119 2120
f 1730 2120 1732
f 1732 2120 2121
f 1732 2121 1731
f 2121 2122 1731
f 1731 2122 2123
f 1731 2123 1733
f 1733 2123 2124
f 1733 2124 1734
f 1734 2124 2125
f 1734 2125 1735
f 1735 2125 2126
f 1735 2126 1738
f 1738 2126 2127
f 1738 2127 1737
f 1737 2127 2128
f 1737 2128 1736
f 2128 2129 1736
f 1736 2129 2130
f 1736 2130 1739
f 1739 2130 2131
f 1739 2131 1740
f 1740 2131 2132
f 1740 2132 1741
f 1741 2132 2133
f 1741 2133 1742
f 1742 2133 2134
f 1742 2134 1743
f 2134 2135 1743
f 1743 2135 2136
f 1743 2136 1744
f 1744 2136 2137
f 1744 2137 1745
f 1745 2137 2138
f 1745 2138 1746
f 1746 2138 2139
f 1746 2139 1747
f 1747 2139 2140
f 1747 2140 1748
f 1748 2140 2141
f 1748 2141 1749
f 1749 2141 2142
f 1749 2142 1750
f 1750 2142 2143
f 1750 2143 1751
f 1751 2143 2144
f 1751 2144 1752
f 1752 2144 2145
f 1752 2145 1753
f 1753 2145 2146
f 1753 2146 1754
f 1754 2146 2147
f 1754 2147 1755
f 1755 2147 2148
f 1755 2148 1756
f 1756 2148 2149
f 1756 2149 1757
f 1757 2149 2150
f 1757 2150 1758
f 1758 2150 2151
f 1758 2151 1759
f 1759 2151 2152
f 1759 2152 1760
f 1760 2152 2153
f 1760 2153 1761
f 1761 2153 2154
f 1761 2154 1762
f 1762 2154 2155
f 1762 2155 1763
f 2156 1764 2157
f 2157 1764 1763
f 2157 1763 2158
f 2158 1763 2155
f 2156 2159 1764
f 1764 2159 1765
f 1764 1765 248
f 248 1765 246
f 2160 1766 2161
f 2161 1766 1765
f 2161 1765 2162
f 2162 1765 2159
f 2160 2163 1766
f 1766 2163 1767
f 1766 1767 240
f 240 1767 238
f 2164 1768 2165
f 2165 1768 1767
f 2165 1767 2166
f 2166 1767 2163
f 2164 2167 1768
f 1768 2167 1769
f 1768 1769 232
f 232 1769 230
f 2168 1770 2169
f 2169 1770 1769
f 2169 1769 2170
f 2170 1769 2167
f 2168 2171 1770
f 1770 2171 1771
f 1770 1771 224
f 224 1771 222
f 2172 1772 2173
f 2173 1772 1771
f 2173 1771 2174
f 2174 1771 2171
f 2172 2175 1772
f 1772 2175 1773
f 1772 1773 216
f 216 1773 214
f 2176 1774 2177
f 2177 1774 1773
f 2177 1773 2178
f 2178 1773 2175
f 2176 2179 1774
f 1774 2179 1775
f 1774 1775 208
f 208 1775 206
f 2180 1776 2181
f 2181 1776 1775
f 2181 1775 2182
f 2182 1775 2179
f 2180 2183 1776
f 1776 2183 1777
f 1776 1777 200
f 200 1777 198
f 2184 1778 2185
f 2185 1778 1777
f 2185 1777 2186
f 2186 1777 2183
f 2184 2187 1778
f 1778 2187 1779
f 1778 1779 192
f 192 1779 190
f 2188 1780 2189
f 2189 1780 1779
f 2189 1779 2190
f 2190 1779 2187
f 2188 2191 1780
f 1780 2191 1781
f 1780 1781 184
f 184 1781 182
f 2192 1782 2193
f 2193 1782 1781
f 2193 1781 2194
f 2194 1781 2191
f 2192 2195 1782
f 1782 2195 1783
f 1782 1783 176
f 176 1783 174
f 2196 1784 2197
f 2197 1784 1783
f 2197 1783 2198
f 2198 1783 2195
f 2196 2199 1784
f 1784 2199 1785
f 1784 1785 168
f 168 1785 166
f 2200 1786 2201
f 2201 1786 1785
f 2201 1785 2202
f 2202 1785 2199
f 2200 2203 1786
f 1786 2203 1787
f 1786 1787 160
f 160 1787 158
f 2204 1788 2205
f 2205 1788 1787
f 2205 1787 2206
f 2206 1787 2203
f 2204 2207 1788
f 1788 2207 1789
f 1788 1789 152
f 152 1789 150
f 2208 1790 2209
f 2209 1790 1789
f 2209 1789 2210
f 2210 1789 2207
f 2208 2211 1790
f 1790 2211 1791
f 1790 1791 610
f 610 1791 608
f 2212 1792 2213
f 2213 1792 1791
f 2213 1791 2214
f 2214 1791 2211
f 2212 2215 1792
f 1792 2215 1793
f 1792 1793 602
f 602 1793 600
f 2216 1794 2217
f 2217 1794 1793
f 2217 1793 2218
f 2218 1793 2215
f 2216 2219 1794
f 1794 2219 1795
f 1794 1795 594
f 594 1795 592
f 2220 1796 2221
f 2221 1796 1795
f 2221 1795 2222
f 2222 1795 2219
f 2220 2223 1796
f 1796 2223 1797
f 1796 1797 586
f 586 1797 584
f 2224 1798 2225
f 2225 1798 1797
f 2225 1797 2226
f 2226 1797 2223
f 2224 2227 1798
f 1798 2227 1799
f 1798 1799 578
f 578 1799 576
f 2228 1800 2229
f 2229 1800 1799
f 2229 1799 2230
f 2230 1799 2227
f 2228 2231 1800
f 1800 2231 1801
f 1800 1801 570
f 570 1801 568
f 2232 1802 2233
f 2233 1802 1801
f 2233 1801 2234
f 2234 1801 2231
f 2232 2235 1802
f 1802 2235 1803
f 1802 1803 562
f 562 1803 560
f 2236 1804 2237
f 2237 1804 1803
f 2237 1803 2238
f 2238 1803 2235
f 2236 2239 1804
f 1804 2239 1805
f 1804 1805 554
f 554 1805 552
f 2240 1806 2241
f 2241 1806 1805
f 2241 1805 2242
f 2242 1805 2239
f 2240 2243 1806
f 1806 2243 1807
f 1806 1807 546
f 546 1807 544
f 2244 1808 2245
f 2245 1808 1807
f 2245 1807 2246
f 2246 1807 2243
f 2244 2247 1808
f 1808 2247 1809
f 1808 1809 538
f 538 1809 536
f 2248 1810 2249
f 2249 1810 1809
f 2249 1809 2250
f 2250 1809 2247
f 2248 2251 1810
f 1810 2251 1811
f 1810 1811 530
f 530 1811 528
f 2252 1812 2253
f 2253 1812 1811
f 2253 1811 2254
f 2254 1811 2251
f 2252 2255 1812
f 1812 2255 1813
f 1812 1813 522
f 522 1813 520
f 2256 1814 2257
f 2257 1814 1813
f 2257 1813 2258
f 2258 1813 2255
f 2256 2259 1814
f 1814 2259 1815
f 1814 1815 514
f 514 1815 512
f 2260 1816 2261
f 2261 1816 1815
f 2261 1815 2262
f 2262 1815 2259
f 2260 2263 1816
f 1816 2263 1817
f 1816 1817 506
f 506 1817 504
f 2264 1818 2265
f 2265 1818 1817
f 2265 1817 2266
f 2266 1817 2263
f 2264 2267 1818
f 1818 2267 1819
f 1818 1819 498
f 498 1819 496
f 2268 1820 2269
f 2269 1820 1819
f 2269 1819 2270
f 2270 1819 2267
f 2268 2271 1820
f 1820 2271 1821
f 1820 1821 490
f 490 1821 488
f 2272 1822 2273
f 2273 1822 1821
f 2273 1821 2274
f 2274 1821 2271
f 2272 2275 1822
f 1822 2275 1823
f 1822 1823 482
f 482 1823 480
f 2276 1824 2277
f 2277 1824 1823
f 2277 1823 2278
f 2278 1823 2275
f 2276 2279 1824
f 1824 2279 1825
f 1824 1825 474
f 474 1825 472
f 2280 1826 2281
f 2281 1826 1825
f 2281 1825 2282
f 2282 1825 2279
f 2280 2283 1826
f 1826 2283 1827
f 1826 1827 466
f 466 1827 464
f 2284 1828 2285
f 2285 1828 1827
f 2285 1827 2286
f 2286 1827 2283
f 2284 2287 1828
f 1828 2287 1829
f 1828 1829 458
f 458 1829 456
f 2288 1830 2289
f 2289 1830 1829
f 2289 1829 2290
f 2290 1829 2287
f 2288 2291 1830
f 1830 2291 1831
f 1830 1831 450
f 450 1831 448
f 2292 1832 2293
f 2293 1832 1831
f 2293 1831 2294
f 2294 1831 2291
f 2292 2295 1832
f 1832 2295 1833
f 1832 1833 442
f 442 1833 440
f 2296 1834 2297
f 2297 1834 1833
f 2297 1833 2298
f 2298 1833 2295
f 2296 2299 1834
f 1834 2299 1835
f 1834 1835 434
f 434 1835 432
f 2300 1836 2301
f 2301 1836 1835
f 2301 1835 2302
f 2302 1835 2299
f 2300 2303 1836
f 1836 2303 1837
f 1836 1837 426
f 426 1837 424
f 2304 1838 2305
f 2305 1838 1837
f 2305 1837 2306
f 2306 1837 2303
f 2304 2307 1838
f 1838 2307 1839
f 1838 1839 418
f 418 1839 416
f 2308 1840 2309
f 2309 1840 1839
f 2309 1839 2310
f 2310 1839 2307
f 2308 2311 1840
f 1840 2311 1841
f 1840 1841 410
f 410 1841 408
f 2312 1842 2313
f 2313 1842 1841
f 2313 1841 2314
f 2314 1841 2311
f 2312 2315 1842
f 1842 2315 1843
f 1842 1843 402
f 402 1843 400
f 2316 1844 2317
f 2317 1844 1843
f 2317 1843 2318
f 2318 1843 2315
f 2316 2319 1844
f 1844 2319 1845
f 1844 1845 394
f 394 1845 392
f 2320 1846 2321
f 2321 1846 1845
f 2321 1845 2322
f 2322 1845 2319
f 2320 2323 1846
f 1846 2323 1847
f 1846 1847 386
f 386 1847 384
f 2324 1848 2325
f 2325 1848 1847
f 2325 1847 2326
f 2326 1847 2323
f 2324 2327 1848
f 1848 2327 1849
f 1848 1849 378
f 378 1849 376
f 2328 1850 2329
f 2329 1850 1849
f 2329 1849 2330
f 2330 1849 2327
f 2328 2331 1850
f 1850 2331 1851
f 1850 1851 370
f 370 1851 368
f 2332 1852 2333
f 2333 1852 1851
f 2333 1851 2334
f 2334 1851 2331
f 2332 2335 1852
f 1852 2335 1853
f 1852 1853 362
f 362 1853 360
f 2336 1854 2337
f 2337 1854 1853
f 2337 1853 2338
f 2338 1853 2335
f 2336 2339 1854
f 1854 2339 1855
f 1854 1855 866
f 866 1855 864
f 2340 1856 2341
f 2341 1856 1855
f 2341 1855 2342
f 2342 1855 2339
f 2340 2343 1856
f 1856 2343 1857
f 1856 1857 858
f 858 1857 856
f 2344 1858 2345
f 2345 1858 1857
f 2345 1857 2346
f 2346 1857 2343
f 2344 2347 1858
f 1858 2347 1859
f 1858 1859 850
f 850 1859 848
f 2348 1860 2349
f 2349 1860 1859
f 2349 1859 2350
f 2350 1859 2347
f 2348 2351 1860
f 1860 2351 1861
f 1860 1861 842
f 842 1861 840
f 2352 1862 2353
f 2353 1862 1861
f 2353 1861 2354
f 2354 1861 2351
f 2352 2355 1862
f 1862 2355 1863
f 1862 1863 834
f 834 1863 832
f 2356 1864 2357
f 2357 1864 1863
f 2357 1863 2358
f 2358 1863 2355
f 2356 2359 1864
f 1864 2359 1865
f 1864 1865 826
f 826 1865 824
f 2360 1866 2361
f 2361 1866 1865
f 2361 1865 2362
f 2362 1865 2359
f 2360 2363 1866
f 1866 2363 1867
f 1866 1867 818
f 818 1867 816
f 2364 1868 2365
f 2365 1868 1867
f 2365 1867 2366
f 2366 1867 2363
f 2364 2367 1868
f 1868 2367 1869
f 1868 1869 810
f 810 1869 808
f 2368 1870 2369
f 2369 1870 1869
f 2369 1869 2370
f 2370 1869 2367
f 2368 2371 1870
f 1870 2371 1871
f 1870 1871 802
f 802 1871 800
f 2372 1872 2373
f 2373 1872 1871
f 2373 1871 2374
f 2374 1871 2371
f 2372 2375 1872
f 1872 2375 1873
f 1872 1873 794
f 794 1873 792
f 2376 1874 2377
f 2377 1874 1873
f 2377 1873 2378
f 2378 1873 2375
f 2376 2379 1874
f 1874 2379 1875
f 1874 1875 786
f 786 1875 784
f 2380 1876 2381
f 2381 1876 1875
f 2381 1875 2382
f 2382 1875 2379
f 2380 2383 1876
f 1876 2383 1877
f 1876 1877 778
f 778 1877 776
f 2384 1878 2385
f 2385 1878 1877
f 2385 1877 2386
f 2386 1877 2383
f 2384 2387 1878
f 1878 2387 1879
f 1878 1879 770
f 770 1879 768
f 2388 1880 2389
f 2389 1880 1879
f 2389 1879 2390
f 2390 1879 2387
f 2388 2391 1880
f 1880 2391 1881
f 1880 1881 762
f 762 1881 760
f 2392 1882 2393
f 2393 1882 1881
f 2393 1881 2394
f 2394 1881 2391
f 2392 2395 1882
f 1882 2395 1883
f 1882 1883 754
f 754 1883 752
f 2396 1884 2397
f 2397 1884 1883
f 2397 1883 2398
f 2398 1883 2395
f 2396 2399 1884
f 1884 2399 1885
f 1884 1885 746
f 746 1885 744
f 2400 1886 2401
f 2401 1886 1885
f 2401 1885 2402
f 2402 1885 2399
f 2400 2403 1886
f 1886 2403 1887
f 1886 1887 738
f 738 1887 736
f 2404 1888 2405
f 2405 1888 1887
f 2405 1887 2406
f 2406 1887 2403
f 2404 2407 1888
f 1888 2407 1889
f 1888 1889 730
f 730 1889 728
f 2408 1890 2409
f 2409 1890 1889
f 2409 1889 2410
f 2410 1889 2407
f 2408 2411 1890
f 1890 2411 1891
f 1890 1891 722
f 722 1891 720
f 2412 1892 2413
f 2413 1892 1891
f 2413 1891 2414
f 2414 1891 2411
f 2412 2415 1892
f 1892 2415 1893
f 1892 1893 714
f 714 1893 712
f 2416 1894 2417
f 2417 1894 1893
f 2417 1893 2418
f 2418 1893 2415
f 2416 2419 1894
f 1894 2419 1895
f 1894 1895 706
f 706 1895 704
f 2420 1896 2421
f 2421 1896 1895
f 2421 1895 2422
f 2422 1895 2419
f 2420 2423 1896
f 1896 2423 1897
f 1896 1897 698
f 698 1897 696
f 2424 1898 2425
f 2425 1898 1897
f 2425 1897 2426
f 2426 1897 2423
f 2424 2427 1898
f 1898 2427 1899
f 1898 1899 690
f 690 1899 688
f 2428 1900 2429
f 2429 1900 1899
f 2429 1899 2430
f 2430 1899 2427
f 2428 2431 1900
f 1900 2431 1901
f 1900 1901 682
f 682 1901 680
f 2432 1902 2433
f 2433 1902 1901
f 2433 1901 2434
f 2434 1901 2431
f 2432 2435 1902
f 1902 2435 1903
f 1902 1903 674
f 674 1903 672
f 2436 1904 2437
f 2437 1904 1903
f 2437 1903 2438
f 2438 1903 2435
f 2436 2439 1904
f 1904 2439 1905
f 1904 1905 666
f 666 1905 664
f 2440 1906 2441
f 2441 1906 1905
f 2441 1905 2442
f 2442 1905 2439
f 2440 2443 1906
f 1906 2443 1907
f 1906 1907 658
f 658 1907 656
f 2444 1908 2445
f 2445 1908 1907
f 2445 1907 2446
f 2446 1907 2443
f 2444 2447 1908
f 1908 2447 1909
f 1908 1909 650
f 650 1909 648
f 2448 1910 2449
f 2449 1910 1909
f 2449 1909 2450
f 2450 1909 2447
f 2448 2451 1910
f 1910 2451 1911
f 1910 1911 642
f 642 1911 640
f 2452 1912 2453
f 2453 1912 1911
f 2453 1911 2454
f 2454 1911 2451
f 2452 2455 1912
f 1912 2455 1913
f 1912 1913 634
f 634 1913 632
f 2456 1914 2457
f 2457 1914 1913
f 2457 1913 2458
f 2458 1913 2455
f 2456 2459 1914
f 1914 2459 1915
f 1914 1915 626
f 626 1915 624
f 2460 1916 2461
f 2461 1916 1915
f 2461 1915 2462
f 2462 1915 2459
f 2460 2463 1916
f 1916 2463 1917
f 1916 1917 618
f 618 1917 616
f 2464 1918 2465
f 2465 1918 1917
f 2465 1917 2466
f 2466 1917 2463
f 2464 2467 1918
f 1918 2467 1919
f 1918 1919 1122
f 1122 1919 1120
f 2468 1920 2469
f 2469 1920 1919
f 2469 1919 2470
f 2470 1919 2467
f 2468 2471 1920
f 1920 2471 1921
f 1920 1921 1114
f 1114 1921 1112
f 2472 1922 2473
f 2473 1922 1921
f 2473 1921 2474
f 2474 1921 2471
f 2472 2475 1922
f 1922 2475 1923
f 1922 1923 1106
f 1106 1923 1104
f 2476 1924 2477
f 2477 1924 1923
f 2477 1923 2478
f 2478 1923 2475
f 2476 2479 1924
f 1924 2479 1925
f 1924 1925 1098
f 1098 1925 1096
f 2480 1926 2481
f 2481 1926 1925
f 2481 1925 2482
f 2482 1925 2479
f 2480 2483 1926
f 1926 2483 1927
f 1926 1927 1090
f 1090 1927 1088
f 2484 1928 2485
f 2485 1928 1927
f 2485 1927 2486
f 2486 1927 2483
f 2484 2487 1928
f 1928 2487 1929
f 1928 1929 1082
f 1082 1929 1080
f 2488 1930 2489
f 2489 1930 1929
f 2489 1929 2490
f 2490 1929 2487
f 2488 2491 1930
f 1930 2491 1931
f 1930 1931 1074
f 1074 1931 1072
f 2492 1932 2493
f 2493 1932 1931
f 2493 1931 2494
f 2494 1931 2491
f 2492 2495 1932
f 1932 2495 1933
f 1932 1933 1066
f 1066 1933 1064
f 2496 1934 2497
f 2497 1934 1933
f 2497 1933 2498
f 2498 1933 2495
f 2496 2499 1934
f 1934 2499 1935
f 1934 1935 1058
f 1058 1935 1056
f 2500 1936 2501
f 2501 1936 1935
f 2501 1935 2502
f 2502 1935 2499
f 2500 2503 1936
f 1936 2503 1937
f 1936 1937 1050
f 1050 1937 1048
f 2504 1938 2505
f 2505 1938 1937
f 2505 1937 2506
f 2506 1937 2503
f 2504 2507 1938
f 1938 2507 1939
f 1938 1939 1042
f 1042 1939 1040
f 2508 1940 2509
f 2509 1940 1939
f 2509 1939 2510
f 2510 1939 2507
f 2508 2511 1940
f 1940 2511 1941
f 1940 1941 1034
f 1034 1941 1032
f 2512 1942 2513
f 2513 1942 1941
f 2513 1941 2514
f 2514 1941 2511
f 2512 2515 1942
f 1942 2515 1943
f 1942 1943 1026
f 1026 1943 1024
f 2516 1944 2517
f 2517 1944 1943
f 2517 1943 2518
f 2518 1943 2515
f 2516 2519 1944
f 1944 2519 1945
f 1944 1945 1018
f 1018 1945 1016
f 2520 1946 2521
f 2521 1946 1945
f 2521 1945 2522
f 2522 1945 2519
f 2520 2523 1946
f 1946 2523 1947
f 1946 1947 1010
f 1010 1947 1008
f 2524 1948 2525
f 2525 1948 1947
f 2525 1947 2526
f 2526 1947 2523
f 2524 2527 1948
f 1948 2527 1949
f 1948 1949 1002
f 1002 1949 1000
f 2528 1950 2529
f 2529 1950 1949
f 2529 1949 2530
f 2530 1949 2527
f 2528 2531 1950
f 1950 2531 1951
f 1950 1951 994
f 994 1951 992
f 2532 1952 2533
f 2533 1952 1951
f 2533 1951 2534
f 2534 1951 2531
f 2532 2535 1952
f 1952 2535 1953
f 1952 1953 986
f 986 1953 984
f 2536 1954 2537
f 2537 1954 1953
f 2537 1953 2538
f 2538 1953 2535
f 2536 2539 1954
f 1954 2539 1955
f 1954 1955 978
f 978 1955 976
f 2540 1956 2541
f 2541 1956 1955
f 2541 1955 2542
f 2542 1955 2539
f 2540 2543 1956
f 1956 2543 1957
f 1956 1957 970
f 970 1957 968
f 2544 1958 2545
f 2545 1958 1957
f 2545 1957 2546
f 2546 1957 2543
f 2544 2547 1958
f 1958 2547 1959
f 1958 1959 962
f 962 1959 960
f 2548 1960 2549
f 2549 1960 1959
f 2549 1959 2550
f 2550 1959 2547
f 2548 2551 1960
f 1960 2551 1961
f 1960 1961 954
f 954 1961 952
f 2552 1962 2553
f 2553 1962 1961
f 2553 1961 2554
f 2554 1961 2551
f 2552 2555 1962
f 1962 2555 1963
f 1962 1963 946
f 946 1963 944
f 2556 1964 2557
f 2557 1964 1963
f 2557 1963 2558
f 2558 1963 2555
f 2556 2559 1964
f 1964 2559 1965
f 1964 1965 938
f 938 1965 936
f 2560 1966 2561
f 2561 1966 1965
f 2561 1965 2562
f 2562 1965 2559
f 2560 2563 1966
f 1966 2563 1967
f 1966 1967 930
f 930 1967 928
f 2564 1968 2565
f 2565 1968 1967
f 2565 1967 2566
f 2566 1967 2563
f 2564 2567 1968
f 1968 2567 1969
f 1968 1969 922
f 922 1969 920
f 2568 1970 2569
f 2569 1970 1969
f 2569 1969 2570
f 2570 1969 2567
f 2568 2571 1970
f 1970 2571 1971
f 1970 1971 914
f 914 1971 912
f 2572 1972 2573
f 2573 1972 1971
f 2573 1971 2574
f 2574 1971 2571
f 2572 2575 1972
f 1972 2575 1973
f 1972 1973 906
f 906 1973 904
f 2576 1974 2577
f 2577 1974 1973
f 2577 1973 2578
f 2578 1973 2575
f 2576 2579 1974
f 1974 2579 1975
f 1974 1975 898
f 898 1975 896
f 2580 1976 2581
f 2581 1976 1975
f 2581 1975 2582
f 2582 1975 2579
f 2580 2583 1976
f 1976 2583 1977
f 1976 1977 890
f 890 1977 888
f 2584 1978 2585
f 2585 1978 1977
f 2585 1977 2586
f 2586 1977 2583
f 2584 2587 1978
f 1978 2587 1979
f 1978 1979 882
f 882 1979 880
f 2588 1980 2589
f 2589 1980 1979
f 2589 1979 2590
f 2590 1979 2587
f 2588 2591 1980
f 1980 2591 1981
f 1980 1981 874
f 874 1981 872
f 2592 1982 2593
f 2593 1982 1981
f 2593 1981 2594
f 2594 1981 2591
f 2592 2595 1982
f 1982 2595 1983
f 1982 1983 1378
f 1378 1983 1376
f 2596 1984 2597
f 2597 1984 1983
f 2597 1983 2598
f 2598 1983 2595
f 2596 2599 1984
f 1984 2599 1985
f 1984 1985 1370
f 1370 1985 1368
f 2600 1986 2601
f 2601 1986 1985
f 2601 1985 2602
f 2602 1985 2599
f 2600 2603 1986
f 1986 2603 1987
f 1986 1987 1362
f 1362 1987 1360
f 2604 1988 2605
f 2605 1988 1987
f 2605 1987 2606
f 2606 1987 2603
f 2604 2607 1988
f 1988 2607 1989
f 1988 1989 1354
f 1354 1989 1352
f 2608 1990 2609
f 2609 1990 1989
f 2609 1989 2610
f 2610 1989 2607
f 2608 2611 1990
f 1990 2611 1991
f 1990 1991 1346
f 1346 1991 1344
f 2612 1992 2613
f 2613 1992 1991
f 2613 1991 2614
f 2614 1991 2611
f 2612 2615 1992
f 1992 2615 1993
f 1992 1993 1338
f 1338 1993 1336
f 2616 1994 2617
f 2617 1994 1993
f 2617 1993 2618
f 2618 1993 2615
f 2616 2619 1994
f 1994 2619 1995
f 1994 1995 1330
f 1330 1995 1328
f 2620 1996 2621
f 2621 1996 1995
f 2621 1995 2622
f 2622 1995 2619
f 2620 2623 1996
f 1996 2623 1997
f 1996 1997 1322
f 1322 1997 1320
f 2624 1998 2625
f 2625 1998 1997
f 2625 1997 2626
f 2626 1997 2623
f 2624 2627 1998
f 1998 2627 1999
f 1998 1999 1314
f 1314 1999 1312
f 2628 2000 2629
f 2629 2000 1999
f 2629 1999 2630
f 2630 1999 2627
f 2628 2631 2000
f 2000 2631 2001
f 2000 2001 1306
f 1306 2001 1304
f 2632 2002 2633
f 2633 2002 2001
f 2633 2001 2634
f 2634 2001 2631
f 2632 2635 2002
f 2002 2635 2003
f 2002 2003 1298
f 1298 2003 1296
f 2636 2004 2637
f 2637 2004 2003
f 2637 2003 2638
f 2638 2003 2635
f 2636 2639 2004
f 2004 2639 2005
f 2004 2005 1290
f 1290 2005 1288
f 2640 2006 2641
f 2641 2006 2005
f 2641 2005 2642
f 2642 2005 2639
f 2640 2643 2006
f 2006 2643 2007
f 2006 2007 1282
f 1282 2007 1280
f 2644 2008 2645
f 2645 2008 2007
f 2645 2007 2646
f 2646 2007 2643
f 2644 2647 2008
f 2008 2647 2009
f 2008 2009 1274
f 1274 2009 1272
f 2648 2010 2649
f 2649 2010 2009
f 2649 2009 2650
f 2650 2009 2647
f 2648 2651 2010
f 2010 2651 2011
f 2010 2011 1266
f 1266 2011 1264
f 2652 2012 2653
f 2653 2012 2011
f 2653 2011 2654
f 2654 2011 2651
f 2652 2655 2012
f 2012 2655 2013
f 2012 2013 1258
f 1258 2013 1256
f 2656 2014 2657
f 2657 2014 2013
f 2657 2013 2658
f 2658 2013 2655
f 2656 2659 2014
f 2014 2659 2015
f 2014 2015 1250
f 1250 2015 1248
f 2660 2016 2661
f 2661 2016 2015
f 2661 2015 2662
f 2662 2015 2659
f 2660 2663 2016
f 2016 2663 2017
f 2016 2017 1242
f 1242 2017 1240
f 2664 2018 2665
f 2665 2018 2017
f 2665 2017 2666
f 2666 2017 2663
f 2664 2667 2018
f 2018 2667 2019
f 2018 2019 1234
f 1234 2019 1232
f 2668 2020 2669
f 2669 2020 2019
f 2669 2019 2670
f 2670 2019 2667
f 2668 2671 2020
f 2020 2671 2021
f 2020 2021 1226
f 1226 2021 1224
f 2672 2022 2673
f 2673 2022 2021
f 2673 2021 2674
f 2674 2021 2671
f 2672 2675 2022
f 2022 2675 2023
f 2022 2023 1218
f 1218 2023 1216
f 2675 2676 2023
f 2023 2676 2677
f 2023 2677 2024
f 2024 2677 2678
f 2024 2678 2025
f 2678 2679 2025
f 2025 2679 2680
f 2025 2680 2026
f 2026 2680 2681
f 2681 2682 2026
f 2026 2682 2683
f 2026 2683 2027
f 2027 2683 2684
f 2027 2684 2028
f 2684 2685 2028
f 2028 2685 2686
f 2028 2686 2029
f 2029 2686 2687
f 2687 2688 2029
f 2029 2688 2030
f 2029 2030 1190
f 1190 2030 1188
f 2688 2689 2030
f 2030 2689 2690
f 2030 2690 2031
f 2031 2690 2691
f 2691 2692 2031
f 2031 2692 2032
f 2031 2032 1182
f 1182 2032 1180
f 2692 2693 2032
f 2032 2693 2694
f 2032 2694 2033
f 2033 2694 2695
f 2695 2696 2033
f 2033 2696 2034
f 2033 2034 1174
f 1174 2034 1172
f 2696 2697 2034
f 2034 2697 2698
f 2034 2698 2035
f 2035 2698 2699
f 2699 2700 2035
f 2035 2700 2036
f 2035 2036 1166
f 1166 2036 1164
f 2700 2701 2036
f 2036 2701 2702
f 2036 2702 2037
f 2037 2702 2703
f 2703 2704 2037
f 2037 2704 2038
f 2037 2038 1158
f 1158 2038 1156
f 2704 2705 2038
f 2038 2705 2706
f 2038 2706 2039
f 2039 2706 2707
f 2707 2708 2039
f 2039 2708 2040
f 2039 2040 1150
f 1150 2040 1148
f 2708 2709 2040
f 2040 2709 2710
f 2040 2710 2041
f 2041 2710 2711
f 2711 2712 2041
f 2041 2712 2042
f 2041 2042 1142
f 1142 2042 1140
f 2712 2713 2042
f 2042 2713 2714
f 2042 2714 2043
f 2043 2714 2715
f 2715 2716 2043
f 2043 2716 2044
f 2043 2044 1134
f 1134 2044 1132
f 2716 2717 2044
f 2044 2717 2718
f 2044 2718 2045
f 2045 2718 2719
f 2719 2720 2045
f 2045 2720 2046
f 2045 2046 1397
f 1397 2046 1399
f 2720 2721 2046
f 2046 2721 2722
f 2046 2722 2047
f 2047 2722 2723
f 2723 2724 2047
f 2047 2724 2048
f 2047 2048 1405
f 1405 2048 1407
f 2724 2725 2048
f 2048 2725 2726
f 2048 2726 2049
f 2049 2726 2727
f 2727 2728 2049
f 2049 2728 2050
f 2049 2050 1413
f 1413 2050 1415
f 2728 2729 2050
f 2050 2729 2730
f 2050 2730 2051
f 2051 2730 2731
f 2731 2732 2051
f 2051 2732 2052
f 2051 2052 1421
f 1421 2052 1423
f 2732 2733 2052
f 2052 2733 2734
f 2052 2734 2053
f 2053 2734 2735
f 2735 2736 2053
f 2053 2736 2054
f 2053 2054 1429
f 1429 2054 1431
f 2736 2737 2054
f 2054 2737 2738
f 2054 2738 2055
f 2055 2738 2739
f 2739 2740 2055
f 2055 2740 2056
f 2055 2056 1437
f 1437 2056 1439
f 2740 2741 2056
f 2056 2741 2742
f 2056 2742 2057
f 2057 2742 2743
f 2743 2744 2057
f 2057 2744 2058
f 2057 2058 1445
f 1445 2058 1447
f 2744 2745 2058
f 2058 2745 2746
f 2058 2746 2059
f 2059 2746 2747
f 2747 2748 2059
f 2059 2748 2060
f 2059 2060 1453
f 1453 2060 1455
f 2748 2749 2060
f 2060 2749 2750
f 2060 2750 2061
f 2061 2750 2751
f 2751 2752 2061
f 2061 2752 2062
f 2061 2062 1461
f 1461 2062 1463
f 2752 2753 2062
f 2062 2753 2754
f 2062 2754 2063
f 2063 2754 2755
f 2755 2756 2063
f 2063 2756 2064
f 2063 2064 1469
f 1469 2064 1471
f 2756 2757 2064
f 2064 2757 2758
f 2064 2758 2065
f 2065 2758 2759
f 2759 2760 2065
f 2065 2760 2066
f 2065 2066 1477
f 1477 2066 1479
f 2760 2761 2066
f 2066 2761 2762
f 2066 2762 2067
f 2067 2762 2763
f 2763 2764 2067
f 2067 2764 2068
f 2067 2068 1485
f 1485 2068 1487
f 2764 2765 2068
f 2068 2765 2766
f 2068 2766 2069
f 2069 2766 2767
f 2767 2768 2069
f 2069 2768 2070
f 2069 2070 1493
f 1493 2070 1495
f 2768 2769 2070
f 2070 2769 2770
f 2070 2770 2071
f 2071 2770 2771
f 2771 2772 2071
f 2071 2772 2072
f 2071 2072 1501
f 1501 2072 1503
f 2772 2773 2072
f 2072 2773 2774
f 2072 2774 2073
f 2073 2774 2775
f 2775 2776 2073
f 2073 2776 2074
f 2073 2074 1509
f 1509 2074 1511
f 2776 2777 2074
f 2074 2777 2778
f 2074 2778 2075
f 2075 2778 2779
f 2779 2780 2075
f 2075 2780 2076
f 2075 2076 1517
f 1517 2076 1519
f 2780 2781 2076
f 2076 2781 2782
f 2076 2782 2077
f 2077 2782 2783
f 2783 2784 2077
f 2077 2784 2078
f 2077 2078 1525
f 1525 2078 1527
f 2784 2785 2078
f 2078 2785 2786
f 2078 2786 2079
f 2079 2786 2787
f 2787 2788 2079
f 2079 2788 2080
f 2079 2080 1533
f 1533 2080 1535
f 2788 2789 2080
f 2080 2789 2790
f 2080 2790 2081
f 2081 2790 2791
f 2791 2792 2081
f 2081 2792 2082
f 2081 2082 1541
f 1541 2082 1543
f 2792 2793 2082
f 2082 2793 2794
f 2082 2794 2083
f 2083 2794 2795
f 2795 2796 2083
f 2083 2796 2084
f 2083 2084 1549
f 1549 2084 1551
f 2796 2797 2084
f 2084 2797 2798
f 2084 2798 2085
f 2085 2798 2799
f 2799 2800 2085
f 2085 2800 2086
f 2085 2086 1557
f 1557 2086 1559
f 2800 2801 2086
f 2086 2801 2802
f 2086 2802 2087
f 2087 2802 2803
f 2803 2804 2087
f 2087 2804 2088
f 2087 2088 1565
f 1565 2088 1567
f 2804 2805 2088
f 2088 2805 2806
f 2088 2806 2089
f 2089 2806 2807
f 2807 2808 2089
f 2089 2808 2090
f 2089 2090 1573
f 1573 2090 1575
f 2808 2809 2090
f 2090 2809 2810
f 2090 2810 2091
f 2091 2810 2811
f 2811 2812 2091
f 2091 2812 2092
f 2091 2092 1581
f 1581 2092 1583
f 2812 2813 2092
f 2092 2813 2814
f 2092 2814 2093
f 2093 2814 2815
f 2815 2816 2093
f 2093 2816 2094
f 2093 2094 1589
f 1589 2094 1591
f 2816 2817 2094
f 2094 2817 2818
f 2094 2818 2095
f 2095 2818 2819
f 2819 2820 2095
f 2095 2820 2096
f 2095 2096 1597
f 1597 2096 1599
f 2820 2821 2096
f 2096 2821 2822
f 2096 2822 2097
f 2097 2822 2823
f 2823 2824 2097
f 2097 2824 2098
f 2097 2098 1605
f 1605 2098 1607
f 2824 2825 2098
f 2098 2825 2826
f 2098 2826 2099
f 2099 2826 2827
f 2827 2828 2099
f 2099 2828 2100
f 2099 2100 1613
f 1613 2100 1615
f 2828 2829 2100
f 2100 2829 2830
f 2100 2830 2101
f 2101 2830 2831
f 2831 2832 2101
f 2101 2832 2102
f 2101 2102 1621
f 1621 2102 1623
f 2832 2833 2102
f 2102 2833 2834
f 2102 2834 2103
f 2103 2834 2835
f 2835 2836 2103
f 2103 2836 2104
f 2103 2104 1629
f 1629 2104 1631
f 2836 2837 2104
f 2104 2837 2838
f 2104 2838 2105
f 2105 2838 2839
f 2839 2840 2105
f 2105 2840 2106
f 2105 2106 1637
f 1637 2106 1639
f 2840 2841 2106
f 2106 2841 2842
f 2106 2842 2107
f 2107 2842 2843
f 2843 2844 2107
f 2107 2844 2108
f 2107 2108 1645
f 1645 2108 1647
f 2844 2845 2108
f 2108 2845 2846
f 2108 2846 2109
f 2109 2846 2847
f 2847 2848 2109
f 2109 2848 2110
f 2109 2110 1395
f 1395 2110 1391
f 2848 2849 2110
f 2110 2849 2850
f 2110 2850 2111
f 2111 2850 2851
f 2851 2852 2111
f 2111 2852 2112
f 2111 2112 1389
f 1389 2112 1385
f 2852 2853 2112
f 2112 2853 2854
f 2112 2854 2113
f 2113 2854 2855
f 2855 2856 2113
f 2113 2856 1660
f 2113 1660 2
f 2 1660 1662
f 2856 2857 1660
f 1660 2857 2858
f 1660 2858 1658
f 1658 2858 2859
f 2859 2860 1658
f 1658 2860 1667
f 1658 1667 1656
f 1656 1667 1666
f 2860 2861 1667
f 1667 2861 2862
f 1667 2862 1665
f 1665 2862 2863
f 2863 2864 1665
f 1665 2864 1668
f 1665 1668 1663
f 1663 1668 1670
f 2864 2865 1668
f 1668 2865 2866
f 1668 2866 1669
f 1669 2866 2867
f 2867 2868 1669
f 1669 2868 1672
f 1669 1672 1671
f 1671 1672 1674
f 2868 2869 1672
f 1672 2869 2870
f 1672 2870 1673
f 1673 2870 2871
f 2871 2872 1673
f 1673 2872 1677
f 1673 1677 1675
f 1675 1677 1676
f 2872 2873 1677
f 1677 2873 2874
f 1677 2874 1679
f 1679 2874 2875
f 2875 2876 1679
f 1679 2876 1681
f 1679 1681 1680
f 1680 1681 1683
f 2876 2877 1681
f 1681 2877 2878
f 1681 2878 1682
f 1682 2878 2879
f 2879 2880 1682
f 1682 2880 1686
f 1682 1686 1684
f 1684 1686 1685
f 2880 2881 1686
f 1686 2881 2882
f 1686 2882 1688
f 1688 2882 2883
f 2883 2884 1688
f 1688 2884 1690
f 1688 1690 1689
f 1689 1690 1692
f 2884 2885 1690
f 1690 2885 2886
f 1690 2886 1691
f 1691 2886 2887
f 1691 2887 1694
f 1694 2887 2888
f 1694 2888 1695
f 1636 1638 2889
f 1632 1634 2890
f 1628 1630 2891
f 1624 1626 2892
f 1620 1622 2893
f 1616 1618 2894
f 1612 1614 2895
f 1608 1610 2896
f 1604 1606 2897
f 1600 1602 2898
f 1596 1598 2899
f 1592 1594 2900
f 1588 1590 2901
f 1584 1586 2902
f 1580 1582 2903
f 1576 1578 2904
f 1572 1574 2905
f 1568 1570 2906
f 1564 1566 2907
f 1560 1562 2908
f 1556 1558 2909
f 1552 1554 2910
f 1548 1550 2911
f 1544 1546 2912
f 1540 1542 2913
f 1536 1538 2914
f 1532 1534 2915
f 1528 1530 2916
f 1524 1526 2917
f 1520 1522 2918
f 1516 1518 2919
f 1512 1514 2920
f 1508 1510 2921
f 1504 1506 2922
f 1500 1502 2923
f 1496 1498 2924
f 1492 1494 2925
f 1488 1490 2926
f 1484 1486 2927
f 1480 1482 2928
f 1476 1478 2929
f 1472 1474 2930
f 1468 1470 2931
f 1464 1466 2932
f 1460 1462 2933
f 1456 1458 2934
f 1452 1454 2935
f 1448 1450 2936
f 1444 1446 2937
f 1440 1442 2938
f 1436 1438 2939
f 1432 1434 2940
f 1428 1430 2941
f 1424 1426 2942
f 1420 1422 2943
f 1416 1418 2944
f 1412 1414 2945
f 1408 1410 2946
f 1404 1406 2947
f 1400 1402 2948
f 1396 1398 2949
f 1131 1129 2950
f 1135 1133 2951
f 1139 1137 2952
f 1143 1141 2953
f 1147 1145 2954
f 1151 1149 2955
f 1155 1153 2956
f 1159 1157 2957
f 1163 1161 2958
f 1167 1165 2959
f 1171 1169 2960
f 1175 1173 2961
f 1179 1177 2962
f 1183 1181 2963
f 1187 1185 2964
f 1191 1189 2965
f 1195 1193 2966
f 1199 1197 2967
f 1203 1201 2968
f 1207 1205 2969
f 1211 1209 2970
f 1215 1213 2971
f 1219 1217 2972
f 1223 1221 2973
f 1227 1225 2974
f 1231 1229 2975
f 1235 1233 2976
f 1239 1237 2977
f 1243 1241 2978
f 1247 1245 2979
f 1251 1249 2980
f 1255 1253 2981
f 1259 1257 2982
f 1263 1261 2983
f 1267 1265 2984
f 1271 1269 2985
f 1275 1273 2986
f 1279 1277 2987
f 1283 1281 2988
f 1287 1285 2989
f 1291 1289 2990
f 1295 1293 2991
f 1299 1297 2992
f 1303 1301 2993
f 1307 1305 2994
f 1311 1309 2995
f 1315 1313 2996
f 1319 1317 2997
f 1323 1321 2998
f 1327 1325 2999
f 1331 1329 3000
f 1335 1333 3001
f 1339 1337 3002
f 1343 1341 3003
f 1347 1345 3004
f 1351 1349 3005
f 1355 1353 3006
f 1359 1357 3007
f 1363 1361 3008
f 1367 1365 3009
f 1371 1369 3010
f 1375 1373 3011
f 1379 1377 3012
f 1383 1381 3013
f 875 873 3014
f 879 877 3015
f 883 881 3016
f 887 885 3017
f 891 889 3018
f 895 893 3019
f 899 897 3020
f 903 901 3021
f 907 905 3022
f 911 909 3023
f 915 913 3024
f 919 917 3025
f 923 921 3026
f 927 925 3027
f 931 929 3028
f 935 933 3029
f 947 945 3030
f 951 949 3031
f 955 953 3032
f 959 957 3033
f 979 977 3034
f 983 981 3035
f 3036 3037 3038
f 3039 3040 3041
f 3042 3043 3044
f 3045 3046 3047
f 3048 3049 3050
f 3051 3052 3053
f 3054 3055 3056
f 3057 3058 3059
f 3060 3061 3062
f 3063 3064 3065
f 3066 3067 3068
f 3069 3070 3071
f 3072 3073 3074
f 3075 3076 3077
f 3078 3079 3080
f 3081 3082 3083
f 3084 3085 3086
f 3087 3088 3089
f 3090 3091 3092
f 3093 3094 3095
f 3096 3097 3098
f 3099 3100 3101
f 3102 3103 3104
f 3105 3106 3107
f 3108 3109 3110
f 3111 3112 3113
f 3114 3115 3116
f 3117 3118 3119
f 3120 3121 3122
f 3123 3124 3125
f 3126 3127 3128
f 3129 3130 3131
f 3132 3133 3134
f 3135 3136 3137
f 3138 3139 3140
f 3141 3142 3143
f 3144 3145 3146
f 3147 3148 3149
f 3150 3151 3152
f 3153 3154 3155
f 3156 3157 3158
f 3159 3160 3161
f 3162 3163 3164
f 3165 3166 3167
f 3168 3169 3170
f 3171 3172 3173
f 3174 3175 3176
f 3177 3178 3179
f 3180 3181 3182
f 3183 3184 3185
f 3186 3187 3188
f 3189 3190 3191
f 3192 3193 3194
f 3195 3196 3197
f 3198 3199 3200
f 3201 3202 3203
f 3204 3205 3206
f 3207 3208 3209
f 3210 3211 3212
f 3213 3214 3215
f 3216 3217 3218
f 3219 3220 3221
f 3222 3223 3224
f 3225 3226 3227
f 3228 3229 3230
f 3231 3232 3233
f 3234 3235 3236
f 3237 3238 3239
f 3240 3241 3242
f 3243 3244 3245
f 3245 3244 3246
f 3245 3246 3247
f 3247 3246 3248
f 3247 3248 3249
f 3250 1648 3251
f 3251 1648 3252
f 3251 3252 3253
f 3253 3252 3254
f 3253 3254 3255
f 3255 3254 3256
f 3255 3256 3257
f 3257 3256 3258
f 3257 3258 3259
f 3260 3261 3262
f 3263 3260 3264
f 3242 3241 3265
f 3239 3238 3266
f 3266 3238 3267
f 3266 3267 3268
f 3236 3235 3269
f 3233 3232 3270
f 3270 3232 3271
f 3270 3271 3272
f 3272 3271 3273
f 3272 3273 3274
f 3274 3273 3275
f 3274 3275 3276
f 3230 3229 3277
f 3227 3226 3278
f 3224 3223 3279
f 3221 3220 3280
f 3218 3217 3281
f 3215 3214 3282
f 3212 3211 3283
f 3209 3208 3284
f 3206 3205 3285
f 3203 3202 3286
f 3200 3199 3287
f 3197 3196 3288
f 3194 3193 3289
f 3191 3190 3290
f 3188 3187 3291
f 3185 3184 3292
f 3182 3181 3293
f 3179 3178 3294
f 3176 3175 3295
f 3173 3172 3296
f 3170 3169 3297
f 3167 3166 3298
f 3164 3163 3299
f 3161 3160 3300
f 3158 3157 3301
f 3155 3154 3302
f 3152 3151 3303
f 3149 3148 3304
f 3146 3145 3305
f 3143 3142 3306
f 3140 3139 3307
f 3137 3136 3308
f 3134 3133 3309
f 3131 3130 3310
f 3128 3127 3311
f 3125 3124 3312
f 3122 3121 3313
f 3119 3118 3314
f 3116 3115 3315
f 3113 3112 3316
f 3110 3109 3317
f 3107 3106 3318
f 3104 3103 3319
f 3101 3100 3320
f 3098 3097 3321
f 3095 3094 3322
f 3092 3091 3323
f 3089 3088 3324
f 3086 3085 3325
f 3083 3082 3326
f 3080 3079 3327
f 3077 3076 3328
f 3074 3073 3329
f 3071 3070 3330
f 3068 3067 3331
f 3065 3064 3332
f 3062 3061 3333
f 3059 3058 3334
f 3056 3055 3335
f 3053 3052 3336
f 3050 3049 3337
f 3338 3339 3035
f 3044 3043 3340
f 3041 3040 3341
f 3038 3037 3342
f 3249 3248 3259
f 3259 3248 3343
f 3259 3343 3257
f 3257 3343 3344
f 3257 3344 3255
f 3255 3344 3345
f 3255 3345 3253
f 3253 3345 3346
f 3253 3346 3251
f 3251 3346 3347
f 3251 3347 3250
f 3250 3347 3348
f 3250 3348 3349
f 3260 3262 3264
f 3264 3262 105
f 3264 105 13
f 13 11 3264
f 3264 11 3240
f 3264 3240 3263
f 3263 3240 3242
f 11 16 3240
f 3240 16 15
f 3240 15 3241
f 3241 15 7
f 7 19 3241
f 3241 19 3237
f 3241 3237 3265
f 3265 3237 3239
f 21 3267 23
f 23 3267 3238
f 23 3238 24
f 24 3238 3237
f 24 3237 18
f 18 3237 19
f 21 20 3267
f 3267 20 3234
f 3267 3234 3268
f 3268 3234 3236
f 32 3235 26
f 26 3235 3234
f 26 3234 27
f 27 3234 20
f 32 31 3235
f 3235 31 3231
f 3235 3231 3269
f 3269 3231 3233
f 31 29 3231
f 3231 29 28
f 3231 28 3232
f 3232 28 34
f 3232 34 3271
f 3271 34 41
f 3271 41 3273
f 37 3275 38
f 38 3275 3273
f 38 3273 40
f 40 3273 41
f 37 42 3275
f 3275 42 3228
f 3275 3228 3276
f 3276 3228 3230
f 47 3229 45
f 45 3229 3228
f 45 3228 44
f 44 3228 42
f 47 48 3229
f 3229 48 3225
f 3229 3225 3277
f 3277 3225 3227
f 53 3226 52
f 52 3226 3225
f 52 3225 50
f 50 3225 48
f 3226 53 3222
f 3226 3222 3278
f 3278 3222 3224
f 63 3223 57
f 57 3223 3222
f 57 3222 55
f 55 3222 53
f 63 62 3223
f 3223 62 3219
f 3223 3219 3279
f 3279 3219 3221
f 68 3220 60
f 60 3220 3219
f 60 3219 61
f 61 3219 62
f 68 67 3220
f 3220 67 3216
f 3220 3216 3280
f 3280 3216 3218
f 70 3217 71
f 71 3217 3216
f 71 3216 65
f 65 3216 67
f 70 76 3217
f 3217 76 3213
f 3217 3213 3281
f 3281 3213 3215
f 72 3214 73
f 73 3214 3213
f 73 3213 75
f 75 3213 76
f 72 77 3214
f 3214 77 3210
f 3214 3210 3282
f 3282 3210 3212
f 82 3211 80
f 80 3211 3210
f 80 3210 79
f 79 3210 77
f 82 83 3211
f 3211 83 3207
f 3211 3207 3283
f 3283 3207 3209
f 88 3208 87
f 87 3208 3207
f 87 3207 85
f 85 3207 83
f 88 90 3208
f 3208 90 3204
f 3208 3204 3284
f 3284 3204 3206
f 99 3205 93
f 93 3205 3204
f 93 3204 91
f 91 3204 90
f 99 98 3205
f 3205 98 3201
f 3205 3201 3285
f 3285 3201 3203
f 104 3202 96
f 96 3202 3201
f 96 3201 97
f 97 3201 98
f 104 103 3202
f 3202 103 3198
f 3202 3198 3286
f 3286 3198 3200
f 107 3199 108
f 108 3199 3198
f 108 3198 101
f 101 3198 103
f 107 5 3199
f 3199 5 3195
f 3199 3195 3287
f 3287 3195 3197
f 145 3196 146
f 146 3196 3195
f 146 3195 4
f 4 3195 5
f 145 143 3196
f 3196 143 3192
f 3196 3192 3288
f 3288 3192 3194
f 137 3193 139
f 139 3193 3192
f 139 3192 141
f 141 3192 143
f 137 136 3193
f 3193 136 3189
f 3193 3189 3289
f 3289 3189 3191
f 130 3190 132
f 132 3190 3189
f 132 3189 134
f 134 3189 136
f 130 128 3190
f 3190 128 3186
f 3190 3186 3290
f 3290 3186 3188
f 122 3187 124
f 124 3187 3186
f 124 3186 126
f 126 3186 128
f 122 120 3187
f 3187 120 3183
f 3187 3183 3291
f 3291 3183 3185
f 114 3184 116
f 116 3184 3183
f 116 3183 118
f 118 3183 120
f 114 112 3184
f 3184 112 3180
f 3184 3180 3292
f 3292 3180 3182
f 148 3181 149
f 149 3181 3180
f 149 3180 110
f 110 3180 112
f 148 359 3181
f 3181 359 3177
f 3181 3177 3293
f 3293 3177 3179
f 354 3178 356
f 356 3178 3177
f 356 3177 358
f 358 3177 359
f 354 352 3178
f 3178 352 3174
f 3178 3174 3294
f 3294 3174 3176
f 346 3175 348
f 348 3175 3174
f 348 3174 350
f 350 3174 352
f 346 344 3175
f 3175 344 3171
f 3175 3171 3295
f 3295 3171 3173
f 338 3172 340
f 340 3172 3171
f 340 3171 342
f 342 3171 344
f 338 337 3172
f 3172 337 3168
f 3172 3168 3296
f 3296 3168 3170
f 331 3169 333
f 333 3169 3168
f 333 3168 335
f 335 3168 337
f 331 329 3169
f 3169 329 3165
f 3169 3165 3297
f 3297 3165 3167
f 323 3166 325
f 325 3166 3165
f 325 3165 327
f 327 3165 329
f 323 321 3166
f 3166 321 3162
f 3166 3162 3298
f 3298 3162 3164
f 315 3163 317
f 317 3163 3162
f 317 3162 319
f 319 3162 321
f 315 313 3163
f 3163 313 3159
f 3163 3159 3299
f 3299 3159 3161
f 307 3160 309
f 309 3160 3159
f 309 3159 311
f 311 3159 313
f 307 305 3160
f 3160 305 3156
f 3160 3156 3300
f 3300 3156 3158
f 299 3157 301
f 301 3157 3156
f 301 3156 303
f 303 3156 305
f 299 297 3157
f 3157 297 3153
f 3157 3153 3301
f 3301 3153 3155
f 291 3154 293
f 293 3154 3153
f 293 3153 295
f 295 3153 297
f 291 289 3154
f 3154 289 3150
f 3154 3150 3302
f 3302 3150 3152
f 283 3151 285
f 285 3151 3150
f 285 3150 287
f 287 3150 289
f 283 281 3151
f 3151 281 3147
f 3151 3147 3303
f 3303 3147 3149
f 275 3148 277
f 277 3148 3147
f 277 3147 279
f 279 3147 281
f 275 273 3148
f 3148 273 3144
f 3148 3144 3304
f 3304 3144 3146
f 267 3145 269
f 269 3145 3144
f 269 3144 271
f 271 3144 273
f 267 265 3145
f 3145 265 3141
f 3145 3141 3305
f 3305 3141 3143
f 259 3142 261
f 261 3142 3141
f 261 3141 263
f 263 3141 265
f 259 257 3142
f 3142 257 3138
f 3142 3138 3306
f 3306 3138 3140
f 251 3139 253
f 253 3139 3138
f 253 3138 255
f 255 3138 257
f 251 249 3139
f 3139 249 3135
f 3139 3135 3307
f 3307 3135 3137
f 243 3136 245
f 245 3136 3135
f 245 3135 247
f 247 3135 249
f 243 241 3136
f 3136 241 3132
f 3136 3132 3308
f 3308 3132 3134
f 235 3133 237
f 237 3133 3132
f 237 3132 239
f 239 3132 241
f 235 233 3133
f 3133 233 3129
f 3133 3129 3309
f 3309 3129 3131
f 227 3130 229
f 229 3130 3129
f 229 3129 231
f 231 3129 233
f 227 225 3130
f 3130 225 3126
f 3130 3126 3310
f 3310 3126 3128
f 219 3127 221
f 221 3127 3126
f 221 3126 223
f 223 3126 225
f 219 217 3127
f 3127 217 3123
f 3127 3123 3311
f 3311 3123 3125
f 211 3124 213
f 213 3124 3123
f 213 3123 215
f 215 3123 217
f 211 209 3124
f 3124 209 3120
f 3124 3120 3312
f 3312 3120 3122
f 203 3121 205
f 205 3121 3120
f 205 3120 207
f 207 3120 209
f 203 201 3121
f 3121 201 3117
f 3121 3117 3313
f 3313 3117 3119
f 195 3118 197
f 197 3118 3117
f 197 3117 199
f 199 3117 201
f 195 193 3118
f 3118 193 3114
f 3118 3114 3314
f 3314 3114 3116
f 187 3115 189
f 189 3115 3114
f 189 3114 191
f 191 3114 193
f 187 185 3115
f 3115 185 3111
f 3115 3111 3315
f 3315 3111 3113
f 179 3112 181
f 181 3112 3111
f 181 3111 183
f 183 3111 185
f 179 177 3112
f 3112 177 3108
f 3112 3108 3316
f 3316 3108 3110
f 171 3109 173
f 173 3109 3108
f 173 3108 175
f 175 3108 177
f 171 169 3109
f 3109 169 3105
f 3109 3105 3317
f 3317 3105 3107
f 163 3106 165
f 165 3106 3105
f 165 3105 167
f 167 3105 169
f 163 161 3106
f 3106 161 3102
f 3106 3102 3318
f 3318 3102 3104
f 155 3103 157
f 157 3103 3102
f 157 3102 159
f 159 3102 161
f 155 153 3103
f 3103 153 3099
f 3103 3099 3319
f 3319 3099 3101
f 613 3100 615
f 615 3100 3099
f 615 3099 151
f 151 3099 153
f 613 611 3100
f 3100 611 3096
f 3100 3096 3320
f 3320 3096 3098
f 605 3097 607
f 607 3097 3096
f 607 3096 609
f 609 3096 611
f 605 603 3097
f 3097 603 3093
f 3097 3093 3321
f 3321 3093 3095
f 597 3094 599
f 599 3094 3093
f 599 3093 601
f 601 3093 603
f 597 595 3094
f 3094 595 3090
f 3094 3090 3322
f 3322 3090 3092
f 589 3091 591
f 591 3091 3090
f 591 3090 593
f 593 3090 595
f 589 587 3091
f 3091 587 3087
f 3091 3087 3323
f 3323 3087 3089
f 581 3088 583
f 583 3088 3087
f 583 3087 585
f 585 3087 587
f 581 579 3088
f 3088 579 3084
f 3088 3084 3324
f 3324 3084 3086
f 573 3085 575
f 575 3085 3084
f 575 3084 577
f 577 3084 579
f 573 571 3085
f 3085 571 3081
f 3085 3081 3325
f 3325 3081 3083
f 565 3082 567
f 567 3082 3081
f 567 3081 569
f 569 3081 571
f 565 563 3082
f 3082 563 3078
f 3082 3078 3326
f 3326 3078 3080
f 557 3079 559
f 559 3079 3078
f 559 3078 561
f 561 3078 563
f 557 555 3079
f 3079 555 3075
f 3079 3075 3327
f 3327 3075 3077
f 549 3076 551
f 551 3076 3075
f 551 3075 553
f 553 3075 555
f 549 547 3076
f 3076 547 3072
f 3076 3072 3328
f 3328 3072 3074
f 541 3073 543
f 543 3073 3072
f 543 3072 545
f 545 3072 547
f 541 539 3073
f 3073 539 3069
f 3073 3069 3329
f 3329 3069 3071
f 533 3070 535
f 535 3070 3069
f 535 3069 537
f 537 3069 539
f 533 531 3070
f 3070 531 3066
f 3070 3066 3330
f 3330 3066 3068
f 525 3067 527
f 527 3067 3066
f 527 3066 529
f 529 3066 531
f 525 523 3067
f 3067 523 3063
f 3067 3063 3331
f 3331 3063 3065
f 517 3064 519
f 519 3064 3063
f 519 3063 521
f 521 3063 523
f 517 515 3064
f 3064 515 3060
f 3064 3060 3332
f 3332 3060 3062
f 509 3061 511
f 511 3061 3060
f 511 3060 513
f 513 3060 515
f 509 507 3061
f 3061 507 3057
f 3061 3057 3333
f 3333 3057 3059
f 501 3058 503
f 503 3058 3057
f 503 3057 505
f 505 3057 507
f 501 499 3058
f 3058 499 3054
f 3058 3054 3334
f 3334 3054 3056
f 493 3055 495
f 495 3055 3054
f 495 3054 497
f 497 3054 499
f 493 491 3055
f 3055 491 3051
f 3055 3051 3335
f 3335 3051 3053
f 485 3052 487
f 487 3052 3051
f 487 3051 489
f 489 3051 491
f 485 483 3052
f 3052 483 3048
f 3052 3048 3336
f 3336 3048 3050
f 477 3049 479
f 479 3049 3048
f 479 3048 481
f 481 3048 483
f 477 475 3049
f 3049 475 3045
f 3049 3045 3337
f 3337 3045 3047
f 475 473 3045
f 3045 473 471
f 3045 471 3046
f 471 469 3046
f 3046 469 467
f 3046 467 3350
f 467 465 3350
f 3350 465 463
f 3350 463 3351
f 463 461 3351
f 3351 461 459
f 3351 459 3352
f 459 457 3352
f 3352 457 455
f 3352 455 3353
f 455 453 3353
f 3353 453 451
f 3353 451 3354
f 451 449 3354
f 3354 449 447
f 3354 447 3355
f 447 445 3355
f 3355 445 443
f 3355 443 3356
f 443 441 3356
f 3356 441 439
f 3356 439 3357
f 439 437 3357
f 3357 437 435
f 3357 435 3358
f 435 433 3358
f 3358 433 431
f 3358 431 3359
f 431 429 3359
f 3359 429 427
f 3359 427 3360
f 427 425 3360
f 3360 425 423
f 3360 423 3361
f 423 421 3361
f 3361 421 419
f 3361 419 3362
f 419 417 3362
f 3362 417 415
f 3362 415 3363
f 415 413 3363
f 3363 413 411
f 3363 411 3364
f 411 409 3364
f 3364 409 407
f 3364 407 3365
f 407 405 3365
f 3365 405 403
f 3365 403 3366
f 403 401 3366
f 3366 401 399
f 3366 399 3367
f 399 397 3367
f 3367 397 395
f 3367 395 3368
f 395 393 3368
f 3368 393 391
f 3368 391 3369
f 391 389 3369
f 3369 389 387
f 3369 387 3370
f 387 385 3370
f 3370 385 383
f 3370 383 3371
f 383 381 3371
f 3371 381 379
f 3371 379 3372
f 379 377 3372
f 3372 377 375
f 3372 375 3373
f 375 373 3373
f 3373 373 371
f 3373 371 3374
f 371 369 3374
f 3374 369 367
f 3374 367 3375
f 367 365 3375
f 3375 365 363
f 3375 363 3376
f 363 361 3376
f 3376 361 871
f 3376 871 3377
f 871 869 3377
f 3377 869 867
f 3377 867 3378
f 867 865 3378
f 3378 865 863
f 3378 863 3379
f 863 861 3379
f 3379 861 859
f 3379 859 3380
f 859 857 3380
f 3380 857 855
f 3380 855 3381
f 855 853 3381
f 3381 853 851
f 3381 851 3382
f 851 849 3382
f 3382 849 847
f 3382 847 3383
f 847 845 3383
f 3383 845 843
f 3383 843 3384
f 843 841 3384
f 3384 841 839
f 3384 839 3385
f 839 837 3385
f 3385 837 835
f 3385 835 3386
f 835 833 3386
f 3386 833 831
f 3386 831 3387
f 831 829 3387
f 3387 829 827
f 3387 827 3388
f 827 825 3388
f 3388 825 823
f 3388 823 3389
f 823 821 3389
f 3389 821 819
f 3389 819 3390
f 819 817 3390
f 3390 817 815
f 3390 815 3391
f 815 813 3391
f 3391 813 811
f 3391 811 3392
f 811 809 3392
f 3392 809 807
f 3392 807 3393
f 807 805 3393
f 3393 805 803
f 3393 803 3394
f 803 801 3394
f 3394 801 799
f 3394 799 3395
f 799 797 3395
f 3395 797 795
f 3395 795 3396
f 795 793 3396
f 3396 793 791
f 3396 791 3397
f 791 789 3397
f 3397 789 787
f 3397 787 3398
f 787 785 3398
f 3398 785 783
f 3398 783 3399
f 783 781 3399
f 3399 781 779
f 3399 779 3400
f 779 777 3400
f 3400 777 775
f 3400 775 3401
f 775 773 3401
f 3401 773 771
f 3401 771 3402
f 771 769 3402
f 3402 769 767
f 3402 767 3403
f 767 765 3403
f 3403 765 763
f 3403 763 3404
f 763 761 3404
f 3404 761 759
f 3404 759 3405
f 759 757 3405
f 3405 757 755
f 3405 755 3406
f 755 753 3406
f 3406 753 751
f 3406 751 3407
f 751 749 3407
f 3407 749 747
f 3407 747 3408
f 747 745 3408
f 3408 745 743
f 3408 743 3409
f 743 741 3409
f 3409 741 739
f 3409 739 3410
f 739 737 3410
f 3410 737 735
f 3410 735 3411
f 735 733 3411
f 3411 733 731
f 3411 731 3412
f 731 729 3412
f 3412 729 727
f 3412 727 3413
f 727 725 3413
f 3413 725 723
f 3413 723 3414
f 723 721 3414
f 3414 721 719
f 3414 719 3415
f 719 717 3415
f 3415 717 715
f 3415 715 3416
f 715 713 3416
f 3416 713 711
f 3416 711 3417
f 711 709 3417
f 3417 709 707
f 3417 707 3418
f 707 705 3418
f 3418 705 703
f 3418 703 3419
f 703 701 3419
f 3419 701 699
f 3419 699 3420
f 699 697 3420
f 3420 697 695
f 3420 695 3421
f 695 693 3421
f 3421 693 691
f 3421 691 3422
f 691 689 3422
f 3422 689 687
f 3422 687 3423
f 687 685 3423
f 3423 685 683
f 3423 683 3424
f 683 681 3424
f 3424 681 679
f 3424 679 3425
f 679 677 3425
f 3425 677 675
f 3425 675 3426
f 675 673 3426
f 3426 673 671
f 3426 671 3427
f 671 669 3427
f 3427 669 667
f 3427 667 3428
f 667 665 3428
f 3428 665 663
f 3428 663 3429
f 663 661 3429
f 3429 661 659
f 3429 659 3430
f 659 657 3430
f 3430 657 655
f 3430 655 3431
f 655 653 3431
f 3431 653 651
f 3431 651 3432
f 651 649 3432
f 3432 649 647
f 3432 647 3433
f 647 645 3433
f 3433 645 643
f 3433 643 3434
f 643 641 3434
f 3434 641 639
f 3434 639 3435
f 639 637 3435
f 3435 637 635
f 3435 635 3436
f 635 633 3436
f 3436 633 631
f 3436 631 3437
f 631 629 3437
f 3437 629 627
f 3437 627 3438
f 627 625 3438
f 3438 625 623
f 3438 623 3439
f 623 621 3439
f 3439 621 619
f 3439 619 3440
f 619 617 3440
f 3440 617 1127
f 3440 1127 3441
f 1127 1125 3441
f 3441 1125 1123
f 3441 1123 3442
f 1123 1121 3442
f 3442 1121 1119
f 3442 1119 3443
f 1119 1117 3443
f 3443 1117 1115
f 3443 1115 3444
f 1115 1113 3444
f 3444 1113 1111
f 3444 1111 3445
f 1111 1109 3445
f 3445 1109 1107
f 3445 1107 3446
f 1107 1105 3446
f 3446 1105 1103
f 3446 1103 3447
f 1103 1101 3447
f 3447 1101 1099
f 3447 1099 3448
f 1099 1097 3448
f 3448 1097 1095
f 3448 1095 3449
f 1095 1093 3449
f 3449 1093 1091
f 3449 1091 3450
f 1091 1089 3450
f 3450 1089 1087
f 3450 1087 3451
f 1087 1085 3451
f 3451 1085 1083
f 3451 1083 3452
f 1083 1081 3452
f 3452 1081 1079
f 3452 1079 3453
f 1079 1077 3453
f 3453 1077 1075
f 3453 1075 3454
f 1075 1073 3454
f 3454 1073 1071
f 3454 1071 3455
f 1071 1069 3455
f 3455 1069 1067
f 3455 1067 3456
f 1067 1065 3456
f 3456 1065 1063
f 3456 1063 3457
f 1063 1061 3457
f 3457 1061 1059
f 3457 1059 3458
f 1059 1057 3458
f 3458 1057 1055
f 3458 1055 3459
f 1055 1053 3459
f 3459 1053 1051
f 3459 1051 3460
f 1051 1049 3460
f 3460 1049 1047
f 3460 1047 3461
f 1047 1045 3461
f 3461 1045 1043
f 3461 1043 3462
f 1043 1041 3462
f 3462 1041 1039
f 3462 1039 3463
f 1039 1037 3463
f 3463 1037 1035
f 3463 1035 3464
f 1035 1033 3464
f 3464 1033 1031
f 3464 1031 3465
f 1031 1029 3465
f 3465 1029 1027
f 3465 1027 3466
f 1027 1025 3466
f 3466 1025 1023
f 3466 1023 3467
f 1023 1021 3467
f 3467 1021 1019
f 3467 1019 3468
f 1019 1017 3468
f 3468 1017 1015
f 3468 1015 3469
f 1015 1013 3469
f 3469 1013 1011
f 3469 1011 3470
f 1011 1009 3470
f 3470 1009 1007
f 3470 1007 3471
f 1007 1005 3471
f 3471 1005 1003
f 3471 1003 3472
f 1003 1001 3472
f 3472 1001 999
f 3472 999 3473
f 999 997 3473
f 3473 997 995
f 3473 995 3474
f 995 993 3474
f 3474 993 991
f 3474 991 3475
f 991 989 3475
f 3475 989 987
f 3475 987 3476
f 3476 987 985
f 3476 985 983
f 3047 3046 3477
f 3477 3046 3350
f 3477 3350 3478
f 3478 3350 3351
f 3478 3351 3479
f 3479 3351 3352
f 3479 3352 3480
f 3480 3352 3353
f 3480 3353 3481
f 3481 3353 3354
f 3481 3354 3482
f 3482 3354 3355
f 3482 3355 3483
f 3483 3355 3356
f 3483 3356 3484
f 3484 3356 3357
f 3484 3357 3485
f 3485 3357 3358
f 3485 3358 3486
f 3486 3358 3359
f 3486 3359 3487
f 3487 3359 3360
f 3487 3360 3488
f 3488 3360 3361
f 3488 3361 3489
f 3489 3361 3362
f 3489 3362 3490
f 3490 3362 3363
f 3490 3363 3491
f 3491 3363 3364
f 3491 3364 3492
f 3492 3364 3365
f 3492 3365 3493
f 3493 3365 3366
f 3493 3366 3494
f 3494 3366 3367
f 3494 3367 3495
f 3495 3367 3368
f 3495 3368 3496
f 3496 3368 3369
f 3496 3369 3497
f 3497 3369 3370
f 3497 3370 3498
f 3498 3370 3371
f 3498 3371 3499
f 3499 3371 3372
f 3499 3372 3500
f 3500 3372 3373
f 3500 3373 3501
f 3501 3373 3374
f 3501 3374 3502
f 3502 3374 3375
f 3502 3375 3503
f 3503 3375 3376
f 3503 3376 3504
f 3504 3376 3377
f 3504 3377 3505
f 3505 3377 3378
f 3505 3378 3506
f 3506 3378 3379
f 3506 3379 3507
f 3507 3379 3380
f 3507 3380 3508
f 3508 3380 3381
f 3508 3381 3509
f 3509 3381 3382
f 3509 3382 3510
f 3510 3382 3383
f 3510 3383 3511
f 3511 3383 3384
f 3511 3384 3512
f 3512 3384 3385
f 3512 3385 3513
f 3513 3385 3386
f 3513 3386 3514
f 3514 3386 3387
f 3514 3387 3515
f 3515 3387 3388
f 3515 3388 3516
f 3516 3388 3389
f 3516 3389 3517
f 3517 3389 3390
f 3517 3390 3518
f 3518 3390 3391
f 3518 3391 3519
f 3519 3391 3392
f 3519 3392 3520
f 3520 3392 3393
f 3520 3393 3521
f 3521 3393 3394
f 3521 3394 3522
f 3522 3394 3395
f 3522 3395 3523
f 3523 3395 3396
f 3523 3396 3524
f 3524 3396 3397
f 3524 3397 3525
f 3525 3397 3398
f 3525 3398 3526
f 3526 3398 3399
f 3526 3399 3527
f 3527 3399 3400
f 3527 3400 3528
f 3528 3400 3401
f 3528 3401 3529
f 3529 3401 3402
f 3529 3402 3530
f 3530 3402 3403
f 3530 3403 3531
f 3531 3403 3404
f 3531 3404 3532
f 3532 3404 3405
f 3532 3405 3533
f 3533 3405 3406
f 3533 3406 3534
f 3534 3406 3407
f 3534 3407 3535
f 3535 3407 3408
f 3535 3408 3536
f 3536 3408 3409
f 3536 3409 3537
f 3537 3409 3410
f 3537 3410 3538
f 3538 3410 3411
f 3538 3411 3539
f 3539 3411 3412
f 3539 3412 3540
f 3540 3412 3413
f 3540 3413 3541
f 3541 3413 3414
f 3541 3414 3542
f 3542 3414 3415
f 3542 3415 3543
f 3543 3415 3416
f 3543 3416 3544
f 3544 3416 3417
f 3544 3417 3545
f 3545 3417 3418
f 3545 3418 3546
f 3546 3418 3419
f 3546 3419 3547
f 3547 3419 3420
f 3547 3420 3548
f 3548 3420 3421
f 3548 3421 3549
f 3549 3421 3422
f 3549 3422 3550
f 3550 3422 3423
f 3550 3423 3551
f 3551 3423 3424
f 3551 3424 3552
f 3552 3424 3425
f 3552 3425 3553
f 3553 3425 3426
f 3553 3426 3554
f 3554 3426 3427
f 3554 3427 3555
f 3555 3427 3428
f 3555 3428 3556
f 3556 3428 3429
f 3556 3429 3557
f 3557 3429 3430
f 3557 3430 3558
f 3558 3430 3431
f 3558 3431 3559
f 3559 3431 3432
f 3559 3432 3560
f 3560 3432 3433
f 3560 3433 3561
f 3561 3433 3434
f 3561 3434 3562
f 3562 3434 3435
f 3562 3435 3563
f 3563 3435 3436
f 3563 3436 3564
f 3564 3436 3437
f 3564 3437 3565
f 3565 3437 3438
f 3565 3438 3566
f 3566 3438 3439
f 3566 3439 3567
f 3567 3439 3440
f 3567 3440 3568
f 3568 3440 3441
f 3568 3441 3569
f 3569 3441 3442
f 3569 3442 3570
f 3570 3442 3443
f 3570 3443 3571
f 3571 3443 3444
f 3571 3444 3572
f 3572 3444 3445
f 3572 3445 3573
f 3573 3445 3446
f 3573 3446 3574
f 3574 3446 3447
f 3574 3447 3575
f 3575 3447 3448
f 3575 3448 3576
f 3576 3448 3449
f 3576 3449 3577
f 3577 3449 3450
f 3577 3450 3578
f 3578 3450 3451
f 3578 3451 3579
f 3579 3451 3452
f 3579 3452 3580
f 3580 3452 3453
f 3580 3453 3581
f 3581 3453 3454
f 3581 3454 3582
f 3582 3454 3455
f 3582 3455 3583
f 3583 3455 3456
f 3583 3456 3584
f 3584 3456 3457
f 3584 3457 3585
f 3585 3457 3458
f 3585 3458 3586
f 3586 3458 3459
f 3586 3459 3587
f 3587 3459 3460
f 3587 3460 3588
f 3588 3460 3461
f 3588 3461 3589
f 3589 3461 3462
f 3589 3462 3590
f 3590 3462 3463
f 3590 3463 3591
f 3591 3463 3464
f 3591 3464 3592
f 3592 3464 3465
f 3592 3465 3593
f 3593 3465 3466
f 3593 3466 3594
f 3594 3466 3467
f 3594 3467 3595
f 3595 3467 3468
f 3595 3468 3596
f 3596 3468 3469
f 3596 3469 3597
f 3597 3469 3470
f 3597 3470 3598
f 3598 3470 3471
f 3598 3471 3599
f 3599 3471 3472
f 3599 3472 3600
f 3600 3472 3473
f 3600 3473 3601
f 3601 3473 3474
f 3601 3474 3602
f 3602 3474 3475
f 3602 3475 3339
f 3339 3475 3476
f 3339 3476 3035
f 3035 3476 983
f 981 979 3035
f 3035 979 3034
f 3035 3034 3338
f 3338 3034 3603
f 977 975 3034
f 3034 975 3042
f 3034 3042 3603
f 3603 3042 3044
f 969 3043 971
f 971 3043 3042
f 971 3042 973
f 973 3042 975
f 969 967 3043
f 3043 967 3039
f 3043 3039 3340
f 3340 3039 3041
f 961 3040 963
f 963 3040 3039
f 963 3039 965
f 965 3039 967
f 961 959 3040
f 3040 959 3033
f 3040 3033 3341
f 3341 3033 3604
f 957 955 3033
f 3033 955 3032
f 3033 3032 3604
f 3604 3032 3605
f 953 951 3032
f 3032 951 3031
f 3032 3031 3605
f 3605 3031 3606
f 949 947 3031
f 3031 947 3030
f 3031 3030 3606
f 3606 3030 3607
f 945 943 3030
f 3030 943 3036
f 3030 3036 3607
f 3607 3036 3038
f 937 3037 939
f 939 3037 3036
f 939 3036 941
f 941 3036 943
f 937 935 3037
f 3037 935 3029
f 3037 3029 3342
f 3342 3029 3608
f 933 931 3029
f 3029 931 3028
f 3029 3028 3608
f 3608 3028 3609
f 929 927 3028
f 3028 927 3027
f 3028 3027 3609
f 3609 3027 3610
f 925 923 3027
f 3027 923 3026
f 3027 3026 3610
f 3610 3026 3611
f 921 919 3026
f 3026 919 3025
f 3026 3025 3611
f 3611 3025 3612
f 917 915 3025
f 3025 915 3024
f 3025 3024 3612
f 3612 3024 3613
f 913 911 3024
f 3024 911 3023
f 3024 3023 3613
f 3613 3023 3614
f 909 907 3023
f 3023 907 3022
f 3023 3022 3614
f 3614 3022 3615
f 905 903 3022
f 3022 903 3021
f 3022 3021 3615
f 3615 3021 3616
f 901 899 3021
f 3021 899 3020
f 3021 3020 3616
f 3616 3020 3617
f 897 895 3020
f 3020 895 3019
f 3020 3019 3617
f 3617 3019 3618
f 893 891 3019
f 3019 891 3018
f 3019 3018 3618
f 3618 3018 3619
f 889 887 3018
f 3018 887 3017
f 3018 3017 3619
f 3619 3017 3620
f 885 883 3017
f 3017 883 3016
f 3017 3016 3620
f 3620 3016 3621
f 881 879 3016
f 3016 879 3015
f 3016 3015 3621
f 3621 3015 3622
f 877 875 3015
f 3015 875 3014
f 3015 3014 3622
f 3622 3014 3623
f 873 1383 3014
f 3014 1383 3013
f 3014 3013 3623
f 3623 3013 3624
f 1381 1379 3013
f 3013 1379 3012
f 3013 3012 3624
f 3624 3012 3625
f 1377 1375 3012
f 3012 1375 3011
f 3012 3011 3625
f 3625 3011 3626
f 1373 1371 3011
f 3011 1371 3010
f 3011 3010 3626
f 3626 3010 3627
f 1369 1367 3010
f 3010 1367 3009
f 3010 3009 3627
f 3627 3009 3628
f 1365 1363 3009
f 3009 1363 3008
f 3009 3008 3628
f 3628 3008 3629
f 1361 1359 3008
f 3008 1359 3007
f 3008 3007 3629
f 3629 3007 3630
f 1357 1355 3007
f 3007 1355 3006
f 3007 3006 3630
f 3630 3006 3631
f 1353 1351 3006
f 3006 1351 3005
f 3006 3005 3631
f 3631 3005 3632
f 1349 1347 3005
f 3005 1347 3004
f 3005 3004 3632
f 3632 3004 3633
f 1345 1343 3004
f 3004 1343 3003
f 3004 3003 3633
f 3633 3003 3634
f 1341 1339 3003
f 3003 1339 3002
f 3003 3002 3634
f 3634 3002 3635
f 1337 1335 3002
f 3002 1335 3001
f 3002 3001 3635
f 3635 3001 3636
f 1333 1331 3001
f 3001 1331 3000
f 3001 3000 3636
f 3636 3000 3637
f 1329 1327 3000
f 3000 1327 2999
f 3000 2999 3637
f 3637 2999 3638
f 1325 1323 2999
f 2999 1323 2998
f 2999 2998 3638
f 3638 2998 3639
f 1321 1319 2998
f 2998 1319 2997
f 2998 2997 3639
f 3639 2997 3640
f 1317 1315 2997
f 2997 1315 2996
f 2997 2996 3640
f 3640 2996 3641
f 1313 1311 2996
f 2996 1311 2995
f 2996 2995 3641
f 3641 2995 3642
f 1309 1307 2995
f 2995 1307 2994
f 2995 2994 3642
f 3642 2994 3643
f 1305 1303 2994
f 2994 1303 2993
f 2994 2993 3643
f 3643 2993 3644
f 1301 1299 2993
f 2993 1299 2992
f 2993 2992 3644
f 3644 2992 3645
f 1297 1295 2992
f 2992 1295 2991
f 2992 2991 3645
f 3645 2991 3646
f 1293 1291 2991
f 2991 1291 2990
f 2991 2990 3646
f 3646 2990 3647
f 1289 1287 2990
f 2990 1287 2989
f 2990 2989 3647
f 3647 2989 3648
f 1285 1283 2989
f 2989 1283 2988
f 2989 2988 3648
f 3648 2988 3649
f 1281 1279 2988
f 2988 1279 2987
f 2988 2987 3649
f 3649 2987 3650
f 1277 1275 2987
f 2987 1275 2986
f 2987 2986 3650
f 3650 2986 3651
f 1273 1271 2986
f 2986 1271 2985
f 2986 2985 3651
f 3651 2985 3652
f 1269 1267 2985
f 2985 1267 2984
f 2985 2984 3652
f 3652 2984 3653
f 1265 1263 2984
f 2984 1263 2983
f 2984 2983 3653
f 3653 2983 3654
f 1261 1259 2983
f 2983 1259 2982
f 2983 2982 3654
f 3654 2982 3655
f 1257 1255 2982
f 2982 1255 2981
f 2982 2981 3655
f 3655 2981 3656
f 1253 1251 2981
f 2981 1251 2980
f 2981 2980 3656
f 3656 2980 3657
f 1249 1247 2980
f 2980 1247 2979
f 2980 2979 3657
f 3657 2979 3658
f 1245 1243 2979
f 2979 1243 2978
f 2979 2978 3658
f 3658 2978 3659
f 1241 1239 2978
f 2978 1239 2977
f 2978 2977 3659
f 3659 2977 3660
f 1237 1235 2977
f 2977 1235 2976
f 2977 2976 3660
f 3660 2976 3661
f 1233 1231 2976
f 2976 1231 2975
f 2976 2975 3661
f 3661 2975 3662
f 1229 1227 2975
f 2975 1227 2974
f 2975 2974 3662
f 3662 2974 3663
f 1225 1223 2974
f 2974 1223 2973
f 2974 2973 3663
f 3663 2973 3664
f 1221 1219 2973
f 2973 1219 2972
f 2973 2972 3664
f 3664 2972 3665
f 1217 1215 2972
f 2972 1215 2971
f 2972 2971 3665
f 3665 2971 3666
f 1213 1211 2971
f 2971 1211 2970
f 2971 2970 3666
f 3666 2970 3667
f 1209 1207 2970
f 2970 1207 2969
f 2970 2969 3667
f 3667 2969 3668
f 1205 1203 2969
f 2969 1203 2968
f 2969 2968 3668
f 3668 2968 3669
f 1201 1199 2968
f 2968 1199 2967
f 2968 2967 3669
f 3669 2967 3670
f 1197 1195 2967
f 2967 1195 2966
f 2967 2966 3670
f 3670 2966 3671
f 1193 1191 2966
f 2966 1191 2965
f 2966 2965 3671
f 3671 2965 3672
f 1189 1187 2965
f 2965 1187 2964
f 2965 2964 3672
f 3672 2964 3673
f 1185 1183 2964
f 2964 1183 2963
f 2964 2963 3673
f 3673 2963 3674
f 1181 1179 2963
f 2963 1179 2962
f 2963 2962 3674
f 3674 2962 3675
f 1177 1175 2962
f 2962 1175 2961
f 2962 2961 3675
f 3675 2961 3676
f 1173 1171 2961
f 2961 1171 2960
f 2961 2960 3676
f 3676 2960 3677
f 1169 1167 2960
f 2960 1167 2959
f 2960 2959 3677
f 3677 2959 3678
f 1165 1163 2959
f 2959 1163 2958
f 2959 2958 3678
f 3678 2958 3679
f 1161 1159 2958
f 2958 1159 2957
f 2958 2957 3679
f 3679 2957 3680
f 1157 1155 2957
f 2957 1155 2956
f 2957 2956 3680
f 3680 2956 3681
f 1153 1151 2956
f 2956 1151 2955
f 2956 2955 3681
f 3681 2955 3682
f 1149 1147 2955
f 2955 1147 2954
f 2955 2954 3682
f 3682 2954 3683
f 1145 1143 2954
f 2954 1143 2953
f 2954 2953 3683
f 3683 2953 3684
f 1141 1139 2953
f 2953 1139 2952
f 2953 2952 3684
f 3684 2952 3685
f 1137 1135 2952
f 2952 1135 2951
f 2952 2951 3685
f 3685 2951 3686
f 1133 1131 2951
f 2951 1131 2950
f 2951 2950 3686
f 3686 2950 3687
f 1129 1396 2950
f 2950 1396 2949
f 2950 2949 3687
f 3687 2949 3688
f 1398 1400 2949
f 2949 1400 2948
f 2949 2948 3688
f 3688 2948 3689
f 1402 1404 2948
f 2948 1404 2947
f 2948 2947 3689
f 3689 2947 3690
f 1406 1408 2947
f 2947 1408 2946
f 2947 2946 3690
f 3690 2946 3691
f 1410 1412 2946
f 2946 1412 2945
f 2946 2945 3691
f 3691 2945 3692
f 1414 1416 2945
f 2945 1416 2944
f 2945 2944 3692
f 3692 2944 3693
f 1418 1420 2944
f 2944 1420 2943
f 2944 2943 3693
f 3693 2943 3694
f 1422 1424 2943
f 2943 1424 2942
f 2943 2942 3694
f 3694 2942 3695
f 1426 1428 2942
f 2942 1428 2941
f 2942 2941 3695
f 3695 2941 3696
f 1430 1432 2941
f 2941 1432 2940
f 2941 2940 3696
f 3696 2940 3697
f 1434 1436 2940
f 2940 1436 2939
f 2940 2939 3697
f 3697 2939 3698
f 1438 1440 2939
f 2939 1440 2938
f 2939 2938 3698
f 3698 2938 3699
f 1442 1444 2938
f 2938 1444 2937
f 2938 2937 3699
f 3699 2937 3700
f 1446 1448 2937
f 2937 1448 2936
f 2937 2936 3700
f 3700 2936 3701
f 1450 1452 2936
f 2936 1452 2935
f 2936 2935 3701
f 3701 2935 3702
f 1454 1456 2935
f 2935 1456 2934
f 2935 2934 3702
f 3702 2934 3703
f 1458 1460 2934
f 2934 1460 2933
f 2934 2933 3703
f 3703 2933 3704
f 1462 1464 2933
f 2933 1464 2932
f 2933 2932 3704
f 3704 2932 3705
f 1466 1468 2932
f 2932 1468 2931
f 2932 2931 3705
f 3705 2931 3706
f 1470 1472 2931
f 2931 1472 2930
f 2931 2930 3706
f 3706 2930 3707
f 1474 1476 2930
f 2930 1476 2929
f 2930 2929 3707
f 3707 2929 3708
f 1478 1480 2929
f 2929 1480 2928
f 2929 2928 3708
f 3708 2928 3709
f 1482 1484 2928
f 2928 1484 2927
f 2928 2927 3709
f 3709 2927 3710
f 1486 1488 2927
f 2927 1488 2926
f 2927 2926 3710
f 3710 2926 3711
f 1490 1492 2926
f 2926 1492 2925
f 2926 2925 3711
f 3711 2925 3712
f 1494 1496 2925
f 2925 1496 2924
f 2925 2924 3712
f 3712 2924 3713
f 1498 1500 2924
f 2924 1500 2923
f 2924 2923 3713
f 3713 2923 3714
f 1502 1504 2923
f 2923 1504 2922
f 2923 2922 3714
f 3714 2922 3715
f 1506 1508 2922
f 2922 1508 2921
f 2922 2921 3715
f 3715 2921 3716
f 1510 1512 2921
f 2921 1512 2920
f 2921 2920 3716
f 3716 2920 3717
f 1514 1516 2920
f 2920 1516 2919
f 2920 2919 3717
f 3717 2919 3718
f 1518 1520 2919
f 2919 1520 2918
f 2919 2918 3718
f 3718 2918 3719
f 1522 1524 2918
f 2918 1524 2917
f 2918 2917 3719
f 3719 2917 3720
f 1526 1528 2917
f 2917 1528 2916
f 2917 2916 3720
f 3720 2916 3721
f 1530 1532 2916
f 2916 1532 2915
f 2916 2915 3721
f 3721 2915 3722
f 1534 1536 2915
f 2915 1536 2914
f 2915 2914 3722
f 3722 2914 3723
f 1538 1540 2914
f 2914 1540 2913
f 2914 2913 3723
f 3723 2913 3724
f 1542 1544 2913
f 2913 1544 2912
f 2913 2912 3724
f 3724 2912 3725
f 1546 1548 2912
f 2912 1548 2911
f 2912 2911 3725
f 3725 2911 3726
f 1550 1552 2911
f 2911 1552 2910
f 2911 2910 3726
f 3726 2910 3727
f 1554 1556 2910
f 2910 1556 2909
f 2910 2909 3727
f 3727 2909 3728
f 1558 1560 2909
f 2909 1560 2908
f 2909 2908 3728
f 3728 2908 3729
f 1562 1564 2908
f 2908 1564 2907
f 2908 2907 3729
f 3729 2907 3730
f 1566 1568 2907
f 2907 1568 2906
f 2907 2906 3730
f 3730 2906 3731
f 1570 1572 2906
f 2906 1572 2905
f 2906 2905 3731
f 3731 2905 3732
f 1574 1576 2905
f 2905 1576 2904
f 2905 2904 3732
f 3732 2904 3733
f 1578 1580 2904
f 2904 1580 2903
f 2904 2903 3733
f 3733 2903 3734
f 1582 1584 2903
f 2903 1584 2902
f 2903 2902 3734
f 3734 2902 3735
f 1586 1588 2902
f 2902 1588 2901
f 2902 2901 3735
f 3735 2901 3736
f 1590 1592 2901
f 2901 1592 2900
f 2901 2900 3736
f 3736 2900 3737
f 1594 1596 2900
f 2900 1596 2899
f 2900 2899 3737
f 3737 2899 3738
f 1598 1600 2899
f 2899 1600 2898
f 2899 2898 3738
f 3738 2898 3739
f 1602 1604 2898
f 2898 1604 2897
f 2898 2897 3739
f 3739 2897 3740
f 1606 1608 2897
f 2897 1608 2896
f 2897 2896 3740
f 3740 2896 3741
f 1610 1612 2896
f 2896 1612 2895
f 2896 2895 3741
f 3741 2895 3742
f 1614 1616 2895
f 2895 1616 2894
f 2895 2894 3742
f 3742 2894 3743
f 1618 1620 2894
f 2894 1620 2893
f 2894 2893 3743
f 3743 2893 3744
f 1622 1624 2893
f 2893 1624 2892
f 2893 2892 3744
f 3744 2892 3745
f 1626 1628 2892
f 2892 1628 2891
f 2892 2891 3745
f 3745 2891 3746
f 1630 1632 2891
f 2891 1632 2890
f 2891 2890 3746
f 3746 2890 3747
f 1634 1636 2890
f 2890 1636 2889
f 2890 2889 3747
f 3747 2889 3748
f 1638 1640 2889
f 2889 1640 3349
f 2889 3349 3748
f 3748 3349 3348
f 1640 1642 3349
f 3349 1642 1644
f 3349 1644 3250
f 3250 1644 1646
f 3250 1646 1648
f 1724 1651 3749
f 3750 3751 3752
f 1724 3749 1721
f 3750 3752 3749
f 3749 3752 3753
f 3749 3753 1721
f 3754 3248 3755
f 3248 3246 3755
f 3755 3246 3244
f 3755 3244 3243
f 3756 3757 3755
f 3755 3757 3758
f 3758 3759 3755
f 3755 3759 3760
f 3755 3760 3754
f 3761 3755 3762
f 3762 3755 3763
f 3764 3765 3755
f 3755 3765 3766
f 3755 3766 3763
f 3761 3767 3768
f 3768 3767 3769
f 3768 3769 3770
f 3770 3769 3771
f 3770 3771 3772
f 3773 3774 3775
f 3768 3776 3749
f 3749 3776 3773
f 3749 3773 3777
f 3777 3773 3775
f 3778 3779 3780
f 3779 3778 3781
f 3781 3782 3779
f 3779 3782 3783
f 3779 3783 3780
f 3780 3783 3784
f 3785 3786 3787
f 3758 3345 3759
f 3759 3345 3344
f 3759 3344 3760
f 3760 3344 3754
f 3754 3344 3343
f 3754 3343 3248
f 3787 3786 3788
f 3786 3789 3788
f 3788 3789 3790
f 3788 3790 3791
f 3791 3790 3792
f 3791 3792 1655
f 3793 3794 3795
f 3795 3796 3793
f 3793 3796 3797
f 3793 3797 3787
f 3787 3797 3798
f 3787 3798 3785
f 3799 3800 3794
f 3794 3800 3801
f 3794 3801 3795
f 3758 3757 3345
f 3345 3757 3756
f 3345 3756 3346
f 3346 3756 3802
f 3346 3802 3347
f 3347 3802 3803
f 3756 3784 3802
f 3802 3784 3783
f 3802 3783 3803
f 3803 3783 3782
f 2116 2114 3804
f 2116 3804 3805
f 2116 3805 2117
f 2117 3805 3806
f 2117 3806 2118
f 2118 3806 3807
f 2118 3807 2119
f 2119 3807 3808
f 2119 3808 2120
f 2120 3808 3809
f 2120 3809 2121
f 2121 3809 3810
f 2121 3810 2122
f 2122 3810 3811
f 2122 3811 2123
f 2123 3811 2124
f 2124 3811 3812
f 2124 3812 2125
f 2125 3812 3813
f 2125 3813 2126
f 2126 3813 3814
f 2126 3814 2127
f 2127 3814 3815
f 2127 3815 2128
f 2128 3815 3816
f 2128 3816 2129
f 2129 3816 3817
f 2129 3817 2130
f 2130 3817 2131
f 2131 3817 3818
f 2131 3818 2132
f 2132 3818 3819
f 2132 3819 2133
f 2133 3819 3820
f 2133 3820 2134
f 2134 3820 3821
f 2134 3821 2135
f 2135 3821 3822
f 2135 3822 2136
f 2136 3822 2137
f 2137 3822 3823
f 2137 3823 2138
f 2138 3823 3824
f 2138 3824 2139
f 2139 3824 3825
f 2139 3825 2140
f 2140 3825 3826
f 2140 3826 2141
f 2141 3826 3827
f 2141 3827 2142
f 2142 3827 3828
f 2142 3828 2143
f 2143 3828 3829
f 2143 3829 2144
f 2144 3829 3830
f 2144 3830 2145
f 2145 3830 3831
f 2145 3831 2146
f 2146 3831 3832
f 2146 3832 2147
f 2147 3832 3833
f 2147 3833 2148
f 2148 3833 3834
f 2148 3834 2149
f 2149 3834 3835
f 2149 3835 2150
f 2150 3835 3836
f 2150 3836 2151
f 2151 3836 3837
f 2151 3837 2152
f 2152 3837 3838
f 2152 3838 2153
f 2153 3838 3839
f 2153 3839 2154
f 2154 3839 3840
f 2154 3840 2155
f 2155 3840 3841
f 2155 3841 2158
f 2158 3841 3842
f 2158 3842 2157
f 2157 3842 2156
f 2156 3842 3843
f 2156 3843 2159
f 2159 3843 2162
f 2162 3843 3844
f 2162 3844 2161
f 2161 3844 2160
f 2160 3844 3845
f 2160 3845 2163
f 2163 3845 2166
f 2166 3845 3846
f 2166 3846 2165
f 2165 3846 2164
f 2164 3846 3847
f 2164 3847 2167
f 2167 3847 2170
f 2170 3847 3848
f 2170 3848 2169
f 2169 3848 2168
f 2168 3848 3849
f 2168 3849 2171
f 2171 3849 2174
f 2174 3849 3850
f 2174 3850 2173
f 2173 3850 2172
f 2172 3850 3851
f 2172 3851 2175
f 2175 3851 2178
f 2178 3851 3852
f 2178 3852 2177
f 2177 3852 2176
f 2176 3852 3853
f 2176 3853 2179
f 2179 3853 2182
f 2182 3853 3854
f 2182 3854 2181
f 2181 3854 2180
f 2180 3854 3855
f 2180 3855 2183
f 2183 3855 2186
f 2186 3855 3856
f 2186 3856 2185
f 2185 3856 2184
f 2184 3856 3857
f 2184 3857 2187
f 2187 3857 2190
f 2190 3857 3858
f 2190 3858 2189
f 2189 3858 2188
f 2188 3858 3859
f 2188 3859 2191
f 2191 3859 2194
f 2194 3859 3860
f 2194 3860 2193
f 2193 3860 2192
f 2192 3860 3861
f 2192 3861 2195
f 2195 3861 2198
f 2198 3861 3862
f 2198 3862 2197
f 2197 3862 2196
f 2196 3862 3863
f 2196 3863 2199
f 2199 3863 2202
f 2202 3863 3864
f 2202 3864 2201
f 2201 3864 2200
f 2200 3864 3865
f 2200 3865 2203
f 2203 3865 2206
f 2206 3865 3866
f 2206 3866 2205
f 2205 3866 2204
f 2204 3866 3867
f 2204 3867 2207
f 2207 3867 2210
f 2210 3867 3868
f 2210 3868 2209
f 2209 3868 2208
f 2208 3868 3869
f 2208 3869 2211
f 2211 3869 2214
f 2214 3869 3870
f 2214 3870 2213
f 2213 3870 2212
f 2212 3870 3871
f 2212 3871 2215
f 2215 3871 2218
f 2218 3871 3872
f 2218 3872 2217
f 2217 3872 2216
f 2216 3872 3873
f 2216 3873 2219
f 2219 3873 2222
f 2222 3873 3874
f 2222 3874 2221
f 2221 3874 2220
f 2220 3874 3875
f 2220 3875 2223
f 2223 3875 2226
f 2226 3875 3876
f 2226 3876 2225
f 2225 3876 2224
f 2224 3876 3877
f 2224 3877 2227
f 2227 3877 2230
f 2230 3877 3878
f 2230 3878 2229
f 2229 3878 2228
f 2228 3878 3879
f 2228 3879 2231
f 2231 3879 2234
f 2234 3879 3880
f 2234 3880 2233
f 2233 3880 2232
f 2232 3880 3881
f 2232 3881 2235
f 2235 3881 2238
f 2238 3881 3882
f 2238 3882 2237
f 2237 3882 2236
f 2236 3882 3883
f 2236 3883 2239
f 2239 3883 2242
f 2242 3883 3884
f 2242 3884 2241
f 2241 3884 2240
f 2240 3884 3885
f 2240 3885 2243
f 2243 3885 2246
f 2246 3885 3886
f 2246 3886 2245
f 2245 3886 2244
f 2244 3886 3887
f 2244 3887 2247
f 2247 3887 2250
f 2250 3887 3888
f 2250 3888 2249
f 2249 3888 2248
f 2248 3888 3889
f 2248 3889 2251
f 2251 3889 2254
f 2254 3889 3890
f 2254 3890 2253
f 2253 3890 2252
f 2252 3890 3891
f 2252 3891 2255
f 2255 3891 2258
f 2258 3891 3892
f 2258 3892 2257
f 2257 3892 2256
f 2256 3892 3893
f 2256 3893 2259
f 2259 3893 2262
f 2262 3893 3894
f 2262 3894 2261
f 2261 3894 2260
f 2260 3894 3895
f 2260 3895 2263
f 2263 3895 2266
f 2266 3895 3896
f 2266 3896 2265
f 2265 3896 2264
f 2264 3896 3897
f 2264 3897 2267
f 2267 3897 2270
f 2270 3897 3898
f 2270 3898 2269
f 2269 3898 2268
f 2268 3898 3899
f 2268 3899 2271
f 2271 3899 2274
f 2274 3899 3900
f 2274 3900 2273
f 2273 3900 2272
f 2272 3900 3901
f 2272 3901 2275
f 2275 3901 2278
f 2278 3901 3902
f 2278 3902 2277
f 2277 3902 2276
f 2276 3902 3903
f 2276 3903 2279
f 2279 3903 2282
f 2282 3903 3904
f 2282 3904 2281
f 2281 3904 2280
f 2280 3904 3905
f 2280 3905 2283
f 2283 3905 2286
f 2286 3905 3906
f 2286 3906 2285
f 2285 3906 2284
f 2284 3906 3907
f 2284 3907 2287
f 2287 3907 2290
f 2290 3907 3908
f 2290 3908 2289
f 2289 3908 2288
f 2288 3908 3909
f 2288 3909 2291
f 2291 3909 2294
f 2294 3909 3910
f 2294 3910 2293
f 2293 3910 2292
f 2292 3910 3911
f 2292 3911 2295
f 2295 3911 2298
f 2298 3911 3912
f 2298 3912 2297
f 2297 3912 2296
f 2296 3912 3913
f 2296 3913 2299
f 2299 3913 2302
f 2302 3913 3914
f 2302 3914 2301
f 2301 3914 2300
f 2300 3914 3915
f 2300 3915 2303
f 2303 3915 2306
f 2306 3915 3916
f 2306 3916 2305
f 2305 3916 2304
f 2304 3916 3917
f 2304 3917 2307
f 2307 3917 2310
f 2310 3917 3918
f 2310 3918 2309
f 2309 3918 2308
f 2308 3918 3919
f 2308 3919 2311
f 2311 3919 2314
f 2314 3919 3920
f 2314 3920 2313
f 2313 3920 2312
f 2312 3920 3921
f 2312 3921 2315
f 2315 3921 2318
f 2318 3921 3922
f 2318 3922 2317
f 2317 3922 2316
f 2316 3922 3923
f 2316 3923 2319
f 2319 3923 2322
f 2322 3923 3924
f 2322 3924 2321
f 2321 3924 2320
f 2320 3924 3925
f 2320 3925 2323
f 2323 3925 2326
f 2326 3925 3926
f 2326 3926 2325
f 2325 3926 2324
f 2324 3926 3927
f 2324 3927 2327
f 2327 3927 2330
f 2330 3927 3928
f 2330 3928 2329
f 2329 3928 2328
f 2328 3928 3929
f 2328 3929 2331
f 2331 3929 2334
f 2334 3929 3930
f 2334 3930 2333
f 2333 3930 2332
f 2332 3930 3931
f 2332 3931 2335
f 2335 3931 2338
f 2338 3931 3932
f 2338 3932 2337
f 2337 3932 2336
f 2336 3932 3933
f 2336 3933 2339
f 2339 3933 2342
f 2342 3933 3934
f 2342 3934 2341
f 2341 3934 2340
f 2340 3934 3935
f 2340 3935 2343
f 2343 3935 2346
f 2346 3935 3936
f 2346 3936 2345
f 2345 3936 2344
f 2344 3936 3937
f 2344 3937 2347
f 2347 3937 2350
f 2350 3937 3938
f 2350 3938 2349
f 2349 3938 2348
f 2348 3938 3939
f 2348 3939 2351
f 2351 3939 2354
f 2354 3939 3940
f 2354 3940 2353
f 2353 3940 2352
f 2352 3940 3941
f 2352 3941 2355
f 2355 3941 2358
f 2358 3941 3942
f 2358 3942 2357
f 2357 3942 2356
f 2356 3942 3943
f 2356 3943 2359
f 2359 3943 2362
f 2362 3943 3944
f 2362 3944 2361
f 2361 3944 2360
f 2360 3944 3945
f 2360 3945 2363
f 2363 3945 2366
f 2366 3945 3946
f 2366 3946 2365
f 2365 3946 2364
f 2364 3946 3947
f 2364 3947 2367
f 2367 3947 2370
f 2370 3947 3948
f 2370 3948 2369
f 2369 3948 2368
f 2368 3948 3949
f 2368 3949 2371
f 2371 3949 2374
f 2374 3949 3950
f 2374 3950 2373
f 2373 3950 2372
f 2372 3950 3951
f 2372 3951 2375
f 2375 3951 2378
f 2378 3951 3952
f 2378 3952 2377
f 2377 3952 2376
f 2376 3952 3953
f 2376 3953 2379
f 2379 3953 2382
f 2382 3953 3954
f 2382 3954 2381
f 2381 3954 2380
f 2380 3954 3955
f 2380 3955 2383
f 2383 3955 2386
f 2386 3955 3956
f 2386 3956 2385
f 2385 3956 2384
f 2384 3956 3957
f 2384 3957 2387
f 2387 3957 2390
f 2390 3957 3958
f 2390 3958 2389
f 2389 3958 2388
f 2388 3958 3959
f 2388 3959 2391
f 2391 3959 2394
f 2394 3959 3960
f 2394 3960 2393
f 2393 3960 2392
f 2392 3960 3961
f 2392 3961 2395
f 2395 3961 2398
f 2398 3961 3962
f 2398 3962 2397
f 2397 3962 2396
f 2396 3962 3963
f 2396 3963 2399
f 2399 3963 2402
f 2402 3963 3964
f 2402 3964 2401
f 2401 3964 2400
f 2400 3964 3965
f 2400 3965 2403
f 2403 3965 2406
f 2406 3965 3966
f 2406 3966 2405
f 2405 3966 2404
f 2404 3966 3967
f 2404 3967 2407
f 2407 3967 2410
f 2410 3967 3968
f 2410 3968 2409
f 2409 3968 2408
f 2408 3968 3969
f 2408 3969 2411
f 2411 3969 2414
f 2414 3969 3970
f 2414 3970 2413
f 2413 3970 2412
f 2412 3970 3971
f 2412 3971 2415
f 2415 3971 2418
f 2418 3971 3972
f 2418 3972 2417
f 2417 3972 2416
f 2416 3972 3973
f 2416 3973 2419
f 2419 3973 2422
f 2422 3973 3974
f 2422 3974 2421
f 2421 3974 2420
f 2420 3974 3975
f 2420 3975 2423
f 2423 3975 2426
f 2426 3975 3976
f 2426 3976 2425
f 2425 3976 2424
f 2424 3976 3977
f 2424 3977 2427
f 2427 3977 2430
f 2430 3977 3978
f 2430 3978 2429
f 2429 3978 2428
f 2428 3978 3979
f 2428 3979 2431
f 2431 3979 2434
f 2434 3979 3980
f 2434 3980 2433
f 2433 3980 2432
f 2432 3980 3981
f 2432 3981 2435
f 2435 3981 2438
f 2438 3981 3982
f 2438 3982 2437
f 2437 3982 2436
f 2436 3982 3983
f 2436 3983 2439
f 2439 3983 2442
f 2442 3983 3984
f 2442 3984 2441
f 2441 3984 2440
f 2440 3984 3985
f 2440 3985 2443
f 2443 3985 2446
f 2446 3985 3986
f 2446 3986 2445
f 2445 3986 2444
f 2444 3986 3987
f 2444 3987 2447
f 2447 3987 2450
f 2450 3987 3988
f 2450 3988 2449
f 2449 3988 2448
f 2448 3988 3989
f 2448 3989 2451
f 2451 3989 2454
f 2454 3989 3990
f 2454 3990 2453
f 2453 3990 2452
f 2452 3990 3991
f 2452 3991 2455
f 2455 3991 2458
f 2458 3991 3992
f 2458 3992 2457
f 2457 3992 2456
f 2456 3992 3993
f 2456 3993 2459
f 2459 3993 2462
f 2462 3993 3994
f 2462 3994 2461
f 2461 3994 2460
f 2460 3994 3995
f 2460 3995 2463
f 2463 3995 2466
f 2466 3995 3996
f 2466 3996 2465
f 2465 3996 2464
f 2464 3996 3997
f 2464 3997 2467
f 2467 3997 2470
f 2470 3997 3998
f 2470 3998 2469
f 2469 3998 2468
f 2468 3998 3999
f 2468 3999 2471
f 2471 3999 2474
f 2474 3999 4000
f 2474 4000 2473
f 2473 4000 2472
f 2472 4000 4001
f 2472 4001 2475
f 2475 4001 2478
f 2478 4001 4002
f 2478 4002 2477
f 2477 4002 2476
f 2476 4002 4003
f 2476 4003 2479
f 2479 4003 2482
f 2482 4003 4004
f 2482 4004 2481
f 2481 4004 2480
f 2480 4004 4005
f 2480 4005 2483
f 2483 4005 2486
f 2486 4005 4006
f 2486 4006 2485
f 2485 4006 2484
f 2484 4006 4007
f 2484 4007 2487
f 2487 4007 2490
f 2490 4007 4008
f 2490 4008 2489
f 2489 4008 2488
f 2488 4008 4009
f 2488 4009 2491
f 2491 4009 2494
f 2494 4009 4010
f 2494 4010 2493
f 2493 4010 2492
f 2492 4010 4011
f 2492 4011 2495
f 2495 4011 2498
f 2498 4011 4012
f 2498 4012 2497
f 2497 4012 2496
f 2496 4012 4013
f 2496 4013 2499
f 2499 4013 2502
f 2502 4013 4014
f 2502 4014 2501
f 2501 4014 2500
f 2500 4014 4015
f 2500 4015 2503
f 2503 4015 2506
f 2506 4015 4016
f 2506 4016 2505
f 2505 4016 2504
f 2504 4016 4017
f 2504 4017 2507
f 2507 4017 2510
f 2510 4017 4018
f 2510 4018 2509
f 2509 4018 2508
f 2508 4018 4019
f 2508 4019 2511
f 2511 4019 2514
f 2514 4019 4020
f 2514 4020 2513
f 2513 4020 2512
f 2512 4020 4021
f 2512 4021 2515
f 2515 4021 2518
f 2518 4021 4022
f 2518 4022 2517
f 2517 4022 2516
f 2516 4022 4023
f 2516 4023 2519
f 2519 4023 2522
f 2522 4023 4024
f 2522 4024 2521
f 2521 4024 2520
f 2520 4024 4025
f 2520 4025 2523
f 2523 4025 2526
f 2526 4025 4026
f 2526 4026 2525
f 2525 4026 2524
f 2524 4026 4027
f 2524 4027 2527
f 2527 4027 2530
f 2530 4027 4028
f 2530 4028 2529
f 2529 4028 2528
f 2528 4028 4029
f 2528 4029 2531
f 2531 4029 2534
f 2534 4029 4030
f 2534 4030 2533
f 2533 4030 2532
f 2532 4030 4031
f 2532 4031 2535
f 2535 4031 2538
f 2538 4031 4032
f 2538 4032 2537
f 2537 4032 2536
f 2536 4032 4033
f 2536 4033 2539
f 2539 4033 2542
f 2542 4033 4034
f 2542 4034 2541
f 2541 4034 2540
f 2540 4034 4035
f 2540 4035 2543
f 2543 4035 2546
f 2546 4035 4036
f 2546 4036 2545
f 2545 4036 2544
f 2544 4036 4037
f 2544 4037 2547
f 2547 4037 2550
f 2550 4037 4038
f 2550 4038 2549
f 2549 4038 2548
f 2548 4038 4039
f 2548 4039 2551
f 2551 4039 2554
f 2554 4039 4040
f 2554 4040 2553
f 2553 4040 2552
f 2552 4040 4041
f 2552 4041 2555
f 2555 4041 2558
f 2558 4041 4042
f 2558 4042 2557
f 2557 4042 2556
f 2556 4042 4043
f 2556 4043 2559
f 2559 4043 2562
f 2562 4043 4044
f 2562 4044 2561
f 2561 4044 2560
f 2560 4044 4045
f 2560 4045 2563
f 2563 4045 2566
f 2566 4045 4046
f 2566 4046 2565
f 2565 4046 2564
f 2564 4046 4047
f 2564 4047 2567
f 2567 4047 2570
f 2570 4047 4048
f 2570 4048 2569
f 2569 4048 2568
f 2568 4048 4049
f 2568 4049 2571
f 2571 4049 2574
f 2574 4049 4050
f 2574 4050 2573
f 2573 4050 2572
f 2572 4050 4051
f 2572 4051 2575
f 2575 4051 2578
f 2578 4051 4052
f 2578 4052 2577
f 2577 4052 2576
f 2576 4052 4053
f 2576 4053 2579
f 2579 4053 2582
f 2582 4053 4054
f 2582 4054 2581
f 2581 4054 2580
f 2580 4054 4055
f 2580 4055 2583
f 2583 4055 2586
f 2586 4055 4056
f 2586 4056 2585
f 2585 4056 2584
f 2584 4056 4057
f 2584 4057 2587
f 2587 4057 2590
f 2590 4057 4058
f 2590 4058 2589
f 2589 4058 2588
f 2588 4058 4059
f 2588 4059 2591
f 2591 4059 2594
f 2594 4059 4060
f 2594 4060 2593
f 2593 4060 2592
f 2592 4060 4061
f 2592 4061 2595
f 2595 4061 2598
f 2598 4061 4062
f 2598 4062 2597
f 2597 4062 2596
f 2596 4062 4063
f 2596 4063 2599
f 2599 4063 2602
f 2602 4063 4064
f 2602 4064 2601
f 2601 4064 2600
f 2600 4064 4065
f 2600 4065 2603
f 2603 4065 2606
f 2606 4065 4066
f 2606 4066 2605
f 2605 4066 2604
f 2604 4066 4067
f 2604 4067 2607
f 2607 4067 2610
f 2610 4067 4068
f 2610 4068 2609
f 2609 4068 2608
f 2608 4068 4069
f 2608 4069 2611
f 2611 4069 2614
f 2614 4069 4070
f 2614 4070 2613
f 2613 4070 2612
f 2612 4070 4071
f 2612 4071 2615
f 2615 4071 2618
f 2618 4071 4072
f 2618 4072 2617
f 2617 4072 2616
f 2616 4072 4073
f 2616 4073 2619
f 2619 4073 2622
f 2622 4073 4074
f 2622 4074 2621
f 2621 4074 2620
f 2620 4074 4075
f 2620 4075 2623
f 2623 4075 2626
f 2626 4075 4076
f 2626 4076 2625
f 2625 4076 2624
f 2624 4076 4077
f 2624 4077 2627
f 2627 4077 2630
f 2630 4077 4078
f 2630 4078 2629
f 2629 4078 2628
f 2628 4078 4079
f 2628 4079 2631
f 2631 4079 2634
f 2634 4079 4080
f 2634 4080 2633
f 2633 4080 2632
f 2632 4080 4081
f 2632 4081 2635
f 2635 4081 2638
f 2638 4081 4082
f 2638 4082 2637
f 2637 4082 2636
f 2636 4082 4083
f 2636 4083 2639
f 2639 4083 2642
f 2642 4083 4084
f 2642 4084 2641
f 2641 4084 2640
f 2640 4084 4085
f 2640 4085 2643
f 2643 4085 2646
f 2646 4085 4086
f 2646 4086 2645
f 2645 4086 2644
f 2644 4086 4087
f 2644 4087 2647
f 2647 4087 2650
f 2650 4087 4088
f 2650 4088 2649
f 2649 4088 2648
f 2648 4088 4089
f 2648 4089 2651
f 2651 4089 2654
f 2654 4089 4090
f 2654 4090 2653
f 2653 4090 2652
f 2652 4090 4091
f 2652 4091 2655
f 2655 4091 2658
f 2658 4091 4092
f 2658 4092 2657
f 2657 4092 2656
f 2656 4092 4093
f 2656 4093 2659
f 2659 4093 2662
f 2662 4093 4094
f 2662 4094 2661
f 2661 4094 2660
f 2660 4094 4095
f 2660 4095 2663
f 2663 4095 2666
f 2666 4095 4096
f 2666 4096 2665
f 2665 4096 2664
f 2664 4096 4097
f 2664 4097 2667
f 2667 4097 2670
f 2670 4097 4098
f 2670 4098 2669
f 4099 2671 4098
f 4098 2671 2668
f 4098 2668 2669
f 4100 4101 2675
f 2675 2672 4100
f 4100 2672 2673
f 4100 2673 4099
f 4099 2673 2674
f 4099 2674 2671
f 4102 4103 2679
f 2679 2678 4102
f 4102 2678 2677
f 4102 2677 4101
f 4101 2677 2676
f 4101 2676 2675
f 4104 4105 2683
f 2683 2682 4104
f 4104 2682 2681
f 4104 2681 4103
f 4103 2681 2680
f 4103 2680 2679
f 4106 4107 2687
f 2687 2686 4106
f 4106 2686 2685
f 4106 2685 4105
f 4105 2685 2684
f 4105 2684 2683
f 4108 4109 2691
f 2691 2690 4108
f 4108 2690 2689
f 4108 2689 4107
f 4107 2689 2688
f 4107 2688 2687
f 4110 4111 2695
f 2695 2694 4110
f 4110 2694 2693
f 4110 2693 4109
f 4109 2693 2692
f 4109 2692 2691
f 4112 4113 2699
f 2699 2698 4112
f 4112 2698 2697
f 4112 2697 4111
f 4111 2697 2696
f 4111 2696 2695
f 4114 4115 2703
f 2703 2702 4114
f 4114 2702 2701
f 4114 2701 4113
f 4113 2701 2700
f 4113 2700 2699
f 4116 4117 2707
f 2707 2706 4116
f 4116 2706 2705
f 4116 2705 4115
f 4115 2705 2704
f 4115 2704 2703
f 4118 4119 2711
f 2711 2710 4118
f 4118 2710 2709
f 4118 2709 4117
f 4117 2709 2708
f 4117 2708 2707
f 4120 4121 2715
f 2715 2714 4120
f 4120 2714 2713
f 4120 2713 4119
f 4119 2713 2712
f 4119 2712 2711
f 4122 4123 2719
f 2719 2718 4122
f 4122 2718 2717
f 4122 2717 4121
f 4121 2717 2716
f 4121 2716 2715
f 4124 4125 2723
f 2723 2722 4124
f 4124 2722 2721
f 4124 2721 4123
f 4123 2721 2720
f 4123 2720 2719
f 4126 4127 2727
f 2727 2726 4126
f 4126 2726 2725
f 4126 2725 4125
f 4125 2725 2724
f 4125 2724 2723
f 4128 4129 2731
f 2731 2730 4128
f 4128 2730 2729
f 4128 2729 4127
f 4127 2729 2728
f 4127 2728 2727
f 4130 4131 2735
f 2735 2734 4130
f 4130 2734 2733
f 4130 2733 4129
f 4129 2733 2732
f 4129 2732 2731
f 4132 4133 2739
f 2739 2738 4132
f 4132 2738 2737
f 4132 2737 4131
f 4131 2737 2736
f 4131 2736 2735
f 4134 4135 2743
f 2743 2742 4134
f 4134 2742 2741
f 4134 2741 4133
f 4133 2741 2740
f 4133 2740 2739
f 4136 4137 2747
f 2747 2746 4136
f 4136 2746 2745
f 4136 2745 4135
f 4135 2745 2744
f 4135 2744 2743
f 4138 4139 2751
f 2751 2750 4138
f 4138 2750 2749
f 4138 2749 4137
f 4137 2749 2748
f 4137 2748 2747
f 4140 4141 2755
f 2755 2754 4140
f 4140 2754 2753
f 4140 2753 4139
f 4139 2753 2752
f 4139 2752 2751
f 4142 4143 2759
f 2759 2758 4142
f 4142 2758 2757
f 4142 2757 4141
f 4141 2757 2756
f 4141 2756 2755
f 4144 4145 2763
f 2763 2762 4144
f 4144 2762 2761
f 4144 2761 4143
f 4143 2761 2760
f 4143 2760 2759
f 4146 4147 2767
f 2767 2766 4146
f 4146 2766 2765
f 4146 2765 4145
f 4145 2765 2764
f 4145 2764 2763
f 4148 4149 2771
f 2771 2770 4148
f 4148 2770 2769
f 4148 2769 4147
f 4147 2769 2768
f 4147 2768 2767
f 4150 4151 2775
f 2775 2774 4150
f 4150 2774 2773
f 4150 2773 4149
f 4149 2773 2772
f 4149 2772 2771
f 4152 4153 2779
f 2779 2778 4152
f 4152 2778 2777
f 4152 2777 4151
f 4151 2777 2776
f 4151 2776 2775
f 4154 4155 2783
f 2783 2782 4154
f 4154 2782 2781
f 4154 2781 4153
f 4153 2781 2780
f 4153 2780 2779
f 4156 4157 2787
f 2787 2786 4156
f 4156 2786 2785
f 4156 2785 4155
f 4155 2785 2784
f 4155 2784 2783
f 4158 4159 2791
f 2791 2790 4158
f 4158 2790 2789
f 4158 2789 4157
f 4157 2789 2788
f 4157 2788 2787
f 4160 4161 2795
f 2795 2794 4160
f 4160 2794 2793
f 4160 2793 4159
f 4159 2793 2792
f 4159 2792 2791
f 4162 4163 2799
f 2799 2798 4162
f 4162 2798 2797
f 4162 2797 4161
f 4161 2797 2796
f 4161 2796 2795
f 4164 4165 2803
f 2803 2802 4164
f 4164 2802 2801
f 4164 2801 4163
f 4163 2801 2800
f 4163 2800 2799
f 4166 4167 2807
f 2807 2806 4166
f 4166 2806 2805
f 4166 2805 4165
f 4165 2805 2804
f 4165 2804 2803
f 4168 4169 2811
f 2811 2810 4168
f 4168 2810 2809
f 4168 2809 4167
f 4167 2809 2808
f 4167 2808 2807
f 4170 4171 2815
f 2815 2814 4170
f 4170 2814 2813
f 4170 2813 4169
f 4169 2813 2812
f 4169 2812 2811
f 4172 4173 2819
f 2819 2818 4172
f 4172 2818 2817
f 4172 2817 4171
f 4171 2817 2816
f 4171 2816 2815
f 4174 4175 2823
f 2823 2822 4174
f 4174 2822 2821
f 4174 2821 4173
f 4173 2821 2820
f 4173 2820 2819
f 4176 4177 2827
f 2827 2826 4176
f 4176 2826 2825
f 4176 2825 4175
f 4175 2825 2824
f 4175 2824 2823
f 4178 4179 2831
f 2831 2830 4178
f 4178 2830 2829
f 4178 2829 4177
f 4177 2829 2828
f 4177 2828 2827
f 4180 4181 2835
f 2835 2834 4180
f 4180 2834 2833
f 4180 2833 4179
f 4179 2833 2832
f 4179 2832 2831
f 4182 4183 2839
f 2839 2838 4182
f 4182 2838 2837
f 4182 2837 4181
f 4181 2837 2836
f 4181 2836 2835
f 4184 4185 2843
f 2843 2842 4184
f 4184 2842 2841
f 4184 2841 4183
f 4183 2841 2840
f 4183 2840 2839
f 4186 4187 2847
f 2847 2846 4186
f 4186 2846 2845
f 4186 2845 4185
f 4185 2845 2844
f 4185 2844 2843
f 4188 4189 2851
f 2851 2850 4188
f 4188 2850 2849
f 4188 2849 4187
f 4187 2849 2848
f 4187 2848 2847
f 4190 4191 2855
f 2855 2854 4190
f 4190 2854 2853
f 4190 2853 4189
f 4189 2853 2852
f 4189 2852 2851
f 4192 4193 2859
f 2859 2858 4192
f 4192 2858 2857
f 4192 2857 4191
f 4191 2857 2856
f 4191 2856 2855
f 4194 4195 2863
f 2863 2862 4194
f 4194 2862 2861
f 4194 2861 4193
f 4193 2861 2860
f 4193 2860 2859
f 4196 4197 2867
f 2867 2866 4196
f 4196 2866 2865
f 4196 2865 4195
f 4195 2865 2864
f 4195 2864 2863
f 4198 4199 2871
f 2871 2870 4198
f 4198 2870 2869
f 4198 2869 4197
f 4197 2869 2868
f 4197 2868 2867
f 4200 4201 2875
f 2875 2874 4200
f 4200 2874 2873
f 4200 2873 4199
f 4199 2873 2872
f 4199 2872 2871
f 4202 4203 2879
f 2879 2878 4202
f 4202 2878 2877
f 4202 2877 4201
f 4201 2877 2876
f 4201 2876 2875
f 4204 4205 2883
f 2883 2882 4204
f 4204 2882 2881
f 4204 2881 4203
f 4203 2881 2880
f 4203 2880 2879
f 4206 4207 2887
f 2887 2886 4206
f 4206 2886 2885
f 4206 2885 4205
f 4205 2885 2884
f 4205 2884 2883
f 4208 4209 1697
f 1697 1696 4208
f 4208 1696 1695
f 4208 1695 4207
f 4207 1695 2888
f 4207 2888 2887
f 4210 4211 1704
f 1704 1702 4210
f 4210 1702 1700
f 4210 1700 4209
f 4209 1700 1699
f 4209 1699 1697
f 4212 4213 1711
f 1711 1709 4212
f 4212 1709 1707
f 4212 1707 4211
f 4211 1707 1706
f 4211 1706 1704
f 4214 4215 1719
f 1719 1716 4214
f 4214 1716 1715
f 4214 1715 4213
f 4213 1715 1713
f 4213 1713 1711
f 4216 4217 1725
f 1725 1723 4216
f 4216 1723 1722
f 4216 1722 4215
f 4215 1722 1720
f 4215 1720 1719
f 1655 1654 3791
f 3791 1654 1652
f 3791 1652 4217
f 4217 1652 1726
f 4217 1726 1725
f 3287 3840 3200
f 3200 3840 3839
f 3200 3839 3286
f 3286 3839 3838
f 3286 3838 3203
f 3203 3838 3837
f 3203 3837 3285
f 3285 3837 3836
f 3285 3836 3206
f 3206 3836 3835
f 3206 3835 3284
f 3284 3835 3834
f 3284 3834 3209
f 3209 3834 3833
f 3209 3833 3283
f 3283 3833 3832
f 3283 3832 3212
f 3212 3832 3831
f 3212 3831 3282
f 3282 3831 3830
f 3282 3830 3215
f 3215 3830 3829
f 3215 3829 3281
f 3281 3829 3828
f 3281 3828 3218
f 3218 3828 3827
f 3218 3827 3280
f 3280 3827 3826
f 3280 3826 3221
f 3221 3826 3825
f 3221 3825 3279
f 3279 3825 3824
f 3279 3824 3224
f 3224 3824 3823
f 3224 3823 3278
f 3278 3823 3822
f 3278 3822 3227
f 3227 3822 3821
f 3227 3821 3277
f 3277 3821 3820
f 3277 3820 3230
f 3230 3820 3819
f 3230 3819 3276
f 3276 3819 3818
f 3276 3818 3274
f 3274 3818 3817
f 3274 3817 3272
f 3272 3817 3816
f 3272 3816 3270
f 3270 3816 3815
f 3270 3815 3233
f 3233 3815 3814
f 3233 3814 3269
f 3269 3814 3813
f 3269 3813 3236
f 3236 3813 3812
f 3236 3812 3268
f 3268 3812 3811
f 3268 3811 3266
f 3266 3811 3810
f 3266 3810 3239
f 3239 3810 3809
f 3239 3809 3265
f 3265 3809 3808
f 3265 3808 3242
f 3242 3808 3807
f 3242 3807 3263
f 3263 3807 3806
f 3263 3806 3260
f 3260 3806 3805
f 3260 3805 3261
f 3261 3805 3804
f 3503 3968 3502
f 3502 3968 3967
f 3502 3967 3501
f 3501 3967 3966
f 3501 3966 3500
f 3500 3966 3965
f 3500 3965 3499
f 3499 3965 3964
f 3499 3964 3498
f 3498 3964 3963
f 3498 3963 3497
f 3497 3963 3962
f 3497 3962 3496
f 3496 3962 3961
f 3496 3961 3495
f 3495 3961 3960
f 3495 3960 3494
f 3494 3960 3959
f 3494 3959 3493
f 3493 3959 3958
f 3493 3958 3492
f 3492 3958 3957
f 3492 3957 3491
f 3491 3957 3956
f 3491 3956 3490
f 3490 3956 3955
f 3490 3955 3489
f 3489 3955 3954
f 3489 3954 3488
f 3488 3954 3953
f 3488 3953 3487
f 3487 3953 3952
f 3487 3952 3486
f 3486 3952 3951
f 3486 3951 3485
f 3485 3951 3950
f 3485 3950 3484
f 3484 3950 3949
f 3484 3949 3483
f 3483 3949 3948
f 3483 3948 3482
f 3482 3948 3947
f 3482 3947 3481
f 3481 3947 3946
f 3481 3946 3480
f 3480 3946 3945
f 3480 3945 3479
f 3479 3945 3944
f 3479 3944 3478
f 3478 3944 3943
f 3478 3943 3477
f 3477 3943 3942
f 3477 3942 3047
f 3047 3942 3941
f 3047 3941 3337
f 3337 3941 3940
f 3337 3940 3050
f 3050 3940 3939
f 3050 3939 3336
f 3336 3939 3938
f 3336 3938 3053
f 3053 3938 3937
f 3053 3937 3335
f 3335 3937 3936
f 3335 3936 3056
f 3056 3936 3935
f 3056 3935 3334
f 3334 3935 3934
f 3334 3934 3059
f 3059 3934 3933
f 3059 3933 3333
f 3333 3933 3932
f 3333 3932 3062
f 3062 3932 3931
f 3062 3931 3332
f 3332 3931 3930
f 3332 3930 3065
f 3065 3930 3929
f 3065 3929 3331
f 3331 3929 3928
f 3331 3928 3068
f 3068 3928 3927
f 3068 3927 3330
f 3330 3927 3926
f 3330 3926 3071
f 3071 3926 3925
f 3071 3925 3329
f 3329 3925 3924
f 3329 3924 3074
f 3074 3924 3923
f 3074 3923 3328
f 3328 3923 3922
f 3328 3922 3077
f 3077 3922 3921
f 3077 3921 3327
f 3327 3921 3920
f 3327 3920 3080
f 3080 3920 3919
f 3080 3919 3326
f 3326 3919 3918
f 3326 3918 3083
f 3083 3918 3917
f 3083 3917 3325
f 3325 3917 3916
f 3325 3916 3086
f 3086 3916 3915
f 3086 3915 3324
f 3324 3915 3914
f 3324 3914 3089
f 3089 3914 3913
f 3089 3913 3323
f 3323 3913 3912
f 3323 3912 3092
f 3092 3912 3911
f 3092 3911 3322
f 3322 3911 3910
f 3322 3910 3095
f 3095 3910 3909
f 3095 3909 3321
f 3321 3909 3908
f 3321 3908 3098
f 3098 3908 3907
f 3098 3907 3320
f 3320 3907 3906
f 3320 3906 3101
f 3101 3906 3905
f 3101 3905 3319
f 3319 3905 3904
f 3319 3904 3104
f 3104 3904 3903
f 3104 3903 3318
f 3318 3903 3902
f 3318 3902 3107
f 3107 3902 3901
f 3107 3901 3317
f 3317 3901 3900
f 3317 3900 3110
f 3110 3900 3899
f 3110 3899 3316
f 3316 3899 3898
f 3316 3898 3113
f 3113 3898 3897
f 3113 3897 3315
f 3315 3897 3896
f 3315 3896 3116
f 3116 3896 3895
f 3116 3895 3314
f 3314 3895 3894
f 3314 3894 3119
f 3119 3894 3893
f 3119 3893 3313
f 3313 3893 3892
f 3313 3892 3122
f 3122 3892 3891
f 3122 3891 3312
f 3312 3891 3890
f 3312 3890 3125
f 3125 3890 3889
f 3125 3889 3311
f 3311 3889 3888
f 3311 3888 3128
f 3128 3888 3887
f 3128 3887 3310
f 3310 3887 3886
f 3310 3886 3131
f 3131 3886 3885
f 3131 3885 3309
f 3309 3885 3884
f 3309 3884 3134
f 3134 3884 3883
f 3134 3883 3308
f 3308 3883 3882
f 3308 3882 3137
f 3137 3882 3881
f 3137 3881 3307
f 3307 3881 3880
f 3307 3880 3140
f 3140 3880 3879
f 3140 3879 3306
f 3306 3879 3878
f 3306 3878 3143
f 3143 3878 3877
f 3143 3877 3305
f 3305 3877 3876
f 3305 3876 3146
f 3146 3876 3875
f 3146 3875 3304
f 3304 3875 3874
f 3304 3874 3149
f 3149 3874 3873
f 3149 3873 3303
f 3303 3873 3872
f 3303 3872 3152
f 3152 3872 3871
f 3152 3871 3302
f 3302 3871 3870
f 3302 3870 3155
f 3155 3870 3869
f 3155 3869 3301
f 3301 3869 3868
f 3301 3868 3158
f 3158 3868 3867
f 3158 3867 3300
f 3300 3867 3866
f 3300 3866 3161
f 3161 3866 3865
f 3161 3865 3299
f 3299 3865 3864
f 3299 3864 3164
f 3164 3864 3863
f 3164 3863 3298
f 3298 3863 3862
f 3298 3862 3167
f 3167 3862 3861
f 3167 3861 3297
f 3297 3861 3860
f 3297 3860 3170
f 3170 3860 3859
f 3170 3859 3296
f 3296 3859 3858
f 3296 3858 3173
f 3173 3858 3857
f 3173 3857 3295
f 3295 3857 3856
f 3295 3856 3176
f 3176 3856 3855
f 3176 3855 3294
f 3294 3855 3854
f 3294 3854 3179
f 3179 3854 3853
f 3179 3853 3293
f 3293 3853 3852
f 3293 3852 3182
f 3182 3852 3851
f 3182 3851 3292
f 3292 3851 3850
f 3292 3850 3185
f 3185 3850 3849
f 3185 3849 3291
f 3291 3849 3848
f 3291 3848 3188
f 3188 3848 3847
f 3188 3847 3290
f 3290 3847 3846
f 3290 3846 3191
f 3191 3846 3845
f 3191 3845 3289
f 3289 3845 3844
f 3289 3844 3194
f 3194 3844 3843
f 3194 3843 3288
f 3288 3843 3842
f 3288 3842 3197
f 3197 3842 3841
f 3197 3841 3287
f 3287 3841 3840
f 3623 4096 3622
f 3622 4096 4095
f 3622 4095 3621
f 3621 4095 4094
f 3621 4094 3620
f 3620 4094 4093
f 3620 4093 3619
f 3619 4093 4092
f 3619 4092 3618
f 3618 4092 4091
f 3618 4091 3617
f 3617 4091 4090
f 3617 4090 3616
f 3616 4090 4089
f 3616 4089 3615
f 3615 4089 4088
f 3615 4088 3614
f 3614 4088 4087
f 3614 4087 3613
f 3613 4087 4086
f 3613 4086 3612
f 3612 4086 4085
f 3612 4085 3611
f 3611 4085 4084
f 3611 4084 3610
f 3610 4084 4083
f 3610 4083 3609
f 3609 4083 4082
f 3609 4082 3608
f 3608 4082 4081
f 3608 4081 3342
f 3342 4081 4080
f 3342 4080 3038
f 3038 4080 4079
f 3038 4079 3607
f 3607 4079 4078
f 3607 4078 3606
f 3606 4078 4077
f 3606 4077 3605
f 3605 4077 4076
f 3605 4076 3604
f 3604 4076 4075
f 3604 4075 3341
f 3341 4075 4074
f 3341 4074 3041
f 3041 4074 4073
f 3041 4073 3340
f 3340 4073 4072
f 3340 4072 3044
f 3044 4072 4071
f 3044 4071 3603
f 3603 4071 4070
f 3603 4070 3338
f 3338 4070 4069
f 3338 4069 3339
f 3339 4069 4068
f 3339 4068 3602
f 3602 4068 4067
f 3602 4067 3601
f 3601 4067 4066
f 3601 4066 3600
f 3600 4066 4065
f 3600 4065 3599
f 3599 4065 4064
f 3599 4064 3598
f 3598 4064 4063
f 3598 4063 3597
f 3597 4063 4062
f 3597 4062 3596
f 3596 4062 4061
f 3596 4061 3595
f 3595 4061 4060
f 3595 4060 3594
f 3594 4060 4059
f 3594 4059 3593
f 3593 4059 4058
f 3593 4058 3592
f 3592 4058 4057
f 3592 4057 3591
f 3591 4057 4056
f 3591 4056 3590
f 3590 4056 4055
f 3590 4055 3589
f 3589 4055 4054
f 3589 4054 3588
f 3588 4054 4053
f 3588 4053 3587
f 3587 4053 4052
f 3587 4052 3586
f 3586 4052 4051
f 3586 4051 3585
f 3585 4051 4050
f 3585 4050 3584
f 3584 4050 4049
f 3584 4049 3583
f 3583 4049 4048
f 3583 4048 3582
f 3582 4048 4047
f 3582 4047 3581
f 3581 4047 4046
f 3581 4046 3580
f 3580 4046 4045
f 3580 4045 3579
f 3579 4045 4044
f 3579 4044 3578
f 3578 4044 4043
f 3578 4043 3577
f 3577 4043 4042
f 3577 4042 3576
f 3576 4042 4041
f 3576 4041 3575
f 3575 4041 4040
f 3575 4040 3574
f 3574 4040 4039
f 3574 4039 3573
f 3573 4039 4038
f 3573 4038 3572
f 3572 4038 4037
f 3572 4037 3571
f 3571 4037 4036
f 3571 4036 3570
f 3570 4036 4035
f 3570 4035 3569
f 3569 4035 4034
f 3569 4034 3568
f 3568 4034 4033
f 3568 4033 3567
f 3567 4033 4032
f 3567 4032 3566
f 3566 4032 4031
f 3566 4031 3565
f 3565 4031 4030
f 3565 4030 3564
f 3564 4030 4029
f 3564 4029 3563
f 3563 4029 4028
f 3563 4028 3562
f 3562 4028 4027
f 3562 4027 3561
f 3561 4027 4026
f 3561 4026 3560
f 3560 4026 4025
f 3560 4025 3559
f 3559 4025 4024
f 3559 4024 3558
f 3558 4024 4023
f 3558 4023 3557
f 3557 4023 4022
f 3557 4022 3556
f 3556 4022 4021
f 3556 4021 3555
f 3555 4021 4020
f 3555 4020 3554
f 3554 4020 4019
f 3554 4019 3553
f 3553 4019 4018
f 3553 4018 3552
f 3552 4018 4017
f 3552 4017 3551
f 3551 4017 4016
f 3551 4016 3550
f 3550 4016 4015
f 3550 4015 3549
f 3549 4015 4014
f 3549 4014 3548
f 3548 4014 4013
f 3548 4013 3547
f 3547 4013 4012
f 3547 4012 3546
f 3546 4012 4011
f 3546 4011 3545
f 3545 4011 4010
f 3545 4010 3544
f 3544 4010 4009
f 3544 4009 3543
f 3543 4009 4008
f 3543 4008 3542
f 3542 4008 4007
f 3542 4007 3541
f 3541 4007 4006
f 3541 4006 3540
f 3540 4006 4005
f 3540 4005 3539
f 3539 4005 4004
f 3539 4004 3538
f 3538 4004 4003
f 3538 4003 3537
f 3537 4003 4002
f 3537 4002 3536
f 3536 4002 4001
f 3536 4001 3535
f 3535 4001 4000
f 3535 4000 3534
f 3534 4000 3999
f 3534 3999 3533
f 3533 3999 3998
f 3533 3998 3532
f 3532 3998 3997
f 3532 3997 3531
f 3531 3997 3996
f 3531 3996 3530
f 3530 3996 3995
f 3530 3995 3529
f 3529 3995 3994
f 3529 3994 3528
f 3528 3994 3993
f 3528 3993 3527
f 3527 3993 3992
f 3527 3992 3526
f 3526 3992 3991
f 3526 3991 3525
f 3525 3991 3990
f 3525 3990 3524
f 3524 3990 3989
f 3524 3989 3523
f 3523 3989 3988
f 3523 3988 3522
f 3522 3988 3987
f 3522 3987 3521
f 3521 3987 3986
f 3521 3986 3520
f 3520 3986 3985
f 3520 3985 3519
f 3519 3985 3984
f 3519 3984 3518
f 3518 3984 3983
f 3518 3983 3517
f 3517 3983 3982
f 3517 3982 3516
f 3516 3982 3981
f 3516 3981 3515
f 3515 3981 3980
f 3515 3980 3514
f 3514 3980 3979
f 3514 3979 3513
f 3513 3979 3978
f 3513 3978 3512
f 3512 3978 3977
f 3512 3977 3511
f 3511 3977 3976
f 3511 3976 3510
f 3510 3976 3975
f 3510 3975 3509
f 3509 3975 3974
f 3509 3974 3508
f 3508 3974 3973
f 3508 3973 3507
f 3507 3973 3972
f 3507 3972 3506
f 3506 3972 3971
f 3506 3971 3505
f 3505 3971 3970
f 3505 3970 3504
f 3504 3970 3969
f 3504 3969 3503
f 3503 3969 3968
f 3803 4218 3347
f 3347 4218 3799
f 3347 3799 3348
f 3348 3799 3794
f 3348 3794 3748
f 3748 3794 3793
f 3748 3793 3747
f 3747 3793 3787
f 3747 3787 3746
f 3746 3787 3788
f 3746 3788 3745
f 3745 3788 3791
f 3745 3791 3744
f 3744 3791 4217
f 3744 4217 3743
f 3743 4217 4216
f 3743 4216 3742
f 3742 4216 4215
f 3742 4215 3741
f 3741 4215 4214
f 3741 4214 3740
f 3740 4214 4213
f 3740 4213 3739
f 3739 4213 4212
f 3739 4212 3738
f 3738 4212 4211
f 3738 4211 3737
f 3737 4211 4210
f 3737 4210 3736
f 3736 4210 4209
f 3736 4209 3735
f 3735 4209 4208
f 3735 4208 3734
f 3734 4208 4207
f 3734 4207 3733
f 3733 4207 4206
f 3733 4206 3732
f 3732 4206 4205
f 3732 4205 3731
f 3731 4205 4204
f 3731 4204 3730
f 3730 4204 4203
f 3730 4203 3729
f 3729 4203 4202
f 3729 4202 3728
f 3728 4202 4201
f 3728 4201 3727
f 3727 4201 4200
f 3727 4200 3726
f 3726 4200 4199
f 3726 4199 3725
f 3725 4199 4198
f 3725 4198 3724
f 3724 4198 4197
f 3724 4197 3723
f 3723 4197 4196
f 3723 4196 3722
f 3722 4196 4195
f 3722 4195 3721
f 3721 4195 4194
f 3721 4194 3720
f 3720 4194 4193
f 3720 4193 3719
f 3719 4193 4192
f 3719 4192 3718
f 3718 4192 4191
f 3718 4191 3717
f 3717 4191 4190
f 3717 4190 3716
f 3716 4190 4189
f 3716 4189 3715
f 3715 4189 4188
f 3715 4188 3714
f 3714 4188 4187
f 3714 4187 3713
f 3713 4187 4186
f 3713 4186 3712
f 3712 4186 4185
f 3712 4185 3711
f 3711 4185 4184
f 3711 4184 3710
f 3710 4184 4183
f 3710 4183 3709
f 3709 4183 4182
f 3709 4182 3708
f 3708 4182 4181
f 3708 4181 3707
f 3707 4181 4180
f 3707 4180 3706
f 3706 4180 4179
f 3706 4179 3705
f 3705 4179 4178
f 3705 4178 3704
f 3704 4178 4177
f 3704 4177 3703
f 3703 4177 4176
f 3703 4176 3702
f 3702 4176 4175
f 3702 4175 3701
f 3701 4175 4174
f 3701 4174 3700
f 3700 4174 4173
f 3700 4173 3699
f 3699 4173 4172
f 3699 4172 3698
f 3698 4172 4171
f 3698 4171 3697
f 3697 4171 4170
f 3697 4170 3696
f 3696 4170 4169
f 3696 4169 3695
f 3695 4169 4168
f 3695 4168 3694
f 3694 4168 4167
f 3694 4167 3693
f 3693 4167 4166
f 3693 4166 3692
f 3692 4166 4165
f 3692 4165 3691
f 3691 4165 4164
f 3691 4164 3690
f 3690 4164 4163
f 3690 4163 3689
f 3689 4163 4162
f 3689 4162 3688
f 3688 4162 4161
f 3688 4161 3687
f 3687 4161 4160
f 3687 4160 3686
f 3686 4160 4159
f 3686 4159 3685
f 3685 4159 4158
f 3685 4158 3684
f 3684 4158 4157
f 3684 4157 3683
f 3683 4157 4156
f 3683 4156 3682
f 3682 4156 4155
f 3682 4155 3681
f 3681 4155 4154
f 3681 4154 3680
f 3680 4154 4153
f 3680 4153 3679
f 3679 4153 4152
f 3679 4152 3678
f 3678 4152 4151
f 3678 4151 3677
f 3677 4151 4150
f 3677 4150 3676
f 3676 4150 4149
f 3676 4149 3675
f 3675 4149 4148
f 3675 4148 3674
f 3674 4148 4147
f 3674 4147 3673
f 3673 4147 4146
f 3673 4146 3672
f 3672 4146 4145
f 3672 4145 3671
f 3671 4145 4144
f 3671 4144 3670
f 3670 4144 4143
f 3670 4143 3669
f 3669 4143 4142
f 3669 4142 3668
f 3668 4142 4141
f 3668 4141 3667
f 3667 4141 4140
f 3667 4140 3666
f 3666 4140 4139
f 3666 4139 3665
f 3665 4139 4138
f 3665 4138 3664
f 3664 4138 4137
f 3664 4137 3663
f 3663 4137 4136
f 3663 4136 3662
f 3662 4136 4135
f 3662 4135 3661
f 3661 4135 4134
f 3661 4134 3660
f 3660 4134 4133
f 3660 4133 3659
f 3659 4133 4132
f 3659 4132 3658
f 3658 4132 4131
f 3658 4131 3657
f 3657 4131 4130
f 3657 4130 3656
f 3656 4130 4129
f 3656 4129 3655
f 3655 4129 4128
f 3655 4128 3654
f 3654 4128 4127
f 3654 4127 3653
f 3653 4127 4126
f 3653 4126 3652
f 3652 4126 4125
f 3652 4125 3651
f 3651 4125 4124
f 3651 4124 3650
f 3650 4124 4123
f 3650 4123 3649
f 3649 4123 4122
f 3649 4122 3648
f 3648 4122 4121
f 3648 4121 3647
f 3647 4121 4120
f 3647 4120 3646
f 3646 4120 4119
f 3646 4119 3645
f 3645 4119 4118
f 3645 4118 3644
f 3644 4118 4117
f 3644 4117 3643
f 3643 4117 4116
f 3643 4116 3642
f 3642 4116 4115
f 3642 4115 3641
f 3641 4115 4114
f 3641 4114 3640
f 3640 4114 4113
f 3640 4113 3639
f 3639 4113 4112
f 3639 4112 3638
f 3638 4112 4111
f 3638 4111 3637
f 3637 4111 4110
f 3637 4110 3636
f 3636 4110 4109
f 3636 4109 3635
f 3635 4109 4108
f 3635 4108 3634
f 3634 4108 4107
f 3634 4107 3633
f 3633 4107 4106
f 3633 4106 3632
f 3632 4106 4105
f 3632 4105 3631
f 3631 4105 4104
f 3631 4104 3630
f 3630 4104 4103
f 3630 4103 3629
f 3629 4103 4102
f 3629 4102 3628
f 3628 4102 4101
f 3628 4101 3627
f 3627 4101 4100
f 3627 4100 3626
f 3626 4100 4099
f 3626 4099 3625
f 3625 4099 4098
f 3625 4098 3624
f 3624 4098 4097
f 3624 4097 3623
f 3623 4097 4096
f 4219 4220 4221
f 4222 4223 4224
f 4224 4223 4225
f 4225 4223 4226
f 4226 4223 4227
f 4226 4227 4228
f 4228 4227 4229
f 4229 4227 4230
f 4229 4230 4231
f 4231 4230 4232
f 4232 4230 4233
f 4232 4233 4234
f 4234 4233 4235
f 4235 4233 4236
f 4235 4236 4237
f 4237 4236 4238
f 4238 4236 4239
f 4238 4239 4240
f 4240 4239 4241
f 4241 4239 4242
f 4241 4242 4243
f 4243 4242 4244
f 4244 4242 4245
f 4244 4245 4246
f 4246 4245 4247
f 4247 4245 4248
f 4247 4248 4249
f 4249 4248 4250
f 4250 4248 4251
f 4250 4251 4252
f 4252 4251 4253
f 4253 4251 4254
f 4253 4254 4255
f 4255 4254 4256
f 4256 4254 4257
f 4256 4257 4220
f 4220 4257 4258
f 4220 4258 4221
f 4259 4260 4261
f 4261 4260 4262
f 4261 4262 4263
f 4261 4263 4264
f 4264 4263 4265
f 4264 4265 4266
f 4264 4266 4267
f 4267 4266 4268
f 4267 4268 4269
f 4269 4268 4270
f 4269 4270 4221
f 4221 4270 4271
f 4221 4271 4219
f 4272 4273 4274
f 4274 4273 4275
f 4274 4275 4276
f 4274 4276 4277
f 4277 4276 4278
f 4277 4278 4279
f 4279 4278 4280
f 4279 4280 4281
f 4281 4280 4282
f 4281 4282 4283
f 4283 4282 4284
f 4283 4284 4259
f 4259 4284 4285
f 4259 4285 4260
f 4286 4287 4288
f 4288 4287 4289
f 4288 4289 4290
f 4290 4289 4291
f 4290 4291 4292
f 4292 4291 4293
f 4292 4293 4294
f 4294 4293 4295
f 4294 4295 4296
f 4296 4295 4297
f 4296 4297 4298
f 4298 4297 4299
f 4298 4299 4272
f 4272 4299 4300
f 4272 4300 4273
f 4301 4302 4303
f 4303 4302 4304
f 4303 4304 4305
f 4305 4304 4306
f 4305 4306 4307
f 4307 4306 4308
f 4307 4308 4309
f 4309 4308 4310
f 4309 4310 4311
f 4311 4310 4312
f 4311 4312 4313
f 4313 4312 4314
f 4313 4314 4315
f 4315 4314 4316
f 4315 4316 4317
f 4317 4316 4318
f 4317 4318 4319
f 4319 4318 4320
f 4319 4320 4321
f 4321 4320 4322
f 4321 4322 4323
f 4323 4322 4324
f 4323 4324 4325
f 4325 4324 4326
f 4325 4326 4327
f 4327 4326 4328
f 4327 4328 4329
f 4329 4328 4330
f 4329 4330 4331
f 4331 4330 4332
f 4331 4332 4333
f 4333 4332 4334
f 4333 4334 4335
f 4335 4334 4336
f 4335 4336 4337
f 4337 4336 4338
f 4337 4338 4339
f 4339 4338 4340
f 4339 4340 4341
f 4341 4340 4342
f 4341 4342 4343
f 4343 4342 4344
f 4343 4344 4345
f 4345 4344 4346
f 4345 4346 4347
f 4347 4346 4348
f 4347 4348 4349
f 4349 4348 4350
f 4349 4350 4351
f 4351 4350 4352
f 4351 4352 4353
f 4353 4352 4354
f 4353 4354 4355
f 4355 4354 4356
f 4355 4356 4357
f 4357 4356 4358
f 4357 4358 4359
f 4359 4358 4360
f 4359 4360 4361
f 4361 4360 4362
f 4361 4362 4363
f 4363 4362 4364
f 4363 4364 4365
f 4365 4364 4366
f 4365 4366 4367
f 4367 4366 4368
f 4367 4368 4369
f 4369 4368 4370
f 4369 4370 4371
f 4371 4370 4372
f 4371 4372 4373
f 4373 4372 4374
f 4373 4374 4375
f 4375 4374 4376
f 4375 4376 4377
f 4377 4376 4378
f 4377 4378 4379
f 4379 4378 4380
f 4379 4380 4381
f 4381 4380 4382
f 4381 4382 4383
f 4383 4382 4384
f 4383 4384 4385
f 4385 4384 4386
f 4385 4386 4387
f 4387 4386 4388
f 4387 4388 4389
f 4387 4389 4286
f 4286 4389 4390
f 4286 4390 4287
f 4391 4392 4393
f 4393 4392 4394
f 4393 4394 4395
f 4395 4394 4396
f 4395 4396 4397
f 4397 4396 4398
f 4397 4398 4399
f 4399 4398 4400
f 4399 4400 4401
f 4401 4400 4402
f 4401 4402 4403
f 4403 4402 4404
f 4403 4404 4405
f 4405 4404 4406
f 4405 4406 4407
f 4407 4406 4408
f 4407 4408 4409
f 4409 4408 4410
f 4409 4410 4411
f 4411 4410 4412
f 4411 4412 4413
f 4413 4412 4414
f 4413 4414 4415
f 4415 4414 4416
f 4415 4416 4417
f 4417 4416 4418
f 4417 4418 4419
f 4419 4418 4420
f 4419 4420 4421
f 4421 4420 4422
f 4421 4422 4423
f 4423 4422 4424
f 4423 4424 4425
f 4425 4424 4426
f 4425 4426 4427
f 4427 4426 4428
f 4427 4428 4429
f 4429 4428 4430
f 4429 4430 4431
f 4431 4430 4432
f 4431 4432 4433
f 4433 4432 4434
f 4433 4434 4435
f 4435 4434 4436
f 4435 4436 4437
f 4437 4436 4438
f 4437 4438 4439
f 4439 4438 4440
f 4439 4440 4441
f 4441 4440 4442
f 4441 4442 4443
f 4443 4442 4444
f 4443 4444 4445
f 4445 4444 4446
f 4445 4446 4447
f 4447 4446 4448
f 4447 4448 4449
f 4449 4448 4450
f 4449 4450 4451
f 4451 4450 4452
f 4451 4452 4453
f 4453 4452 4454
f 4453 4454 4455
f 4455 4454 4456
f 4455 4456 4457
f 4457 4456 4458
f 4457 4458 4459
f 4459 4458 4460
f 4459 4460 4461
f 4461 4460 4462
f 4461 4462 4463
f 4463 4462 4464
f 4463 4464 4465
f 4465 4464 4466
f 4465 4466 4467
f 4467 4466 4468
f 4467 4468 4469
f 4469 4468 4470
f 4469 4470 4471
f 4471 4470 4472
f 4471 4472 4473
f 4473 4472 4474
f 4473 4474 4475
f 4475 4474 4476
f 4475 4476 4477
f 4477 4476 4478
f 4477 4478 4479
f 4479 4478 4480
f 4479 4480 4481
f 4481 4480 4482
f 4481 4482 4483
f 4483 4482 4484
f 4483 4484 4485
f 4485 4484 4486
f 4485 4486 4487
f 4487 4486 4488
f 4487 4488 4489
f 4489 4488 4490
f 4489 4490 4491
f 4491 4490 4492
f 4491 4492 4493
f 4493 4492 4494
f 4493 4494 4495
f 4495 4494 4496
f 4495 4496 4497
f 4497 4496 4498
f 4497 4498 4499
f 4499 4498 4500
f 4499 4500 4501
f 4501 4500 4502
f 4501 4502 4503
f 4503 4502 4504
f 4503 4504 4505
f 4505 4504 4506
f 4505 4506 4507
f 4507 4506 4508
f 4507 4508 4509
f 4509 4508 4510
f 4509 4510 4511
f 4511 4510 4512
f 4511 4512 4513
f 4513 4512 4514
f 4513 4514 4515
f 4515 4514 4516
f 4515 4516 4517
f 4517 4516 4518
f 4517 4518 4519
f 4519 4518 4520
f 4519 4520 4521
f 4521 4520 4522
f 4521 4522 4523
f 4523 4522 4524
f 4523 4524 4525
f 4525 4524 4526
f 4525 4526 4527
f 4527 4526 4528
f 4527 4528 4529
f 4529 4528 4530
f 4529 4530 4531
f 4531 4530 4532
f 4531 4532 4533
f 4533 4532 4534
f 4533 4534 4535
f 4535 4534 4536
f 4535 4536 4537
f 4537 4536 4538
f 4537 4538 4539
f 4539 4538 4540
f 4539 4540 4541
f 4541 4540 4542
f 4541 4542 4543
f 4543 4542 4544
f 4543 4544 4545
f 4545 4544 4546
f 4545 4546 4547
f 4547 4546 4548
f 4547 4548 4549
f 4549 4548 4550
f 4549 4550 4551
f 4551 4550 4552
f 4551 4552 4553
f 4553 4552 4554
f 4553 4554 4555
f 4555 4554 4556
f 4555 4556 4557
f 4557 4556 4558
f 4557 4558 4559
f 4559 4558 4560
f 4559 4560 4561
f 4561 4560 4562
f 4561 4562 4563
f 4563 4562 4564
f 4563 4564 4565
f 4565 4564 4566
f 4565 4566 4567
f 4567 4566 4568
f 4567 4568 4569
f 4569 4568 4570
f 4569 4570 4571
f 4571 4570 4572
f 4571 4572 4573
f 4573 4572 4574
f 4573 4574 4575
f 4575 4574 4576
f 4575 4576 4577
f 4577 4576 4578
f 4577 4578 4579
f 4579 4578 4580
f 4579 4580 4581
f 4581 4580 4582
f 4581 4582 4583
f 4583 4582 4584
f 4583 4584 4585
f 4585 4584 4586
f 4585 4586 4587
f 4587 4586 4588
f 4587 4588 4589
f 4589 4588 4590
f 4589 4590 4591
f 4591 4590 4592
f 4591 4592 4593
f 4593 4592 4594
f 4593 4594 4595
f 4595 4594 4596
f 4595 4596 4597
f 4597 4596 4598
f 4597 4598 4599
f 4599 4598 4600
f 4599 4600 4601
f 4601 4600 4602
f 4601 4602 4603
f 4603 4602 4604
f 4603 4604 4605
f 4605 4604 4606
f 4605 4606 4607
f 4607 4606 4608
f 4607 4608 4609
f 4609 4608 4610
f 4609 4610 4611
f 4611 4610 4612
f 4611 4612 4613
f 4613 4612 4614
f 4613 4614 4615
f 4615 4614 4616
f 4615 4616 4617
f 4617 4616 4618
f 4617 4618 4619
f 4619 4618 4620
f 4619 4620 4621
f 4621 4620 4622
f 4621 4622 4623
f 4623 4622 4624
f 4623 4624 4625
f 4625 4624 4626
f 4625 4626 4627
f 4627 4626 4628
f 4627 4628 4629
f 4629 4628 4630
f 4629 4630 4631
f 4631 4630 4632
f 4631 4632 4633
f 4633 4632 4634
f 4633 4634 4635
f 4635 4634 4636
f 4635 4636 4637
f 4637 4636 4638
f 4637 4638 4639
f 4639 4638 4640
f 4639 4640 4641
f 4641 4640 4642
f 4641 4642 4643
f 4643 4642 4644
f 4643 4644 4645
f 4645 4644 4646
f 4645 4646 4301
f 4301 4646 4302
f 4647 4648 4649
f 4649 4648 4650
f 4649 4650 4651
f 4651 4650 4652
f 4651 4652 4653
f 4653 4652 4654
f 4653 4654 4655
f 4655 4654 4656
f 4655 4656 4657
f 4657 4656 4658
f 4657 4658 4659
f 4659 4658 4660
f 4659 4660 4661
f 4661 4660 4662
f 4661 4662 4663
f 4663 4662 4664
f 4663 4664 4665
f 4665 4664 4666
f 4665 4666 4667
f 4667 4666 4668
f 4667 4668 4669
f 4669 4668 4670
f 4669 4670 4671
f 4671 4670 4672
f 4671 4672 4673
f 4673 4672 4674
f 4673 4674 4675
f 4675 4674 4676
f 4675 4676 4677
f 4677 4676 4678
f 4677 4678 4679
f 4679 4678 4680
f 4679 4680 4681
f 4681 4680 4682
f 4681 4682 4683
f 4683 4682 4684
f 4683 4684 4685
f 4685 4684 4686
f 4685 4686 4687
f 4687 4686 4688
f 4687 4688 4689
f 4689 4688 4690
f 4689 4690 4691
f 4691 4690 4692
f 4691 4692 4693
f 4693 4692 4694
f 4693 4694 4695
f 4695 4694 4696
f 4695 4696 4697
f 4697 4696 4698
f 4697 4698 4699
f 4699 4698 4700
f 4699 4700 4701
f 4701 4700 4702
f 4701 4702 4703
f 4703 4702 4704
f 4703 4704 4705
f 4705 4704 4706
f 4705 4706 4707
f 4707 4706 4708
f 4707 4708 4709
f 4709 4708 4710
f 4709 4710 4711
f 4711 4710 4712
f 4711 4712 4713
f 4713 4712 4714
f 4713 4714 4715
f 4715 4714 4716
f 4715 4716 4717
f 4717 4716 4718
f 4717 4718 4719
f 4719 4718 4720
f 4719 4720 4721
f 4721 4720 4722
f 4721 4722 4723
f 4723 4722 4724
f 4723 4724 4725
f 4725 4724 4726
f 4725 4726 4727
f 4727 4726 4728
f 4727 4728 4729
f 4729 4728 4730
f 4729 4730 4731
f 4731 4730 4732
f 4731 4732 4733
f 4733 4732 4734
f 4733 4734 4735
f 4735 4734 4736
f 4735 4736 4737
f 4737 4736 4738
f 4737 4738 4739
f 4739 4738 4740
f 4739 4740 4741
f 4741 4740 4742
f 4741 4742 4743
f 4743 4742 4744
f 4743 4744 4745
f 4745 4744 4746
f 4745 4746 4747
f 4747 4746 4748
f 4747 4748 4749
f 4749 4748 4750
f 4749 4750 4751
f 4751 4750 4752
f 4751 4752 4753
f 4753 4752 4754
f 4753 4754 4755
f 4755 4754 4756
f 4755 4756 4757
f 4757 4756 4758
f 4757 4758 4759
f 4759 4758 4760
f 4759 4760 4761
f 4761 4760 4762
f 4761 4762 4763
f 4763 4762 4764
f 4763 4764 4765
f 4765 4764 4766
f 4765 4766 4767
f 4767 4766 4768
f 4767 4768 4769
f 4769 4768 4770
f 4769 4770 4771
f 4771 4770 4772
f 4771 4772 4773
f 4773 4772 4774
f 4773 4774 4775
f 4775 4774 4776
f 4775 4776 4777
f 4777 4776 4778
f 4777 4778 4779
f 4779 4778 4780
f 4779 4780 4781
f 4781 4780 4782
f 4781 4782 4783
f 4783 4782 4784
f 4783 4784 4785
f 4785 4784 4786
f 4785 4786 4787
f 4787 4786 4788
f 4787 4788 4789
f 4789 4788 4790
f 4789 4790 4791
f 4791 4790 4792
f 4791 4792 4793
f 4793 4792 4794
f 4793 4794 4795
f 4795 4794 4796
f 4795 4796 4797
f 4797 4796 4798
f 4797 4798 4799
f 4799 4798 4800
f 4799 4800 4801
f 4801 4800 4802
f 4801 4802 4803
f 4803 4802 4804
f 4803 4804 4805
f 4805 4804 4806
f 4805 4806 4807
f 4807 4806 4808
f 4807 4808 4809
f 4809 4808 4810
f 4809 4810 4811
f 4811 4810 4812
f 4811 4812 4813
f 4813 4812 4814
f 4813 4814 4815
f 4815 4814 4816
f 4815 4816 4817
f 4817 4816 4818
f 4817 4818 4819
f 4819 4818 4820
f 4819 4820 4821
f 4821 4820 4822
f 4821 4822 4823
f 4823 4822 4824
f 4823 4824 4825
f 4825 4824 4826
f 4825 4826 4827
f 4827 4826 4828
f 4827 4828 4829
f 4829 4828 4830
f 4829 4830 4831
f 4831 4830 4832
f 4831 4832 4833
f 4833 4832 4834
f 4833 4834 4835
f 4835 4834 4836
f 4835 4836 4837
f 4837 4836 4838
f 4837 4838 4839
f 4839 4838 4840
f 4839 4840 4841
f 4841 4840 4842
f 4841 4842 4843
f 4843 4842 4844
f 4843 4844 4845
f 4845 4844 4846
f 4845 4846 4847
f 4847 4846 4848
f 4847 4848 4849
f 4849 4848 4850
f 4849 4850 4851
f 4851 4850 4852
f 4851 4852 4853
f 4853 4852 4854
f 4853 4854 4855
f 4855 4854 4856
f 4855 4856 4857
f 4857 4856 4858
f 4857 4858 4859
f 4859 4858 4860
f 4859 4860 4861
f 4861 4860 4862
f 4861 4862 4863
f 4863 4862 4864
f 4863 4864 4865
f 4865 4864 4866
f 4865 4866 4867
f 4867 4866 4868
f 4867 4868 4869
f 4869 4868 4870
f 4869 4870 4871
f 4871 4870 4872
f 4871 4872 4873
f 4873 4872 4874
f 4873 4874 4875
f 4875 4874 4876
f 4875 4876 4877
f 4877 4876 4878
f 4877 4878 4879
f 4879 4878 4880
f 4879 4880 4881
f 4881 4880 4882
f 4881 4882 4883
f 4883 4882 4884
f 4883 4884 4885
f 4885 4884 4886
f 4885 4886 4887
f 4887 4886 4888
f 4887 4888 4889
f 4889 4888 4890
f 4889 4890 4891
f 4891 4890 4892
f 4891 4892 4893
f 4893 4892 4894
f 4893 4894 4895
f 4895 4894 4896
f 4895 4896 4897
f 4897 4896 4898
f 4897 4898 4899
f 4899 4898 4900
f 4899 4900 4901
f 4901 4900 4902
f 4901 4902 4391
f 4391 4902 4392
f 4903 4904 4905
f 4905 4904 4906
f 4905 4906 4907
f 4908 4909 4906
f 4906 4909 4910
f 4906 4910 4907
f 4911 4912 4913
f 4913 4912 4914
f 4913 4914 4915
f 4915 4914 4916
f 4915 4916 4917
f 4917 4916 4918
f 4917 4918 4919
f 4919 4918 4920
f 4919 4920 4921
f 4921 4920 4922
f 4921 4922 4923
f 4923 4922 4924
f 4923 4924 4925
f 4925 4924 4926
f 4925 4926 4927
f 4927 4926 4928
f 4927 4928 4929
f 4929 4928 4930
f 4929 4930 4931
f 4931 4930 4932
f 4931 4932 4933
f 4933 4932 4934
f 4933 4934 4935
f 4935 4934 4936
f 4935 4936 4937
f 4937 4936 4938
f 4937 4938 4939
f 4939 4938 4940
f 4939 4940 4941
f 4941 4940 4942
f 4941 4942 4943
f 4943 4942 4944
f 4943 4944 4945
f 4945 4944 4946
f 4945 4946 4947
f 4947 4946 4948
f 4947 4948 4949
f 4949 4948 4950
f 4949 4950 4951
f 4951 4950 4952
f 4951 4952 4953
f 4953 4952 4954
f 4953 4954 4955
f 4955 4954 4956
f 4955 4956 4957
f 4957 4956 4958
f 4957 4958 4959
f 4959 4958 4960
f 4959 4960 4961
f 4961 4960 4962
f 4961 4962 4963
f 4963 4962 4964
f 4963 4964 4965
f 4965 4964 4966
f 4965 4966 4967
f 4967 4966 4968
f 4967 4968 4969
f 4969 4968 4970
f 4969 4970 4971
f 4971 4970 4972
f 4971 4972 4973
f 4973 4972 4974
f 4973 4974 4975
f 4975 4974 4976
f 4975 4976 4977
f 4977 4976 4978
f 4977 4978 4979
f 4979 4978 4980
f 4979 4980 4981
f 4981 4980 4982
f 4981 4982 4983
f 4983 4982 4984
f 4983 4984 4985
f 4985 4984 4986
f 4985 4986 4987
f 4987 4986 4988
f 4987 4988 4989
f 4989 4988 4990
f 4989 4990 4991
f 4991 4990 4992
f 4991 4992 4993
f 4993 4992 4994
f 4993 4994 4995
f 4995 4994 4996
f 4995 4996 4997
f 4997 4996 4998
f 4997 4998 4999
f 4999 4998 5000
f 4999 5000 5001
f 5001 5000 5002
f 5001 5002 5003
f 5003 5002 5004
f 5003 5004 5005
f 5005 5004 5006
f 5005 5006 5007
f 5007 5006 5008
f 5007 5008 5009
f 5009 5008 5010
f 5009 5010 5011
f 5011 5010 5012
f 5011 5012 5013
f 5013 5012 5014
f 5013 5014 5015
f 5015 5014 5016
f 5015 5016 5017
f 5017 5016 5018
f 5017 5018 5019
f 5019 5018 5020
f 5019 5020 5021
f 5021 5020 5022
f 5021 5022 5023
f 5023 5022 5024
f 5023 5024 5025
f 5025 5024 5026
f 5025 5026 5027
f 5027 5026 5028
f 5027 5028 5029
f 5029 5028 5030
f 5029 5030 5031
f 5031 5030 5032
f 5031 5032 5033
f 5033 5032 5034
f 5033 5034 5035
f 5035 5034 5036
f 5035 5036 5037
f 5037 5036 5038
f 5037 5038 5039
f 5039 5038 5040
f 5039 5040 5041
f 5041 5040 5042
f 5041 5042 5043
f 5043 5042 5044
f 5043 5044 5045
f 5045 5044 5046
f 5045 5046 5047
f 5047 5046 5048
f 5047 5048 5049
f 5049 5048 5050
f 5049 5050 5051
f 5051 5050 5052
f 5051 5052 5053
f 5053 5052 5054
f 5053 5054 5055
f 5055 5054 5056
f 5055 5056 5057
f 5057 5056 5058
f 5057 5058 5059
f 5059 5058 5060
f 5059 5060 5061
f 5061 5060 5062
f 5061 5062 5063
f 5063 5062 5064
f 5063 5064 5065
f 5065 5064 5066
f 5065 5066 5067
f 5067 5066 5068
f 5067 5068 5069
f 5069 5068 5070
f 5069 5070 5071
f 5071 5070 5072
f 5071 5072 5073
f 5073 5072 5074
f 5073 5074 5075
f 5075 5074 5076
f 5075 5076 5077
f 5077 5076 5078
f 5077 5078 5079
f 5079 5078 5080
f 5079 5080 5081
f 5081 5080 5082
f 5081 5082 5083
f 5083 5082 5084
f 5083 5084 5085
f 5085 5084 5086
f 5085 5086 5087
f 5087 5086 5088
f 5087 5088 5089
f 5089 5088 5090
f 5089 5090 5091
f 5091 5090 5092
f 5091 5092 5093
f 5093 5092 5094
f 5093 5094 5095
f 5095 5094 5096
f 5095 5096 5097
f 5097 5096 5098
f 5097 5098 5099
f 5099 5098 5100
f 5099 5100 5101
f 5101 5100 5102
f 5101 5102 5103
f 5103 5102 5104
f 5103 5104 5105
f 5105 5104 5106
f 5105 5106 5107
f 5107 5106 5108
f 5107 5108 5109
f 5109 5108 5110
f 5109 5110 5111
f 5111 5110 5112
f 5111 5112 5113
f 5113 5112 5114
f 5113 5114 5115
f 5115 5114 5116
f 5115 5116 5117
f 5117 5116 5118
f 5117 5118 5119
f 5119 5118 5120
f 5119 5120 5121
f 5121 5120 5122
f 5121 5122 5123
f 5123 5122 5124
f 5123 5124 5125
f 5125 5124 5126
f 5125 5126 5127
f 5127 5126 5128
f 5127 5128 5129
f 5129 5128 5130
f 5129 5130 5131
f 5131 5130 5132
f 5131 5132 5133
f 5133 5132 5134
f 5133 5134 5135
f 5135 5134 5136
f 5135 5136 5137
f 5137 5136 5138
f 5137 5138 5139
f 5139 5138 5140
f 5139 5140 5141
f 5141 5140 5142
f 5141 5142 5143
f 5143 5142 5144
f 5143 5144 5145
f 5145 5144 5146
f 5145 5146 5147
f 5147 5146 5148
f 5147 5148 5149
f 5149 5148 5150
f 5149 5150 5151
f 5151 5150 5152
f 5151 5152 5153
f 5153 5152 5154
f 5153 5154 5155
f 5155 5154 5156
f 5155 5156 5157
f 5157 5156 5158
f 5157 5158 5159
f 5159 5158 5160
f 5159 5160 5161
f 5161 5160 5162
f 5161 5162 5163
f 5163 5162 5164
f 5163 5164 5165
f 5165 5164 5166
f 5165 5166 4647
f 4647 5166 4648
f 4913 5167 4911
f 4911 5167 5168
f 4911 5168 4908
f 4908 5168 5169
f 4908 5169 4909
f 5170 5171 4258
f 4258 5171 5172
f 5172 5173 4258
f 4258 5173 5174
f 4258 5174 4221
f 5175 5176 5177
f 5178 5179 5180
f 5181 5182 5183
f 5184 5185 5186
f 5187 5188 5189
f 5190 5191 5192
f 5193 5194 5195
f 5196 5197 5198
f 5199 5200 5201
f 5202 5203 5204
f 5205 5206 5207
f 5208 5209 5210
f 5211 5212 5213
f 5214 5215 5216
f 5217 5218 5219
f 5220 5221 5222
f 5223 5224 5225
f 5226 5227 5228
f 5229 5230 5231
f 5232 5233 5234
f 5235 5236 5237
f 5238 5239 5240
f 5241 5242 5243
f 5244 5245 5246
f 5247 5248 5249
f 5250 5251 5252
f 5253 5254 5255
f 5256 5257 5258
f 5259 5260 5261
f 5262 5263 5264
f 5265 5266 5267
f 5268 5269 5270
f 5271 5272 5273
f 5274 5275 5276
f 5277 5278 5279
f 5280 5281 5282
f 5283 5284 5285
f 5286 5287 5288
f 5289 5290 5291
f 5292 5293 5294
f 5295 5296 5297
f 5298 5299 5300
f 5301 5302 5303
f 5304 5305 5306
f 5307 5308 5309
f 5310 5311 5312
f 5313 5314 5315
f 5316 5317 5318
f 5319 5320 5321
f 5322 5323 5324
f 5325 5326 5327
f 5328 5329 5330
f 5331 5332 5333
f 5334 5335 5336
f 5337 5338 5339
f 5340 5341 5342
f 5343 5344 5345
f 5346 5347 5348
f 5349 5350 5351
f 5352 5353 5354
f 5355 5356 5357
f 5358 5359 5360
f 5361 5362 5363
f 5364 5365 5366
f 5367 5368 5369
f 5370 5371 5372
f 5373 5374 5375
f 5376 5377 5378
f 5379 5380 5381
f 5382 5383 5384
f 5385 5386 5387
f 5388 5389 5390
f 5391 5392 5393
f 5394 5395 5396
f 5397 5398 5399
f 5400 5401 5402
f 5403 5404 5405
f 5406 5407 5408
f 5409 5410 5411
f 5412 5413 5414
f 5415 5416 5417
f 5418 5419 5420
f 5421 5422 5423
f 5424 5425 5426
f 5427 5428 5429
f 5430 5431 5432
f 5433 5434 5435
f 5436 5437 5438
f 5439 5440 5441
f 5442 5443 5444
f 5445 5446 5447
f 5448 5449 5450
f 5451 5452 5453
f 5454 5455 5456
f 5457 5458 5459
f 5460 5461 5462
f 5463 5464 5465
f 5466 5467 5468
f 5469 5470 5471
f 5472 5473 5474
f 5475 5476 5477
f 5478 5479 5480
f 5481 5482 5483
f 5484 5485 5486
f 5487 5488 5489
f 5490 5491 5492
f 5493 5494 5495
f 5496 5497 5498
f 5499 5500 5501
f 5502 5503 5504
f 5505 5506 5507
f 5508 5509 5510
f 5511 5512 5513
f 5514 5515 5516
f 5517 5518 5519
f 5520 5521 5522
f 5523 5524 5525
f 5526 5527 5528
f 5529 5530 5531
f 5532 5533 5534
f 5535 5536 5537
f 5536 5535 5538
f 5538 5535 5539
f 5538 5539 5540
f 5541 5542 5537
f 5537 5542 5543
f 5537 5543 5535
f 5544 5545 5541
f 5541 5545 5546
f 5541 5546 5542
f 5547 5548 5549
f 5549 5548 5550
f 5549 5550 5534
f 5534 5550 5551
f 5534 5551 5532
f 5552 4914 5547
f 5547 4914 5553
f 5547 5553 5548
f 4224 5554 4222
f 4222 5554 5555
f 4222 5555 5556
f 5556 5555 5557
f 5556 5557 5558
f 5558 5557 5559
f 5558 5559 5560
f 5560 5559 5561
f 5561 5559 5562
f 5561 5562 5563
f 5563 5562 5564
f 5563 5564 5565
f 5565 5564 5566
f 5565 5566 5567
f 5567 5566 5568
f 5568 5566 5569
f 5568 5569 5570
f 5570 5569 5571
f 5570 5571 5572
f 5572 5571 5573
f 5572 5573 5574
f 5574 5573 5575
f 5574 5575 5576
f 5576 5575 5577
f 5577 5575 5578
f 5577 5578 5579
f 5579 5578 5580
f 5579 5580 5581
f 5582 5583 5584
f 5584 5585 5582
f 5582 5585 5586
f 5582 5586 5580
f 5580 5586 5587
f 5580 5587 5581
f 5529 5588 5589
f 5589 5588 5590
f 5589 5590 5583
f 5583 5590 5591
f 5583 5591 5584
f 5529 5531 5592
f 5592 5531 5593
f 5592 5593 5594
f 5594 5593 5595
f 5594 5595 5596
f 5596 5595 5597
f 5596 5597 5598
f 5598 5597 5599
f 5599 5597 5600
f 5599 5600 5601
f 5601 5600 5602
f 5601 5602 5603
f 5603 5602 5604
f 5604 5602 5605
f 5604 5605 5606
f 5606 5605 5171
f 5606 5171 5170
f 5530 5529 5607
f 5607 5529 5589
f 5607 5589 5608
f 5608 5589 5583
f 5608 5583 5609
f 5609 5583 5582
f 5609 5582 5610
f 5610 5582 5580
f 5610 5580 5611
f 5611 5580 5578
f 5611 5578 5612
f 5612 5578 5575
f 5612 5575 5613
f 5613 5575 5573
f 5613 5573 5614
f 5614 5573 5571
f 5614 5571 5615
f 5615 5571 5569
f 5615 5569 5616
f 5616 5569 5566
f 5616 5566 5617
f 5617 5566 5564
f 5617 5564 5618
f 5618 5564 5562
f 5618 5562 5619
f 5619 5562 5559
f 5619 5559 5620
f 5620 5559 5557
f 5620 5557 5621
f 5621 5557 5555
f 5621 5555 5622
f 5622 5555 5554
f 5622 5554 5623
f 5528 5527 5624
f 5525 5524 5625
f 5522 5521 5626
f 5519 5518 5627
f 5516 5515 5628
f 5513 5512 5629
f 5510 5509 5630
f 5507 5506 5631
f 5504 5503 5632
f 5501 5500 5633
f 5498 5497 5634
f 5495 5494 5635
f 5492 5491 5636
f 5489 5488 5637
f 5486 5485 5638
f 5483 5482 5639
f 5480 5479 5640
f 5477 5476 5641
f 5474 5473 5642
f 5471 5470 5643
f 5468 5467 5644
f 5465 5464 5645
f 5462 5461 5646
f 5459 5458 5647
f 5456 5455 5648
f 5453 5452 5649
f 5450 5449 5650
f 5447 5446 5651
f 5444 5443 5652
f 5441 5440 5653
f 5438 5437 5654
f 5435 5434 5655
f 5432 5431 5656
f 5429 5428 5657
f 5426 5425 5658
f 5423 5422 5659
f 5420 5419 5660
f 5417 5416 5661
f 5414 5413 5662
f 5411 5410 5663
f 5408 5407 5664
f 5405 5404 5665
f 5402 5401 5666
f 5399 5398 5667
f 5396 5395 5668
f 5393 5392 5669
f 5390 5389 5670
f 5387 5386 5671
f 5384 5383 5672
f 5381 5380 5673
f 5378 5377 5674
f 5375 5374 5675
f 5372 5371 5676
f 5369 5368 5677
f 5366 5365 5678
f 5363 5362 5679
f 5360 5359 5680
f 5357 5356 5681
f 5354 5353 5682
f 5351 5350 5683
f 5348 5347 5684
f 5345 5344 5685
f 5342 5341 5686
f 5339 5338 5687
f 5336 5335 5688
f 5333 5332 5689
f 5330 5329 5690
f 5327 5326 5691
f 5324 5323 5692
f 5321 5320 5693
f 5318 5317 5694
f 5315 5314 5695
f 5312 5311 5696
f 5309 5308 5697
f 5306 5305 5698
f 5303 5302 5699
f 5300 5299 5700
f 5297 5296 5701
f 5294 5293 5702
f 5291 5290 5703
f 5288 5287 5704
f 5285 5284 5705
f 5282 5281 5706
f 5279 5278 5707
f 5276 5275 5708
f 5273 5272 5709
f 5270 5269 5710
f 5267 5266 5711
f 5264 5263 5712
f 5261 5260 5713
f 5258 5257 5714
f 5255 5254 5715
f 5252 5251 5716
f 5249 5248 5717
f 5246 5245 5718
f 5243 5242 5719
f 5240 5239 5720
f 5237 5236 5721
f 5234 5233 5722
f 5231 5230 5723
f 5228 5227 5724
f 5225 5224 5725
f 5222 5221 5726
f 5219 5218 5727
f 5216 5215 5728
f 5213 5212 5729
f 5210 5209 5730
f 5207 5206 5731
f 5204 5203 5732
f 5201 5200 5733
f 5198 5197 5734
f 5195 5194 5735
f 5192 5191 5736
f 5189 5188 5737
f 5186 5185 5738
f 5183 5182 5739
f 5180 5179 5740
f 5177 5176 5741
f 5532 5545 5533
f 5533 5545 5544
f 5533 5544 5534
f 5534 5544 5742
f 5534 5742 5549
f 5549 5742 5743
f 5549 5743 5547
f 5547 5743 5744
f 5547 5744 5552
f 5552 5744 5745
f 5552 5745 5746
f 4224 4225 5554
f 5554 4225 5526
f 5554 5526 5623
f 5623 5526 5528
f 4229 5527 4228
f 4228 5527 5526
f 4228 5526 4226
f 4226 5526 4225
f 4229 4231 5527
f 5527 4231 5523
f 5527 5523 5624
f 5624 5523 5525
f 4235 5524 4234
f 4234 5524 5523
f 4234 5523 4232
f 4232 5523 4231
f 4235 4237 5524
f 5524 4237 5520
f 5524 5520 5625
f 5625 5520 5522
f 4241 5521 4240
f 4240 5521 5520
f 4240 5520 4238
f 4238 5520 4237
f 4241 4243 5521
f 5521 4243 5517
f 5521 5517 5626
f 5626 5517 5519
f 4247 5518 4246
f 4246 5518 5517
f 4246 5517 4244
f 4244 5517 4243
f 4247 4249 5518
f 5518 4249 5514
f 5518 5514 5627
f 5627 5514 5516
f 4253 5515 4252
f 4252 5515 5514
f 4252 5514 4250
f 4250 5514 4249
f 4253 4255 5515
f 5515 4255 5511
f 5515 5511 5628
f 5628 5511 5513
f 4219 5512 4220
f 4220 5512 5511
f 4220 5511 4256
f 4256 5511 4255
f 4219 4271 5512
f 5512 4271 5508
f 5512 5508 5629
f 5629 5508 5510
f 4266 5509 4268
f 4268 5509 5508
f 4268 5508 4270
f 4270 5508 4271
f 4266 4265 5509
f 5509 4265 5505
f 5509 5505 5630
f 5630 5505 5507
f 4260 5506 4262
f 4262 5506 5505
f 4262 5505 4263
f 4263 5505 4265
f 4260 4285 5506
f 5506 4285 5502
f 5506 5502 5631
f 5631 5502 5504
f 4280 5503 4282
f 4282 5503 5502
f 4282 5502 4284
f 4284 5502 4285
f 4280 4278 5503
f 5503 4278 5499
f 5503 5499 5632
f 5632 5499 5501
f 4273 5500 4275
f 4275 5500 5499
f 4275 5499 4276
f 4276 5499 4278
f 4273 4300 5500
f 5500 4300 5496
f 5500 5496 5633
f 5633 5496 5498
f 4295 5497 4297
f 4297 5497 5496
f 4297 5496 4299
f 4299 5496 4300
f 4295 4293 5497
f 5497 4293 5493
f 5497 5493 5634
f 5634 5493 5495
f 4287 5494 4289
f 4289 5494 5493
f 4289 5493 4291
f 4291 5493 4293
f 4287 4390 5494
f 5494 4390 5490
f 5494 5490 5635
f 5635 5490 5492
f 4386 5491 4388
f 4388 5491 5490
f 4388 5490 4389
f 4389 5490 4390
f 4386 4384 5491
f 5491 4384 5487
f 5491 5487 5636
f 5636 5487 5489
f 4378 5488 4380
f 4380 5488 5487
f 4380 5487 4382
f 4382 5487 4384
f 4378 4376 5488
f 5488 4376 5484
f 5488 5484 5637
f 5637 5484 5486
f 4370 5485 4372
f 4372 5485 5484
f 4372 5484 4374
f 4374 5484 4376
f 4370 4368 5485
f 5485 4368 5481
f 5485 5481 5638
f 5638 5481 5483
f 4362 5482 4364
f 4364 5482 5481
f 4364 5481 4366
f 4366 5481 4368
f 4362 4360 5482
f 5482 4360 5478
f 5482 5478 5639
f 5639 5478 5480
f 4354 5479 4356
f 4356 5479 5478
f 4356 5478 4358
f 4358 5478 4360
f 4354 4352 5479
f 5479 4352 5475
f 5479 5475 5640
f 5640 5475 5477
f 4346 5476 4348
f 4348 5476 5475
f 4348 5475 4350
f 4350 5475 4352
f 4346 4344 5476
f 5476 4344 5472
f 5476 5472 5641
f 5641 5472 5474
f 4338 5473 4340
f 4340 5473 5472
f 4340 5472 4342
f 4342 5472 4344
f 4338 4336 5473
f 5473 4336 5469
f 5473 5469 5642
f 5642 5469 5471
f 4330 5470 4332
f 4332 5470 5469
f 4332 5469 4334
f 4334 5469 4336
f 4330 4328 5470
f 5470 4328 5466
f 5470 5466 5643
f 5643 5466 5468
f 4322 5467 4324
f 4324 5467 5466
f 4324 5466 4326
f 4326 5466 4328
f 4322 4320 5467
f 5467 4320 5463
f 5467 5463 5644
f 5644 5463 5465
f 4314 5464 4316
f 4316 5464 5463
f 4316 5463 4318
f 4318 5463 4320
f 4314 4312 5464
f 5464 4312 5460
f 5464 5460 5645
f 5645 5460 5462
f 4306 5461 4308
f 4308 5461 5460
f 4308 5460 4310
f 4310 5460 4312
f 4306 4304 5461
f 5461 4304 5457
f 5461 5457 5646
f 5646 5457 5459
f 4644 5458 4646
f 4646 5458 5457
f 4646 5457 4302
f 4302 5457 4304
f 4644 4642 5458
f 5458 4642 5454
f 5458 5454 5647
f 5647 5454 5456
f 4636 5455 4638
f 4638 5455 5454
f 4638 5454 4640
f 4640 5454 4642
f 4636 4634 5455
f 5455 4634 5451
f 5455 5451 5648
f 5648 5451 5453
f 4628 5452 4630
f 4630 5452 5451
f 4630 5451 4632
f 4632 5451 4634
f 4628 4626 5452
f 5452 4626 5448
f 5452 5448 5649
f 5649 5448 5450
f 4620 5449 4622
f 4622 5449 5448
f 4622 5448 4624
f 4624 5448 4626
f 4620 4618 5449
f 5449 4618 5445
f 5449 5445 5650
f 5650 5445 5447
f 4612 5446 4614
f 4614 5446 5445
f 4614 5445 4616
f 4616 5445 4618
f 4612 4610 5446
f 5446 4610 5442
f 5446 5442 5651
f 5651 5442 5444
f 4604 5443 4606
f 4606 5443 5442
f 4606 5442 4608
f 4608 5442 4610
f 4604 4602 5443
f 5443 4602 5439
f 5443 5439 5652
f 5652 5439 5441
f 4596 5440 4598
f 4598 5440 5439
f 4598 5439 4600
f 4600 5439 4602
f 4596 4594 5440
f 5440 4594 5436
f 5440 5436 5653
f 5653 5436 5438
f 4588 5437 4590
f 4590 5437 5436
f 4590 5436 4592
f 4592 5436 4594
f 4588 4586 5437
f 5437 4586 5433
f 5437 5433 5654
f 5654 5433 5435
f 4580 5434 4582
f 4582 5434 5433
f 4582 5433 4584
f 4584 5433 4586
f 4580 4578 5434
f 5434 4578 5430
f 5434 5430 5655
f 5655 5430 5432
f 4572 5431 4574
f 4574 5431 5430
f 4574 5430 4576
f 4576 5430 4578
f 4572 4570 5431
f 5431 4570 5427
f 5431 5427 5656
f 5656 5427 5429
f 4564 5428 4566
f 4566 5428 5427
f 4566 5427 4568
f 4568 5427 4570
f 4564 4562 5428
f 5428 4562 5424
f 5428 5424 5657
f 5657 5424 5426
f 4556 5425 4558
f 4558 5425 5424
f 4558 5424 4560
f 4560 5424 4562
f 4556 4554 5425
f 5425 4554 5421
f 5425 5421 5658
f 5658 5421 5423
f 4548 5422 4550
f 4550 5422 5421
f 4550 5421 4552
f 4552 5421 4554
f 4548 4546 5422
f 5422 4546 5418
f 5422 5418 5659
f 5659 5418 5420
f 4540 5419 4542
f 4542 5419 5418
f 4542 5418 4544
f 4544 5418 4546
f 4540 4538 5419
f 5419 4538 5415
f 5419 5415 5660
f 5660 5415 5417
f 4532 5416 4534
f 4534 5416 5415
f 4534 5415 4536
f 4536 5415 4538
f 4532 4530 5416
f 5416 4530 5412
f 5416 5412 5661
f 5661 5412 5414
f 4524 5413 4526
f 4526 5413 5412
f 4526 5412 4528
f 4528 5412 4530
f 4524 4522 5413
f 5413 4522 5409
f 5413 5409 5662
f 5662 5409 5411
f 4516 5410 4518
f 4518 5410 5409
f 4518 5409 4520
f 4520 5409 4522
f 4516 4514 5410
f 5410 4514 5406
f 5410 5406 5663
f 5663 5406 5408
f 4508 5407 4510
f 4510 5407 5406
f 4510 5406 4512
f 4512 5406 4514
f 4508 4506 5407
f 5407 4506 5403
f 5407 5403 5664
f 5664 5403 5405
f 4500 5404 4502
f 4502 5404 5403
f 4502 5403 4504
f 4504 5403 4506
f 4500 4498 5404
f 5404 4498 5400
f 5404 5400 5665
f 5665 5400 5402
f 4492 5401 4494
f 4494 5401 5400
f 4494 5400 4496
f 4496 5400 4498
f 4492 4490 5401
f 5401 4490 5397
f 5401 5397 5666
f 5666 5397 5399
f 4484 5398 4486
f 4486 5398 5397
f 4486 5397 4488
f 4488 5397 4490
f 4484 4482 5398
f 5398 4482 5394
f 5398 5394 5667
f 5667 5394 5396
f 4476 5395 4478
f 4478 5395 5394
f 4478 5394 4480
f 4480 5394 4482
f 4476 4474 5395
f 5395 4474 5391
f 5395 5391 5668
f 5668 5391 5393
f 4468 5392 4470
f 4470 5392 5391
f 4470 5391 4472
f 4472 5391 4474
f 4468 4466 5392
f 5392 4466 5388
f 5392 5388 5669
f 5669 5388 5390
f 4460 5389 4462
f 4462 5389 5388
f 4462 5388 4464
f 4464 5388 4466
f 4460 4458 5389
f 5389 4458 5385
f 5389 5385 5670
f 5670 5385 5387
f 4452 5386 4454
f 4454 5386 5385
f 4454 5385 4456
f 4456 5385 4458
f 4452 4450 5386
f 5386 4450 5382
f 5386 5382 5671
f 5671 5382 5384
f 4444 5383 4446
f 4446 5383 5382
f 4446 5382 4448
f 4448 5382 4450
f 4444 4442 5383
f 5383 4442 5379
f 5383 5379 5672
f 5672 5379 5381
f 4436 5380 4438
f 4438 5380 5379
f 4438 5379 4440
f 4440 5379 4442
f 4436 4434 5380
f 5380 4434 5376
f 5380 5376 5673
f 5673 5376 5378
f 4428 5377 4430
f 4430 5377 5376
f 4430 5376 4432
f 4432 5376 4434
f 4428 4426 5377
f 5377 4426 5373
f 5377 5373 5674
f 5674 5373 5375
f 4420 5374 4422
f 4422 5374 5373
f 4422 5373 4424
f 4424 5373 4426
f 4420 4418 5374
f 5374 4418 5370
f 5374 5370 5675
f 5675 5370 5372
f 4412 5371 4414
f 4414 5371 5370
f 4414 5370 4416
f 4416 5370 4418
f 4412 4410 5371
f 5371 4410 5367
f 5371 5367 5676
f 5676 5367 5369
f 4404 5368 4406
f 4406 5368 5367
f 4406 5367 4408
f 4408 5367 4410
f 4404 4402 5368
f 5368 4402 5364
f 5368 5364 5677
f 5677 5364 5366
f 4396 5365 4398
f 4398 5365 5364
f 4398 5364 4400
f 4400 5364 4402
f 4396 4394 5365
f 5365 4394 5361
f 5365 5361 5678
f 5678 5361 5363
f 4900 5362 4902
f 4902 5362 5361
f 4902 5361 4392
f 4392 5361 4394
f 4900 4898 5362
f 5362 4898 5358
f 5362 5358 5679
f 5679 5358 5360
f 4892 5359 4894
f 4894 5359 5358
f 4894 5358 4896
f 4896 5358 4898
f 4892 4890 5359
f 5359 4890 5355
f 5359 5355 5680
f 5680 5355 5357
f 4884 5356 4886
f 4886 5356 5355
f 4886 5355 4888
f 4888 5355 4890
f 4884 4882 5356
f 5356 4882 5352
f 5356 5352 5681
f 5681 5352 5354
f 4876 5353 4878
f 4878 5353 5352
f 4878 5352 4880
f 4880 5352 4882
f 4876 4874 5353
f 5353 4874 5349
f 5353 5349 5682
f 5682 5349 5351
f 4868 5350 4870
f 4870 5350 5349
f 4870 5349 4872
f 4872 5349 4874
f 4868 4866 5350
f 5350 4866 5346
f 5350 5346 5683
f 5683 5346 5348
f 4860 5347 4862
f 4862 5347 5346
f 4862 5346 4864
f 4864 5346 4866
f 4860 4858 5347
f 5347 4858 5343
f 5347 5343 5684
f 5684 5343 5345
f 4852 5344 4854
f 4854 5344 5343
f 4854 5343 4856
f 4856 5343 4858
f 4852 4850 5344
f 5344 4850 5340
f 5344 5340 5685
f 5685 5340 5342
f 4844 5341 4846
f 4846 5341 5340
f 4846 5340 4848
f 4848 5340 4850
f 4844 4842 5341
f 5341 4842 5337
f 5341 5337 5686
f 5686 5337 5339
f 4836 5338 4838
f 4838 5338 5337
f 4838 5337 4840
f 4840 5337 4842
f 4836 4834 5338
f 5338 4834 5334
f 5338 5334 5687
f 5687 5334 5336
f 4828 5335 4830
f 4830 5335 5334
f 4830 5334 4832
f 4832 5334 4834
f 4828 4826 5335
f 5335 4826 5331
f 5335 5331 5688
f 5688 5331 5333
f 4820 5332 4822
f 4822 5332 5331
f 4822 5331 4824
f 4824 5331 4826
f 4820 4818 5332
f 5332 4818 5328
f 5332 5328 5689
f 5689 5328 5330
f 4812 5329 4814
f 4814 5329 5328
f 4814 5328 4816
f 4816 5328 4818
f 4812 4810 5329
f 5329 4810 5325
f 5329 5325 5690
f 5690 5325 5327
f 4804 5326 4806
f 4806 5326 5325
f 4806 5325 4808
f 4808 5325 4810
f 4804 4802 5326
f 5326 4802 5322
f 5326 5322 5691
f 5691 5322 5324
f 4796 5323 4798
f 4798 5323 5322
f 4798 5322 4800
f 4800 5322 4802
f 4796 4794 5323
f 5323 4794 5319
f 5323 5319 5692
f 5692 5319 5321
f 4788 5320 4790
f 4790 5320 5319
f 4790 5319 4792
f 4792 5319 4794
f 4788 4786 5320
f 5320 4786 5316
f 5320 5316 5693
f 5693 5316 5318
f 4780 5317 4782
f 4782 5317 5316
f 4782 5316 4784
f 4784 5316 4786
f 4780 4778 5317
f 5317 4778 5313
f 5317 5313 5694
f 5694 5313 5315
f 4772 5314 4774
f 4774 5314 5313
f 4774 5313 4776
f 4776 5313 4778
f 4772 4770 5314
f 5314 4770 5310
f 5314 5310 5695
f 5695 5310 5312
f 4764 5311 4766
f 4766 5311 5310
f 4766 5310 4768
f 4768 5310 4770
f 4764 4762 5311
f 5311 4762 5307
f 5311 5307 5696
f 5696 5307 5309
f 4756 5308 4758
f 4758 5308 5307
f 4758 5307 4760
f 4760 5307 4762
f 4756 4754 5308
f 5308 4754 5304
f 5308 5304 5697
f 5697 5304 5306
f 4748 5305 4750
f 4750 5305 5304
f 4750 5304 4752
f 4752 5304 4754
f 4748 4746 5305
f 5305 4746 5301
f 5305 5301 5698
f 5698 5301 5303
f 4740 5302 4742
f 4742 5302 5301
f 4742 5301 4744
f 4744 5301 4746
f 4740 4738 5302
f 5302 4738 5298
f 5302 5298 5699
f 5699 5298 5300
f 4732 5299 4734
f 4734 5299 5298
f 4734 5298 4736
f 4736 5298 4738
f 4732 4730 5299
f 5299 4730 5295
f 5299 5295 5700
f 5700 5295 5297
f 4724 5296 4726
f 4726 5296 5295
f 4726 5295 4728
f 4728 5295 4730
f 4724 4722 5296
f 5296 4722 5292
f 5296 5292 5701
f 5701 5292 5294
f 4716 5293 4718
f 4718 5293 5292
f 4718 5292 4720
f 4720 5292 4722
f 4716 4714 5293
f 5293 4714 5289
f 5293 5289 5702
f 5702 5289 5291
f 4708 5290 4710
f 4710 5290 5289
f 4710 5289 4712
f 4712 5289 4714
f 4708 4706 5290
f 5290 4706 5286
f 5290 5286 5703
f 5703 5286 5288
f 4700 5287 4702
f 4702 5287 5286
f 4702 5286 4704
f 4704 5286 4706
f 4700 4698 5287
f 5287 4698 5283
f 5287 5283 5704
f 5704 5283 5285
f 4692 5284 4694
f 4694 5284 5283
f 4694 5283 4696
f 4696 5283 4698
f 4692 4690 5284
f 5284 4690 5280
f 5284 5280 5705
f 5705 5280 5282
f 4684 5281 4686
f 4686 5281 5280
f 4686 5280 4688
f 4688 5280 4690
f 4684 4682 5281
f 5281 4682 5277
f 5281 5277 5706
f 5706 5277 5279
f 4676 5278 4678
f 4678 5278 5277
f 4678 5277 4680
f 4680 5277 4682
f 4676 4674 5278
f 5278 4674 5274
f 5278 5274 5707
f 5707 5274 5276
f 4668 5275 4670
f 4670 5275 5274
f 4670 5274 4672
f 4672 5274 4674
f 4668 4666 5275
f 5275 4666 5271
f 5275 5271 5708
f 5708 5271 5273
f 4660 5272 4662
f 4662 5272 5271
f 4662 5271 4664
f 4664 5271 4666
f 4660 4658 5272
f 5272 4658 5268
f 5272 5268 5709
f 5709 5268 5270
f 4652 5269 4654
f 4654 5269 5268
f 4654 5268 4656
f 4656 5268 4658
f 4652 4650 5269
f 5269 4650 5265
f 5269 5265 5710
f 5710 5265 5267
f 5164 5266 5166
f 5166 5266 5265
f 5166 5265 4648
f 4648 5265 4650
f 5164 5162 5266
f 5266 5162 5262
f 5266 5262 5711
f 5711 5262 5264
f 5156 5263 5158
f 5158 5263 5262
f 5158 5262 5160
f 5160 5262 5162
f 5156 5154 5263
f 5263 5154 5259
f 5263 5259 5712
f 5712 5259 5261
f 5148 5260 5150
f 5150 5260 5259
f 5150 5259 5152
f 5152 5259 5154
f 5148 5146 5260
f 5260 5146 5256
f 5260 5256 5713
f 5713 5256 5258
f 5140 5257 5142
f 5142 5257 5256
f 5142 5256 5144
f 5144 5256 5146
f 5140 5138 5257
f 5257 5138 5253
f 5257 5253 5714
f 5714 5253 5255
f 5132 5254 5134
f 5134 5254 5253
f 5134 5253 5136
f 5136 5253 5138
f 5132 5130 5254
f 5254 5130 5250
f 5254 5250 5715
f 5715 5250 5252
f 5124 5251 5126
f 5126 5251 5250
f 5126 5250 5128
f 5128 5250 5130
f 5124 5122 5251
f 5251 5122 5247
f 5251 5247 5716
f 5716 5247 5249
f 5116 5248 5118
f 5118 5248 5247
f 5118 5247 5120
f 5120 5247 5122
f 5116 5114 5248
f 5248 5114 5244
f 5248 5244 5717
f 5717 5244 5246
f 5108 5245 5110
f 5110 5245 5244
f 5110 5244 5112
f 5112 5244 5114
f 5108 5106 5245
f 5245 5106 5241
f 5245 5241 5718
f 5718 5241 5243
f 5100 5242 5102
f 5102 5242 5241
f 5102 5241 5104
f 5104 5241 5106
f 5100 5098 5242
f 5242 5098 5238
f 5242 5238 5719
f 5719 5238 5240
f 5092 5239 5094
f 5094 5239 5238
f 5094 5238 5096
f 5096 5238 5098
f 5092 5090 5239
f 5239 5090 5235
f 5239 5235 5720
f 5720 5235 5237
f 5084 5236 5086
f 5086 5236 5235
f 5086 5235 5088
f 5088 5235 5090
f 5084 5082 5236
f 5236 5082 5232
f 5236 5232 5721
f 5721 5232 5234
f 5076 5233 5078
f 5078 5233 5232
f 5078 5232 5080
f 5080 5232 5082
f 5076 5074 5233
f 5233 5074 5229
f 5233 5229 5722
f 5722 5229 5231
f 5068 5230 5070
f 5070 5230 5229
f 5070 5229 5072
f 5072 5229 5074
f 5068 5066 5230
f 5230 5066 5226
f 5230 5226 5723
f 5723 5226 5228
f 5060 5227 5062
f 5062 5227 5226
f 5062 5226 5064
f 5064 5226 5066
f 5060 5058 5227
f 5227 5058 5223
f 5227 5223 5724
f 5724 5223 5225
f 5052 5224 5054
f 5054 5224 5223
f 5054 5223 5056
f 5056 5223 5058
f 5052 5050 5224
f 5224 5050 5220
f 5224 5220 5725
f 5725 5220 5222
f 5044 5221 5046
f 5046 5221 5220
f 5046 5220 5048
f 5048 5220 5050
f 5044 5042 5221
f 5221 5042 5217
f 5221 5217 5726
f 5726 5217 5219
f 5036 5218 5038
f 5038 5218 5217
f 5038 5217 5040
f 5040 5217 5042
f 5036 5034 5218
f 5218 5034 5214
f 5218 5214 5727
f 5727 5214 5216
f 5028 5215 5030
f 5030 5215 5214
f 5030 5214 5032
f 5032 5214 5034
f 5028 5026 5215
f 5215 5026 5211
f 5215 5211 5728
f 5728 5211 5213
f 5020 5212 5022
f 5022 5212 5211
f 5022 5211 5024
f 5024 5211 5026
f 5020 5018 5212
f 5212 5018 5208
f 5212 5208 5729
f 5729 5208 5210
f 5012 5209 5014
f 5014 5209 5208
f 5014 5208 5016
f 5016 5208 5018
f 5012 5010 5209
f 5209 5010 5205
f 5209 5205 5730
f 5730 5205 5207
f 5004 5206 5006
f 5006 5206 5205
f 5006 5205 5008
f 5008 5205 5010
f 5004 5002 5206
f 5206 5002 5202
f 5206 5202 5731
f 5731 5202 5204
f 4996 5203 4998
f 4998 5203 5202
f 4998 5202 5000
f 5000 5202 5002
f 4996 4994 5203
f 5203 4994 5199
f 5203 5199 5732
f 5732 5199 5201
f 4988 5200 4990
f 4990 5200 5199
f 4990 5199 4992
f 4992 5199 4994
f 4988 4986 5200
f 5200 4986 5196
f 5200 5196 5733
f 5733 5196 5198
f 4980 5197 4982
f 4982 5197 5196
f 4982 5196 4984
f 4984 5196 4986
f 4980 4978 5197
f 5197 4978 5193
f 5197 5193 5734
f 5734 5193 5195
f 4972 5194 4974
f 4974 5194 5193
f 4974 5193 4976
f 4976 5193 4978
f 4972 4970 5194
f 5194 4970 5190
f 5194 5190 5735
f 5735 5190 5192
f 4964 5191 4966
f 4966 5191 5190
f 4966 5190 4968
f 4968 5190 4970
f 4964 4962 5191
f 5191 4962 5187
f 5191 5187 5736
f 5736 5187 5189
f 4956 5188 4958
f 4958 5188 5187
f 4958 5187 4960
f 4960 5187 4962
f 4956 4954 5188
f 5188 4954 5184
f 5188 5184 5737
f 5737 5184 5186
f 4948 5185 4950
f 4950 5185 5184
f 4950 5184 4952
f 4952 5184 4954
f 4948 4946 5185
f 5185 4946 5181
f 5185 5181 5738
f 5738 5181 5183
f 4940 5182 4942
f 4942 5182 5181
f 4942 5181 4944
f 4944 5181 4946
f 4940 4938 5182
f 5182 4938 5178
f 5182 5178 5739
f 5739 5178 5180
f 4932 5179 4934
f 4934 5179 5178
f 4934 5178 4936
f 4936 5178 4938
f 4932 4930 5179
f 5179 4930 5175
f 5179 5175 5740
f 5740 5175 5177
f 4924 5176 4926
f 4926 5176 5175
f 4926 5175 4928
f 4928 5175 4930
f 4924 4922 5176
f 5176 4922 5746
f 5176 5746 5741
f 5741 5746 5745
f 4922 4920 5746
f 5746 4920 4918
f 5746 4918 5552
f 5552 4918 4916
f 5552 4916 4914
f 5747 5748 5749
f 4914 4912 5553
f 4912 4911 5553
f 5553 4911 4908
f 5553 4908 5548
f 5548 4908 5550
f 5550 4908 4906
f 5550 4906 5551
f 5551 4906 5532
f 5532 4906 4904
f 5532 4904 5545
f 5545 4904 4903
f 5545 4903 5546
f 5546 4903 5750
f 5546 5750 5542
f 5542 5750 5751
f 5542 5751 5543
f 5540 5752 5753
f 5753 5752 5754
f 5753 5754 5755
f 5755 5754 5756
f 5757 5758 5756
f 5756 5758 5759
f 5756 5759 5755
f 5760 5761 5757
f 5757 5761 5762
f 5757 5762 5758
f 5763 5764 5760
f 5760 5764 5765
f 5760 5765 5761
f 5766 5767 5763
f 5763 5767 5768
f 5763 5768 5764
f 5769 5770 5766
f 5766 5770 5771
f 5766 5771 5767
f 5772 5773 5769
f 5769 5773 5774
f 5769 5774 5770
f 5775 5776 5772
f 5772 5776 5777
f 5772 5777 5773
f 5747 5778 5748
f 5748 5778 5779
f 5748 5779 5775
f 5775 5779 5780
f 5775 5780 5776
f 5781 5782 5783
f 5783 5782 5784
f 5783 5784 5749
f 5749 5784 5785
f 5749 5785 5747
f 5786 5787 5788
f 5788 5787 5789
f 5788 5789 5781
f 5781 5789 5790
f 5781 5790 5782
f 5791 5792 5793
f 5793 5792 5794
f 5793 5794 5786
f 5786 5794 5795
f 5786 5795 5787
f 5796 5797 5798
f 5798 5797 5799
f 5798 5799 5791
f 5791 5799 5800
f 5791 5800 5792
f 5801 5802 5803
f 5803 5802 5804
f 5803 5804 5796
f 5796 5804 5805
f 5796 5805 5797
f 5806 5807 5808
f 5808 5807 5809
f 5808 5809 5801
f 5801 5809 5810
f 5801 5810 5802
f 5811 5812 5813
f 5813 5812 5814
f 5813 5814 5806
f 5806 5814 5815
f 5806 5815 5807
f 5816 5817 5818
f 5818 5817 5819
f 5819 5820 5818
f 5818 5820 5821
f 5818 5821 5811
f 5811 5821 5822
f 5811 5822 5812
f 5823 5824 5825
f 5825 5824 5826
f 5825 5826 5816
f 5816 5826 5827
f 5816 5827 5817
f 5828 5829 5830
f 5830 5829 5831
f 5830 5831 5823
f 5823 5831 5832
f 5823 5832 5824
f 5833 5834 5835
f 5835 5834 5836
f 5835 5836 5828
f 5828 5836 5837
f 5828 5837 5829
f 5838 5839 5833
f 5833 5839 5840
f 5833 5840 5834
f 5751 5841 5543
f 5543 5841 5842
f 5543 5842 5535
f 5535 5842 5843
f 5535 5843 5539
f 5539 5843 5844
f 5539 5844 5540
f 5540 5844 5845
f 5540 5845 5752
f 5752 5845 5846
f 5752 5846 5847
f 5847 5846 5848
f 5847 5848 5838
f 5838 5848 5849
f 5838 5849 5839
f 5783 5749 5850
f 5850 5749 5748
f 5850 5748 5775
f 5786 5788 5850
f 5850 5788 5781
f 5850 5781 5783
f 5798 5791 5850
f 5850 5791 5793
f 5850 5793 5786
f 5801 5803 5850
f 5850 5803 5796
f 5850 5796 5798
f 5813 5806 5850
f 5850 5806 5808
f 5850 5808 5801
f 5816 5818 5850
f 5850 5818 5811
f 5850 5811 5813
f 5830 5823 5850
f 5850 5823 5825
f 5850 5825 5816
f 5833 5835 5850
f 5850 5835 5828
f 5850 5828 5830
f 5752 5847 5850
f 5850 5847 5838
f 5850 5838 5833
f 5757 5756 5850
f 5850 5756 5754
f 5850 5754 5752
f 5766 5763 5850
f 5850 5763 5760
f 5850 5760 5757
f 5775 5772 5850
f 5850 5772 5769
f 5850 5769 5766
f 4267 4269 5851
f 5852 5778 5747
f 5817 5853 5819
f 5854 5750 5855
f 5855 5750 4903
f 5855 4903 5856
f 5842 5841 5854
f 5854 5841 5751
f 5854 5751 5750
f 5854 5857 5842
f 5842 5857 5858
f 5842 5858 5843
f 5859 5846 5845
f 5834 5840 5860
f 5860 5840 5839
f 5860 5839 5849
f 5860 5861 5834
f 5834 5861 5862
f 5834 5862 5836
f 5832 5831 5863
f 5863 5831 5829
f 5827 5826 5864
f 5864 5826 5824
f 5822 5865 5866
f 5822 5866 5812
f 5812 5866 5867
f 5812 5867 5814
f 5867 5868 5814
f 5814 5868 5869
f 5814 5869 5815
f 5815 5869 5870
f 5815 5870 5807
f 5807 5870 5871
f 5807 5871 5809
f 5871 5872 5809
f 5809 5872 5873
f 5809 5873 5810
f 5810 5873 5874
f 5810 5874 5802
f 5802 5874 5875
f 5802 5875 5804
f 5804 5875 5876
f 5804 5876 5805
f 5805 5876 5877
f 5805 5877 5797
f 5877 5878 5797
f 5797 5878 5879
f 5797 5879 5799
f 5799 5879 5880
f 5799 5880 5800
f 5800 5880 5881
f 5800 5881 5792
f 5881 5882 5792
f 5792 5882 5883
f 5792 5883 5794
f 5794 5883 5884
f 5794 5884 5795
f 5795 5884 5885
f 5795 5885 5787
f 5885 5886 5787
f 5787 5886 5887
f 5787 5887 5789
f 5789 5887 5888
f 5789 5888 5790
f 5790 5888 5889
f 5790 5889 5782
f 5889 5890 5782
f 5782 5890 5891
f 5782 5891 5784
f 5784 5891 5892
f 5784 5892 5785
f 5785 5892 5893
f 5785 5893 5747
f 5747 5893 5894
f 5747 5894 5852
f 4264 5895 5896
f 4264 5896 4261
f 5897 4281 5898
f 5898 4281 4283
f 5898 4283 5899
f 5899 4283 4259
f 5899 4259 5896
f 5896 4259 4261
f 5900 4277 5897
f 5897 4277 4279
f 5897 4279 4281
f 5901 4274 5900
f 5900 4274 4277
f 5902 4296 5903
f 5903 4296 4298
f 5903 4298 5901
f 5901 4298 4272
f 5901 4272 4274
f 5904 4292 5902
f 5902 4292 4294
f 5902 4294 4296
f 5905 4288 5904
f 5904 4288 4290
f 5904 4290 4292
f 5906 4387 5907
f 5907 4387 5905
f 5905 4387 4286
f 5905 4286 4288
f 5908 4383 5906
f 5906 4383 4385
f 5906 4385 4387
f 5909 4379 5908
f 5908 4379 4381
f 5908 4381 4383
f 5910 4375 5909
f 5909 4375 4377
f 5909 4377 4379
f 5911 4371 5910
f 5910 4371 4373
f 5910 4373 4375
f 5912 4367 5911
f 5911 4367 4369
f 5911 4369 4371
f 5913 4363 5912
f 5912 4363 4365
f 5912 4365 4367
f 5914 4359 5913
f 5913 4359 4361
f 5913 4361 4363
f 5915 4355 5914
f 5914 4355 4357
f 5914 4357 4359
f 5916 4351 5915
f 5915 4351 4353
f 5915 4353 4355
f 5917 4347 5916
f 5916 4347 4349
f 5916 4349 4351
f 5918 4343 5917
f 5917 4343 4345
f 5917 4345 4347
f 5919 4339 5918
f 5918 4339 4341
f 5918 4341 4343
f 5920 4335 5919
f 5919 4335 4337
f 5919 4337 4339
f 5921 4331 5920
f 5920 4331 4333
f 5920 4333 4335
f 5922 4327 5921
f 5921 4327 4329
f 5921 4329 4331
f 5923 4323 5922
f 5922 4323 4325
f 5922 4325 4327
f 5924 4319 5923
f 5923 4319 4321
f 5923 4321 4323
f 5925 4315 5924
f 5924 4315 4317
f 5924 4317 4319
f 5926 4311 5925
f 5925 4311 4313
f 5925 4313 4315
f 5927 4307 5926
f 5926 4307 4309
f 5926 4309 4311
f 5928 4303 5927
f 5927 4303 4305
f 5927 4305 4307
f 5929 4645 5928
f 5928 4645 4301
f 5928 4301 4303
f 5930 4641 5929
f 5929 4641 4643
f 5929 4643 4645
f 5931 4637 5930
f 5930 4637 4639
f 5930 4639 4641
f 5932 4633 5931
f 5931 4633 4635
f 5931 4635 4637
f 5933 4629 5932
f 5932 4629 4631
f 5932 4631 4633
f 5934 4625 5933
f 5933 4625 4627
f 5933 4627 4629
f 5935 4621 5934
f 5934 4621 4623
f 5934 4623 4625
f 5936 4617 5935
f 5935 4617 4619
f 5935 4619 4621
f 5937 4613 5936
f 5936 4613 4615
f 5936 4615 4617
f 5938 4609 5937
f 5937 4609 4611
f 5937 4611 4613
f 5939 4605 5938
f 5938 4605 4607
f 5938 4607 4609
f 5940 4601 5939
f 5939 4601 4603
f 5939 4603 4605
f 5941 4597 5940
f 5940 4597 4599
f 5940 4599 4601
f 5942 4593 5941
f 5941 4593 4595
f 5941 4595 4597
f 5943 4589 5942
f 5942 4589 4591
f 5942 4591 4593
f 5944 4585 5943
f 5943 4585 4587
f 5943 4587 4589
f 5945 4581 5944
f 5944 4581 4583
f 5944 4583 4585
f 5946 4577 5945
f 5945 4577 4579
f 5945 4579 4581
f 5947 4573 5946
f 5946 4573 4575
f 5946 4575 4577
f 5948 4569 5947
f 5947 4569 4571
f 5947 4571 4573
f 5949 4565 5948
f 5948 4565 4567
f 5948 4567 4569
f 5950 4561 5949
f 5949 4561 4563
f 5949 4563 4565
f 5951 4557 5950
f 5950 4557 4559
f 5950 4559 4561
f 5952 4553 5951
f 5951 4553 4555
f 5951 4555 4557
f 5953 4549 5952
f 5952 4549 4551
f 5952 4551 4553
f 5954 4545 5953
f 5953 4545 4547
f 5953 4547 4549
f 5955 4541 5954
f 5954 4541 4543
f 5954 4543 4545
f 5956 4537 5955
f 5955 4537 4539
f 5955 4539 4541
f 5957 4533 5956
f 5956 4533 4535
f 5956 4535 4537
f 5958 4529 5957
f 5957 4529 4531
f 5957 4531 4533
f 5959 4525 5958
f 5958 4525 4527
f 5958 4527 4529
f 5960 4521 5959
f 5959 4521 4523
f 5959 4523 4525
f 5961 4517 5960
f 5960 4517 4519
f 5960 4519 4521
f 5962 4513 5961
f 5961 4513 4515
f 5961 4515 4517
f 5963 4509 5962
f 5962 4509 4511
f 5962 4511 4513
f 5964 4505 5963
f 5963 4505 4507
f 5963 4507 4509
f 5965 4501 5964
f 5964 4501 4503
f 5964 4503 4505
f 5966 4497 5965
f 5965 4497 4499
f 5965 4499 4501
f 5967 4493 5966
f 5966 4493 4495
f 5966 4495 4497
f 5968 4489 5967
f 5967 4489 4491
f 5967 4491 4493
f 5969 4485 5968
f 5968 4485 4487
f 5968 4487 4489
f 5970 4481 5969
f 5969 4481 4483
f 5969 4483 4485
f 5971 4477 5970
f 5970 4477 4479
f 5970 4479 4481
f 5972 4473 5971
f 5971 4473 4475
f 5971 4475 4477
f 5973 4469 5972
f 5972 4469 4471
f 5972 4471 4473
f 5974 4465 5973
f 5973 4465 4467
f 5973 4467 4469
f 5975 4461 5974
f 5974 4461 4463
f 5974 4463 4465
f 5976 4457 5975
f 5975 4457 4459
f 5975 4459 4461
f 5977 4453 5976
f 5976 4453 4455
f 5976 4455 4457
f 5978 4449 5977
f 5977 4449 4451
f 5977 4451 4453
f 5979 4445 5978
f 5978 4445 4447
f 5978 4447 4449
f 5980 4441 5979
f 5979 4441 4443
f 5979 4443 4445
f 5981 4437 5980
f 5980 4437 4439
f 5980 4439 4441
f 5982 4433 5981
f 5981 4433 4435
f 5981 4435 4437
f 5983 4429 5982
f 5982 4429 4431
f 5982 4431 4433
f 5984 4425 5983
f 5983 4425 4427
f 5983 4427 4429
f 5985 4421 5984
f 5984 4421 4423
f 5984 4423 4425
f 5986 4417 5985
f 5985 4417 4419
f 5985 4419 4421
f 5987 4413 5986
f 5986 4413 4415
f 5986 4415 4417
f 5988 4409 5987
f 5987 4409 4411
f 5987 4411 4413
f 5989 4405 5988
f 5988 4405 4407
f 5988 4407 4409
f 5990 4401 5989
f 5989 4401 4403
f 5989 4403 4405
f 5991 4397 5990
f 5990 4397 4399
f 5990 4399 4401
f 5992 4393 5991
f 5991 4393 4395
f 5991 4395 4397
f 5993 4901 5992
f 5992 4901 4391
f 5992 4391 4393
f 5994 4897 5993
f 5993 4897 4899
f 5993 4899 4901
f 5995 4893 5994
f 5994 4893 4895
f 5994 4895 4897
f 5996 4889 5995
f 5995 4889 4891
f 5995 4891 4893
f 5997 4885 5996
f 5996 4885 4887
f 5996 4887 4889
f 5998 4881 5997
f 5997 4881 4883
f 5997 4883 4885
f 5999 4877 5998
f 5998 4877 4879
f 5998 4879 4881
f 6000 4873 5999
f 5999 4873 4875
f 5999 4875 4877
f 6001 4869 6000
f 6000 4869 4871
f 6000 4871 4873
f 6002 4865 6001
f 6001 4865 4867
f 6001 4867 4869
f 6003 4861 6002
f 6002 4861 4863
f 6002 4863 4865
f 6004 4857 6003
f 6003 4857 4859
f 6003 4859 4861
f 6005 4853 6004
f 6004 4853 4855
f 6004 4855 4857
f 6006 4849 6005
f 6005 4849 4851
f 6005 4851 4853
f 6007 4845 6006
f 6006 4845 4847
f 6006 4847 4849
f 6008 4841 6007
f 6007 4841 4843
f 6007 4843 4845
f 6009 4837 6008
f 6008 4837 4839
f 6008 4839 4841
f 6010 4833 6009
f 6009 4833 4835
f 6009 4835 4837
f 6011 4829 6010
f 6010 4829 4831
f 6010 4831 4833
f 6012 4825 6011
f 6011 4825 4827
f 6011 4827 4829
f 6013 4821 6012
f 6012 4821 4823
f 6012 4823 4825
f 6014 4817 6013
f 6013 4817 4819
f 6013 4819 4821
f 6015 4813 6014
f 6014 4813 4815
f 6014 4815 4817
f 6016 4809 6015
f 6015 4809 4811
f 6015 4811 4813
f 6017 4805 6016
f 6016 4805 4807
f 6016 4807 4809
f 6018 4801 6017
f 6017 4801 4803
f 6017 4803 4805
f 6019 4797 6018
f 6018 4797 4799
f 6018 4799 4801
f 6020 4793 6019
f 6019 4793 4795
f 6019 4795 4797
f 6021 4789 6020
f 6020 4789 4791
f 6020 4791 4793
f 6022 4785 6021
f 6021 4785 4787
f 6021 4787 4789
f 6023 4781 6022
f 6022 4781 4783
f 6022 4783 4785
f 6024 4777 6023
f 6023 4777 4779
f 6023 4779 4781
f 6025 4773 6024
f 6024 4773 4775
f 6024 4775 4777
f 6026 4769 6025
f 6025 4769 4771
f 6025 4771 4773
f 6027 4765 6026
f 6026 4765 4767
f 6026 4767 4769
f 6028 4761 6027
f 6027 4761 4763
f 6027 4763 4765
f 6029 4757 6028
f 6028 4757 4759
f 6028 4759 4761
f 6030 4753 6029
f 6029 4753 4755
f 6029 4755 4757
f 6031 4749 6030
f 6030 4749 4751
f 6030 4751 4753
f 6032 4745 6031
f 6031 4745 4747
f 6031 4747 4749
f 6033 4741 6032
f 6032 4741 4743
f 6032 4743 4745
f 6034 4737 6033
f 6033 4737 4739
f 6033 4739 4741
f 6035 4733 6034
f 6034 4733 4735
f 6034 4735 4737
f 6036 4729 6035
f 6035 4729 4731
f 6035 4731 4733
f 6037 4725 6036
f 6036 4725 4727
f 6036 4727 4729
f 6038 4721 6037
f 6037 4721 4723
f 6037 4723 4725
f 6039 4717 6038
f 6038 4717 4719
f 6038 4719 4721
f 6040 4713 6039
f 6039 4713 4715
f 6039 4715 4717
f 6041 4709 6040
f 6040 4709 4711
f 6040 4711 4713
f 6042 4705 6041
f 6041 4705 4707
f 6041 4707 4709
f 6043 4701 6042
f 6042 4701 4703
f 6042 4703 4705
f 6044 4697 6043
f 6043 4697 4699
f 6043 4699 4701
f 6045 4693 6044
f 6044 4693 4695
f 6044 4695 4697
f 6046 4689 6045
f 6045 4689 4691
f 6045 4691 4693
f 6047 4685 6046
f 6046 4685 4687
f 6046 4687 4689
f 6048 4681 6047
f 6047 4681 4683
f 6047 4683 4685
f 6049 4677 6048
f 6048 4677 4679
f 6048 4679 4681
f 6050 4673 6049
f 6049 4673 4675
f 6049 4675 4677
f 6051 4669 6050
f 6050 4669 4671
f 6050 4671 4673
f 6052 4665 6051
f 6051 4665 4667
f 6051 4667 4669
f 6053 4661 6052
f 6052 4661 4663
f 6052 4663 4665
f 6054 4657 6053
f 6053 4657 4659
f 6053 4659 4661
f 6055 4653 6054
f 6054 4653 4655
f 6054 4655 4657
f 6056 4649 6055
f 6055 4649 4651
f 6055 4651 4653
f 6057 5165 6056
f 6056 5165 4647
f 6056 4647 4649
f 6058 5161 6057
f 6057 5161 5163
f 6057 5163 5165
f 6059 5157 6058
f 6058 5157 5159
f 6058 5159 5161
f 6060 5153 6059
f 6059 5153 5155
f 6059 5155 5157
f 6061 5149 6060
f 6060 5149 5151
f 6060 5151 5153
f 6062 5145 6061
f 6061 5145 5147
f 6061 5147 5149
f 6063 5141 6062
f 6062 5141 5143
f 6062 5143 5145
f 6064 5137 6063
f 6063 5137 5139
f 6063 5139 5141
f 6065 5133 6064
f 6064 5133 5135
f 6064 5135 5137
f 6066 5129 6065
f 6065 5129 5131
f 6065 5131 5133
f 6067 5125 6066
f 6066 5125 5127
f 6066 5127 5129
f 6068 5121 6067
f 6067 5121 5123
f 6067 5123 5125
f 6069 5117 6068
f 6068 5117 5119
f 6068 5119 5121
f 6070 5113 6069
f 6069 5113 5115
f 6069 5115 5117
f 6071 5109 6070
f 6070 5109 5111
f 6070 5111 5113
f 6072 5105 6071
f 6071 5105 5107
f 6071 5107 5109
f 6073 5101 6072
f 6072 5101 5103
f 6072 5103 5105
f 6074 5097 6073
f 6073 5097 5099
f 6073 5099 5101
f 6075 5093 6074
f 6074 5093 5095
f 6074 5095 5097
f 6076 5089 6075
f 6075 5089 5091
f 6075 5091 5093
f 6077 5085 6076
f 6076 5085 5087
f 6076 5087 5089
f 6078 5081 6077
f 6077 5081 5083
f 6077 5083 5085
f 6079 5077 6078
f 6078 5077 5079
f 6078 5079 5081
f 6080 5073 6079
f 6079 5073 5075
f 6079 5075 5077
f 6081 5069 6080
f 6080 5069 5071
f 6080 5071 5073
f 6082 5065 6081
f 6081 5065 5067
f 6081 5067 5069
f 6083 5061 6082
f 6082 5061 5063
f 6082 5063 5065
f 6084 5057 6083
f 6083 5057 5059
f 6083 5059 5061
f 6085 5053 6084
f 6084 5053 5055
f 6084 5055 5057
f 6086 5049 6085
f 6085 5049 5051
f 6085 5051 5053
f 6087 5045 6086
f 6086 5045 5047
f 6086 5047 5049
f 6088 5041 6087
f 6087 5041 5043
f 6087 5043 5045
f 6089 5037 6088
f 6088 5037 5039
f 6088 5039 5041
f 6090 5033 6089
f 6089 5033 5035
f 6089 5035 5037
f 6091 5029 6090
f 6090 5029 5031
f 6090 5031 5033
f 6092 5025 6091
f 6091 5025 5027
f 6091 5027 5029
f 6093 5021 6092
f 6092 5021 5023
f 6092 5023 5025
f 6094 5017 6093
f 6093 5017 5019
f 6093 5019 5021
f 6095 5013 6094
f 6094 5013 5015
f 6094 5015 5017
f 6096 5009 6095
f 6095 5009 5011
f 6095 5011 5013
f 6097 5005 6096
f 6096 5005 5007
f 6096 5007 5009
f 6098 5001 6097
f 6097 5001 5003
f 6097 5003 5005
f 6099 4997 6098
f 6098 4997 4999
f 6098 4999 5001
f 6100 4993 6099
f 6099 4993 4995
f 6099 4995 4997
f 6101 4989 6100
f 6100 4989 4991
f 6100 4991 4993
f 6102 4985 6101
f 6101 4985 4987
f 6101 4987 4989
f 6103 4981 6102
f 6102 4981 4983
f 6102 4983 4985
f 6104 4977 6103
f 6103 4977 4979
f 6103 4979 4981
f 6105 4973 6104
f 6104 4973 4975
f 6104 4975 4977
f 6106 4969 6105
f 6105 4969 4971
f 6105 4971 4973
f 6107 4965 6106
f 6106 4965 4967
f 6106 4967 4969
f 6108 4961 6107
f 6107 4961 4963
f 6107 4963 4965
f 6109 4957 6108
f 6108 4957 4959
f 6108 4959 4961
f 6110 4953 6109
f 6109 4953 4955
f 6109 4955 4957
f 6111 4949 6110
f 6110 4949 4951
f 6110 4951 4953
f 6112 4945 6111
f 6111 4945 4947
f 6111 4947 4949
f 6113 4941 6112
f 6112 4941 4943
f 6112 4943 4945
f 6114 4937 6113
f 6113 4937 4939
f 6113 4939 4941
f 6115 4933 6114
f 6114 4933 4935
f 6114 4935 4937
f 6116 4929 6115
f 6115 4929 4931
f 6115 4931 4933
f 6117 4925 6116
f 6116 4925 4927
f 6116 4927 4929
f 6118 4921 6117
f 6117 4921 4923
f 6117 4923 4925
f 6119 4917 6118
f 6118 4917 4919
f 6118 4919 4921
f 6120 4913 6119
f 6119 4913 4915
f 6119 4915 4917
f 6121 5168 6120
f 6120 5168 5167
f 6120 5167 4913
f 6122 4909 6121
f 6121 4909 5169
f 6121 5169 5168
f 4903 4905 5856
f 5856 4905 4907
f 5856 4907 6122
f 6122 4907 4910
f 6122 4910 4909
f 5173 5851 5174
f 5174 5851 4269
f 5174 4269 4221
f 5173 6123 5851
f 5851 6123 5895
f 5851 5895 4267
f 4267 5895 4264
f 5895 6123 6124
f 5895 6124 5896
f 5896 6124 6125
f 5896 6125 5899
f 5899 6125 6126
f 5899 6126 5898
f 5898 6126 6127
f 5898 6127 5897
f 5897 6127 6128
f 5897 6128 5900
f 5900 6128 6129
f 5900 6129 5901
f 5901 6129 6130
f 5901 6130 5903
f 5903 6130 6131
f 5903 6131 5902
f 5902 6131 6132
f 5902 6132 5904
f 5904 6132 6133
f 5904 6133 5905
f 5905 6133 6134
f 5905 6134 5907
f 5907 6134 6135
f 5907 6135 5906
f 5906 6135 6136
f 5906 6136 5908
f 5908 6136 6137
f 5908 6137 5909
f 5909 6137 6138
f 5909 6138 5910
f 5910 6138 6139
f 5910 6139 5911
f 5911 6139 6140
f 5911 6140 5912
f 5912 6140 6141
f 5912 6141 5913
f 5913 6141 6142
f 5913 6142 5914
f 5914 6142 6143
f 5914 6143 5915
f 5915 6143 6144
f 5915 6144 5916
f 5916 6144 6145
f 5916 6145 5917
f 6145 6146 5917
f 5917 6146 5918
f 5918 6146 6147
f 5918 6147 5919
f 5919 6147 6148
f 5919 6148 5920
f 5920 6148 6149
f 5920 6149 5921
f 6149 6150 5921
f 5921 6150 5922
f 5922 6150 6151
f 5922 6151 5923
f 5923 6151 6152
f 5923 6152 5924
f 5924 6152 6153
f 5924 6153 5925
f 6153 6154 5925
f 5925 6154 5926
f 5926 6154 6155
f 5926 6155 5927
f 5927 6155 6156
f 5927 6156 5928
f 5928 6156 6157
f 5928 6157 5929
f 5929 6157 6158
f 5929 6158 5930
f 6158 6159 5930
f 5930 6159 6160
f 5930 6160 5931
f 5931 6160 6161
f 5931 6161 5932
f 5932 6161 6162
f 5932 6162 5933
f 5933 6162 6163
f 5933 6163 5934
f 6163 6164 5934
f 5934 6164 6165
f 5934 6165 5935
f 5935 6165 6166
f 5935 6166 5936
f 5936 6166 6167
f 5936 6167 5937
f 5937 6167 6168
f 5937 6168 5938
f 5938 6168 6169
f 5938 6169 5939
f 6169 6170 5939
f 5939 6170 6171
f 5939 6171 5940
f 5940 6171 6172
f 5940 6172 5941
f 5941 6172 6173
f 5941 6173 5942
f 5942 6173 6174
f 5942 6174 5943
f 6174 6175 5943
f 5943 6175 6176
f 5943 6176 5944
f 5944 6176 6177
f 5944 6177 5945
f 5945 6177 6178
f 5945 6178 5946
f 5946 6178 6179
f 5946 6179 5947
f 5947 6179 6180
f 5947 6180 5948
f 6180 6181 5948
f 5948 6181 6182
f 5948 6182 5949
f 5949 6182 6183
f 5949 6183 5950
f 5950 6183 6184
f 5950 6184 5951
f 5951 6184 6185
f 5951 6185 5952
f 6185 6186 5952
f 5952 6186 6187
f 5952 6187 5953
f 5953 6187 6188
f 5953 6188 5954
f 5954 6188 6189
f 5954 6189 5955
f 5955 6189 6190
f 5955 6190 5956
f 5956 6190 6191
f 5956 6191 5957
f 6191 6192 5957
f 5957 6192 6193
f 5957 6193 5958
f 5958 6193 6194
f 5958 6194 5959
f 5959 6194 6195
f 5959 6195 5960
f 5960 6195 6196
f 5960 6196 5961
f 6196 6197 5961
f 5961 6197 6198
f 5961 6198 5962
f 5962 6198 6199
f 5962 6199 5963
f 5963 6199 6200
f 5963 6200 5964
f 5964 6200 6201
f 5964 6201 5965
f 5965 6201 6202
f 5965 6202 5966
f 6202 6203 5966
f 5966 6203 6204
f 5966 6204 5967
f 5967 6204 6205
f 5967 6205 5968
f 5968 6205 6206
f 5968 6206 5969
f 5969 6206 6207
f 5969 6207 5970
f 6207 6208 5970
f 5970 6208 6209
f 5970 6209 5971
f 5971 6209 6210
f 5971 6210 5972
f 5972 6210 6211
f 5972 6211 5973
f 5973 6211 6212
f 5973 6212 5974
f 5974 6212 6213
f 5974 6213 5975
f 6213 6214 5975
f 5975 6214 6215
f 5975 6215 5976
f 5976 6215 6216
f 5976 6216 5977
f 5977 6216 6217
f 5977 6217 5978
f 5978 6217 6218
f 5978 6218 5979
f 6218 6219 5979
f 5979 6219 6220
f 5979 6220 5980
f 5980 6220 6221
f 5980 6221 5981
f 5981 6221 6222
f 5981 6222 5982
f 5982 6222 6223
f 5982 6223 5983
f 5983 6223 6224
f 5983 6224 5984
f 5984 6224 6225
f 5984 6225 5985
f 5985 6225 6226
f 5985 6226 5986
f 5986 6226 6227
f 5986 6227 5987
f 5987 6227 6228
f 5987 6228 5988
f 6229 6000 6230
f 6230 6000 5999
f 6230 5999 6231
f 6231 5999 5998
f 6231 5998 6232
f 6232 5998 5997
f 6232 5997 6233
f 6233 5997 5996
f 6233 5996 6234
f 6234 5996 5995
f 6234 5995 6235
f 6235 5995 5994
f 6235 5994 6236
f 6236 5994 5993
f 6236 5993 6237
f 6237 5993 5992
f 6237 5992 6238
f 6238 5992 5991
f 6238 5991 6239
f 6239 5991 5990
f 6239 5990 6240
f 6240 5990 5989
f 6240 5989 6241
f 6241 5989 5988
f 6241 5988 6242
f 6242 5988 6228
f 6243 5859 6244
f 6244 5859 5845
f 6244 5845 5858
f 5858 5845 5844
f 5858 5844 5843
f 6000 6229 6001
f 6001 6229 6245
f 6001 6245 6002
f 6002 6245 6246
f 6002 6246 6003
f 6003 6246 6247
f 6003 6247 6004
f 6004 6247 6248
f 6004 6248 6005
f 6005 6248 6249
f 6005 6249 6006
f 6006 6249 6250
f 6006 6250 6007
f 6007 6250 6251
f 6007 6251 6008
f 6008 6251 6252
f 6008 6252 6009
f 6009 6252 6253
f 6009 6253 6010
f 6010 6253 6254
f 6010 6254 6011
f 6011 6254 6255
f 6011 6255 6012
f 6012 6255 6256
f 6012 6256 6013
f 6013 6256 6257
f 6013 6257 6014
f 6014 6257 6258
f 6014 6258 6015
f 6015 6258 6259
f 6015 6259 6016
f 6016 6259 6260
f 6016 6260 6017
f 6017 6260 6261
f 6017 6261 6018
f 6018 6261 6262
f 6018 6262 6019
f 6019 6262 6263
f 6019 6263 6020
f 6020 6263 6264
f 6020 6264 6021
f 6021 6264 6265
f 6021 6265 6022
f 6022 6265 6266
f 6022 6266 6023
f 6023 6266 6267
f 6023 6267 6024
f 6024 6267 6268
f 6024 6268 6025
f 6025 6268 6269
f 6025 6269 6026
f 6026 6269 6270
f 6026 6270 6027
f 6027 6270 6271
f 6027 6271 6028
f 6028 6271 6272
f 6028 6272 6029
f 6029 6272 6273
f 6029 6273 6030
f 6030 6273 6274
f 6030 6274 6031
f 6031 6274 6275
f 6031 6275 6032
f 6032 6275 6276
f 6032 6276 6033
f 6033 6276 6277
f 6033 6277 6034
f 6034 6277 6278
f 6034 6278 6035
f 6035 6278 6279
f 6035 6279 6036
f 6036 6279 6280
f 6036 6280 6037
f 6037 6280 6281
f 6037 6281 6038
f 6038 6281 6282
f 6038 6282 6039
f 6039 6282 6283
f 6039 6283 6040
f 6040 6283 6284
f 6040 6284 6041
f 6041 6284 6285
f 6041 6285 6042
f 6042 6285 6286
f 6042 6286 6043
f 6043 6286 6287
f 6043 6287 6044
f 6044 6287 6288
f 6044 6288 6045
f 6045 6288 6289
f 6045 6289 6046
f 6046 6289 6290
f 6046 6290 6047
f 6047 6290 6291
f 6047 6291 6048
f 6048 6291 6292
f 6048 6292 6049
f 6049 6292 6293
f 6049 6293 6050
f 6050 6293 6294
f 6050 6294 6051
f 6051 6294 6295
f 6051 6295 6052
f 6052 6295 6296
f 6052 6296 6053
f 6053 6296 6297
f 6053 6297 6054
f 6054 6297 6298
f 6054 6298 6055
f 6055 6298 6299
f 6055 6299 6056
f 6056 6299 6300
f 6056 6300 6057
f 6057 6300 6301
f 6057 6301 6058
f 6058 6301 6302
f 6058 6302 6059
f 6059 6302 6303
f 6059 6303 6060
f 6060 6303 6304
f 6060 6304 6061
f 6061 6304 6305
f 6061 6305 6062
f 6062 6305 6306
f 6062 6306 6063
f 6063 6306 6307
f 6063 6307 6064
f 6064 6307 6308
f 6064 6308 6065
f 6065 6308 6309
f 6065 6309 6066
f 6066 6309 6310
f 6066 6310 6067
f 6067 6310 6311
f 6067 6311 6068
f 6068 6311 6312
f 6068 6312 6069
f 6069 6312 6313
f 6069 6313 6070
f 6070 6313 6314
f 6070 6314 6071
f 6071 6314 6315
f 6071 6315 6072
f 6072 6315 6316
f 6072 6316 6073
f 6073 6316 6317
f 6073 6317 6074
f 6074 6317 6318
f 6074 6318 6075
f 6075 6318 6319
f 6075 6319 6076
f 6076 6319 6320
f 6076 6320 6077
f 6077 6320 6321
f 6077 6321 6078
f 6078 6321 6322
f 6078 6322 6079
f 6079 6322 6323
f 6079 6323 6080
f 6080 6323 6324
f 6080 6324 6081
f 6081 6324 6325
f 6081 6325 6082
f 6082 6325 6326
f 6082 6326 6083
f 6083 6326 6327
f 6083 6327 6084
f 6084 6327 6328
f 6084 6328 6085
f 6085 6328 6329
f 6085 6329 6086
f 6086 6329 6330
f 6086 6330 6087
f 6087 6330 6331
f 6087 6331 6088
f 6088 6331 6332
f 6088 6332 6089
f 6089 6332 6333
f 6089 6333 6090
f 6090 6333 6334
f 6090 6334 6091
f 6091 6334 6335
f 6091 6335 6092
f 6092 6335 6336
f 6092 6336 6093
f 6093 6336 6337
f 6093 6337 6094
f 6094 6337 6338
f 6094 6338 6095
f 6095 6338 6339
f 6095 6339 6096
f 6096 6339 6340
f 6096 6340 6097
f 6097 6340 6341
f 6097 6341 6098
f 6098 6341 6342
f 6098 6342 6099
f 6099 6342 6343
f 6099 6343 6100
f 6100 6343 6344
f 6100 6344 6101
f 6101 6344 6345
f 6101 6345 6102
f 6102 6345 6346
f 6102 6346 6103
f 6103 6346 6347
f 6103 6347 6104
f 6104 6347 6348
f 6104 6348 6105
f 6105 6348 6349
f 6105 6349 6106
f 6106 6349 6350
f 6106 6350 6107
f 6107 6350 6351
f 6107 6351 6108
f 6108 6351 6352
f 6108 6352 6109
f 6109 6352 6353
f 6109 6353 6110
f 6110 6353 6354
f 6110 6354 6111
f 6111 6354 6355
f 6111 6355 6112
f 6112 6355 6356
f 6112 6356 6113
f 6113 6356 6357
f 6113 6357 6114
f 6114 6357 6358
f 6114 6358 6115
f 6115 6358 6359
f 6115 6359 6116
f 6116 6359 6360
f 6116 6360 6117
f 6117 6360 6361
f 6117 6361 6118
f 6118 6361 6362
f 6118 6362 6119
f 6119 6362 6363
f 6119 6363 6120
f 6120 6363 6364
f 6120 6364 6121
f 6121 6364 6365
f 6121 6365 6122
f 6122 6365 6366
f 6122 6366 5856
f 5856 6366 6367
f 5856 6367 5855
f 5855 6367 6368
f 5855 6368 5854
f 5854 6368 6369
f 5854 6369 5857
f 5857 6369 6370
f 5857 6370 5858
f 5858 6370 6371
f 5858 6371 6244
f 6244 6371 6243
f 6243 6372 5859
f 5859 6372 6373
f 5859 6373 6374
f 6374 6373 6375
f 6374 6375 6376
f 6376 5860 6374
f 6374 5860 5849
f 6374 5849 5859
f 5859 5849 5848
f 5859 5848 5846
f 6376 6377 5860
f 5860 6377 6378
f 5860 6378 5861
f 5861 6378 6379
f 5861 6379 5862
f 6379 6380 5862
f 5862 6380 6381
f 5862 6381 6382
f 6382 6381 6383
f 6382 6383 6384
f 6384 5863 6382
f 6382 5863 5829
f 6382 5829 5862
f 5862 5829 5837
f 5862 5837 5836
f 6384 6385 5863
f 5863 6385 6386
f 5863 6386 6387
f 6387 6386 6388
f 6387 6388 6389
f 5832 5863 5824
f 5824 5863 6387
f 5824 6387 5864
f 5864 6387 6389
f 5864 6389 6390
f 6390 6391 5864
f 5864 6391 5853
f 5864 5853 5827
f 5827 5853 5817
f 5822 5821 5865
f 5865 5821 5820
f 5865 5820 6392
f 6392 5820 5819
f 6392 5819 6393
f 6393 5819 5853
f 6393 5853 6394
f 6394 5853 6391
f 5770 6395 5771
f 6396 6397 5776
f 5778 6398 5779
f 5779 6398 6396
f 5779 6396 5780
f 5780 6396 5776
f 6395 5770 6399
f 5770 5774 6399
f 6399 5774 5773
f 6399 5773 6397
f 6397 5773 5777
f 6397 5777 5776
f 5764 5768 5541
f 5541 5768 5544
f 5537 5536 5758
f 5758 5762 5537
f 5537 5762 5761
f 5537 5761 5541
f 5541 5761 5765
f 5541 5765 5764
f 5540 5753 5538
f 5538 5753 5755
f 5538 5755 5536
f 5536 5755 5759
f 5536 5759 5758
f 6400 6127 6401
f 6401 6127 6126
f 6401 6126 6402
f 6402 6126 6125
f 6402 6125 6403
f 6403 6125 6124
f 6403 6124 6404
f 6404 6124 6123
f 6404 6123 5172
f 5172 6123 5173
f 6405 6132 6406
f 6406 6132 6131
f 6406 6131 6407
f 6407 6131 6130
f 6407 6130 6408
f 6408 6130 6129
f 6408 6129 6409
f 6409 6129 6128
f 6409 6128 6400
f 6400 6128 6127
f 6410 6137 6411
f 6411 6137 6136
f 6411 6136 6412
f 6412 6136 6135
f 6412 6135 6413
f 6413 6135 6134
f 6413 6134 6414
f 6414 6134 6133
f 6414 6133 6405
f 6405 6133 6132
f 6415 6141 6416
f 6416 6141 6140
f 6416 6140 6417
f 6417 6140 6139
f 6417 6139 6418
f 6418 6139 6138
f 6418 6138 6410
f 6410 6138 6137
f 6419 6146 6420
f 6420 6146 6145
f 6420 6145 6421
f 6421 6145 6144
f 6421 6144 6422
f 6422 6144 6143
f 6422 6143 6423
f 6423 6143 6142
f 6423 6142 6415
f 6415 6142 6141
f 6424 6150 6425
f 6425 6150 6149
f 6425 6149 6426
f 6426 6149 6148
f 6426 6148 6427
f 6427 6148 6147
f 6427 6147 6419
f 6419 6147 6146
f 6428 6154 6429
f 6429 6154 6153
f 6429 6153 6430
f 6430 6153 6152
f 6430 6152 6431
f 6431 6152 6151
f 6431 6151 6424
f 6424 6151 6150
f 6432 6159 6433
f 6433 6159 6158
f 6433 6158 6434
f 6434 6158 6157
f 6434 6157 6435
f 6435 6157 6156
f 6435 6156 6436
f 6436 6156 6155
f 6436 6155 6428
f 6428 6155 6154
f 6437 6164 6438
f 6438 6164 6163
f 6438 6163 6439
f 6439 6163 6162
f 6439 6162 6440
f 6440 6162 6161
f 6440 6161 6432
f 6432 6161 6160
f 6432 6160 6159
f 6441 6170 6442
f 6442 6170 6169
f 6442 6169 6443
f 6443 6169 6168
f 6443 6168 6444
f 6444 6168 6167
f 6444 6167 6445
f 6445 6167 6166
f 6445 6166 6437
f 6437 6166 6165
f 6437 6165 6164
f 6446 6175 6447
f 6447 6175 6174
f 6447 6174 6448
f 6448 6174 6173
f 6448 6173 6449
f 6449 6173 6172
f 6449 6172 6441
f 6441 6172 6171
f 6441 6171 6170
f 6450 6181 6451
f 6451 6181 6180
f 6451 6180 6452
f 6452 6180 6179
f 6452 6179 6453
f 6453 6179 6178
f 6453 6178 6454
f 6454 6178 6177
f 6454 6177 6446
f 6446 6177 6176
f 6446 6176 6175
f 6455 6186 6456
f 6456 6186 6185
f 6456 6185 6457
f 6457 6185 6184
f 6457 6184 6458
f 6458 6184 6183
f 6458 6183 6450
f 6450 6183 6182
f 6450 6182 6181
f 6459 6192 6460
f 6460 6192 6191
f 6460 6191 6461
f 6461 6191 6190
f 6461 6190 6462
f 6462 6190 6189
f 6462 6189 6463
f 6463 6189 6188
f 6463 6188 6455
f 6455 6188 6187
f 6455 6187 6186
f 6464 6197 6465
f 6465 6197 6196
f 6465 6196 6466
f 6466 6196 6195
f 6466 6195 6467
f 6467 6195 6194
f 6467 6194 6459
f 6459 6194 6193
f 6459 6193 6192
f 6468 6203 6469
f 6469 6203 6202
f 6469 6202 6470
f 6470 6202 6201
f 6470 6201 6471
f 6471 6201 6200
f 6471 6200 6472
f 6472 6200 6199
f 6472 6199 6464
f 6464 6199 6198
f 6464 6198 6197
f 6473 6208 6474
f 6474 6208 6207
f 6474 6207 6475
f 6475 6207 6206
f 6475 6206 6476
f 6476 6206 6205
f 6476 6205 6468
f 6468 6205 6204
f 6468 6204 6203
f 6477 6214 6478
f 6478 6214 6213
f 6478 6213 6479
f 6479 6213 6212
f 6479 6212 6480
f 6480 6212 6211
f 6480 6211 6481
f 6481 6211 6210
f 6481 6210 6473
f 6473 6210 6209
f 6473 6209 6208
f 6482 6219 6483
f 6483 6219 6218
f 6483 6218 6484
f 6484 6218 6217
f 6484 6217 6485
f 6485 6217 6216
f 6485 6216 6477
f 6477 6216 6215
f 6477 6215 6214
f 6486 6242 6487
f 6487 6242 6228
f 6487 6228 6488
f 6488 6228 6227
f 6488 6227 6489
f 6489 6227 6226
f 6489 6226 6490
f 6490 6226 6225
f 6490 6225 6491
f 6491 6225 6224
f 6491 6224 6492
f 6492 6224 6223
f 6492 6223 6493
f 6493 6223 6222
f 6493 6222 6494
f 6494 6222 6221
f 6494 6221 6482
f 6482 6221 6220
f 6482 6220 6219
f 6495 6245 6496
f 6496 6245 6229
f 6496 6229 6497
f 6497 6229 6230
f 6497 6230 6498
f 6498 6230 6231
f 6498 6231 6499
f 6499 6231 6232
f 6499 6232 6500
f 6500 6232 6233
f 6500 6233 6501
f 6501 6233 6234
f 6501 6234 6502
f 6502 6234 6235
f 6502 6235 6503
f 6503 6235 6236
f 6503 6236 6504
f 6504 6236 6237
f 6504 6237 6505
f 6505 6237 6238
f 6505 6238 6506
f 6506 6238 6239
f 6506 6239 6507
f 6507 6239 6240
f 6507 6240 6486
f 6486 6240 6241
f 6486 6241 6242
f 6508 6372 6509
f 6509 6372 6243
f 6509 6243 6510
f 6510 6243 6371
f 6510 6371 6511
f 6511 6371 6370
f 6511 6370 6512
f 6512 6370 6369
f 6512 6369 6513
f 6513 6369 6368
f 6513 6368 6514
f 6514 6368 6367
f 6514 6367 6515
f 6515 6367 6366
f 6515 6366 6516
f 6516 6366 6365
f 6516 6365 6517
f 6517 6365 6364
f 6517 6364 6518
f 6518 6364 6363
f 6518 6363 6519
f 6519 6363 6362
f 6519 6362 6520
f 6520 6362 6361
f 6520 6361 6521
f 6521 6361 6360
f 6521 6360 6522
f 6522 6360 6359
f 6522 6359 6523
f 6523 6359 6358
f 6523 6358 6524
f 6524 6358 6357
f 6524 6357 6525
f 6525 6357 6356
f 6525 6356 6526
f 6526 6356 6355
f 6526 6355 6527
f 6527 6355 6354
f 6527 6354 6528
f 6528 6354 6353
f 6528 6353 6529
f 6529 6353 6352
f 6529 6352 6530
f 6530 6352 6351
f 6530 6351 6531
f 6531 6351 6350
f 6531 6350 6532
f 6532 6350 6349
f 6532 6349 6533
f 6533 6349 6348
f 6533 6348 6534
f 6534 6348 6347
f 6534 6347 6535
f 6535 6347 6346
f 6535 6346 6536
f 6536 6346 6345
f 6536 6345 6537
f 6537 6345 6344
f 6537 6344 6538
f 6538 6344 6343
f 6538 6343 6539
f 6539 6343 6342
f 6539 6342 6540
f 6540 6342 6341
f 6540 6341 6541
f 6541 6341 6340
f 6541 6340 6542
f 6542 6340 6339
f 6542 6339 6543
f 6543 6339 6338
f 6543 6338 6544
f 6544 6338 6337
f 6544 6337 6545
f 6545 6337 6336
f 6545 6336 6546
f 6546 6336 6335
f 6546 6335 6547
f 6547 6335 6334
f 6547 6334 6548
f 6548 6334 6333
f 6548 6333 6549
f 6549 6333 6332
f 6549 6332 6550
f 6550 6332 6331
f 6550 6331 6551
f 6551 6331 6330
f 6551 6330 6552
f 6552 6330 6329
f 6552 6329 6553
f 6553 6329 6328
f 6553 6328 6554
f 6554 6328 6327
f 6554 6327 6555
f 6555 6327 6326
f 6555 6326 6556
f 6556 6326 6325
f 6556 6325 6557
f 6557 6325 6324
f 6557 6324 6558
f 6558 6324 6323
f 6558 6323 6559
f 6559 6323 6322
f 6559 6322 6560
f 6560 6322 6321
f 6560 6321 6561
f 6561 6321 6320
f 6561 6320 6562
f 6562 6320 6319
f 6562 6319 6563
f 6563 6319 6318
f 6563 6318 6564
f 6564 6318 6317
f 6564 6317 6565
f 6565 6317 6316
f 6565 6316 6566
f 6566 6316 6315
f 6566 6315 6567
f 6567 6315 6314
f 6567 6314 6568
f 6568 6314 6313
f 6568 6313 6569
f 6569 6313 6312
f 6569 6312 6570
f 6570 6312 6311
f 6570 6311 6571
f 6571 6311 6310
f 6571 6310 6572
f 6572 6310 6309
f 6572 6309 6573
f 6573 6309 6308
f 6573 6308 6574
f 6574 6308 6307
f 6574 6307 6575
f 6575 6307 6306
f 6575 6306 6576
f 6576 6306 6305
f 6576 6305 6577
f 6577 6305 6304
f 6577 6304 6578
f 6578 6304 6303
f 6578 6303 6579
f 6579 6303 6302
f 6579 6302 6580
f 6580 6302 6301
f 6580 6301 6581
f 6581 6301 6300
f 6581 6300 6582
f 6582 6300 6299
f 6582 6299 6583
f 6583 6299 6298
f 6583 6298 6584
f 6584 6298 6297
f 6584 6297 6585
f 6585 6297 6296
f 6585 6296 6586
f 6586 6296 6295
f 6586 6295 6587
f 6587 6295 6294
f 6587 6294 6588
f 6588 6294 6293
f 6588 6293 6589
f 6589 6293 6292
f 6589 6292 6590
f 6590 6292 6291
f 6590 6291 6591
f 6591 6291 6290
f 6591 6290 6592
f 6592 6290 6289
f 6592 6289 6593
f 6593 6289 6288
f 6593 6288 6594
f 6594 6288 6287
f 6594 6287 6595
f 6595 6287 6286
f 6595 6286 6596
f 6596 6286 6285
f 6596 6285 6597
f 6597 6285 6284
f 6597 6284 6598
f 6598 6284 6283
f 6598 6283 6599
f 6599 6283 6282
f 6599 6282 6600
f 6600 6282 6281
f 6600 6281 6601
f 6601 6281 6280
f 6601 6280 6602
f 6602 6280 6279
f 6602 6279 6603
f 6603 6279 6278
f 6603 6278 6604
f 6604 6278 6277
f 6604 6277 6605
f 6605 6277 6276
f 6605 6276 6606
f 6606 6276 6275
f 6606 6275 6607
f 6607 6275 6274
f 6607 6274 6608
f 6608 6274 6273
f 6608 6273 6609
f 6609 6273 6272
f 6609 6272 6610
f 6610 6272 6271
f 6610 6271 6611
f 6611 6271 6270
f 6611 6270 6612
f 6612 6270 6269
f 6612 6269 6613
f 6613 6269 6268
f 6613 6268 6614
f 6614 6268 6267
f 6614 6267 6615
f 6615 6267 6266
f 6615 6266 6616
f 6616 6266 6265
f 6616 6265 6617
f 6617 6265 6264
f 6617 6264 6618
f 6618 6264 6263
f 6618 6263 6619
f 6619 6263 6262
f 6619 6262 6620
f 6620 6262 6261
f 6620 6261 6621
f 6621 6261 6260
f 6621 6260 6622
f 6622 6260 6259
f 6622 6259 6623
f 6623 6259 6258
f 6623 6258 6624
f 6624 6258 6257
f 6624 6257 6625
f 6625 6257 6256
f 6625 6256 6626
f 6626 6256 6255
f 6626 6255 6627
f 6627 6255 6254
f 6627 6254 6628
f 6628 6254 6253
f 6628 6253 6629
f 6629 6253 6252
f 6629 6252 6630
f 6630 6252 6251
f 6630 6251 6631
f 6631 6251 6250
f 6631 6250 6632
f 6632 6250 6249
f 6632 6249 6633
f 6633 6249 6248
f 6633 6248 6634
f 6634 6248 6247
f 6634 6247 6635
f 6635 6247 6246
f 6635 6246 6495
f 6495 6246 6245
f 6636 6375 6508
f 6508 6375 6373
f 6508 6373 6372
f 6637 6377 6636
f 6636 6377 6376
f 6636 6376 6375
f 6638 6380 6639
f 6639 6380 6379
f 6639 6379 6637
f 6637 6379 6378
f 6637 6378 6377
f 6640 6383 6638
f 6638 6383 6381
f 6638 6381 6380
f 6641 6385 6640
f 6640 6385 6384
f 6640 6384 6383
f 6642 6388 6641
f 6641 6388 6386
f 6641 6386 6385
f 6643 6390 6642
f 6642 6390 6389
f 6642 6389 6388
f 6644 6394 6643
f 6643 6394 6391
f 6643 6391 6390
f 6645 6392 6644
f 6644 6392 6393
f 6644 6393 6394
f 6646 5866 6645
f 6645 5866 5865
f 6645 5865 6392
f 6647 5868 6646
f 6646 5868 5867
f 6646 5867 5866
f 6648 5870 6647
f 6647 5870 5869
f 6647 5869 5868
f 6649 5872 6648
f 6648 5872 5871
f 6648 5871 5870
f 6650 5874 6649
f 6649 5874 5873
f 6649 5873 5872
f 6651 5876 6650
f 6650 5876 5875
f 6650 5875 5874
f 6652 5878 6651
f 6651 5878 5877
f 6651 5877 5876
f 6653 5880 6652
f 6652 5880 5879
f 6652 5879 5878
f 6654 5882 6653
f 6653 5882 5881
f 6653 5881 5880
f 6655 5884 6654
f 6654 5884 5883
f 6654 5883 5882
f 6656 5886 6655
f 6655 5886 5885
f 6655 5885 5884
f 6657 5888 6656
f 6656 5888 5887
f 6656 5887 5886
f 6658 5890 6657
f 6657 5890 5889
f 6657 5889 5888
f 6659 5892 6658
f 6658 5892 5891
f 6658 5891 5890
f 5778 5852 6398
f 6398 5852 5894
f 6398 5894 6659
f 6659 5894 5893
f 6659 5893 5892
f 5609 6414 5608
f 5608 6414 6405
f 5608 6405 5607
f 5607 6405 6406
f 5607 6406 5530
f 5530 6406 6407
f 5530 6407 5531
f 5531 6407 6408
f 5531 6408 5593
f 5593 6408 6409
f 5593 6409 5595
f 5595 6409 6400
f 5595 6400 5597
f 5597 6400 6401
f 5597 6401 5600
f 5600 6401 6402
f 5600 6402 5602
f 5602 6402 6403
f 5602 6403 5605
f 5605 6403 6404
f 5605 6404 5171
f 5171 6404 5172
f 5680 6605 5360
f 5360 6605 6606
f 5360 6606 5679
f 5679 6606 6607
f 5679 6607 5363
f 5363 6607 6608
f 5363 6608 5678
f 5678 6608 6609
f 5678 6609 5366
f 5366 6609 6610
f 5366 6610 5677
f 5677 6610 6611
f 5677 6611 5369
f 5369 6611 6612
f 5369 6612 5676
f 5676 6612 6613
f 5676 6613 5372
f 5372 6613 6614
f 5372 6614 5675
f 5675 6614 6615
f 5675 6615 5375
f 5375 6615 6616
f 5375 6616 5674
f 5674 6616 6617
f 5674 6617 5378
f 5378 6617 6618
f 5378 6618 5673
f 5673 6618 6619
f 5673 6619 5381
f 5381 6619 6620
f 5381 6620 5672
f 5672 6620 6621
f 5672 6621 5384
f 5384 6621 6622
f 5384 6622 5671
f 5671 6622 6623
f 5671 6623 5387
f 5387 6623 6624
f 5387 6624 5670
f 5670 6624 6625
f 5670 6625 5390
f 5390 6625 6626
f 5390 6626 5669
f 5669 6626 6627
f 5669 6627 5393
f 5393 6627 6628
f 5393 6628 5668
f 5668 6628 6629
f 5668 6629 5396
f 5396 6629 6630
f 5396 6630 5667
f 5667 6630 6631
f 5667 6631 5399
f 5399 6631 6632
f 5399 6632 5666
f 5666 6632 6633
f 5666 6633 5402
f 5402 6633 6634
f 5402 6634 5665
f 5665 6634 6635
f 5665 6635 5405
f 5405 6635 6495
f 5405 6495 5664
f 5664 6495 6496
f 5664 6496 5408
f 5408 6496 6497
f 5408 6497 5663
f 5663 6497 6498
f 5663 6498 5411
f 5411 6498 6499
f 5411 6499 5662
f 5662 6499 6500
f 5662 6500 5414
f 5414 6500 6501
f 5414 6501 5661
f 5661 6501 6502
f 5661 6502 5417
f 5417 6502 6503
f 5417 6503 5660
f 5660 6503 6504
f 5660 6504 5420
f 5420 6504 6505
f 5420 6505 5659
f 5659 6505 6506
f 5659 6506 5423
f 5423 6506 6507
f 5423 6507 5658
f 5658 6507 6486
f 5658 6486 5426
f 5426 6486 6487
f 5426 6487 5657
f 5657 6487 6488
f 5657 6488 5429
f 5429 6488 6489
f 5429 6489 5656
f 5656 6489 6490
f 5656 6490 5432
f 5432 6490 6491
f 5432 6491 5655
f 5655 6491 6492
f 5655 6492 5435
f 5435 6492 6493
f 5435 6493 5654
f 5654 6493 6494
f 5654 6494 5438
f 5438 6494 6482
f 5438 6482 5653
f 5653 6482 6483
f 5653 6483 5441
f 5441 6483 6484
f 5441 6484 5652
f 5652 6484 6485
f 5652 6485 5444
f 5444 6485 6477
f 5444 6477 5651
f 5651 6477 6478
f 5651 6478 5447
f 5447 6478 6479
f 5447 6479 5650
f 5650 6479 6480
f 5650 6480 5450
f 5450 6480 6481
f 5450 6481 5649
f 5649 6481 6473
f 5649 6473 5453
f 5453 6473 6474
f 5453 6474 5648
f 5648 6474 6475
f 5648 6475 5456
f 5456 6475 6476
f 5456 6476 5647
f 5647 6476 6468
f 5647 6468 5459
f 5459 6468 6469
f 5459 6469 5646
f 5646 6469 6470
f 5646 6470 5462
f 5462 6470 6471
f 5462 6471 5645
f 5645 6471 6472
f 5645 6472 5465
f 5465 6472 6464
f 5465 6464 5644
f 5644 6464 6465
f 5644 6465 5468
f 5468 6465 6466
f 5468 6466 5643
f 5643 6466 6467
f 5643 6467 5471
f 5471 6467 6459
f 5471 6459 5642
f 5642 6459 6460
f 5642 6460 5474
f 5474 6460 6461
f 5474 6461 5641
f 5641 6461 6462
f 5641 6462 5477
f 5477 6462 6463
f 5477 6463 5640
f 5640 6463 6455
f 5640 6455 5480
f 5480 6455 6456
f 5480 6456 5639
f 5639 6456 6457
f 5639 6457 5483
f 5483 6457 6458
f 5483 6458 5638
f 5638 6458 6450
f 5638 6450 5486
f 5486 6450 6451
f 5486 6451 5637
f 5637 6451 6452
f 5637 6452 5489
f 5489 6452 6453
f 5489 6453 5636
f 5636 6453 6454
f 5636 6454 5492
f 5492 6454 6446
f 5492 6446 5635
f 5635 6446 6447
f 5635 6447 5495
f 5495 6447 6448
f 5495 6448 5634
f 5634 6448 6449
f 5634 6449 5498
f 5498 6449 6441
f 5498 6441 5633
f 5633 6441 6442
f 5633 6442 5501
f 5501 6442 6443
f 5501 6443 5632
f 5632 6443 6444
f 5632 6444 5504
f 5504 6444 6445
f 5504 6445 5631
f 5631 6445 6437
f 5631 6437 5507
f 5507 6437 6438
f 5507 6438 5630
f 5630 6438 6439
f 5630 6439 5510
f 5510 6439 6440
f 5510 6440 5629
f 5629 6440 6432
f 5629 6432 5513
f 5513 6432 6433
f 5513 6433 5628
f 5628 6433 6434
f 5628 6434 5516
f 5516 6434 6435
f 5516 6435 5627
f 5627 6435 6436
f 5627 6436 5519
f 5519 6436 6428
f 5519 6428 5626
f 5626 6428 6429
f 5626 6429 5522
f 5522 6429 6430
f 5522 6430 5625
f 5625 6430 6431
f 5625 6431 5525
f 5525 6431 6424
f 5525 6424 5624
f 5624 6424 6425
f 5624 6425 5528
f 5528 6425 6426
f 5528 6426 5623
f 5623 6426 6427
f 5623 6427 5622
f 5622 6427 6419
f 5622 6419 5621
f 5621 6419 6420
f 5621 6420 5620
f 5620 6420 6421
f 5620 6421 5619
f 5619 6421 6422
f 5619 6422 5618
f 5618 6422 6423
f 5618 6423 5617
f 5617 6423 6415
f 5617 6415 5616
f 5616 6415 6416
f 5616 6416 5615
f 5615 6416 6417
f 5615 6417 5614
f 5614 6417 6418
f 5614 6418 5613
f 5613 6418 6410
f 5613 6410 5612
f 5612 6410 6411
f 5612 6411 5611
f 5611 6411 6412
f 5611 6412 5610
f 5610 6412 6413
f 5610 6413 5609
f 5609 6413 6414
f 5768 5767 5544
f 5544 5767 5771
f 5544 5771 5742
f 5742 5771 6395
f 5742 6395 5743
f 5743 6395 6399
f 5743 6399 5744
f 5744 6399 6397
f 5744 6397 5745
f 5745 6397 6396
f 5745 6396 5741
f 5741 6396 6398
f 5741 6398 5177
f 5177 6398 6659
f 5177 6659 5740
f 5740 6659 6658
f 5740 6658 5180
f 5180 6658 6657
f 5180 6657 5739
f 5739 6657 6656
f 5739 6656 5183
f 5183 6656 6655
f 5183 6655 5738
f 5738 6655 6654
f 5738 6654 5186
f 5186 6654 6653
f 5186 6653 5737
f 5737 6653 6652
f 5737 6652 5189
f 5189 6652 6651
f 5189 6651 5736
f 5736 6651 6650
f 5736 6650 5192
f 5192 6650 6649
f 5192 6649 5735
f 5735 6649 6648
f 5735 6648 5195
f 5195 6648 6647
f 5195 6647 5734
f 5734 6647 6646
f 5734 6646 5198
f 5198 6646 6645
f 5198 6645 5733
f 5733 6645 6644
f 5733 6644 5201
f 5201 6644 6643
f 5201 6643 5732
f 5732 6643 6642
f 5732 6642 5204
f 5204 6642 6641
f 5204 6641 5731
f 5731 6641 6640
f 5731 6640 5207
f 5207 6640 6638
f 5207 6638 5730
f 5730 6638 6639
f 5730 6639 5210
f 5210 6639 6637
f 5210 6637 5729
f 5729 6637 6636
f 5729 6636 5213
f 5213 6636 6508
f 5213 6508 5728
f 5728 6508 6509
f 5728 6509 5216
f 5216 6509 6510
f 5216 6510 5727
f 5727 6510 6511
f 5727 6511 5219
f 5219 6511 6512
f 5219 6512 5726
f 5726 6512 6513
f 5726 6513 5222
f 5222 6513 6514
f 5222 6514 5725
f 5725 6514 6515
f 5725 6515 5225
f 5225 6515 6516
f 5225 6516 5724
f 5724 6516 6517
f 5724 6517 5228
f 5228 6517 6518
f 5228 6518 5723
f 5723 6518 6519
f 5723 6519 5231
f 5231 6519 6520
f 5231 6520 5722
f 5722 6520 6521
f 5722 6521 5234
f 5234 6521 6522
f 5234 6522 5721
f 5721 6522 6523
f 5721 6523 5237
f 5237 6523 6524
f 5237 6524 5720
f 5720 6524 6525
f 5720 6525 5240
f 5240 6525 6526
f 5240 6526 5719
f 5719 6526 6527
f 5719 6527 5243
f 5243 6527 6528
f 5243 6528 5718
f 5718 6528 6529
f 5718 6529 5246
f 5246 6529 6530
f 5246 6530 5717
f 5717 6530 6531
f 5717 6531 5249
f 5249 6531 6532
f 5249 6532 5716
f 5716 6532 6533
f 5716 6533 5252
f 5252 6533 6534
f 5252 6534 5715
f 5715 6534 6535
f 5715 6535 5255
f 5255 6535 6536
f 5255 6536 5714
f 5714 6536 6537
f 5714 6537 5258
f 5258 6537 6538
f 5258 6538 5713
f 5713 6538 6539
f 5713 6539 5261
f 5261 6539 6540
f 5261 6540 5712
f 5712 6540 6541
f 5712 6541 5264
f 5264 6541 6542
f 5264 6542 5711
f 5711 6542 6543
f 5711 6543 5267
f 5267 6543 6544
f 5267 6544 5710
f 5710 6544 6545
f 5710 6545 5270
f 5270 6545 6546
f 5270 6546 5709
f 5709 6546 6547
f 5709 6547 5273
f 5273 6547 6548
f 5273 6548 5708
f 5708 6548 6549
f 5708 6549 5276
f 5276 6549 6550
f 5276 6550 5707
f 5707 6550 6551
f 5707 6551 5279
f 5279 6551 6552
f 5279 6552 5706
f 5706 6552 6553
f 5706 6553 5282
f 5282 6553 6554
f 5282 6554 5705
f 5705 6554 6555
f 5705 6555 5285
f 5285 6555 6556
f 5285 6556 5704
f 5704 6556 6557
f 5704 6557 5288
f 5288 6557 6558
f 5288 6558 5703
f 5703 6558 6559
f 5703 6559 5291
f 5291 6559 6560
f 5291 6560 5702
f 5702 6560 6561
f 5702 6561 5294
f 5294 6561 6562
f 5294 6562 5701
f 5701 6562 6563
f 5701 6563 5297
f 5297 6563 6564
f 5297 6564 5700
f 5700 6564 6565
f 5700 6565 5300
f 5300 6565 6566
f 5300 6566 5699
f 5699 6566 6567
f 5699 6567 5303
f 5303 6567 6568
f 5303 6568 5698
f 5698 6568 6569
f 5698 6569 5306
f 5306 6569 6570
f 5306 6570 5697
f 5697 6570 6571
f 5697 6571 5309
f 5309 6571 6572
f 5309 6572 5696
f 5696 6572 6573
f 5696 6573 5312
f 5312 6573 6574
f 5312 6574 5695
f 5695 6574 6575
f 5695 6575 5315
f 5315 6575 6576
f 5315 6576 5694
f 5694 6576 6577
f 5694 6577 5318
f 5318 6577 6578
f 5318 6578 5693
f 5693 6578 6579
f 5693 6579 5321
f 5321 6579 6580
f 5321 6580 5692
f 5692 6580 6581
f 5692 6581 5324
f 5324 6581 6582
f 5324 6582 5691
f 5691 6582 6583
f 5691 6583 5327
f 5327 6583 6584
f 5327 6584 5690
f 5690 6584 6585
f 5690 6585 5330
f 5330 6585 6586
f 5330 6586 5689
f 5689 6586 6587
f 5689 6587 5333
f 5333 6587 6588
f 5333 6588 5688
f 5688 6588 6589
f 5688 6589 5336
f 5336 6589 6590
f 5336 6590 5687
f 5687 6590 6591
f 5687 6591 5339
f 5339 6591 6592
f 5339 6592 5686
f 5686 6592 6593
f 5686 6593 5342
f 5342 6593 6594
f 5342 6594 5685
f 5685 6594 6595
f 5685 6595 5345
f 5345 6595 6596
f 5345 6596 5684
f 5684 6596 6597
f 5684 6597 5348
f 5348 6597 6598
f 5348 6598 5683
f 5683 6598 6599
f 5683 6599 5351
f 5351 6599 6600
f 5351 6600 5682
f 5682 6600 6601
f 5682 6601 5354
f 5354 6601 6602
f 5354 6602 5681
f 5681 6602 6603
f 5681 6603 5357
f 5357 6603 6604
f 5357 6604 5680
f 5680 6604 6605
f 54 51 5604
f 5604 51 5603
f 5603 51 49
f 5603 49 5601
f 5601 49 5599
f 5599 49 46
f 5599 46 5598
f 5598 46 43
f 5598 43 5596
f 5596 43 39
f 5596 39 5594
f 5594 39 33
f 5594 33 5592
f 5592 33 35
f 5592 35 5529
f 5529 35 5588
f 5588 35 36
f 5588 36 5590
f 5590 36 5591
f 5591 36 30
f 5591 30 5584
f 5584 30 5585
f 5585 30 25
f 5585 25 5586
f 5586 25 5587
f 5587 25 22
f 5587 22 5581
f 5581 22 17
f 5581 17 5579
f 5579 17 5577
f 5577 17 9
f 5577 9 5576
f 5576 9 8
f 5576 8 5574
f 5574 8 14
f 5574 14 5572
f 5572 14 10
f 5572 10 5570
f 5570 10 5568
f 5568 10 12
f 5568 12 5567
f 5567 12 106
f 5567 106 5565
f 5565 106 100
f 5565 100 5563
f 5563 100 5561
f 5561 100 102
f 5561 102 5560
f 5560 102 95
f 5560 95 5558
f 5558 95 94
f 5558 94 5556
f 5604 5606 54
f 54 5606 5170
f 54 5170 56
f 56 5170 58
f 5556 94 4222
f 4222 94 92
f 4222 92 4223
f 4223 92 89
f 4223 89 4227
f 4227 89 86
f 4227 86 4230
f 4230 86 84
f 4230 84 4233
f 4233 84 81
f 4233 81 4236
f 4236 81 78
f 4236 78 4239
f 4239 78 74
f 4239 74 4242
f 4242 74 69
f 4242 69 4245
f 4245 69 64
f 4245 64 4248
f 4248 64 66
f 4248 66 4251
f 4251 66 59
f 4251 59 4254
f 4254 59 58
f 4254 58 4257
f 4257 58 5170
f 4257 5170 4258
f 3262 3261 3804
f 105 3262 6
f 6 3262 3804
f 6 3804 2115
f 2115 3804 2114
f 4218 3803 3785
f 3803 3792 3790
f 3790 3789 3803
f 3803 3789 3786
f 3803 3786 3785
f 3801 3800 3785
f 3785 3800 3799
f 3785 3799 4218
f 3785 3798 3801
f 3801 3798 3797
f 3801 3797 3795
f 3795 3797 3796
f 6660 6661 6662
f 3782 3781 6663
f 6664 6665 6666
f 6666 6665 6667
f 6666 6667 6668
f 6668 6667 6669
f 6668 6669 6670
f 6663 3781 6671
f 6671 3781 3778
f 6671 3778 6672
f 3803 3782 3792
f 3792 3782 6663
f 3792 6663 1655
f 6673 6674 6675
f 6675 6674 6676
f 6675 6676 6677
f 6677 6676 6678
f 6677 6678 6679
f 6679 6678 6680
f 6679 6680 6681
f 6682 6683 6684
f 6663 6685 1655
f 1655 6685 6686
f 1655 6686 6673
f 6673 6686 6687
f 6673 6687 6688
f 6688 6687 6689
f 6688 6689 6690
f 6662 6661 6691
f 6691 6661 6692
f 6691 6692 6693
f 6693 6692 6694
f 6693 6694 6695
f 6684 6683 6696
f 6696 6683 6697
f 6696 6697 6698
f 6698 6697 6699
f 6698 6699 6700
f 6660 6662 6696
f 6696 6662 6701
f 6696 6701 6684
f 6702 1653 6703
f 6703 1653 1655
f 6703 1655 6704
f 6704 1655 6673
f 6704 6673 6705
f 6705 6673 6675
f 6706 6707 6677
f 6677 6707 6708
f 6677 6708 6675
f 6675 6708 6709
f 6675 6709 6710
f 6710 6709 6711
f 6710 6711 6712
f 6713 6714 6691
f 6691 6714 6715
f 6691 6715 6662
f 6662 6715 6716
f 6662 6716 6717
f 6717 6716 6718
f 6717 6718 6719
f 6720 6721 6722
f 6722 6721 6723
f 6677 6724 6706
f 6706 6724 6725
f 6706 6725 6713
f 6713 6725 6726
f 6713 6726 6727
f 6727 6726 6728
f 6727 6728 6729
f 6691 6730 6713
f 6713 6730 6731
f 6713 6731 6706
f 6706 6731 6732
f 6706 6732 6733
f 6733 6732 6734
f 6733 6734 6735
f 6670 6669 6736
f 6736 6669 6682
f 6736 6682 6723
f 6723 6682 6684
f 6723 6684 6722
f 6737 6738 6739
f 6740 6741 6742
f 6742 6741 6743
f 6742 6743 6744
f 6744 6743 6745
f 6744 6745 6746
f 6747 6748 6749
f 6750 6751 6748
f 6748 6751 6752
f 6748 6752 6749
f 6749 6752 6753
f 6749 6753 6754
f 6754 6753 6755
f 1653 6702 1651
f 1651 6702 6756
f 1651 6756 3749
f 6665 6664 6757
f 6757 6664 6758
f 6753 6759 6755
f 6755 6759 6760
f 6755 6760 6761
f 6761 6760 6762
f 6761 6762 6763
f 6763 6762 6764
f 6763 6764 6765
f 6766 6767 3749
f 6768 6769 6761
f 6761 6769 6770
f 6761 6770 6755
f 6755 6770 6771
f 6755 6771 6772
f 6772 6771 6700
f 6772 6700 6699
f 6766 3749 6738
f 6737 6739 6773
f 6761 6774 6768
f 6768 6774 6775
f 6768 6775 6776
f 6776 6775 6777
f 6776 6777 6778
f 6778 6777 6779
f 6778 6779 6780
f 6746 6745 6781
f 6781 6745 6747
f 6781 6747 6758
f 6758 6747 6749
f 6758 6749 6757
f 6776 6782 6783
f 6783 6782 6784
f 6783 6784 6773
f 6773 6784 6785
f 6773 6785 6786
f 6786 6785 6787
f 6786 6787 6788
f 6783 6789 6776
f 6776 6789 6790
f 6776 6790 6768
f 6768 6790 6791
f 6768 6791 6792
f 6792 6791 6695
f 6792 6695 6694
f 6756 6793 3749
f 3749 6793 6794
f 3749 6794 6738
f 6738 6794 6795
f 6738 6795 6739
f 6739 6795 6796
f 6739 6796 6797
f 6797 6796 6712
f 6797 6712 6711
f 6739 6798 6773
f 6773 6798 6799
f 6773 6799 6783
f 6783 6799 6800
f 6783 6800 6801
f 6801 6800 6735
f 6801 6735 6734
f 6802 6803 6804
f 6805 6806 6807
f 6807 6806 6808
f 6807 6808 6809
f 6809 6808 6810
f 3749 6767 6811
f 6802 6804 6812
f 3749 6811 3768
f 6813 6814 3768
f 6815 6816 6817
f 6810 6818 6803
f 6803 6818 6819
f 6803 6819 6804
f 6804 6819 6820
f 6804 6820 6821
f 6821 6820 6822
f 6821 6822 6823
f 6804 6824 6812
f 6812 6824 6825
f 6812 6825 6826
f 6826 6825 6827
f 6826 6827 6828
f 6828 6827 6829
f 6828 6829 6830
f 6813 3768 6816
f 6815 6817 6831
f 6751 6750 6832
f 6832 6750 6812
f 6832 6812 6833
f 6833 6812 6826
f 6833 6826 6834
f 6834 6826 6835
f 6836 6837 6838
f 6838 6837 6839
f 6838 6839 6831
f 6831 6839 6840
f 6831 6840 6841
f 6841 6840 6842
f 6841 6842 6843
f 6741 6740 6844
f 6844 6740 6845
f 6844 6845 6803
f 6803 6845 6846
f 6803 6846 6810
f 6810 6846 6847
f 6810 6847 6809
f 6811 6848 3768
f 3768 6848 6849
f 3768 6849 6816
f 6816 6849 6850
f 6816 6850 6817
f 6817 6850 6851
f 6817 6851 6852
f 6852 6851 6788
f 6852 6788 6787
f 6817 6853 6831
f 6831 6853 6854
f 6831 6854 6838
f 6838 6854 6855
f 6838 6855 6856
f 6856 6855 6780
f 6856 6780 6779
f 6826 6857 6835
f 6835 6857 6858
f 6835 6858 6836
f 6836 6858 6859
f 6836 6859 6860
f 6860 6859 6861
f 6860 6861 6862
f 6838 6863 6836
f 6836 6863 6864
f 6836 6864 6835
f 6835 6864 6865
f 6835 6865 6866
f 6866 6865 6765
f 6866 6765 6764
f 6867 6868 6869
f 6870 6871 6872
f 6873 6874 6875
f 6875 6874 6876
f 6875 6876 6877
f 6872 6871 6878
f 6878 6871 6879
f 6878 6879 6880
f 3768 6814 6881
f 6882 6883 6884
f 6885 6886 6869
f 6869 6886 6887
f 6869 6887 6867
f 6873 6888 6889
f 3768 6881 3761
f 6890 6891 3761
f 6888 6870 6889
f 6889 6870 6872
f 6889 6872 6892
f 6892 6872 6893
f 6890 3761 6883
f 6882 6884 6894
f 6895 6896 6897
f 6897 6896 6898
f 6897 6898 6893
f 6893 6898 6899
f 6893 6899 6900
f 6900 6899 6823
f 6900 6823 6822
f 6806 6805 6901
f 6901 6805 6902
f 6901 6902 6889
f 6889 6902 6885
f 6889 6885 6873
f 6873 6885 6869
f 6873 6869 6874
f 6903 6904 6905
f 6905 6904 6906
f 6905 6906 6894
f 6894 6906 6907
f 6894 6907 6908
f 6908 6907 6909
f 6908 6909 6910
f 6872 6911 6893
f 6893 6911 6912
f 6893 6912 6897
f 6897 6912 6913
f 6897 6913 6914
f 6914 6913 6915
f 6914 6915 6916
f 6881 6917 3761
f 3761 6917 6918
f 3761 6918 6883
f 6883 6918 6919
f 6883 6919 6884
f 6884 6919 6920
f 6884 6920 6921
f 6921 6920 6843
f 6921 6843 6842
f 6884 6922 6894
f 6894 6922 6923
f 6894 6923 6905
f 6905 6923 6924
f 6905 6924 6925
f 6925 6924 6862
f 6925 6862 6861
f 6897 6926 6895
f 6895 6926 6927
f 6895 6927 6903
f 6903 6927 6928
f 6903 6928 6929
f 6929 6928 6930
f 6929 6930 6931
f 6905 6932 6903
f 6903 6932 6933
f 6903 6933 6895
f 6895 6933 6934
f 6895 6934 6935
f 6935 6934 6830
f 6935 6830 6829
f 6936 6937 6938
f 6939 6940 6941
f 6941 6940 6942
f 6941 6942 6943
f 6944 6945 6946
f 6891 6947 3761
f 3761 6947 6948
f 3761 6948 3755
f 6936 6938 6949
f 6937 6950 6938
f 6938 6950 6951
f 6938 6951 6952
f 6952 6951 6910
f 6952 6910 6909
f 6953 6954 6955
f 6955 6954 6956
f 6955 6956 6949
f 6949 6956 6957
f 6949 6957 6958
f 6958 6957 6959
f 6958 6959 6960
f 6955 6961 6953
f 6953 6961 6962
f 6953 6962 6963
f 6963 6962 6964
f 6963 6964 6965
f 6965 6964 6916
f 6965 6916 6915
f 6966 6967 6968
f 6968 6967 6969
f 6968 6969 6970
f 6970 6969 6971
f 6972 3755 6973
f 6973 3755 6948
f 6973 6948 6937
f 6937 6948 6974
f 6937 6974 6950
f 6938 6975 6949
f 6949 6975 6976
f 6949 6976 6955
f 6955 6976 6977
f 6955 6977 6978
f 6978 6977 6931
f 6978 6931 6930
f 6979 6980 6963
f 6963 6980 6981
f 6963 6981 6953
f 6953 6981 6982
f 6953 6982 6983
f 6983 6982 6984
f 6983 6984 6985
f 6944 6946 6986
f 6986 6946 6942
f 6986 6942 6987
f 6987 6942 6940
f 6987 6940 6969
f 6969 6940 6988
f 6969 6988 6971
f 6963 6989 6979
f 6979 6989 6990
f 6979 6990 6991
f 6991 6990 6992
f 6991 6992 6993
f 6993 6992 6880
f 6993 6880 6879
f 6991 6994 6995
f 6995 6994 6996
f 6995 6996 6943
f 6943 6996 6997
f 6943 6997 6998
f 6998 6997 6877
f 6998 6877 6876
f 6995 6999 6991
f 6991 6999 7000
f 6991 7000 6979
f 6979 7000 7001
f 6979 7001 7002
f 7002 7001 7003
f 7002 7003 7004
f 6942 7005 6943
f 6943 7005 7006
f 6943 7006 6995
f 6995 7006 7007
f 6995 7007 7008
f 7008 7007 7009
f 7008 7009 7010
f 7011 7012 7013
f 7014 7015 7016
f 7016 7015 7017
f 7016 7017 3784
f 3784 7017 7018
f 3784 7018 3780
f 3780 7018 6672
f 3780 6672 3778
f 7019 3756 7020
f 7020 3756 3755
f 7020 3755 6972
f 3784 3756 7021
f 7016 7022 7014
f 7014 7022 7023
f 7014 7023 7024
f 7024 7023 7025
f 7024 7025 7026
f 7026 7025 7004
f 7026 7004 7003
f 7024 7027 7028
f 7028 7027 7029
f 7028 7029 7030
f 7030 7029 7031
f 7030 7031 7032
f 7032 7031 7010
f 7032 7010 7009
f 7033 7034 7035
f 7021 7036 3784
f 3784 7036 7037
f 3784 7037 7016
f 7016 7037 7038
f 7016 7038 7039
f 7039 7038 6985
f 7039 6985 6984
f 7028 7040 7024
f 7024 7040 7041
f 7024 7041 7014
f 7014 7041 7042
f 7014 7042 7043
f 7043 7042 6690
f 7043 6690 6689
f 7033 7035 7044
f 7045 7046 7030
f 7030 7046 7047
f 7030 7047 7028
f 7028 7047 7048
f 7028 7048 7049
f 7049 7048 6681
f 7049 6681 6680
f 7019 7050 3756
f 3756 7050 7051
f 3756 7051 7021
f 7021 7051 7052
f 7021 7052 7053
f 7053 7052 6960
f 7053 6960 6959
f 7035 7054 7044
f 7044 7054 7055
f 7044 7055 7056
f 7056 7055 7057
f 7056 7057 7058
f 7058 7057 6719
f 7058 6719 6718
f 7013 7012 7045
f 7045 7012 7059
f 7045 7059 7060
f 7060 7059 6729
f 7060 6729 6728
f 7011 7013 7056
f 7056 7013 7061
f 7056 7061 7044
f 7030 7062 7045
f 7045 7062 7063
f 7045 7063 7013
f 7013 7063 7064
f 7013 7064 7065
f 7065 7064 6945
f 7065 6945 6944
f 6721 6720 7066
f 7066 6720 7067
f 7066 7067 7068
f 7068 7067 7069
f 7068 7069 7070
f 7070 7069 7054
f 7070 7054 7071
f 7071 7054 7035
f 6690 7072 6688
f 7072 6690 7042
f 7042 7041 7072
f 7072 7041 7073
f 7072 7073 6688
f 6688 7073 6673
f 7040 7028 7074
f 7074 7028 7075
f 7074 7075 6674
f 6674 7075 6676
f 7041 7040 7073
f 7073 7040 7074
f 7073 7074 6673
f 6673 7074 6674
f 6680 7076 7049
f 7076 6680 6678
f 6678 6676 7076
f 7076 6676 7075
f 7076 7075 7049
f 7049 7075 7028
f 6681 7077 6679
f 7077 6681 7048
f 7048 7047 7077
f 7077 7047 7078
f 7077 7078 6679
f 6679 7078 6677
f 7046 7045 7079
f 7079 7045 7080
f 7079 7080 6724
f 6724 7080 6725
f 7047 7046 7078
f 7078 7046 7079
f 7078 7079 6677
f 6677 7079 6724
f 6728 7081 7060
f 7081 6728 6726
f 6726 6725 7081
f 7081 6725 7080
f 7081 7080 7060
f 7060 7080 7045
f 6729 7082 6727
f 7082 6729 7059
f 7059 7012 7082
f 7082 7012 7083
f 7082 7083 6727
f 6727 7083 6713
f 7011 7056 7084
f 7084 7056 7085
f 7084 7085 6714
f 6714 7085 6715
f 7012 7011 7083
f 7083 7011 7084
f 7083 7084 6713
f 6713 7084 6714
f 6718 7086 7058
f 7086 6718 6716
f 6716 6715 7086
f 7086 6715 7085
f 7086 7085 7058
f 7058 7085 7056
f 6719 7087 6717
f 7087 6719 7057
f 7057 7055 7087
f 7087 7055 7088
f 7087 7088 6717
f 6717 7088 6662
f 7054 7069 7089
f 7089 7069 7090
f 7089 7090 6701
f 6701 7090 6684
f 7055 7054 7088
f 7088 7054 7089
f 7088 7089 6662
f 6662 7089 6701
f 6720 7091 7067
f 7091 6720 6722
f 6722 6684 7091
f 7091 6684 7090
f 7091 7090 7067
f 7067 7090 7069
f 6972 7092 7020
f 7092 6972 6973
f 6973 6937 7092
f 7092 6937 7093
f 7092 7093 7020
f 7020 7093 7019
f 6936 6949 7094
f 7094 6949 7095
f 7094 7095 7050
f 7050 7095 7051
f 6937 6936 7093
f 7093 6936 7094
f 7093 7094 7019
f 7019 7094 7050
f 6960 7096 6958
f 7096 6960 7052
f 7052 7051 7096
f 7096 7051 7095
f 7096 7095 6958
f 6958 7095 6949
f 6959 7097 7053
f 7097 6959 6957
f 6957 6956 7097
f 7097 6956 7098
f 7097 7098 7053
f 7053 7098 7021
f 6954 6953 7099
f 7099 6953 7100
f 7099 7100 7036
f 7036 7100 7037
f 6956 6954 7098
f 7098 6954 7099
f 7098 7099 7021
f 7021 7099 7036
f 6985 7101 6983
f 7101 6985 7038
f 7038 7037 7101
f 7101 7037 7100
f 7101 7100 6983
f 6983 7100 6953
f 6984 7102 7039
f 7102 6984 6982
f 6982 6981 7102
f 7102 6981 7103
f 7102 7103 7039
f 7039 7103 7016
f 6980 6979 7104
f 7104 6979 7105
f 7104 7105 7022
f 7022 7105 7023
f 6981 6980 7103
f 7103 6980 7104
f 7103 7104 7016
f 7016 7104 7022
f 7004 7106 7002
f 7106 7004 7025
f 7025 7023 7106
f 7106 7023 7105
f 7106 7105 7002
f 7002 7105 6979
f 7003 7107 7026
f 7107 7003 7001
f 7001 7000 7107
f 7107 7000 7108
f 7107 7108 7026
f 7026 7108 7024
f 6999 6995 7109
f 7109 6995 7110
f 7109 7110 7027
f 7027 7110 7029
f 7000 6999 7108
f 7108 6999 7109
f 7108 7109 7024
f 7024 7109 7027
f 7010 7111 7008
f 7111 7010 7031
f 7031 7029 7111
f 7111 7029 7110
f 7111 7110 7008
f 7008 7110 6995
f 7009 7112 7032
f 7112 7009 7007
f 7007 7006 7112
f 7112 7006 7113
f 7112 7113 7032
f 7032 7113 7030
f 7005 6942 7114
f 7114 6942 7115
f 7114 7115 7062
f 7062 7115 7063
f 7006 7005 7113
f 7113 7005 7114
f 7113 7114 7030
f 7030 7114 7062
f 6945 7116 6946
f 7116 6945 7064
f 7064 7063 7116
f 7116 7063 7115
f 7116 7115 6946
f 6946 7115 6942
f 7117 7118 7119
f 7119 7118 7120
f 7119 7120 7121
f 7122 7123 7119
f 7119 7123 7124
f 7119 7124 7117
f 7125 7126 7119
f 7119 7126 7127
f 7119 7127 7122
f 7128 7129 7119
f 7119 7129 7130
f 7119 7130 7125
f 7131 7132 7119
f 7119 7132 7133
f 7119 7133 7128
f 7134 7135 7119
f 7119 7135 7136
f 7119 7136 7131
f 7137 7138 7119
f 7119 7138 7139
f 7119 7139 7134
f 7140 7141 7119
f 7119 7141 7142
f 7119 7142 7137
f 7143 7144 7119
f 7119 7144 7145
f 7119 7145 7140
f 7146 7147 7119
f 7119 7147 7148
f 7119 7148 7143
f 7149 7150 7119
f 7119 7150 7151
f 7119 7151 7146
f 7121 7152 7119
f 7119 7152 7153
f 7119 7153 7149
f 6876 7154 6998
f 7154 6876 6874
f 6874 6869 7154
f 7154 6869 7155
f 7154 7155 6998
f 6998 7155 6943
f 6868 7156 7157
f 7157 7156 6939
f 7157 6939 6941
f 6869 6868 7155
f 7155 6868 7157
f 7155 7157 6943
f 6943 7157 6941
f 6944 7158 7065
f 7158 6944 6986
f 6986 6987 7158
f 7158 6987 7159
f 7158 7159 7065
f 7065 7159 7013
f 6969 6967 7160
f 7160 6967 7161
f 7160 7161 7061
f 7061 7161 7044
f 6987 6969 7159
f 7159 6969 7160
f 7159 7160 7013
f 7013 7160 7061
f 7033 7162 7034
f 7033 7044 7162
f 7162 7044 7161
f 7162 7161 7163
f 7163 7161 7164
f 7164 7161 6967
f 7164 6967 6966
f 7125 6887 7126
f 7126 6887 6886
f 7126 6886 7127
f 7127 6886 6885
f 7127 6885 7122
f 7122 6885 6902
f 7122 6902 7123
f 7123 6902 6805
f 7123 6805 7124
f 7124 6805 6807
f 7124 6807 7117
f 7117 6807 6809
f 7117 6809 7118
f 7118 6809 6847
f 7118 6847 7120
f 7120 6847 6846
f 7120 6846 7121
f 7121 6846 6845
f 7121 6845 7152
f 7152 6845 6740
f 7152 6740 7153
f 7153 6740 6742
f 7153 6742 7149
f 7149 6742 6744
f 7149 6744 7150
f 7150 6744 6746
f 7150 6746 7151
f 7151 6746 6781
f 7151 6781 7146
f 7146 6781 6758
f 7146 6758 7147
f 7147 6758 6664
f 7147 6664 7148
f 7148 6664 6666
f 7148 6666 7143
f 7143 6666 6668
f 7143 6668 7144
f 7144 6668 6670
f 7144 6670 7145
f 7145 6670 6736
f 7145 6736 7140
f 7140 6736 6723
f 7140 6723 7141
f 7141 6723 6721
f 7141 6721 7142
f 7142 6721 7066
f 7142 7066 7137
f 7137 7066 7068
f 7137 7068 7138
f 7138 7068 7070
f 7138 7070 7139
f 7139 7070 7071
f 7139 7071 7134
f 7134 7071 7035
f 7134 7035 7135
f 7135 7035 7034
f 7135 7034 7136
f 7136 7034 7162
f 7136 7162 7163
f 7130 6868 7125
f 7125 6868 6867
f 7125 6867 6887
f 7131 6970 7132
f 7132 6970 6971
f 7132 6971 7133
f 7133 6971 6988
f 7133 6988 7128
f 7128 6988 6940
f 7128 6940 7129
f 7129 6940 6939
f 7129 6939 7130
f 7130 6939 7156
f 7130 7156 6868
f 7163 7164 7136
f 7136 7164 6966
f 7136 6966 7131
f 7131 6966 6968
f 7131 6968 6970
f 6891 7165 6947
f 7165 6891 6890
f 6890 6883 7165
f 7165 6883 7166
f 7165 7166 6947
f 6947 7166 6948
f 6882 6894 7167
f 7167 6894 7168
f 7167 7168 6974
f 6974 7168 6950
f 6883 6882 7166
f 7166 6882 7167
f 7166 7167 6948
f 6948 7167 6974
f 6910 7169 6908
f 7169 6910 6951
f 6951 6950 7169
f 7169 6950 7168
f 7169 7168 6908
f 6908 7168 6894
f 6909 7170 6952
f 7170 6909 6907
f 6907 6906 7170
f 7170 6906 7171
f 7170 7171 6952
f 6952 7171 6938
f 6904 6903 7172
f 7172 6903 7173
f 7172 7173 6975
f 6975 7173 6976
f 6906 6904 7171
f 7171 6904 7172
f 7171 7172 6938
f 6938 7172 6975
f 6931 7174 6929
f 7174 6931 6977
f 6977 6976 7174
f 7174 6976 7173
f 7174 7173 6929
f 6929 7173 6903
f 6930 7175 6978
f 7175 6930 6928
f 6928 6927 7175
f 7175 6927 7176
f 7175 7176 6978
f 6978 7176 6955
f 6926 6897 7177
f 7177 6897 7178
f 7177 7178 6961
f 6961 7178 6962
f 6927 6926 7176
f 7176 6926 7177
f 7176 7177 6955
f 6955 7177 6961
f 6916 7179 6914
f 7179 6916 6964
f 6964 6962 7179
f 7179 6962 7178
f 7179 7178 6914
f 6914 7178 6897
f 6915 7180 6965
f 7180 6915 6913
f 6913 6912 7180
f 7180 6912 7181
f 7180 7181 6965
f 6965 7181 6963
f 6911 6872 7182
f 7182 6872 7183
f 7182 7183 6989
f 6989 7183 6990
f 6912 6911 7181
f 7181 6911 7182
f 7181 7182 6963
f 6963 7182 6989
f 6880 7184 6878
f 7184 6880 6992
f 6992 6990 7184
f 7184 6990 7183
f 7184 7183 6878
f 6878 7183 6872
f 6879 7185 6993
f 7185 6879 6871
f 6871 6870 7185
f 7185 6870 7186
f 7185 7186 6993
f 6993 7186 6991
f 6888 6873 7187
f 7187 6873 7188
f 7187 7188 6994
f 6994 7188 6996
f 6870 6888 7186
f 7186 6888 7187
f 7186 7187 6991
f 6991 7187 6994
f 6877 7189 6875
f 7189 6877 6997
f 6997 6996 7189
f 7189 6996 7188
f 7189 7188 6875
f 6875 7188 6873
f 6814 7190 6881
f 7190 6814 6813
f 6813 6816 7190
f 7190 6816 7191
f 7190 7191 6881
f 6881 7191 6917
f 6815 6831 7192
f 7192 6831 7193
f 7192 7193 6918
f 6918 7193 6919
f 6816 6815 7191
f 7191 6815 7192
f 7191 7192 6917
f 6917 7192 6918
f 6843 7194 6841
f 7194 6843 6920
f 6920 6919 7194
f 7194 6919 7193
f 7194 7193 6841
f 6841 7193 6831
f 6842 7195 6921
f 7195 6842 6840
f 6840 6839 7195
f 7195 6839 7196
f 7195 7196 6921
f 6921 7196 6884
f 6837 6836 7197
f 7197 6836 7198
f 7197 7198 6922
f 6922 7198 6923
f 6839 6837 7196
f 7196 6837 7197
f 7196 7197 6884
f 6884 7197 6922
f 6862 7199 6860
f 7199 6862 6924
f 6924 6923 7199
f 7199 6923 7198
f 7199 7198 6860
f 6860 7198 6836
f 6861 7200 6925
f 7200 6861 6859
f 6859 6858 7200
f 7200 6858 7201
f 7200 7201 6925
f 6925 7201 6905
f 6857 6826 7202
f 7202 6826 7203
f 7202 7203 6932
f 6932 7203 6933
f 6858 6857 7201
f 7201 6857 7202
f 7201 7202 6905
f 6905 7202 6932
f 6830 7204 6828
f 7204 6830 6934
f 6934 6933 7204
f 7204 6933 7203
f 7204 7203 6828
f 6828 7203 6826
f 6829 7205 6935
f 7205 6829 6827
f 6827 6825 7205
f 7205 6825 7206
f 7205 7206 6935
f 6935 7206 6895
f 6824 6804 7207
f 7207 6804 7208
f 7207 7208 6896
f 6896 7208 6898
f 6825 6824 7206
f 7206 6824 7207
f 7206 7207 6895
f 6895 7207 6896
f 6823 7209 6821
f 7209 6823 6899
f 6899 6898 7209
f 7209 6898 7208
f 7209 7208 6821
f 6821 7208 6804
f 6822 7210 6900
f 7210 6822 6820
f 6820 6819 7210
f 7210 6819 7211
f 7210 7211 6900
f 6900 7211 6893
f 6818 6810 7212
f 7212 6810 7213
f 7212 7213 6892
f 6892 7213 6889
f 6819 6818 7211
f 7211 6818 7212
f 7211 7212 6893
f 6893 7212 6892
f 6806 7214 6808
f 7214 6806 6901
f 6901 6889 7214
f 7214 6889 7213
f 7214 7213 6808
f 6808 7213 6810
f 6767 7215 6811
f 7215 6767 6766
f 6766 6738 7215
f 7215 6738 7216
f 7215 7216 6811
f 6811 7216 6848
f 6737 6773 7217
f 7217 6773 7218
f 7217 7218 6849
f 6849 7218 6850
f 6738 6737 7216
f 7216 6737 7217
f 7216 7217 6848
f 6848 7217 6849
f 6788 7219 6786
f 7219 6788 6851
f 6851 6850 7219
f 7219 6850 7218
f 7219 7218 6786
f 6786 7218 6773
f 6787 7220 6852
f 7220 6787 6785
f 6785 6784 7220
f 7220 6784 7221
f 7220 7221 6852
f 6852 7221 6817
f 6782 6776 7222
f 7222 6776 7223
f 7222 7223 6853
f 6853 7223 6854
f 6784 6782 7221
f 7221 6782 7222
f 7221 7222 6817
f 6817 7222 6853
f 6780 7224 6778
f 7224 6780 6855
f 6855 6854 7224
f 7224 6854 7223
f 7224 7223 6778
f 6778 7223 6776
f 6779 7225 6856
f 7225 6779 6777
f 6777 6775 7225
f 7225 6775 7226
f 7225 7226 6856
f 6856 7226 6838
f 6774 6761 7227
f 7227 6761 7228
f 7227 7228 6863
f 6863 7228 6864
f 6775 6774 7226
f 7226 6774 7227
f 7226 7227 6838
f 6838 7227 6863
f 6765 7229 6763
f 7229 6765 6865
f 6865 6864 7229
f 7229 6864 7228
f 7229 7228 6763
f 6763 7228 6761
f 6764 7230 6866
f 7230 6764 6762
f 6762 6760 7230
f 7230 6760 7231
f 7230 7231 6866
f 6866 7231 6835
f 6759 6753 7232
f 7232 6753 7233
f 7232 7233 6834
f 6834 7233 6833
f 6760 6759 7231
f 7231 6759 7232
f 7231 7232 6835
f 6835 7232 6834
f 6751 7234 6752
f 7234 6751 6832
f 6832 6833 7234
f 7234 6833 7233
f 7234 7233 6752
f 6752 7233 6753
f 6750 7235 6812
f 6750 6748 7235
f 7235 6748 7236
f 7235 7236 6812
f 6747 6745 7237
f 7237 6745 7238
f 7237 7238 6802
f 6802 7238 6803
f 6748 6747 7236
f 7236 6747 7237
f 7236 7237 6812
f 6812 7237 6802
f 6741 7239 6743
f 7239 6741 6844
f 6844 6803 7239
f 7239 6803 7238
f 7239 7238 6743
f 6743 7238 6745
f 6702 7240 6756
f 7240 6702 6703
f 6703 6704 7240
f 7240 6704 7241
f 7240 7241 6756
f 6756 7241 6793
f 6705 6675 7242
f 7242 6675 7243
f 7242 7243 6794
f 6794 7243 6795
f 6704 6705 7241
f 7241 6705 7242
f 7241 7242 6793
f 6793 7242 6794
f 6712 7244 6710
f 7244 6712 6796
f 6796 6795 7244
f 7244 6795 7243
f 7244 7243 6710
f 6710 7243 6675
f 6711 7245 6797
f 7245 6711 6709
f 6709 6708 7245
f 7245 6708 7246
f 7245 7246 6797
f 6797 7246 6739
f 6707 6706 7247
f 7247 6706 7248
f 7247 7248 6798
f 6798 7248 6799
f 6708 6707 7246
f 7246 6707 7247
f 7246 7247 6739
f 6739 7247 6798
f 6735 7249 6733
f 7249 6735 6800
f 6800 6799 7249
f 7249 6799 7248
f 7249 7248 6733
f 6733 7248 6706
f 6734 7250 6801
f 7250 6734 6732
f 6732 6731 7250
f 7250 6731 7251
f 7250 7251 6801
f 6801 7251 6783
f 6730 6691 7252
f 7252 6691 7253
f 7252 7253 6789
f 6789 7253 6790
f 6731 6730 7251
f 7251 6730 7252
f 7251 7252 6783
f 6783 7252 6789
f 6695 7254 6693
f 7254 6695 6791
f 6791 6790 7254
f 7254 6790 7253
f 7254 7253 6693
f 6693 7253 6691
f 6694 7255 6792
f 7255 6694 6692
f 6692 6661 7255
f 7255 6661 7256
f 7255 7256 6792
f 6792 7256 6768
f 6660 6696 7257
f 7257 6696 7258
f 7257 7258 6769
f 6769 7258 6770
f 6661 6660 7256
f 7256 6660 7257
f 7256 7257 6768
f 6768 7257 6769
f 6700 7259 6698
f 7259 6700 6771
f 6771 6770 7259
f 7259 6770 7258
f 7259 7258 6698
f 6698 7258 6696
f 6699 7260 6772
f 7260 6699 6697
f 6697 6683 7260
f 7260 6683 7261
f 7260 7261 6772
f 6772 7261 6755
f 6682 6669 7262
f 7262 6669 7263
f 7262 7263 6754
f 6754 7263 6749
f 6683 6682 7261
f 7261 6682 7262
f 7261 7262 6755
f 6755 7262 6754
f 6665 7264 6667
f 7264 6665 6757
f 6757 6749 7264
f 7264 6749 7263
f 7264 7263 6667
f 6667 7263 6669
f 6672 7265 6671
f 7265 6672 7018
f 7018 7017 7265
f 7265 7017 7266
f 7265 7266 6671
f 6671 7266 6663
f 7015 7014 7267
f 7267 7014 7268
f 7267 7268 6685
f 6685 7268 6686
f 7017 7015 7266
f 7266 7015 7267
f 7266 7267 6663
f 6663 7267 6685
f 6689 7269 7043
f 7269 6689 6687
f 6687 6686 7269
f 7269 6686 7268
f 7269 7268 7043
f 7043 7268 7014
f 1648 1393 3252
f 1721 3753 1718
f 1718 3753 3752
f 1718 3752 1717
f 1717 3752 3751
f 1717 3751 1714
f 1714 3751 3750
f 1714 3750 1712
f 1712 3750 1710
f 1710 3750 3749
f 1710 3749 1708
f 1708 3749 1705
f 1705 3749 3777
f 1705 3777 1703
f 1703 3777 1701
f 1701 3777 3775
f 1701 3775 1698
f 1698 3775 3774
f 1698 3774 1693
f 1693 3774 3773
f 1693 3773 1694
f 1694 3773 3776
f 1694 3776 1691
f 1691 3776 1692
f 1692 3776 3768
f 1692 3768 1689
f 1689 3768 3770
f 1689 3770 1687
f 1687 3770 3772
f 1687 3772 1685
f 1685 3772 3771
f 1685 3771 1684
f 1684 3771 3769
f 1684 3769 1683
f 1683 3769 1680
f 1680 3769 3767
f 1680 3767 1678
f 1678 3767 3761
f 1678 3761 1676
f 1676 3761 3762
f 1676 3762 1675
f 1675 3762 3763
f 1675 3763 1674
f 1674 3763 3766
f 1674 3766 1671
f 1671 3766 3765
f 1671 3765 1670
f 1670 3765 1663
f 1663 3765 3764
f 1663 3764 1664
f 1664 3764 1666
f 1666 3764 3755
f 1666 3755 1656
f 1656 3755 1657
f 1657 3755 3243
f 1657 3243 1659
f 1659 3243 3245
f 1659 3245 1661
f 1661 3245 3247
f 1661 3247 1662
f 1662 3247 2
f 2 3247 3249
f 2 3249 3
f 1384 3254 1387
f 1387 3254 3252
f 1387 3252 1390
f 1390 3252 1393
f 3249 3259 3
f 3 3259 3258
f 3 3258 1384
f 1384 3258 3256
f 1384 3256 3254

